user_id,account_id,event_id,sim_change,esim_change,telecom_event_present,new_device,device_change,device_deviation,known_device,failed_login_count,authentication_anomaly,password_reset,account_recovery,recovery_event_present,new_beneficiary,account_change,transaction_amount,transaction_count,transaction_type,transaction_deviation,baseline_event_count,baseline_event_frequency,baseline_transaction_count,baseline_transaction_amount_mean,baseline_transaction_amount_min,baseline_transaction_amount_max,baseline_successful_login_count,ato_label
USR-000001,ACC-000001,EVT-000001-11,1,0,1,0,0,0,1,0,0,0,0,0,0,0,,0,,,10,0.3333333333333333333333333333,5,80768.632,429.6,348291.92,5,0
USR-000002,ACC-000002,EVT-000002-11,0,1,1,1,0,0,0,1,1,1,0,1,0,0,,0,,,10,0.3333333333333333333333333333,5,171337.174,3256.54,676063.02,5,0
USR-000003,ACC-000003,EVT-000003-11,1,0,1,1,0,1,0,2,1,0,0,0,0,0,,0,,,10,0.3333333333333333333333333333,5,93325.234,11555.94,323493.69,5,1
USR-000004,ACC-000004,EVT-000004-11,1,0,1,1,0,0,0,1,1,1,0,1,0,0,,0,,,10,0.3333333333333333333333333333,5,56221.988,4668.76,165629.21,5,0
USR-000005,ACC-000005,EVT-000005-11,0,1,1,0,0,0,1,0,0,0,0,0,0,0,,0,,,10,0.3333333333333333333333333333,5,56292.558,8581.3,203224.49,5,0
USR-000006,ACC-000006,EVT-000006-11,0,1,1,1,0,0,0,1,1,1,0,1,0,0,,0,,,10,0.3333333333333333333333333333,5,313770.002,25709.34,1107247.89,5,0
USR-000007,ACC-000007,EVT-000007-11,1,0,1,1,0,0,0,1,1,1,0,1,0,0,,0,,,10,0.3333333333333333333333333333,5,162195.914,6603.1,434313.08,5,1
USR-000008,ACC-000008,EVT-000008-11,0,1,1,1,1,1,0,1,1,0,0,0,0,0,,0,,,10,0.3333333333333333333333333333,5,253744.552,16682.25,596346.66,5,1
USR-000009,ACC-000009,EVT-000009-11,1,0,1,1,0,0,0,1,1,1,0,1,0,0,,0,,,10,0.3333333333333333333333333333,5,114373.942,1710.53,315479.87,5,0
USR-000010,ACC-000010,EVT-000010-11,0,1,1,1,0,0,0,1,1,1,0,1,0,0,,0,,,10,0.3333333333333333333333333333,5,62411.016,11986.64,222714.3,5,0
USR-000011,ACC-000011,EVT-000011-11,1,0,1,0,0,0,1,0,0,0,0,0,0,0,,0,,,10,0.3333333333333333333333333333,5,88113.25,4802.5,212254.61,5,0
USR-000012,ACC-000012,EVT-000012-11,0,1,1,0,0,0,1,0,0,0,0,0,0,0,,0,,,10,0.3333333333333333333333333333,5,134820.096,14365.45,334393.38,5,0
USR-000013,ACC-000013,EVT-000013-11,1,0,1,1,0,0,0,1,1,1,0,1,0,0,,0,,,10,0.3333333333333333333333333333,5,232002.02,1891.61,830706.35,5,0
USR-000014,ACC-000014,EVT-000014-11,1,0,1,1,0,1,0,2,1,0,0,0,0,0,,0,,,10,0.3333333333333333333333333333,5,94688.05,21384.64,214522.36,5,1
USR-000015,ACC-000015,EVT-000015-11,1,0,1,1,0,0,0,1,1,1,0,1,0,0,,0,,,10,0.3333333333333333333333333333,5,69002.768,2807.04,289813.21,5,0
USR-000016,ACC-000016,EVT-000016-11,1,0,1,1,0,0,0,1,1,1,0,1,0,0,,0,,,10,0.3333333333333333333333333333,5,617773.012,2864.34,2910856.68,5,1
USR-000017,ACC-000017,EVT-000017-11,1,0,1,0,0,0,1,0,0,0,0,0,0,0,,0,,,10,0.3333333333333333333333333333,5,120879.248,167.41,452598.82,5,0
USR-000018,ACC-000018,EVT-000018-11,0,1,1,0,0,0,1,0,0,0,0,0,0,0,,0,,,10,0.3333333333333333333333333333,5,125642.868,14506.78,285400.94,5,0
USR-000019,ACC-000019,EVT-000019-11,1,0,1,1,0,0,0,2,1,1,0,1,0,0,,0,,,10,0.3333333333333333333333333333,5,37368.578,2747.64,95336.55,5,0
USR-000020,ACC-000020,EVT-000020-11,1,0,1,0,0,0,1,0,0,0,0,0,0,0,,0,,,10,0.3333333333333333333333333333,5,229445.242,1832.21,899118.05,5,0
USR-000021,ACC-000021,EVT-000021-11,1,0,1,1,0,0,0,1,1,1,0,1,0,0,,0,,,10,0.3333333333333333333333333333,5,58516.166,5970.02,125928.81,5,0
USR-000022,ACC-000022,EVT-000022-11,0,1,1,1,1,1,0,1,1,0,0,0,0,0,,0,,,10,0.3333333333333333333333333333,5,179953.686,397.1,354922.67,5,1
USR-000023,ACC-000023,EVT-000023-11,0,1,1,1,1,1,0,1,1,0,0,0,0,0,,0,,,10,0.3333333333333333333333333333,5,66368.926,1695.84,129442.27,5,1
USR-000024,ACC-000024,EVT-000024-11,0,1,1,1,0,0,0,1,1,1,0,1,0,0,,0,,,10,0.3333333333333333333333333333,5,95359.046,4891.64,314167.4,5,0
USR-000025,ACC-000025,EVT-000025-11,0,1,1,1,1,1,0,1,1,0,0,0,0,0,,0,,,10,0.3333333333333333333333333333,5,288970.586,70064.2,1026471.9,5,1
USR-000026,ACC-000026,EVT-000026-11,1,0,1,1,0,0,0,2,1,1,0,1,0,0,,0,,,10,0.3333333333333333333333333333,5,123432.034,3888.78,333245.5,5,0
USR-000027,ACC-000027,EVT-000027-11,0,1,1,1,1,1,0,1,1,0,0,0,0,0,,0,,,10,0.3333333333333333333333333333,5,59103.552,4293.15,170423.41,5,1
USR-000028,ACC-000028,EVT-000028-11,1,0,1,1,0,0,0,1,1,1,0,1,0,0,,0,,,10,0.3333333333333333333333333333,5,59670.524,1928.13,250832.28,5,0
USR-000029,ACC-000029,EVT-000029-11,1,0,1,1,0,0,0,1,1,1,0,1,0,0,,0,,,10,0.3333333333333333333333333333,5,158461.978,2282.19,431208.59,5,1
USR-000030,ACC-000030,EVT-000030-11,1,0,1,1,0,0,0,1,1,1,0,1,0,0,,0,,,10,0.3333333333333333333333333333,5,538093.72,3029.72,2201619.72,5,0
USR-000031,ACC-000031,EVT-000031-11,0,1,1,1,1,1,0,1,1,0,0,0,0,0,,0,,,10,0.3333333333333333333333333333,5,205554.204,2289.5,380004.15,5,1
USR-000032,ACC-000032,EVT-000032-11,1,0,1,1,0,0,0,2,1,1,0,1,0,0,,0,,,10,0.3333333333333333333333333333,5,55605.884,420.92,220797.98,5,0
USR-000033,ACC-000033,EVT-000033-11,1,0,1,1,0,0,0,1,1,1,0,1,0,0,,0,,,10,0.3333333333333333333333333333,5,84442.816,1439.45,378268.48,5,1
USR-000034,ACC-000034,EVT-000034-11,1,0,1,0,0,0,1,0,0,0,0,0,0,0,,0,,,10,0.3333333333333333333333333333,5,233497.428,57209.95,457960.74,5,0
USR-000035,ACC-000035,EVT-000035-11,1,0,1,1,0,0,0,2,1,1,0,1,0,0,,0,,,10,0.3333333333333333333333333333,5,559320.61,8927.36,2695770.94,5,0
USR-000036,ACC-000036,EVT-000036-11,0,1,1,0,0,0,1,0,0,0,0,0,0,0,,0,,,10,0.3333333333333333333333333333,5,159471.402,8427.22,304881.75,5,0
USR-000037,ACC-000037,EVT-000037-11,1,0,1,1,0,0,0,2,1,1,0,1,0,0,,0,,,10,0.3333333333333333333333333333,5,386969.408,1203.13,1683054.31,5,0
USR-000038,ACC-000038,EVT-000038-11,1,0,1,0,0,0,1,0,0,0,0,0,0,0,,0,,,10,0.3333333333333333333333333333,5,175137.11,12698.26,348549.67,5,0
USR-000039,ACC-000039,EVT-000039-11,1,0,1,1,0,0,0,1,1,1,0,1,0,0,,0,,,10,0.3333333333333333333333333333,5,50731.97,1899.3,219908.52,5,1
USR-000040,ACC-000040,EVT-000040-11,1,0,1,1,0,0,0,1,1,1,0,1,0,0,,0,,,10,0.3333333333333333333333333333,5,64408.092,6928.03,139615.01,5,0
USR-000041,ACC-000041,EVT-000041-11,1,0,1,0,0,0,1,0,0,0,0,0,0,0,,0,,,10,0.3333333333333333333333333333,5,225453.884,2756.85,541019.44,5,0
USR-000042,ACC-000042,EVT-000042-11,1,0,1,0,0,0,1,0,0,0,0,0,0,0,,0,,,10,0.3333333333333333333333333333,5,149750.368,5280.59,329845.42,5,0
USR-000043,ACC-000043,EVT-000043-11,1,0,1,1,0,0,0,2,1,1,0,1,0,0,,0,,,10,0.3333333333333333333333333333,5,202908.566,52639.47,290067.91,5,0
USR-000044,ACC-000044,EVT-000044-11,0,1,1,0,0,0,1,0,0,0,0,0,0,0,,0,,,10,0.3333333333333333333333333333,5,396996.902,12629.2,1527237.74,5,0
USR-000045,ACC-000045,EVT-000045-11,1,0,1,1,0,0,0,1,1,1,0,1,0,0,,0,,,10,0.3333333333333333333333333333,5,770663.486,7035.22,3692992.47,5,0
USR-000046,ACC-000046,EVT-000046-11,1,0,1,1,0,0,0,1,1,1,0,1,0,0,,0,,,10,0.3333333333333333333333333333,5,79837.026,2389.41,194321.59,5,1
USR-000047,ACC-000047,EVT-000047-11,0,1,1,1,1,1,0,1,1,0,0,0,0,0,,0,,,10,0.3333333333333333333333333333,5,89221.854,14510.85,246136.83,5,1
USR-000048,ACC-000048,EVT-000048-11,0,1,1,1,1,1,0,1,1,0,0,0,0,0,,0,,,10,0.3333333333333333333333333333,5,661542.426,4767.82,1884380.31,5,1
USR-000049,ACC-000049,EVT-000049-11,1,0,1,1,0,0,0,1,1,1,0,1,0,0,,0,,,10,0.3333333333333333333333333333,5,106727.124,3590.65,307487.29,5,1
USR-000050,ACC-000050,EVT-000050-11,0,1,1,0,0,0,1,0,0,0,0,0,0,0,,0,,,10,0.3333333333333333333333333333,5,165251.974,854.28,301887.62,5,0
USR-000051,ACC-000051,EVT-000051-11,1,0,1,1,0,0,0,2,1,1,0,1,0,0,,0,,,10,0.3333333333333333333333333333,5,73720.706,696.97,205492.96,5,0
USR-000052,ACC-000052,EVT-000052-11,1,0,1,1,0,0,0,1,1,1,0,1,0,0,,0,,,10,0.3333333333333333333333333333,5,372336.166,1086.53,1131152.51,5,1
USR-000053,ACC-000053,EVT-000053-11,1,0,1,1,0,0,0,1,1,1,0,1,0,0,,0,,,10,0.3333333333333333333333333333,5,446776.574,5140.09,1804923.4,5,0
USR-000054,ACC-000054,EVT-000054-11,1,0,1,1,0,0,0,1,1,1,0,1,0,0,,0,,,10,0.3333333333333333333333333333,5,76445.47,9451.99,277222.72,5,1
USR-000055,ACC-000055,EVT-000055-11,0,1,1,1,1,1,0,1,1,0,0,0,0,0,,0,,,10,0.3333333333333333333333333333,5,422294.114,527.49,2023483.48,5,1
USR-000056,ACC-000056,EVT-000056-11,1,0,1,1,0,0,0,1,1,1,0,1,0,0,,0,,,10,0.3333333333333333333333333333,5,298161.294,9834.81,1245103.24,5,1
USR-000057,ACC-000057,EVT-000057-11,1,0,1,1,0,0,0,1,1,1,0,1,0,0,,0,,,10,0.3333333333333333333333333333,5,104217.724,1807.38,407899.83,5,0
USR-000058,ACC-000058,EVT-000058-11,0,1,1,1,0,0,0,1,1,1,0,1,0,0,,0,,,10,0.3333333333333333333333333333,5,71417.488,862.13,196371.09,5,0
USR-000059,ACC-000059,EVT-000059-11,1,0,1,1,0,0,0,1,1,1,0,1,0,0,,0,,,10,0.3333333333333333333333333333,5,142957.04,22733.6,382405.98,5,1
USR-000060,ACC-000060,EVT-000060-11,1,0,1,1,0,0,0,1,1,1,0,1,0,0,,0,,,10,0.3333333333333333333333333333,5,95791.134,6149.08,292500.83,5,0
USR-000061,ACC-000061,EVT-000061-11,1,0,1,1,0,0,0,1,1,1,0,1,0,0,,0,,,10,0.3333333333333333333333333333,5,79873.624,10518.49,301787.64,5,1
USR-000062,ACC-000062,EVT-000062-11,0,1,1,1,0,0,0,1,1,1,0,1,0,0,,0,,,10,0.3333333333333333333333333333,5,175471.824,5300.9,757020.07,5,0
USR-000063,ACC-000063,EVT-000063-11,0,1,1,1,1,1,0,1,1,0,0,0,0,0,,0,,,10,0.3333333333333333333333333333,5,135691.514,2334.97,300054.26,5,1
USR-000064,ACC-000064,EVT-000064-11,1,0,1,1,0,0,0,1,1,1,0,1,0,0,,0,,,10,0.3333333333333333333333333333,5,194903.662,5457.51,397915.03,5,0
USR-000065,ACC-000065,EVT-000065-11,1,0,1,1,0,0,0,2,1,1,0,1,0,0,,0,,,10,0.3333333333333333333333333333,5,118250.88,2526.67,351603.95,5,0
USR-000066,ACC-000066,EVT-000066-11,1,0,1,1,0,1,0,2,1,0,0,0,0,0,,0,,,10,0.3333333333333333333333333333,5,45071.17,2497.99,189797.96,5,1
USR-000067,ACC-000067,EVT-000067-11,0,1,1,1,1,1,0,1,1,0,0,0,0,0,,0,,,10,0.3333333333333333333333333333,5,38509.23,1787.37,135838.66,5,1
USR-000068,ACC-000068,EVT-000068-11,1,0,1,0,0,0,1,0,0,0,0,0,0,0,,0,,,10,0.3333333333333333333333333333,5,305100.592,6009.0,749109.62,5,0
USR-000069,ACC-000069,EVT-000069-11,1,0,1,1,0,0,0,1,1,1,0,1,0,0,,0,,,10,0.3333333333333333333333333333,5,244547.414,10232.35,1019959.06,5,0
USR-000070,ACC-000070,EVT-000070-11,0,1,1,0,0,0,1,0,0,0,0,0,0,0,,0,,,10,0.3333333333333333333333333333,5,245714.686,29770.13,840994.84,5,0
USR-000071,ACC-000071,EVT-000071-11,0,1,1,1,1,1,0,1,1,0,0,0,0,0,,0,,,10,0.3333333333333333333333333333,5,197716.554,37880.09,504339.08,5,1
USR-000072,ACC-000072,EVT-000072-11,1,0,1,1,0,0,0,1,1,1,0,1,0,0,,0,,,10,0.3333333333333333333333333333,5,136418.906,7517.47,274841.85,5,0
USR-000073,ACC-000073,EVT-000073-11,1,0,1,1,0,0,0,1,1,1,0,1,0,0,,0,,,10,0.3333333333333333333333333333,5,92265.74,6702.49,354754.23,5,1
USR-000074,ACC-000074,EVT-000074-11,1,0,1,1,0,1,0,2,1,0,0,0,0,0,,0,,,10,0.3333333333333333333333333333,5,75923.306,9075.18,251514.48,5,1
USR-000075,ACC-000075,EVT-000075-11,1,0,1,1,0,0,0,1,1,1,0,1,0,0,,0,,,10,0.3333333333333333333333333333,5,533385.604,1668.5,2645190.06,5,0
USR-000076,ACC-000076,EVT-000076-11,1,0,1,0,0,0,1,0,0,0,0,0,0,0,,0,,,10,0.3333333333333333333333333333,5,75161.10,1819.6,281817.09,5,0
USR-000077,ACC-000077,EVT-000077-11,0,1,1,0,0,0,1,0,0,0,0,0,0,0,,0,,,10,0.3333333333333333333333333333,5,183041.736,54533.27,517108.12,5,0
USR-000078,ACC-000078,EVT-000078-11,0,1,1,1,0,0,0,1,1,1,0,1,0,0,,0,,,10,0.3333333333333333333333333333,5,180269.244,16245.06,250568.18,5,0
USR-000079,ACC-000079,EVT-000079-11,1,0,1,1,0,0,0,2,1,1,0,1,0,0,,0,,,10,0.3333333333333333333333333333,5,326657.856,8363.34,1392020.35,5,0
USR-000080,ACC-000080,EVT-000080-11,1,0,1,1,0,1,0,2,1,0,0,0,0,0,,0,,,10,0.3333333333333333333333333333,5,237872.486,11534.06,537484.23,5,1
USR-000081,ACC-000081,EVT-000081-11,1,0,1,0,0,0,1,0,0,0,0,0,0,0,,0,,,10,0.3333333333333333333333333333,5,188254.084,947.87,370502.44,5,0
USR-000082,ACC-000082,EVT-000082-11,1,0,1,1,0,0,0,2,1,1,0,1,0,0,,0,,,10,0.3333333333333333333333333333,5,60996.996,5641.43,144781.64,5,0
USR-000083,ACC-000083,EVT-000083-11,0,1,1,0,0,0,1,0,0,0,0,0,0,0,,0,,,10,0.3333333333333333333333333333,5,124408.786,268.56,227575.31,5,0
USR-000084,ACC-000084,EVT-000084-11,1,0,1,1,0,0,0,1,1,1,0,1,0,0,,0,,,10,0.3333333333333333333333333333,5,258807.256,1319.23,1271665.71,5,0
USR-000085,ACC-000085,EVT-000085-11,1,0,1,0,0,0,1,0,0,0,0,0,0,0,,0,,,10,0.3333333333333333333333333333,5,245844.752,893.59,1183280.76,5,0
USR-000086,ACC-000086,EVT-000086-11,1,0,1,1,0,0,0,1,1,1,0,1,0,0,,0,,,10,0.3333333333333333333333333333,5,169738.032,28045.79,279694.89,5,1
USR-000087,ACC-000087,EVT-000087-11,1,0,1,1,0,0,0,1,1,1,0,1,0,0,,0,,,10,0.3333333333333333333333333333,5,50542.012,826.07,200784.67,5,1
USR-000088,ACC-000088,EVT-000088-11,1,0,1,1,0,0,0,1,1,1,0,1,0,0,,0,,,10,0.3333333333333333333333333333,5,138476.526,1992.79,203665.14,5,1
USR-000089,ACC-000089,EVT-000089-11,1,0,1,1,0,0,0,1,1,1,0,1,0,0,,0,,,10,0.3333333333333333333333333333,5,298498.54,9838.99,472498.3,5,0
USR-000090,ACC-000090,EVT-000090-11,1,0,1,0,0,0,1,0,0,0,0,0,0,0,,0,,,10,0.3333333333333333333333333333,5,16226.58,1051.16,31681.24,5,0
USR-000091,ACC-000091,EVT-000091-11,0,1,1,1,1,1,0,1,1,0,0,0,0,0,,0,,,10,0.3333333333333333333333333333,5,559576.04,28797.95,2221765.06,5,1
USR-000092,ACC-000092,EVT-000092-11,1,0,1,1,0,0,0,1,1,1,0,1,0,0,,0,,,10,0.3333333333333333333333333333,5,90352.43,6542.25,208455.29,5,0
USR-000093,ACC-000093,EVT-000093-11,1,0,1,0,0,0,1,0,0,0,0,0,0,0,,0,,,10,0.3333333333333333333333333333,5,222222.58,2749.55,710030.68,5,0
USR-000094,ACC-000094,EVT-000094-11,1,0,1,0,0,0,1,0,0,0,0,0,0,0,,0,,,10,0.3333333333333333333333333333,5,472432.968,36928.27,1364238.6,5,0
USR-000095,ACC-000095,EVT-000095-11,1,0,1,1,0,0,0,1,1,1,0,1,0,0,,0,,,10,0.3333333333333333333333333333,5,119645.682,528.27,384709.14,5,0
USR-000096,ACC-000096,EVT-000096-11,1,0,1,0,0,0,1,0,0,0,0,0,0,0,,0,,,10,0.3333333333333333333333333333,5,234902.982,1870.95,538564.87,5,0
USR-000097,ACC-000097,EVT-000097-11,0,1,1,1,1,1,0,1,1,0,0,0,0,0,,0,,,10,0.3333333333333333333333333333,5,148094.31,23156.31,253755.96,5,1
USR-000098,ACC-000098,EVT-000098-11,1,0,1,1,0,1,0,2,1,0,0,0,0,0,,0,,,10,0.3333333333333333333333333333,5,179290.674,7209.12,302152.15,5,1
USR-000099,ACC-000099,EVT-000099-11,1,0,1,1,0,0,0,1,1,1,0,1,0,0,,0,,,10,0.3333333333333333333333333333,5,105056.124,382.08,295610.5,5,0
USR-000100,ACC-000100,EVT-000100-11,1,0,1,0,0,0,1,0,0,0,0,0,0,0,,0,,,10,0.3333333333333333333333333333,5,124748.678,5484.09,287711.93,5,0
USR-000101,ACC-000101,EVT-000101-11,1,0,1,1,0,0,0,2,1,1,0,1,0,0,,0,,,10,0.3333333333333333333333333333,5,85090.412,28666.57,151136.77,5,0
USR-000102,ACC-000102,EVT-000102-11,1,0,1,1,0,0,0,1,1,1,0,1,0,0,,0,,,10,0.3333333333333333333333333333,5,99844.418,21854.97,172633.4,5,0
USR-000103,ACC-000103,EVT-000103-11,0,1,1,1,0,0,0,1,1,1,0,1,0,0,,0,,,10,0.3333333333333333333333333333,5,128358.128,5742.77,498300.05,5,0
USR-000104,ACC-000104,EVT-000104-11,1,0,1,0,0,0,1,0,0,0,0,0,0,0,,0,,,10,0.3333333333333333333333333333,5,55386.85,4052.06,133238.61,5,0
USR-000105,ACC-000105,EVT-000105-11,0,1,1,1,1,1,0,1,1,0,0,0,0,0,,0,,,10,0.3333333333333333333333333333,5,230758.864,13013.51,645104.5,5,1
USR-000106,ACC-000106,EVT-000106-11,1,0,1,1,0,1,0,2,1,0,0,0,0,0,,0,,,10,0.3333333333333333333333333333,5,123352.486,4757.84,394204.95,5,1
USR-000107,ACC-000107,EVT-000107-11,0,1,1,1,1,1,0,1,1,0,0,0,0,0,,0,,,10,0.3333333333333333333333333333,5,161195.96,3046.32,720984.41,5,1
USR-000108,ACC-000108,EVT-000108-11,0,1,1,1,0,0,0,1,1,1,0,1,0,0,,0,,,10,0.3333333333333333333333333333,5,170352.816,7422.17,571200.46,5,0
USR-000109,ACC-000109,EVT-000109-11,1,0,1,1,0,1,0,2,1,0,0,0,0,0,,0,,,10,0.3333333333333333333333333333,5,79605.854,10540.69,176668.78,5,1
USR-000110,ACC-000110,EVT-000110-11,1,0,1,1,0,1,0,2,1,0,0,0,0,0,,0,,,10,0.3333333333333333333333333333,5,47433.324,3282.69,197392.02,5,1
USR-000111,ACC-000111,EVT-000111-11,1,0,1,1,0,1,0,2,1,0,0,0,0,0,,0,,,10,0.3333333333333333333333333333,5,118031.128,8098.19,187487.93,5,1
USR-000112,ACC-000112,EVT-000112-11,1,0,1,1,0,0,0,1,1,1,0,1,0,0,,0,,,10,0.3333333333333333333333333333,5,221370.27,5494.35,497575.91,5,1
USR-000113,ACC-000113,EVT-000113-11,1,0,1,1,0,0,0,2,1,1,0,1,0,0,,0,,,10,0.3333333333333333333333333333,5,145676.578,588.94,420443.85,5,0
USR-000114,ACC-000114,EVT-000114-11,1,0,1,1,0,0,0,2,1,1,0,1,0,0,,0,,,10,0.3333333333333333333333333333,5,68375.832,4105.55,188027.51,5,0
USR-000115,ACC-000115,EVT-000115-11,0,1,1,1,1,1,0,1,1,0,0,0,0,0,,0,,,10,0.3333333333333333333333333333,5,164776.328,34426.4,265825.35,5,1
USR-000116,ACC-000116,EVT-000116-11,0,1,1,1,0,0,0,1,1,1,0,1,0,0,,0,,,10,0.3333333333333333333333333333,5,349333.454,6564.56,900784.54,5,0
USR-000117,ACC-000117,EVT-000117-11,1,0,1,1,0,0,0,2,1,1,0,1,0,0,,0,,,10,0.3333333333333333333333333333,5,76659.976,12955.6,209611.68,5,0
USR-000118,ACC-000118,EVT-000118-11,1,0,1,0,0,0,1,0,0,0,0,0,0,0,,0,,,10,0.3333333333333333333333333333,5,233000.848,6035.6,634317.0,5,0
USR-000119,ACC-000119,EVT-000119-11,0,1,1,0,0,0,1,0,0,0,0,0,0,0,,0,,,10,0.3333333333333333333333333333,5,78871.328,5183.68,190169.56,5,0
USR-000120,ACC-000120,EVT-000120-11,1,0,1,1,0,0,0,1,1,1,0,1,0,0,,0,,,10,0.3333333333333333333333333333,5,114479.958,6028.07,355090.62,5,1
USR-000121,ACC-000121,EVT-000121-11,1,0,1,1,0,0,0,2,1,1,0,1,0,0,,0,,,10,0.3333333333333333333333333333,5,14658.124,7215.12,27772.76,5,0
USR-000122,ACC-000122,EVT-000122-11,0,1,1,0,0,0,1,0,0,0,0,0,0,0,,0,,,10,0.3333333333333333333333333333,5,67743.542,7044.68,172964.22,5,0
USR-000123,ACC-000123,EVT-000123-11,1,0,1,1,0,0,0,2,1,1,0,1,0,0,,0,,,10,0.3333333333333333333333333333,5,72142.504,4406.69,146852.36,5,0
USR-000124,ACC-000124,EVT-000124-11,0,1,1,1,1,1,0,1,1,0,0,0,0,0,,0,,,10,0.3333333333333333333333333333,5,8829.466,444.83,17680.53,5,1
USR-000125,ACC-000125,EVT-000125-11,0,1,1,0,0,0,1,0,0,0,0,0,0,0,,0,,,10,0.3333333333333333333333333333,5,101201.344,18569.59,155559.62,5,0
USR-000126,ACC-000126,EVT-000126-11,1,0,1,1,0,0,0,1,1,1,0,1,0,0,,0,,,10,0.3333333333333333333333333333,5,175557.28,17763.61,316625.03,5,1
USR-000127,ACC-000127,EVT-000127-11,1,0,1,1,0,1,0,2,1,0,0,0,0,0,,0,,,10,0.3333333333333333333333333333,5,108879.664,9766.06,319772.25,5,1
USR-000128,ACC-000128,EVT-000128-11,0,1,1,1,1,1,0,1,1,0,0,0,0,0,,0,,,10,0.3333333333333333333333333333,5,202355.92,968.71,875281.87,5,1
USR-000129,ACC-000129,EVT-000129-11,1,0,1,1,0,0,0,1,1,1,0,1,0,0,,0,,,10,0.3333333333333333333333333333,5,95202.842,698.23,248870.25,5,1
USR-000130,ACC-000130,EVT-000130-11,0,1,1,1,0,0,0,1,1,1,0,1,0,0,,0,,,10,0.3333333333333333333333333333,5,105923.798,6337.12,259612.22,5,0
USR-000131,ACC-000131,EVT-000131-11,1,0,1,0,0,0,1,0,0,0,0,0,0,0,,0,,,10,0.3333333333333333333333333333,5,155598.76,9450.93,298821.84,5,0
USR-000132,ACC-000132,EVT-000132-11,1,0,1,1,0,0,0,2,1,1,0,1,0,0,,0,,,10,0.3333333333333333333333333333,5,103027.178,10711.08,229389.72,5,0
USR-000133,ACC-000133,EVT-000133-11,1,0,1,1,0,0,0,1,1,1,0,1,0,0,,0,,,10,0.3333333333333333333333333333,5,272667.472,4258.24,850893.46,5,1
USR-000134,ACC-000134,EVT-000134-11,1,0,1,1,0,1,0,2,1,0,0,0,0,0,,0,,,10,0.3333333333333333333333333333,5,583650.952,16274.69,2249252.32,5,1
USR-000135,ACC-000135,EVT-000135-11,1,0,1,1,0,0,0,1,1,1,0,1,0,0,,0,,,10,0.3333333333333333333333333333,5,72110.498,591.99,238552.62,5,0
USR-000136,ACC-000136,EVT-000136-11,1,0,1,1,0,0,0,2,1,1,0,1,0,0,,0,,,10,0.3333333333333333333333333333,5,162203.71,8581.38,430451.98,5,0
USR-000137,ACC-000137,EVT-000137-11,1,0,1,1,0,0,0,2,1,1,0,1,0,0,,0,,,10,0.3333333333333333333333333333,5,159899.978,10233.83,343097.75,5,0
USR-000138,ACC-000138,EVT-000138-11,1,0,1,1,0,0,0,1,1,1,0,1,0,0,,0,,,10,0.3333333333333333333333333333,5,169350.96,4257.99,611079.18,5,0
USR-000139,ACC-000139,EVT-000139-11,0,1,1,1,0,0,0,1,1,1,0,1,0,0,,0,,,10,0.3333333333333333333333333333,5,191055.282,2922.96,702559.07,5,0
USR-000140,ACC-000140,EVT-000140-11,1,0,1,1,0,1,0,2,1,0,0,0,0,0,,0,,,10,0.3333333333333333333333333333,5,216557.92,18406.43,681882.96,5,1
USR-000141,ACC-000141,EVT-000141-11,0,1,1,1,1,1,0,1,1,0,0,0,0,0,,0,,,10,0.3333333333333333333333333333,5,399171.318,77826.01,1302101.79,5,1
USR-000142,ACC-000142,EVT-000142-11,1,0,1,0,0,0,1,0,0,0,0,0,0,0,,0,,,10,0.3333333333333333333333333333,5,192294.414,3205.0,336839.15,5,0
USR-000143,ACC-000143,EVT-000143-11,0,1,1,1,1,1,0,1,1,0,0,0,0,0,,0,,,10,0.3333333333333333333333333333,5,224646.78,2253.36,523203.02,5,1
USR-000144,ACC-000144,EVT-000144-11,1,0,1,1,0,0,0,1,1,1,0,1,0,0,,0,,,10,0.3333333333333333333333333333,5,99265.664,3761.0,211673.08,5,0
USR-000145,ACC-000145,EVT-000145-11,1,0,1,1,0,1,0,2,1,0,0,0,0,0,,0,,,10,0.3333333333333333333333333333,5,239808.938,22005.76,499495.13,5,1
USR-000146,ACC-000146,EVT-000146-11,1,0,1,1,0,0,0,2,1,1,0,1,0,0,,0,,,10,0.3333333333333333333333333333,5,136907.264,3114.38,274094.97,5,0
USR-000147,ACC-000147,EVT-000147-11,1,0,1,1,0,1,0,2,1,0,0,0,0,0,,0,,,10,0.3333333333333333333333333333,5,103023.894,4634.08,265977.09,5,1
USR-000148,ACC-000148,EVT-000148-11,0,1,1,0,0,0,1,0,0,0,0,0,0,0,,0,,,10,0.3333333333333333333333333333,5,104209.208,4855.78,282693.22,5,0
USR-000149,ACC-000149,EVT-000149-11,1,0,1,1,0,1,0,2,1,0,0,0,0,0,,0,,,10,0.3333333333333333333333333333,5,462433.252,924.73,1398915.67,5,1
USR-000150,ACC-000150,EVT-000150-11,1,0,1,0,0,0,1,0,0,0,0,0,0,0,,0,,,10,0.3333333333333333333333333333,5,191467.38,50262.13,457310.66,5,0
USR-000151,ACC-000151,EVT-000151-11,1,0,1,0,0,0,1,0,0,0,0,0,0,0,,0,,,10,0.3333333333333333333333333333,5,123030.14,1922.82,389137.89,5,0
USR-000152,ACC-000152,EVT-000152-11,0,1,1,0,0,0,1,0,0,0,0,0,0,0,,0,,,10,0.3333333333333333333333333333,5,170107.454,11326.2,384858.34,5,0
USR-000153,ACC-000153,EVT-000153-11,1,0,1,1,0,0,0,1,1,1,0,1,0,0,,0,,,10,0.3333333333333333333333333333,5,184512.314,8414.71,372434.37,5,1
USR-000154,ACC-000154,EVT-000154-11,1,0,1,1,0,0,0,1,1,1,0,1,0,0,,0,,,10,0.3333333333333333333333333333,5,30222.448,7238.29,59599.73,5,0
USR-000155,ACC-000155,EVT-000155-11,1,0,1,1,0,1,0,2,1,0,0,0,0,0,,0,,,10,0.3333333333333333333333333333,5,80808.39,1259.93,341674.69,5,1
USR-000156,ACC-000156,EVT-000156-11,1,0,1,1,0,0,0,1,1,1,0,1,0,0,,0,,,10,0.3333333333333333333333333333,5,74933.386,14482.75,201167.45,5,0
USR-000157,ACC-000157,EVT-000157-11,0,1,1,1,0,0,0,1,1,1,0,1,0,0,,0,,,10,0.3333333333333333333333333333,5,147296.412,8865.93,308076.88,5,0
USR-000158,ACC-000158,EVT-000158-11,1,0,1,0,0,0,1,0,0,0,0,0,0,0,,0,,,10,0.3333333333333333333333333333,5,191637.338,5596.42,463558.46,5,0
USR-000159,ACC-000159,EVT-000159-11,1,0,1,1,0,0,0,1,1,1,0,1,0,0,,0,,,10,0.3333333333333333333333333333,5,153188.334,4198.89,338445.98,5,1
USR-000160,ACC-000160,EVT-000160-11,1,0,1,1,0,0,0,2,1,1,0,1,0,0,,0,,,10,0.3333333333333333333333333333,5,198888.716,15110.29,479800.01,5,0
USR-000161,ACC-000161,EVT-000161-11,0,1,1,0,0,0,1,0,0,0,0,0,0,0,,0,,,10,0.3333333333333333333333333333,5,201447.952,7689.91,379966.34,5,0
USR-000162,ACC-000162,EVT-000162-11,1,0,1,1,0,0,0,1,1,1,0,1,0,0,,0,,,10,0.3333333333333333333333333333,5,229712.834,2874.62,701368.95,5,1
USR-000163,ACC-000163,EVT-000163-11,1,0,1,1,0,0,0,2,1,1,0,1,0,0,,0,,,10,0.3333333333333333333333333333,5,38000.396,6276.88,118813.76,5,0
USR-000164,ACC-000164,EVT-000164-11,1,0,1,0,0,0,1,0,0,0,0,0,0,0,,0,,,10,0.3333333333333333333333333333,5,121201.144,19734.44,282440.99,5,0
USR-000165,ACC-000165,EVT-000165-11,0,1,1,0,0,0,1,0,0,0,0,0,0,0,,0,,,10,0.3333333333333333333333333333,5,92850.97,3249.83,287831.29,5,0
USR-000166,ACC-000166,EVT-000166-11,1,0,1,0,0,0,1,0,0,0,0,0,0,0,,0,,,10,0.3333333333333333333333333333,5,69980.876,6399.14,256122.43,5,0
USR-000167,ACC-000167,EVT-000167-11,0,1,1,0,0,0,1,0,0,0,0,0,0,0,,0,,,10,0.3333333333333333333333333333,5,179456.05,8034.42,427608.42,5,0
USR-000168,ACC-000168,EVT-000168-11,1,0,1,0,0,0,1,0,0,0,0,0,0,0,,0,,,10,0.3333333333333333333333333333,5,94097.178,2121.26,299169.58,5,0
USR-000169,ACC-000169,EVT-000169-11,0,1,1,0,0,0,1,0,0,0,0,0,0,0,,0,,,10,0.3333333333333333333333333333,5,98950.248,14863.3,174214.09,5,0
USR-000170,ACC-000170,EVT-000170-11,1,0,1,1,0,0,0,2,1,1,0,1,0,0,,0,,,10,0.3333333333333333333333333333,5,66588.05,5146.06,256667.35,5,0
USR-000171,ACC-000171,EVT-000171-11,1,0,1,1,0,0,0,1,1,1,0,1,0,0,,0,,,10,0.3333333333333333333333333333,5,155945.662,10788.53,306776.02,5,1
USR-000172,ACC-000172,EVT-000172-11,0,1,1,0,0,0,1,0,0,0,0,0,0,0,,0,,,10,0.3333333333333333333333333333,5,160187.814,10430.85,377348.22,5,0
USR-000173,ACC-000173,EVT-000173-11,0,1,1,1,0,0,0,1,1,1,0,1,0,0,,0,,,10,0.3333333333333333333333333333,5,324417.366,3823.66,1205227.66,5,0
USR-000174,ACC-000174,EVT-000174-11,0,1,1,1,0,0,0,1,1,1,0,1,0,0,,0,,,10,0.3333333333333333333333333333,5,238753.374,8446.93,394681.58,5,0
USR-000175,ACC-000175,EVT-000175-11,1,0,1,1,0,0,0,1,1,1,0,1,0,0,,0,,,10,0.3333333333333333333333333333,5,121743.008,7843.78,291262.51,5,1
USR-000176,ACC-000176,EVT-000176-11,0,1,1,0,0,0,1,0,0,0,0,0,0,0,,0,,,10,0.3333333333333333333333333333,5,150413.108,5783.5,617922.5,5,0
USR-000177,ACC-000177,EVT-000177-11,0,1,1,1,1,1,0,1,1,0,0,0,0,0,,0,,,10,0.3333333333333333333333333333,5,739190.41,90703.59,2955051.54,5,1
USR-000178,ACC-000178,EVT-000178-11,0,1,1,0,0,0,1,0,0,0,0,0,0,0,,0,,,10,0.3333333333333333333333333333,5,80771.874,1762.75,177356.13,5,0
USR-000179,ACC-000179,EVT-000179-11,1,0,1,1,0,0,0,1,1,1,0,1,0,0,,0,,,10,0.3333333333333333333333333333,5,445915.412,67527.96,1564529.91,5,1
USR-000180,ACC-000180,EVT-000180-11,1,0,1,1,0,1,0,2,1,0,0,0,0,0,,0,,,10,0.3333333333333333333333333333,5,190350.858,14796.41,305466.81,5,1
USR-000181,ACC-000181,EVT-000181-11,0,1,1,1,1,1,0,1,1,0,0,0,0,0,,0,,,10,0.3333333333333333333333333333,5,95764.004,3635.93,188502.06,5,1
USR-000182,ACC-000182,EVT-000182-11,1,0,1,1,0,0,0,2,1,1,0,1,0,0,,0,,,10,0.3333333333333333333333333333,5,326743.53,87884.1,982600.28,5,0
USR-000183,ACC-000183,EVT-000183-11,1,0,1,0,0,0,1,0,0,0,0,0,0,0,,0,,,10,0.3333333333333333333333333333,5,194924.994,81880.99,295018.58,5,0
USR-000184,ACC-000184,EVT-000184-11,1,0,1,0,0,0,1,0,0,0,0,0,0,0,,0,,,10,0.3333333333333333333333333333,5,67881.088,12013.05,170507.64,5,0
USR-000185,ACC-000185,EVT-000185-11,1,0,1,1,0,1,0,2,1,0,0,0,0,0,,0,,,10,0.3333333333333333333333333333,5,32213.61,4763.97,47257.35,5,1
USR-000186,ACC-000186,EVT-000186-11,0,1,1,1,0,0,0,1,1,1,0,1,0,0,,0,,,10,0.3333333333333333333333333333,5,100614.622,3242.99,291000.09,5,0
USR-000187,ACC-000187,EVT-000187-11,1,0,1,1,0,0,0,1,1,1,0,1,0,0,,0,,,10,0.3333333333333333333333333333,5,254045.93,24099.06,468225.56,5,1
USR-000188,ACC-000188,EVT-000188-11,1,0,1,1,0,0,0,1,1,1,0,1,0,0,,0,,,10,0.3333333333333333333333333333,5,273975.754,3814.09,829648.43,5,0
USR-000189,ACC-000189,EVT-000189-11,1,0,1,1,0,0,0,2,1,1,0,1,0,0,,0,,,10,0.3333333333333333333333333333,5,290673.054,4009.9,858683.06,5,0
USR-000190,ACC-000190,EVT-000190-11,1,0,1,1,0,1,0,2,1,0,0,0,0,0,,0,,,10,0.3333333333333333333333333333,5,96340.066,5740.78,218501.62,5,1
USR-000191,ACC-000191,EVT-000191-11,1,0,1,1,0,0,0,1,1,1,0,1,0,0,,0,,,10,0.3333333333333333333333333333,5,37510.246,344.28,133935.74,5,0
USR-000192,ACC-000192,EVT-000192-11,1,0,1,1,0,0,0,1,1,1,0,1,0,0,,0,,,10,0.3333333333333333333333333333,5,104544.744,21857.09,285919.27,5,0
USR-000193,ACC-000193,EVT-000193-11,1,0,1,1,0,0,0,1,1,1,0,1,0,0,,0,,,10,0.3333333333333333333333333333,5,156474.882,3717.03,383927.24,5,1
USR-000194,ACC-000194,EVT-000194-11,0,1,1,1,0,0,0,1,1,1,0,1,0,0,,0,,,10,0.3333333333333333333333333333,5,143108.098,20578.71,376405.72,5,0
USR-000195,ACC-000195,EVT-000195-11,1,0,1,1,0,0,0,1,1,1,0,1,0,0,,0,,,10,0.3333333333333333333333333333,5,101592.04,5407.83,376025.47,5,0
USR-000196,ACC-000196,EVT-000196-11,0,1,1,0,0,0,1,0,0,0,0,0,0,0,,0,,,10,0.3333333333333333333333333333,5,115443.188,43986.74,186362.33,5,0
USR-000197,ACC-000197,EVT-000197-11,0,1,1,0,0,0,1,0,0,0,0,0,0,0,,0,,,10,0.3333333333333333333333333333,5,76278.288,663.34,181834.64,5,0
USR-000198,ACC-000198,EVT-000198-11,1,0,1,1,0,0,0,1,1,1,0,1,0,0,,0,,,10,0.3333333333333333333333333333,5,187750.574,991.18,331980.16,5,0
USR-000199,ACC-000199,EVT-000199-11,0,1,1,1,0,0,0,1,1,1,0,1,0,0,,0,,,10,0.3333333333333333333333333333,5,268305.12,5850.89,584385.23,5,0
USR-000200,ACC-000200,EVT-000200-11,1,0,1,1,0,0,0,1,1,1,0,1,0,0,,0,,,10,0.3333333333333333333333333333,5,70232.562,28899.84,102764.73,5,1
USR-000201,ACC-000201,EVT-000201-11,0,1,1,1,0,0,0,1,1,1,0,1,0,0,,0,,,10,0.3333333333333333333333333333,5,265961.158,1476.73,806923.65,5,0
USR-000202,ACC-000202,EVT-000202-11,1,0,1,1,0,0,0,1,1,1,0,1,0,0,,0,,,10,0.3333333333333333333333333333,5,212031.882,98596.42,391415.2,5,1
USR-000203,ACC-000203,EVT-000203-11,0,1,1,1,0,0,0,1,1,1,0,1,0,0,,0,,,10,0.3333333333333333333333333333,5,210545.334,55721.9,513619.38,5,0
USR-000204,ACC-000204,EVT-000204-11,0,1,1,1,0,0,0,1,1,1,0,1,0,0,,0,,,10,0.3333333333333333333333333333,5,437951.436,10200.74,1392961.21,5,0
USR-000205,ACC-000205,EVT-000205-11,0,1,1,0,0,0,1,0,0,0,0,0,0,0,,0,,,10,0.3333333333333333333333333333,5,362611.028,4332.35,1577254.82,5,0
USR-000206,ACC-000206,EVT-000206-11,1,0,1,1,0,0,0,2,1,1,0,1,0,0,,0,,,10,0.3333333333333333333333333333,5,94133.15,3875.25,193934.32,5,0
USR-000207,ACC-000207,EVT-000207-11,1,0,1,1,0,1,0,2,1,0,0,0,0,0,,0,,,10,0.3333333333333333333333333333,5,188352.372,5923.12,449522.16,5,1
USR-000208,ACC-000208,EVT-000208-11,1,0,1,1,0,1,0,2,1,0,0,0,0,0,,0,,,10,0.3333333333333333333333333333,5,101355.062,9458.94,342418.87,5,1
USR-000209,ACC-000209,EVT-000209-11,1,0,1,1,0,1,0,2,1,0,0,0,0,0,,0,,,10,0.3333333333333333333333333333,5,35076.108,2719.21,131671.46,5,1
USR-000210,ACC-000210,EVT-000210-11,0,1,1,1,1,1,0,1,1,0,0,0,0,0,,0,,,10,0.3333333333333333333333333333,5,607793.838,2660.98,2317893.79,5,1
USR-000211,ACC-000211,EVT-000211-11,0,1,1,1,0,0,0,1,1,1,0,1,0,0,,0,,,10,0.3333333333333333333333333333,5,335475.43,2018.47,1459065.78,5,0
USR-000212,ACC-000212,EVT-000212-11,1,0,1,1,0,0,0,1,1,1,0,1,0,0,,0,,,10,0.3333333333333333333333333333,5,65387.214,5261.33,163849.49,5,1
USR-000213,ACC-000213,EVT-000213-11,0,1,1,1,1,1,0,1,1,0,0,0,0,0,,0,,,10,0.3333333333333333333333333333,5,130405.89,12103.34,342107.46,5,1
USR-000214,ACC-000214,EVT-000214-11,1,0,1,1,0,1,0,2,1,0,0,0,0,0,,0,,,10,0.3333333333333333333333333333,5,26188.646,5668.73,61848.39,5,1
USR-000215,ACC-000215,EVT-000215-11,0,1,1,0,0,0,1,0,0,0,0,0,0,0,,0,,,10,0.3333333333333333333333333333,5,101979.276,1468.41,262197.84,5,0
USR-000216,ACC-000216,EVT-000216-11,1,0,1,0,0,0,1,0,0,0,0,0,0,0,,0,,,10,0.3333333333333333333333333333,5,44161.858,6223.59,167842.34,5,0
USR-000217,ACC-000217,EVT-000217-11,0,1,1,0,0,0,1,0,0,0,0,0,0,0,,0,,,10,0.3333333333333333333333333333,5,176254.832,10303.86,387168.05,5,0
USR-000218,ACC-000218,EVT-000218-11,1,0,1,1,0,0,0,1,1,1,0,1,0,0,,0,,,10,0.3333333333333333333333333333,5,509525.73,25620.3,1501307.64,5,1
USR-000219,ACC-000219,EVT-000219-11,1,0,1,0,0,0,1,0,0,0,0,0,0,0,,0,,,10,0.3333333333333333333333333333,5,102502.468,674.1,297207.68,5,0
USR-000220,ACC-000220,EVT-000220-11,0,1,1,1,1,1,0,1,1,0,0,0,0,0,,0,,,10,0.3333333333333333333333333333,5,130531.712,13601.01,457246.47,5,1
USR-000221,ACC-000221,EVT-000221-11,1,0,1,1,0,1,0,2,1,0,0,0,0,0,,0,,,10,0.3333333333333333333333333333,5,5996.97,89.53,9628.59,5,1
USR-000222,ACC-000222,EVT-000222-11,1,0,1,1,0,0,0,1,1,1,0,1,0,0,,0,,,10,0.3333333333333333333333333333,5,62055.014,7186.67,188083.03,5,1
USR-000223,ACC-000223,EVT-000223-11,1,0,1,0,0,0,1,0,0,0,0,0,0,0,,0,,,10,0.3333333333333333333333333333,5,151139.75,4437.8,433047.41,5,0
USR-000224,ACC-000224,EVT-000224-11,1,0,1,1,0,0,0,1,1,1,0,1,0,0,,0,,,10,0.3333333333333333333333333333,5,96787.122,5208.19,269111.53,5,1
USR-000225,ACC-000225,EVT-000225-11,0,1,1,1,1,1,0,1,1,0,0,0,0,0,,0,,,10,0.3333333333333333333333333333,5,131161.178,11617.96,247920.39,5,1
USR-000226,ACC-000226,EVT-000226-11,0,1,1,0,0,0,1,0,0,0,0,0,0,0,,0,,,10,0.3333333333333333333333333333,5,83014.164,2196.17,274202.33,5,0
USR-000227,ACC-000227,EVT-000227-11,1,0,1,1,0,0,0,1,1,1,0,1,0,0,,0,,,10,0.3333333333333333333333333333,5,227780.022,114285.01,541728.67,5,1
USR-000228,ACC-000228,EVT-000228-11,1,0,1,1,0,0,0,1,1,1,0,1,0,0,,0,,,10,0.3333333333333333333333333333,5,86343.932,2501.35,164726.84,5,1
USR-000229,ACC-000229,EVT-000229-11,1,0,1,1,0,1,0,2,1,0,0,0,0,0,,0,,,10,0.3333333333333333333333333333,5,153979.328,12662.82,331194.92,5,1
USR-000230,ACC-000230,EVT-000230-11,1,0,1,1,0,0,0,2,1,1,0,1,0,0,,0,,,10,0.3333333333333333333333333333,5,34562.764,6266.09,71485.43,5,0
USR-000231,ACC-000231,EVT-000231-11,1,0,1,1,0,0,0,1,1,1,0,1,0,0,,0,,,10,0.3333333333333333333333333333,5,129206.664,6238.3,277183.38,5,1
USR-000232,ACC-000232,EVT-000232-11,0,1,1,1,1,1,0,1,1,0,0,0,0,0,,0,,,10,0.3333333333333333333333333333,5,204004.128,20309.0,366067.62,5,1
USR-000233,ACC-000233,EVT-000233-11,1,0,1,1,0,1,0,2,1,0,0,0,0,0,,0,,,10,0.3333333333333333333333333333,5,170648.242,9399.47,486784.14,5,1
USR-000234,ACC-000234,EVT-000234-11,1,0,1,1,0,1,0,2,1,0,0,0,0,0,,0,,,10,0.3333333333333333333333333333,5,55034.324,3778.42,130620.58,5,1
USR-000235,ACC-000235,EVT-000235-11,0,1,1,0,0,0,1,0,0,0,0,0,0,0,,0,,,10,0.3333333333333333333333333333,5,87168.962,834.24,228460.92,5,0
USR-000236,ACC-000236,EVT-000236-11,0,1,1,0,0,0,1,0,0,0,0,0,0,0,,0,,,10,0.3333333333333333333333333333,5,128653.714,16116.4,418319.32,5,0
USR-000237,ACC-000237,EVT-000237-11,1,0,1,0,0,0,1,0,0,0,0,0,0,0,,0,,,10,0.3333333333333333333333333333,5,89393.078,1554.79,324274.29,5,0
USR-000238,ACC-000238,EVT-000238-11,1,0,1,1,0,0,0,1,1,1,0,1,0,0,,0,,,10,0.3333333333333333333333333333,5,286047.648,12938.14,532965.06,5,0
USR-000239,ACC-000239,EVT-000239-11,0,1,1,1,0,0,0,1,1,1,0,1,0,0,,0,,,10,0.3333333333333333333333333333,5,98606.286,5187.6,311471.91,5,0
USR-000240,ACC-000240,EVT-000240-11,0,1,1,0,0,0,1,0,0,0,0,0,0,0,,0,,,10,0.3333333333333333333333333333,5,71545.36,1230.61,302989.56,5,0
USR-000241,ACC-000241,EVT-000241-11,0,1,1,1,1,1,0,1,1,0,0,0,0,0,,0,,,10,0.3333333333333333333333333333,5,143629.634,1619.94,411901.13,5,1
USR-000242,ACC-000242,EVT-000242-11,1,0,1,1,0,0,0,1,1,1,0,1,0,0,,0,,,10,0.3333333333333333333333333333,5,343246.89,5386.82,1606135.81,5,0
USR-000243,ACC-000243,EVT-000243-11,0,1,1,1,1,1,0,1,1,0,0,0,0,0,,0,,,10,0.3333333333333333333333333333,5,151652.47,15214.39,370505.23,5,1
USR-000244,ACC-000244,EVT-000244-11,1,0,1,1,0,0,0,1,1,1,0,1,0,0,,0,,,10,0.3333333333333333333333333333,5,241124.40,8539.36,1032128.19,5,1
USR-000245,ACC-000245,EVT-000245-11,1,0,1,1,0,0,0,1,1,1,0,1,0,0,,0,,,10,0.3333333333333333333333333333,5,211045.384,13473.25,429904.39,5,0
USR-000246,ACC-000246,EVT-000246-11,1,0,1,1,0,1,0,2,1,0,0,0,0,0,,0,,,10,0.3333333333333333333333333333,5,30611.022,3943.15,81597.53,5,1
USR-000247,ACC-000247,EVT-000247-11,1,0,1,1,0,0,0,2,1,1,0,1,0,0,,0,,,10,0.3333333333333333333333333333,5,113722.24,42271.51,150366.25,5,0
USR-000248,ACC-000248,EVT-000248-11,0,1,1,1,0,0,0,1,1,1,0,1,0,0,,0,,,10,0.3333333333333333333333333333,5,185900.082,2612.58,381074.42,5,0
USR-000249,ACC-000249,EVT-000249-11,1,0,1,1,0,0,0,2,1,1,0,1,0,0,,0,,,10,0.3333333333333333333333333333,5,148633.684,13088.39,442066.24,5,0
USR-000250,ACC-000250,EVT-000250-11,1,0,1,1,0,0,0,1,1,1,0,1,0,0,,0,,,10,0.3333333333333333333333333333,5,179300.674,2319.84,575768.36,5,1
USR-000251,ACC-000251,EVT-000251-11,1,0,1,0,0,0,1,0,0,0,0,0,0,0,,0,,,10,0.3333333333333333333333333333,5,116353.352,12911.6,240946.48,5,0
USR-000252,ACC-000252,EVT-000252-11,0,1,1,1,0,0,0,1,1,1,0,1,0,0,,0,,,10,0.3333333333333333333333333333,5,59619.234,885.01,173798.62,5,0
USR-000253,ACC-000253,EVT-000253-11,1,0,1,1,0,0,0,1,1,1,0,1,0,0,,0,,,10,0.3333333333333333333333333333,5,169342.986,103507.47,272466.38,5,1
USR-000254,ACC-000254,EVT-000254-11,1,0,1,1,0,0,0,1,1,1,0,1,0,0,,0,,,10,0.3333333333333333333333333333,5,173327.956,1320.36,730536.04,5,1
USR-000255,ACC-000255,EVT-000255-11,1,0,1,0,0,0,1,0,0,0,0,0,0,0,,0,,,10,0.3333333333333333333333333333,5,117703.424,5603.08,384629.49,5,0
USR-000256,ACC-000256,EVT-000256-11,1,0,1,0,0,0,1,0,0,0,0,0,0,0,,0,,,10,0.3333333333333333333333333333,5,370657.406,8265.03,1052284.04,5,0
USR-000257,ACC-000257,EVT-000257-11,0,1,1,1,1,1,0,1,1,0,0,0,0,0,,0,,,10,0.3333333333333333333333333333,5,37975.062,14821.28,87242.2,5,1
USR-000258,ACC-000258,EVT-000258-11,1,0,1,1,0,1,0,2,1,0,0,0,0,0,,0,,,10,0.3333333333333333333333333333,5,190547.348,10878.95,422657.64,5,1
USR-000259,ACC-000259,EVT-000259-11,1,0,1,1,0,0,0,1,1,1,0,1,0,0,,0,,,10,0.3333333333333333333333333333,5,177528.374,41249.32,326239.08,5,0
USR-000260,ACC-000260,EVT-000260-11,1,0,1,0,0,0,1,0,0,0,0,0,0,0,,0,,,10,0.3333333333333333333333333333,5,133540.598,13218.72,352859.85,5,0
USR-000261,ACC-000261,EVT-000261-11,0,1,1,1,0,0,0,1,1,1,0,1,0,0,,0,,,10,0.3333333333333333333333333333,5,440605.512,6156.01,1902954.77,5,0
USR-000262,ACC-000262,EVT-000262-11,0,1,1,0,0,0,1,0,0,0,0,0,0,0,,0,,,10,0.3333333333333333333333333333,5,43820.926,5773.25,122104.29,5,0
USR-000263,ACC-000263,EVT-000263-11,1,0,1,1,0,0,0,2,1,1,0,1,0,0,,0,,,10,0.3333333333333333333333333333,5,220069.388,2324.19,616080.43,5,0
USR-000264,ACC-000264,EVT-000264-11,1,0,1,1,0,0,0,1,1,1,0,1,0,0,,0,,,10,0.3333333333333333333333333333,5,160783.34,1998.58,380408.52,5,0
USR-000265,ACC-000265,EVT-000265-11,1,0,1,0,0,0,1,0,0,0,0,0,0,0,,0,,,10,0.3333333333333333333333333333,5,93507.256,1398.19,199054.8,5,0
USR-000266,ACC-000266,EVT-000266-11,0,1,1,1,1,1,0,1,1,0,0,0,0,0,,0,,,10,0.3333333333333333333333333333,5,55574.032,260.61,150733.24,5,1
USR-000267,ACC-000267,EVT-000267-11,1,0,1,1,0,0,0,2,1,1,0,1,0,0,,0,,,10,0.3333333333333333333333333333,5,144823.486,5959.15,513748.96,5,0
USR-000268,ACC-000268,EVT-000268-11,0,1,1,1,0,0,0,1,1,1,0,1,0,0,,0,,,10,0.3333333333333333333333333333,5,127000.508,9886.72,520644.91,5,0
USR-000269,ACC-000269,EVT-000269-11,1,0,1,1,0,0,0,1,1,1,0,1,0,0,,0,,,10,0.3333333333333333333333333333,5,96568.316,9098.05,223987.31,5,1
USR-000270,ACC-000270,EVT-000270-11,0,1,1,1,1,1,0,1,1,0,0,0,0,0,,0,,,10,0.3333333333333333333333333333,5,78210.052,5353.61,270369.39,5,1
USR-000271,ACC-000271,EVT-000271-11,1,0,1,0,0,0,1,0,0,0,0,0,0,0,,0,,,10,0.3333333333333333333333333333,5,81230.452,3620.52,146995.98,5,0
USR-000272,ACC-000272,EVT-000272-11,0,1,1,0,0,0,1,0,0,0,0,0,0,0,,0,,,10,0.3333333333333333333333333333,5,444043.13,53495.15,1388288.41,5,0
USR-000273,ACC-000273,EVT-000273-11,1,0,1,1,0,0,0,1,1,1,0,1,0,0,,0,,,10,0.3333333333333333333333333333,5,137086.186,22582.04,318387.42,5,1
USR-000274,ACC-000274,EVT-000274-11,0,1,1,1,0,0,0,1,1,1,0,1,0,0,,0,,,10,0.3333333333333333333333333333,5,246629.446,7522.77,739056.11,5,0
USR-000275,ACC-000275,EVT-000275-11,1,0,1,1,0,1,0,2,1,0,0,0,0,0,,0,,,10,0.3333333333333333333333333333,5,118665.40,13905.04,261454.1,5,1
USR-000276,ACC-000276,EVT-000276-11,1,0,1,1,0,0,0,2,1,1,0,1,0,0,,0,,,10,0.3333333333333333333333333333,5,101007.72,2447.37,280232.05,5,0
USR-000277,ACC-000277,EVT-000277-11,1,0,1,1,0,0,0,2,1,1,0,1,0,0,,0,,,10,0.3333333333333333333333333333,5,123944.416,343.64,395860.04,5,0
USR-000278,ACC-000278,EVT-000278-11,1,0,1,1,0,0,0,2,1,1,0,1,0,0,,0,,,10,0.3333333333333333333333333333,5,177836.978,13380.01,478851.77,5,0
USR-000279,ACC-000279,EVT-000279-11,0,1,1,0,0,0,1,0,0,0,0,0,0,0,,0,,,10,0.3333333333333333333333333333,5,379520.822,4162.22,1588746.36,5,0
USR-000280,ACC-000280,EVT-000280-11,1,0,1,1,0,0,0,1,1,1,0,1,0,0,,0,,,10,0.3333333333333333333333333333,5,102511.624,4278.99,257207.57,5,1
USR-000281,ACC-000281,EVT-000281-11,0,1,1,0,0,0,1,0,0,0,0,0,0,0,,0,,,10,0.3333333333333333333333333333,5,30794.632,400.84,85462.31,5,0
USR-000282,ACC-000282,EVT-000282-11,0,1,1,1,0,0,0,1,1,1,0,1,0,0,,0,,,10,0.3333333333333333333333333333,5,126731.498,16539.28,228199.03,5,0
USR-000283,ACC-000283,EVT-000283-11,0,1,1,1,1,1,0,1,1,0,0,0,0,0,,0,,,10,0.3333333333333333333333333333,5,106419.346,30290.71,210866.81,5,1
USR-000284,ACC-000284,EVT-000284-11,0,1,1,1,1,1,0,1,1,0,0,0,0,0,,0,,,10,0.3333333333333333333333333333,5,182590.052,25386.46,379699.63,5,1
USR-000285,ACC-000285,EVT-000285-11,0,1,1,0,0,0,1,0,0,0,0,0,0,0,,0,,,10,0.3333333333333333333333333333,5,336789.40,1706.22,1451183.29,5,0
USR-000286,ACC-000286,EVT-000286-11,0,1,1,1,1,1,0,1,1,0,0,0,0,0,,0,,,10,0.3333333333333333333333333333,5,543373.53,1867.58,2409283.01,5,1
USR-000287,ACC-000287,EVT-000287-11,1,0,1,1,0,1,0,2,1,0,0,0,0,0,,0,,,10,0.3333333333333333333333333333,5,456751.304,62839.7,1305766.03,5,1
USR-000288,ACC-000288,EVT-000288-11,1,0,1,1,0,1,0,2,1,0,0,0,0,0,,0,,,10,0.3333333333333333333333333333,5,228613.448,9188.84,448109.68,5,1
USR-000289,ACC-000289,EVT-000289-11,1,0,1,1,0,0,0,1,1,1,0,1,0,0,,0,,,10,0.3333333333333333333333333333,5,111898.248,2828.32,429770.6,5,1
USR-000290,ACC-000290,EVT-000290-11,0,1,1,0,0,0,1,0,0,0,0,0,0,0,,0,,,10,0.3333333333333333333333333333,5,202092.496,4278.27,345886.48,5,0
USR-000291,ACC-000291,EVT-000291-11,0,1,1,1,0,0,0,1,1,1,0,1,0,0,,0,,,10,0.3333333333333333333333333333,5,81512.236,712.9,267798.43,5,0
USR-000292,ACC-000292,EVT-000292-11,1,0,1,1,0,0,0,2,1,1,0,1,0,0,,0,,,10,0.3333333333333333333333333333,5,700109.946,32468.62,3139423.35,5,0
USR-000293,ACC-000293,EVT-000293-11,1,0,1,1,0,0,0,1,1,1,0,1,0,0,,0,,,10,0.3333333333333333333333333333,5,123366.004,13170.99,375737.82,5,1
USR-000294,ACC-000294,EVT-000294-11,1,0,1,1,0,0,0,2,1,1,0,1,0,0,,0,,,10,0.3333333333333333333333333333,5,243128.078,164892.38,293819.76,5,0
USR-000295,ACC-000295,EVT-000295-11,1,0,1,1,0,1,0,2,1,0,0,0,0,0,,0,,,10,0.3333333333333333333333333333,5,233376.682,135452.77,384209.69,5,1
USR-000296,ACC-000296,EVT-000296-11,0,1,1,1,0,0,0,1,1,1,0,1,0,0,,0,,,10,0.3333333333333333333333333333,5,24165.686,21.99,80676.4,5,0
USR-000297,ACC-000297,EVT-000297-11,1,0,1,1,0,0,0,1,1,1,0,1,0,0,,0,,,10,0.3333333333333333333333333333,5,235973.738,154209.78,414863.18,5,0
USR-000298,ACC-000298,EVT-000298-11,1,0,1,1,0,1,0,2,1,0,0,0,0,0,,0,,,10,0.3333333333333333333333333333,5,200798.436,2708.89,397164.86,5,1
USR-000299,ACC-000299,EVT-000299-11,0,1,1,0,0,0,1,0,0,0,0,0,0,0,,0,,,10,0.3333333333333333333333333333,5,725291.34,72906.5,2564629.34,5,0
USR-000300,ACC-000300,EVT-000300-11,0,1,1,1,1,1,0,1,1,0,0,0,0,0,,0,,,10,0.3333333333333333333333333333,5,128856.502,11503.14,389333.38,5,1
USR-000301,ACC-000301,EVT-000301-11,1,0,1,1,0,1,0,2,1,0,0,0,0,0,,0,,,10,0.3333333333333333333333333333,5,495730.812,8707.58,1335480.98,5,1
USR-000302,ACC-000302,EVT-000302-11,0,1,1,1,0,0,0,1,1,1,0,1,0,0,,0,,,10,0.3333333333333333333333333333,5,102582.342,4619.08,430863.96,5,0
USR-000303,ACC-000303,EVT-000303-11,1,0,1,1,0,0,0,2,1,1,0,1,0,0,,0,,,10,0.3333333333333333333333333333,5,300613.666,7053.98,1237485.02,5,0
USR-000304,ACC-000304,EVT-000304-11,1,0,1,1,0,0,0,1,1,1,0,1,0,0,,0,,,10,0.3333333333333333333333333333,5,68880.626,457.57,156665.09,5,1
USR-000305,ACC-000305,EVT-000305-11,1,0,1,1,0,0,0,2,1,1,0,1,0,0,,0,,,10,0.3333333333333333333333333333,5,108084.192,11116.95,313036.85,5,0
USR-000306,ACC-000306,EVT-000306-11,0,1,1,1,0,0,0,1,1,1,0,1,0,0,,0,,,10,0.3333333333333333333333333333,5,548547.458,67675.81,2198220.87,5,0
USR-000307,ACC-000307,EVT-000307-11,1,0,1,1,0,0,0,2,1,1,0,1,0,0,,0,,,10,0.3333333333333333333333333333,5,182032.55,6298.1,783041.9,5,0
USR-000308,ACC-000308,EVT-000308-11,1,0,1,1,0,0,0,1,1,1,0,1,0,0,,0,,,10,0.3333333333333333333333333333,5,103836.666,300.81,189030.91,5,0
USR-000309,ACC-000309,EVT-000309-11,1,0,1,0,0,0,1,0,0,0,0,0,0,0,,0,,,10,0.3333333333333333333333333333,5,77580.372,3058.97,287953.9,5,0
USR-000310,ACC-000310,EVT-000310-11,0,1,1,1,1,1,0,1,1,0,0,0,0,0,,0,,,10,0.3333333333333333333333333333,5,207961.412,17985.87,402099.17,5,1
USR-000311,ACC-000311,EVT-000311-11,0,1,1,0,0,0,1,0,0,0,0,0,0,0,,0,,,10,0.3333333333333333333333333333,5,93240.422,915.38,170465.37,5,0
USR-000312,ACC-000312,EVT-000312-11,1,0,1,1,0,1,0,2,1,0,0,0,0,0,,0,,,10,0.3333333333333333333333333333,5,213933.63,92766.78,437968.53,5,1
USR-000313,ACC-000313,EVT-000313-11,1,0,1,1,0,0,0,2,1,1,0,1,0,0,,0,,,10,0.3333333333333333333333333333,5,1255373.174,7566.61,5618179.9,5,0
USR-000314,ACC-000314,EVT-000314-11,0,1,1,1,1,1,0,1,1,0,0,0,0,0,,0,,,10,0.3333333333333333333333333333,5,37237.898,1914.85,95420.08,5,1
USR-000315,ACC-000315,EVT-000315-11,0,1,1,0,0,0,1,0,0,0,0,0,0,0,,0,,,10,0.3333333333333333333333333333,5,20798.614,874.3,52002.7,5,0
USR-000316,ACC-000316,EVT-000316-11,1,0,1,1,0,0,0,1,1,1,0,1,0,0,,0,,,10,0.3333333333333333333333333333,5,85550.546,5978.92,198987.7,5,1
USR-000317,ACC-000317,EVT-000317-11,1,0,1,0,0,0,1,0,0,0,0,0,0,0,,0,,,10,0.3333333333333333333333333333,5,97499.818,11898.56,271947.55,5,0
USR-000318,ACC-000318,EVT-000318-11,1,0,1,1,0,0,0,1,1,1,0,1,0,0,,0,,,10,0.3333333333333333333333333333,5,64253.35,2977.59,182128.22,5,0
USR-000319,ACC-000319,EVT-000319-11,0,1,1,1,0,0,0,1,1,1,0,1,0,0,,0,,,10,0.3333333333333333333333333333,5,48501.378,10325.19,83628.16,5,0
USR-000320,ACC-000320,EVT-000320-11,0,1,1,0,0,0,1,0,0,0,0,0,0,0,,0,,,10,0.3333333333333333333333333333,5,181065.406,39338.35,587790.38,5,0
USR-000321,ACC-000321,EVT-000321-11,1,0,1,0,0,0,1,0,0,0,0,0,0,0,,0,,,10,0.3333333333333333333333333333,5,68216.254,632.05,168560.72,5,0
USR-000322,ACC-000322,EVT-000322-11,1,0,1,1,0,0,0,2,1,1,0,1,0,0,,0,,,10,0.3333333333333333333333333333,5,97722.082,1855.97,394240.86,5,0
USR-000323,ACC-000323,EVT-000323-11,1,0,1,1,0,0,0,1,1,1,0,1,0,0,,0,,,10,0.3333333333333333333333333333,5,63649.95,2246.22,147262.23,5,1
USR-000324,ACC-000324,EVT-000324-11,1,0,1,1,0,0,0,2,1,1,0,1,0,0,,0,,,10,0.3333333333333333333333333333,5,333716.43,1402.31,1097510.61,5,0
USR-000325,ACC-000325,EVT-000325-11,1,0,1,0,0,0,1,0,0,0,0,0,0,0,,0,,,10,0.3333333333333333333333333333,5,146743.372,11475.99,342299.07,5,0
USR-000326,ACC-000326,EVT-000326-11,1,0,1,0,0,0,1,0,0,0,0,0,0,0,,0,,,10,0.3333333333333333333333333333,5,206125.252,5259.99,342284.05,5,0
USR-000327,ACC-000327,EVT-000327-11,1,0,1,1,0,0,0,2,1,1,0,1,0,0,,0,,,10,0.3333333333333333333333333333,5,128809.988,597.19,399961.34,5,0
USR-000328,ACC-000328,EVT-000328-11,0,1,1,0,0,0,1,0,0,0,0,0,0,0,,0,,,10,0.3333333333333333333333333333,5,731375.518,4538.29,3107356.45,5,0
USR-000329,ACC-000329,EVT-000329-11,0,1,1,0,0,0,1,0,0,0,0,0,0,0,,0,,,10,0.3333333333333333333333333333,5,66058.744,939.12,187742.26,5,0
USR-000330,ACC-000330,EVT-000330-11,0,1,1,1,1,1,0,1,1,0,0,0,0,0,,0,,,10,0.3333333333333333333333333333,5,94543.668,13.75,222600.69,5,1
USR-000331,ACC-000331,EVT-000331-11,0,1,1,1,1,1,0,1,1,0,0,0,0,0,,0,,,10,0.3333333333333333333333333333,5,94936.40,5401.72,316747.22,5,1
USR-000332,ACC-000332,EVT-000332-11,1,0,1,1,0,0,0,2,1,1,0,1,0,0,,0,,,10,0.3333333333333333333333333333,5,190556.922,40452.81,641748.74,5,0
USR-000333,ACC-000333,EVT-000333-11,0,1,1,0,0,0,1,0,0,0,0,0,0,0,,0,,,10,0.3333333333333333333333333333,5,58195.284,3967.54,191530.84,5,0
USR-000334,ACC-000334,EVT-000334-11,1,0,1,1,0,0,0,1,1,1,0,1,0,0,,0,,,10,0.3333333333333333333333333333,5,161746.846,15367.13,353678.04,5,1
USR-000335,ACC-000335,EVT-000335-11,0,1,1,1,0,0,0,1,1,1,0,1,0,0,,0,,,10,0.3333333333333333333333333333,5,1342330.562,141522.42,5850403.44,5,0
USR-000336,ACC-000336,EVT-000336-11,0,1,1,0,0,0,1,0,0,0,0,0,0,0,,0,,,10,0.3333333333333333333333333333,5,99664.156,398.13,410961.28,5,0
USR-000337,ACC-000337,EVT-000337-11,1,0,1,1,0,1,0,2,1,0,0,0,0,0,,0,,,10,0.3333333333333333333333333333,5,35516.076,1378.89,74001.11,5,1
USR-000338,ACC-000338,EVT-000338-11,0,1,1,1,0,0,0,1,1,1,0,1,0,0,,0,,,10,0.3333333333333333333333333333,5,321023.80,563.42,922565.12,5,0
USR-000339,ACC-000339,EVT-000339-11,1,0,1,1,0,0,0,1,1,1,0,1,0,0,,0,,,10,0.3333333333333333333333333333,5,106032.986,6991.48,389396.36,5,0
USR-000340,ACC-000340,EVT-000340-11,0,1,1,0,0,0,1,0,0,0,0,0,0,0,,0,,,10,0.3333333333333333333333333333,5,212411.012,21909.99,354909.03,5,0
USR-000341,ACC-000341,EVT-000341-11,0,1,1,0,0,0,1,0,0,0,0,0,0,0,,0,,,10,0.3333333333333333333333333333,5,168974.222,4463.98,266415.13,5,0
USR-000342,ACC-000342,EVT-000342-11,1,0,1,1,0,0,0,1,1,1,0,1,0,0,,0,,,10,0.3333333333333333333333333333,5,77862.774,1999.94,207825.87,5,0
USR-000343,ACC-000343,EVT-000343-11,1,0,1,0,0,0,1,0,0,0,0,0,0,0,,0,,,10,0.3333333333333333333333333333,5,90835.646,3320.07,197011.16,5,0
USR-000344,ACC-000344,EVT-000344-11,0,1,1,1,1,1,0,1,1,0,0,0,0,0,,0,,,10,0.3333333333333333333333333333,5,116352.364,337.67,275422.51,5,1
USR-000345,ACC-000345,EVT-000345-11,1,0,1,1,0,0,0,2,1,1,0,1,0,0,,0,,,10,0.3333333333333333333333333333,5,83859.836,3508.36,212531.3,5,0
USR-000346,ACC-000346,EVT-000346-11,0,1,1,1,0,0,0,1,1,1,0,1,0,0,,0,,,10,0.3333333333333333333333333333,5,61169.378,6361.15,157020.46,5,0
USR-000347,ACC-000347,EVT-000347-11,0,1,1,0,0,0,1,0,0,0,0,0,0,0,,0,,,10,0.3333333333333333333333333333,5,106480.03,4625.37,291844.21,5,0
USR-000348,ACC-000348,EVT-000348-11,1,0,1,1,0,0,0,2,1,1,0,1,0,0,,0,,,10,0.3333333333333333333333333333,5,289698.37,29476.92,1006601.44,5,0
USR-000349,ACC-000349,EVT-000349-11,0,1,1,1,1,1,0,1,1,0,0,0,0,0,,0,,,10,0.3333333333333333333333333333,5,87904.32,14653.47,154181.86,5,1
USR-000350,ACC-000350,EVT-000350-11,0,1,1,0,0,0,1,0,0,0,0,0,0,0,,0,,,10,0.3333333333333333333333333333,5,754403.074,15266.94,3486005.08,5,0
USR-000351,ACC-000351,EVT-000351-11,1,0,1,1,0,1,0,2,1,0,0,0,0,0,,0,,,10,0.3333333333333333333333333333,5,193394.174,6997.73,543668.56,5,1
USR-000352,ACC-000352,EVT-000352-11,1,0,1,1,0,1,0,2,1,0,0,0,0,0,,0,,,10,0.3333333333333333333333333333,5,216186.088,14767.32,405434.8,5,1
USR-000353,ACC-000353,EVT-000353-11,1,0,1,1,0,1,0,2,1,0,0,0,0,0,,0,,,10,0.3333333333333333333333333333,5,72572.314,3210.61,281137.77,5,1
USR-000354,ACC-000354,EVT-000354-11,1,0,1,1,0,0,0,1,1,1,0,1,0,0,,0,,,10,0.3333333333333333333333333333,5,113668.168,3708.9,205117.34,5,1
USR-000355,ACC-000355,EVT-000355-11,0,1,1,0,0,0,1,0,0,0,0,0,0,0,,0,,,10,0.3333333333333333333333333333,5,383989.578,6775.61,1440542.99,5,0
USR-000356,ACC-000356,EVT-000356-11,1,0,1,1,0,0,0,1,1,1,0,1,0,0,,0,,,10,0.3333333333333333333333333333,5,40153.152,6846.47,129710.87,5,0
USR-000357,ACC-000357,EVT-000357-11,0,1,1,1,0,0,0,1,1,1,0,1,0,0,,0,,,10,0.3333333333333333333333333333,5,215191.904,48701.43,384625.66,5,0
USR-000358,ACC-000358,EVT-000358-11,0,1,1,1,1,1,0,1,1,0,0,0,0,0,,0,,,10,0.3333333333333333333333333333,5,93964.56,14534.54,346309.94,5,1
USR-000359,ACC-000359,EVT-000359-11,0,1,1,1,1,1,0,1,1,0,0,0,0,0,,0,,,10,0.3333333333333333333333333333,5,271007.50,10934.82,563920.34,5,1
USR-000360,ACC-000360,EVT-000360-11,0,1,1,0,0,0,1,0,0,0,0,0,0,0,,0,,,10,0.3333333333333333333333333333,5,84294.16,5596.23,159469.94,5,0
USR-000361,ACC-000361,EVT-000361-11,1,0,1,1,0,1,0,2,1,0,0,0,0,0,,0,,,10,0.3333333333333333333333333333,5,278833.074,3252.26,746033.61,5,1
USR-000362,ACC-000362,EVT-000362-11,0,1,1,1,1,1,0,1,1,0,0,0,0,0,,0,,,10,0.3333333333333333333333333333,5,124774.64,514.73,308658.32,5,1
USR-000363,ACC-000363,EVT-000363-11,1,0,1,1,0,0,0,2,1,1,0,1,0,0,,0,,,10,0.3333333333333333333333333333,5,257923.074,2934.68,950366.91,5,0
USR-000364,ACC-000364,EVT-000364-11,1,0,1,1,0,0,0,2,1,1,0,1,0,0,,0,,,10,0.3333333333333333333333333333,5,85478.692,30741.62,130949.29,5,0
USR-000365,ACC-000365,EVT-000365-11,0,1,1,1,0,0,0,1,1,1,0,1,0,0,,0,,,10,0.3333333333333333333333333333,5,141198.04,37.63,464536.46,5,0
USR-000366,ACC-000366,EVT-000366-11,1,0,1,1,0,0,0,1,1,1,0,1,0,0,,0,,,10,0.3333333333333333333333333333,5,58671.002,5660.11,187642.67,5,0
USR-000367,ACC-000367,EVT-000367-11,1,0,1,1,0,0,0,2,1,1,0,1,0,0,,0,,,10,0.3333333333333333333333333333,5,143671.722,13274.04,259072.84,5,0
USR-000368,ACC-000368,EVT-000368-11,0,1,1,1,1,1,0,1,1,0,0,0,0,0,,0,,,10,0.3333333333333333333333333333,5,80797.288,7018.04,210685.68,5,1
USR-000369,ACC-000369,EVT-000369-11,0,1,1,0,0,0,1,0,0,0,0,0,0,0,,0,,,10,0.3333333333333333333333333333,5,83402.288,5962.16,335286.2,5,0
USR-000370,ACC-000370,EVT-000370-11,1,0,1,1,0,1,0,2,1,0,0,0,0,0,,0,,,10,0.3333333333333333333333333333,5,60906.284,1663.41,263601.84,5,1
USR-000371,ACC-000371,EVT-000371-11,0,1,1,1,1,1,0,1,1,0,0,0,0,0,,0,,,10,0.3333333333333333333333333333,5,57441.96,7441.55,186124.41,5,1
USR-000372,ACC-000372,EVT-000372-11,0,1,1,1,1,1,0,1,1,0,0,0,0,0,,0,,,10,0.3333333333333333333333333333,5,131715.092,31411.75,281762.76,5,1
USR-000373,ACC-000373,EVT-000373-11,1,0,1,1,0,0,0,2,1,1,0,1,0,0,,0,,,10,0.3333333333333333333333333333,5,63460.646,6382.53,166680.93,5,0
USR-000374,ACC-000374,EVT-000374-11,0,1,1,1,1,1,0,1,1,0,0,0,0,0,,0,,,10,0.3333333333333333333333333333,5,38384.712,7437.95,139316.63,5,1
USR-000375,ACC-000375,EVT-000375-11,1,0,1,1,0,0,0,1,1,1,0,1,0,0,,0,,,10,0.3333333333333333333333333333,5,468586.456,21053.06,977701.2,5,1
USR-000376,ACC-000376,EVT-000376-11,1,0,1,1,0,0,0,2,1,1,0,1,0,0,,0,,,10,0.3333333333333333333333333333,5,174819.474,17518.85,451430.63,5,0
USR-000377,ACC-000377,EVT-000377-11,1,0,1,1,0,0,0,1,1,1,0,1,0,0,,0,,,10,0.3333333333333333333333333333,5,81761.358,39.85,140390.51,5,0
USR-000378,ACC-000378,EVT-000378-11,1,0,1,1,0,0,0,1,1,1,0,1,0,0,,0,,,10,0.3333333333333333333333333333,5,111867.638,1912.08,400084.43,5,1
USR-000379,ACC-000379,EVT-000379-11,1,0,1,1,0,1,0,2,1,0,0,0,0,0,,0,,,10,0.3333333333333333333333333333,5,95051.15,6525.96,271050.99,5,1
USR-000380,ACC-000380,EVT-000380-11,1,0,1,1,0,1,0,2,1,0,0,0,0,0,,0,,,10,0.3333333333333333333333333333,5,81638.708,13.72,196115.58,5,1
USR-000381,ACC-000381,EVT-000381-11,1,0,1,0,0,0,1,0,0,0,0,0,0,0,,0,,,10,0.3333333333333333333333333333,5,268673.408,16697.16,549812.78,5,0
USR-000382,ACC-000382,EVT-000382-11,1,0,1,1,0,0,0,1,1,1,0,1,0,0,,0,,,10,0.3333333333333333333333333333,5,177710.844,62.01,501407.93,5,1
USR-000383,ACC-000383,EVT-000383-11,0,1,1,1,0,0,0,1,1,1,0,1,0,0,,0,,,10,0.3333333333333333333333333333,5,70599.544,1625.97,201907.09,5,0
USR-000384,ACC-000384,EVT-000384-11,0,1,1,1,0,0,0,1,1,1,0,1,0,0,,0,,,10,0.3333333333333333333333333333,5,67260.86,1116.08,236576.97,5,0
USR-000385,ACC-000385,EVT-000385-11,0,1,1,1,1,1,0,1,1,0,0,0,0,0,,0,,,10,0.3333333333333333333333333333,5,60614.342,4429.41,139567.62,5,1
USR-000386,ACC-000386,EVT-000386-11,1,0,1,0,0,0,1,0,0,0,0,0,0,0,,0,,,10,0.3333333333333333333333333333,5,123486.12,8521.24,457139.09,5,0
USR-000387,ACC-000387,EVT-000387-11,1,0,1,0,0,0,1,0,0,0,0,0,0,0,,0,,,10,0.3333333333333333333333333333,5,91569.176,3265.13,272488.39,5,0
USR-000388,ACC-000388,EVT-000388-11,1,0,1,1,0,1,0,2,1,0,0,0,0,0,,0,,,10,0.3333333333333333333333333333,5,290643.34,14697.85,1015467.06,5,1
USR-000389,ACC-000389,EVT-000389-11,0,1,1,1,0,0,0,1,1,1,0,1,0,0,,0,,,10,0.3333333333333333333333333333,5,161533.83,25862.93,482420.12,5,0
USR-000390,ACC-000390,EVT-000390-11,1,0,1,1,0,0,0,1,1,1,0,1,0,0,,0,,,10,0.3333333333333333333333333333,5,27165.628,296.94,68424.86,5,1
USR-000391,ACC-000391,EVT-000391-11,1,0,1,1,0,0,0,2,1,1,0,1,0,0,,0,,,10,0.3333333333333333333333333333,5,111383.608,2728.67,289189.93,5,0
USR-000392,ACC-000392,EVT-000392-11,1,0,1,0,0,0,1,0,0,0,0,0,0,0,,0,,,10,0.3333333333333333333333333333,5,162158.718,17131.37,454783.62,5,0
USR-000393,ACC-000393,EVT-000393-11,1,0,1,1,0,1,0,2,1,0,0,0,0,0,,0,,,10,0.3333333333333333333333333333,5,87547.348,8928.68,324287.38,5,1
USR-000394,ACC-000394,EVT-000394-11,0,1,1,0,0,0,1,0,0,0,0,0,0,0,,0,,,10,0.3333333333333333333333333333,5,1400494.286,14969.13,6392800.85,5,0
USR-000395,ACC-000395,EVT-000395-11,0,1,1,1,0,0,0,1,1,1,0,1,0,0,,0,,,10,0.3333333333333333333333333333,5,138917.054,13375.9,304148.71,5,0
USR-000396,ACC-000396,EVT-000396-11,1,0,1,0,0,0,1,0,0,0,0,0,0,0,,0,,,10,0.3333333333333333333333333333,5,116549.938,1633.01,201618.15,5,0
USR-000397,ACC-000397,EVT-000397-11,0,1,1,1,1,1,0,1,1,0,0,0,0,0,,0,,,10,0.3333333333333333333333333333,5,821799.378,1915.44,4032691.34,5,1
USR-000398,ACC-000398,EVT-000398-11,1,0,1,0,0,0,1,0,0,0,0,0,0,0,,0,,,10,0.3333333333333333333333333333,5,183847.998,8214.37,341644.39,5,0
USR-000399,ACC-000399,EVT-000399-11,1,0,1,1,0,0,0,1,1,1,0,1,0,0,,0,,,10,0.3333333333333333333333333333,5,106313.242,16645.19,219100.03,5,0
USR-000400,ACC-000400,EVT-000400-11,1,0,1,0,0,0,1,0,0,0,0,0,0,0,,0,,,10,0.3333333333333333333333333333,5,87316.752,3592.43,212851.29,5,0
USR-000401,ACC-000401,EVT-000401-11,0,1,1,1,0,0,0,1,1,1,0,1,0,0,,0,,,10,0.3333333333333333333333333333,5,213673.692,690.78,647801.32,5,0
USR-000402,ACC-000402,EVT-000402-11,0,1,1,0,0,0,1,0,0,0,0,0,0,0,,0,,,10,0.3333333333333333333333333333,5,174458.07,13442.76,378677.72,5,0
USR-000403,ACC-000403,EVT-000403-11,0,1,1,1,0,0,0,1,1,1,0,1,0,0,,0,,,10,0.3333333333333333333333333333,5,96235.96,90.19,233149.38,5,0
USR-000404,ACC-000404,EVT-000404-11,1,0,1,1,0,0,0,1,1,1,0,1,0,0,,0,,,10,0.3333333333333333333333333333,5,201903.03,9088.4,535914.06,5,0
USR-000405,ACC-000405,EVT-000405-11,0,1,1,1,0,0,0,1,1,1,0,1,0,0,,0,,,10,0.3333333333333333333333333333,5,47341.638,8399.94,117597.89,5,0
USR-000406,ACC-000406,EVT-000406-11,1,0,1,1,0,0,0,2,1,1,0,1,0,0,,0,,,10,0.3333333333333333333333333333,5,81305.81,1430.43,177506.06,5,0
USR-000407,ACC-000407,EVT-000407-11,1,0,1,1,0,1,0,2,1,0,0,0,0,0,,0,,,10,0.3333333333333333333333333333,5,239200.03,10775.33,527249.36,5,1
USR-000408,ACC-000408,EVT-000408-11,1,0,1,0,0,0,1,0,0,0,0,0,0,0,,0,,,10,0.3333333333333333333333333333,5,71757.272,7450.63,243638.65,5,0
USR-000409,ACC-000409,EVT-000409-11,1,0,1,1,0,0,0,2,1,1,0,1,0,0,,0,,,10,0.3333333333333333333333333333,5,135531.338,3296.74,352939.62,5,0
USR-000410,ACC-000410,EVT-000410-11,1,0,1,0,0,0,1,0,0,0,0,0,0,0,,0,,,10,0.3333333333333333333333333333,5,22616.152,3387.17,41737.48,5,0
USR-000411,ACC-000411,EVT-000411-11,1,0,1,1,0,1,0,2,1,0,0,0,0,0,,0,,,10,0.3333333333333333333333333333,5,55264.628,11011.41,171445.85,5,1
USR-000412,ACC-000412,EVT-000412-11,0,1,1,1,0,0,0,1,1,1,0,1,0,0,,0,,,10,0.3333333333333333333333333333,5,46077.718,872.55,117177.88,5,0
USR-000413,ACC-000413,EVT-000413-11,1,0,1,0,0,0,1,0,0,0,0,0,0,0,,0,,,10,0.3333333333333333333333333333,5,96217.59,1393.36,308132.27,5,0
USR-000414,ACC-000414,EVT-000414-11,0,1,1,1,0,0,0,1,1,1,0,1,0,0,,0,,,10,0.3333333333333333333333333333,5,135422.982,18683.3,273236.55,5,0
USR-000415,ACC-000415,EVT-000415-11,1,0,1,1,0,0,0,1,1,1,0,1,0,0,,0,,,10,0.3333333333333333333333333333,5,1565282.048,2090.77,5496960.71,5,0
USR-000416,ACC-000416,EVT-000416-11,1,0,1,0,0,0,1,0,0,0,0,0,0,0,,0,,,10,0.3333333333333333333333333333,5,253269.054,781.22,459289.82,5,0
USR-000417,ACC-000417,EVT-000417-11,1,0,1,1,0,1,0,2,1,0,0,0,0,0,,0,,,10,0.3333333333333333333333333333,5,32194.38,3532.36,108815.18,5,1
USR-000418,ACC-000418,EVT-000418-11,1,0,1,1,0,0,0,1,1,1,0,1,0,0,,0,,,10,0.3333333333333333333333333333,5,117920.938,4317.3,271933.53,5,0
USR-000419,ACC-000419,EVT-000419-11,0,1,1,1,0,0,0,1,1,1,0,1,0,0,,0,,,10,0.3333333333333333333333333333,5,39247.878,3027.8,75460.71,5,0
USR-000420,ACC-000420,EVT-000420-11,1,0,1,1,0,0,0,1,1,1,0,1,0,0,,0,,,10,0.3333333333333333333333333333,5,206922.40,615.04,656251.99,5,1
USR-000421,ACC-000421,EVT-000421-11,0,1,1,0,0,0,1,0,0,0,0,0,0,0,,0,,,10,0.3333333333333333333333333333,5,192747.894,3436.27,475918.77,5,0
USR-000422,ACC-000422,EVT-000422-11,1,0,1,1,0,1,0,2,1,0,0,0,0,0,,0,,,10,0.3333333333333333333333333333,5,49856.006,20571.93,127709.62,5,1
USR-000423,ACC-000423,EVT-000423-11,0,1,1,0,0,0,1,0,0,0,0,0,0,0,,0,,,10,0.3333333333333333333333333333,5,119506.884,248.3,429272.07,5,0
USR-000424,ACC-000424,EVT-000424-11,1,0,1,0,0,0,1,0,0,0,0,0,0,0,,0,,,10,0.3333333333333333333333333333,5,118021.176,1392.15,540403.48,5,0
USR-000425,ACC-000425,EVT-000425-11,0,1,1,1,1,1,0,1,1,0,0,0,0,0,,0,,,10,0.3333333333333333333333333333,5,287143.39,12131.7,729068.28,5,1
USR-000426,ACC-000426,EVT-000426-11,1,0,1,0,0,0,1,0,0,0,0,0,0,0,,0,,,10,0.3333333333333333333333333333,5,211818.436,361.02,669536.75,5,0
USR-000427,ACC-000427,EVT-000427-11,1,0,1,1,0,1,0,2,1,0,0,0,0,0,,0,,,10,0.3333333333333333333333333333,5,117768.662,3778.69,396765.39,5,1
USR-000428,ACC-000428,EVT-000428-11,0,1,1,0,0,0,1,0,0,0,0,0,0,0,,0,,,10,0.3333333333333333333333333333,5,66546.84,8326.48,182475.21,5,0
USR-000429,ACC-000429,EVT-000429-11,1,0,1,1,0,1,0,2,1,0,0,0,0,0,,0,,,10,0.3333333333333333333333333333,5,159458.484,2508.95,530124.99,5,1
USR-000430,ACC-000430,EVT-000430-11,1,0,1,0,0,0,1,0,0,0,0,0,0,0,,0,,,10,0.3333333333333333333333333333,5,3716430.986,2471.56,16870826.67,5,0
USR-000431,ACC-000431,EVT-000431-11,1,0,1,1,0,0,0,2,1,1,0,1,0,0,,0,,,10,0.3333333333333333333333333333,5,105838.578,6762.25,308133.34,5,0
USR-000432,ACC-000432,EVT-000432-11,0,1,1,1,1,1,0,1,1,0,0,0,0,0,,0,,,10,0.3333333333333333333333333333,5,467427.914,9515.46,1056389.7,5,1
USR-000433,ACC-000433,EVT-000433-11,1,0,1,0,0,0,1,0,0,0,0,0,0,0,,0,,,10,0.3333333333333333333333333333,5,167675.496,3563.44,392475.44,5,0
USR-000434,ACC-000434,EVT-000434-11,0,1,1,1,0,0,0,1,1,1,0,1,0,0,,0,,,10,0.3333333333333333333333333333,5,66549.416,4338.72,110295.7,5,0
USR-000435,ACC-000435,EVT-000435-11,1,0,1,1,0,1,0,2,1,0,0,0,0,0,,0,,,10,0.3333333333333333333333333333,5,136792.754,2134.42,599974.27,5,1
USR-000436,ACC-000436,EVT-000436-11,0,1,1,1,0,0,0,1,1,1,0,1,0,0,,0,,,10,0.3333333333333333333333333333,5,281272.394,4127.66,1058396.74,5,0
USR-000437,ACC-000437,EVT-000437-11,0,1,1,1,0,0,0,1,1,1,0,1,0,0,,0,,,10,0.3333333333333333333333333333,5,67133.744,4660.06,205965.27,5,0
USR-000438,ACC-000438,EVT-000438-11,0,1,1,0,0,0,1,0,0,0,0,0,0,0,,0,,,10,0.3333333333333333333333333333,5,126669.846,8895.45,273943.81,5,0
USR-000439,ACC-000439,EVT-000439-11,1,0,1,1,0,0,0,2,1,1,0,1,0,0,,0,,,10,0.3333333333333333333333333333,5,190760.99,24938.3,404327.35,5,0
USR-000440,ACC-000440,EVT-000440-11,1,0,1,1,0,1,0,2,1,0,0,0,0,0,,0,,,10,0.3333333333333333333333333333,5,52501.88,4731.87,179330.76,5,1
USR-000441,ACC-000441,EVT-000441-11,1,0,1,1,0,0,0,1,1,1,0,1,0,0,,0,,,10,0.3333333333333333333333333333,5,404230.748,66170.93,1017718.28,5,0
USR-000442,ACC-000442,EVT-000442-11,0,1,1,1,0,0,0,1,1,1,0,1,0,0,,0,,,10,0.3333333333333333333333333333,5,60803.40,6956.09,107751.57,5,0
USR-000443,ACC-000443,EVT-000443-11,0,1,1,0,0,0,1,0,0,0,0,0,0,0,,0,,,10,0.3333333333333333333333333333,5,73988.364,1023.66,205699.87,5,0
USR-000444,ACC-000444,EVT-000444-11,1,0,1,1,0,0,0,2,1,1,0,1,0,0,,0,,,10,0.3333333333333333333333333333,5,221627.826,21347.38,607165.13,5,0
USR-000445,ACC-000445,EVT-000445-11,1,0,1,1,0,1,0,2,1,0,0,0,0,0,,0,,,10,0.3333333333333333333333333333,5,94596.998,5305.7,154068.97,5,1
USR-000446,ACC-000446,EVT-000446-11,1,0,1,1,0,0,0,2,1,1,0,1,0,0,,0,,,10,0.3333333333333333333333333333,5,192652.234,3172.67,296040.2,5,0
USR-000447,ACC-000447,EVT-000447-11,1,0,1,1,0,0,0,1,1,1,0,1,0,0,,0,,,10,0.3333333333333333333333333333,5,210712.218,791.94,574005.45,5,1
USR-000448,ACC-000448,EVT-000448-11,1,0,1,0,0,0,1,0,0,0,0,0,0,0,,0,,,10,0.3333333333333333333333333333,5,161212.024,2657.1,694841.78,5,0
USR-000449,ACC-000449,EVT-000449-11,1,0,1,1,0,0,0,1,1,1,0,1,0,0,,0,,,10,0.3333333333333333333333333333,5,610849.376,6294.39,2427379.78,5,0
USR-000450,ACC-000450,EVT-000450-11,0,1,1,0,0,0,1,0,0,0,0,0,0,0,,0,,,10,0.3333333333333333333333333333,5,84089.766,3682.46,223480.63,5,0
USR-000451,ACC-000451,EVT-000451-11,1,0,1,1,0,1,0,2,1,0,0,0,0,0,,0,,,10,0.3333333333333333333333333333,5,354709.876,2320.33,735739.97,5,1
USR-000452,ACC-000452,EVT-000452-11,0,1,1,0,0,0,1,0,0,0,0,0,0,0,,0,,,10,0.3333333333333333333333333333,5,280554.58,197878.86,509745.76,5,0
USR-000453,ACC-000453,EVT-000453-11,1,0,1,1,0,1,0,2,1,0,0,0,0,0,,0,,,10,0.3333333333333333333333333333,5,80150.21,2362.53,292962.04,5,1
USR-000454,ACC-000454,EVT-000454-11,1,0,1,0,0,0,1,0,0,0,0,0,0,0,,0,,,10,0.3333333333333333333333333333,5,163527.29,513.48,440898.72,5,0
USR-000455,ACC-000455,EVT-000455-11,1,0,1,0,0,0,1,0,0,0,0,0,0,0,,0,,,10,0.3333333333333333333333333333,5,110582.078,6683.02,505580.22,5,0
USR-000456,ACC-000456,EVT-000456-11,0,1,1,1,0,0,0,1,1,1,0,1,0,0,,0,,,10,0.3333333333333333333333333333,5,214631.86,2199.98,574894.52,5,0
USR-000457,ACC-000457,EVT-000457-11,1,0,1,1,0,0,0,1,1,1,0,1,0,0,,0,,,10,0.3333333333333333333333333333,5,92893.98,12894.66,188898.31,5,0
USR-000458,ACC-000458,EVT-000458-11,1,0,1,1,0,0,0,1,1,1,0,1,0,0,,0,,,10,0.3333333333333333333333333333,5,106100.064,10596.19,312322.49,5,0
USR-000459,ACC-000459,EVT-000459-11,0,1,1,1,1,1,0,1,1,0,0,0,0,0,,0,,,10,0.3333333333333333333333333333,5,119290.704,1967.22,326317.79,5,1
USR-000460,ACC-000460,EVT-000460-11,0,1,1,0,0,0,1,0,0,0,0,0,0,0,,0,,,10,0.3333333333333333333333333333,5,254570.756,24929.83,580521.96,5,0
USR-000461,ACC-000461,EVT-000461-11,1,0,1,1,0,0,0,1,1,1,0,1,0,0,,0,,,10,0.3333333333333333333333333333,5,194533.908,19360.89,344083.35,5,1
USR-000462,ACC-000462,EVT-000462-11,0,1,1,1,1,1,0,1,1,0,0,0,0,0,,0,,,10,0.3333333333333333333333333333,5,127457.192,2360.79,352028.32,5,1
USR-000463,ACC-000463,EVT-000463-11,0,1,1,1,1,1,0,1,1,0,0,0,0,0,,0,,,10,0.3333333333333333333333333333,5,396999.186,37131.92,1647124.32,5,1
USR-000464,ACC-000464,EVT-000464-11,0,1,1,0,0,0,1,0,0,0,0,0,0,0,,0,,,10,0.3333333333333333333333333333,5,110557.074,2543.3,313965.4,5,0
USR-000465,ACC-000465,EVT-000465-11,1,0,1,1,0,1,0,2,1,0,0,0,0,0,,0,,,10,0.3333333333333333333333333333,5,102507.068,1531.0,258761.89,5,1
USR-000466,ACC-000466,EVT-000466-11,1,0,1,1,0,0,0,2,1,1,0,1,0,0,,0,,,10,0.3333333333333333333333333333,5,426235.652,21998.21,1688977.7,5,0
USR-000467,ACC-000467,EVT-000467-11,1,0,1,1,0,0,0,1,1,1,0,1,0,0,,0,,,10,0.3333333333333333333333333333,5,106956.064,13503.65,237484.88,5,1
USR-000468,ACC-000468,EVT-000468-11,0,1,1,1,0,0,0,1,1,1,0,1,0,0,,0,,,10,0.3333333333333333333333333333,5,83361.93,60.29,294313.69,5,0
USR-000469,ACC-000469,EVT-000469-11,1,0,1,1,0,0,0,1,1,1,0,1,0,0,,0,,,10,0.3333333333333333333333333333,5,61664.406,1192.69,265562.89,5,1
USR-000470,ACC-000470,EVT-000470-11,0,1,1,1,1,1,0,1,1,0,0,0,0,0,,0,,,10,0.3333333333333333333333333333,5,89679.61,4767.74,223888.52,5,1
USR-000471,ACC-000471,EVT-000471-11,0,1,1,1,0,0,0,1,1,1,0,1,0,0,,0,,,10,0.3333333333333333333333333333,5,227433.06,15034.76,460393.94,5,0
USR-000472,ACC-000472,EVT-000472-11,1,0,1,0,0,0,1,0,0,0,0,0,0,0,,0,,,10,0.3333333333333333333333333333,5,103442.302,5260.52,240373.28,5,0
USR-000473,ACC-000473,EVT-000473-11,1,0,1,1,0,0,0,1,1,1,0,1,0,0,,0,,,10,0.3333333333333333333333333333,5,51208.61,8129.97,135102.09,5,0
USR-000474,ACC-000474,EVT-000474-11,0,1,1,1,0,0,0,1,1,1,0,1,0,0,,0,,,10,0.3333333333333333333333333333,5,756688.976,14621.7,2074564.63,5,0
USR-000475,ACC-000475,EVT-000475-11,1,0,1,0,0,0,1,0,0,0,0,0,0,0,,0,,,10,0.3333333333333333333333333333,5,75795.05,856.31,222702.67,5,0
USR-000476,ACC-000476,EVT-000476-11,0,1,1,1,1,1,0,1,1,0,0,0,0,0,,0,,,10,0.3333333333333333333333333333,5,54639.272,6400.88,193538.5,5,1
USR-000477,ACC-000477,EVT-000477-11,0,1,1,0,0,0,1,0,0,0,0,0,0,0,,0,,,10,0.3333333333333333333333333333,5,67615.19,842.59,277284.26,5,0
USR-000478,ACC-000478,EVT-000478-11,1,0,1,1,0,0,0,1,1,1,0,1,0,0,,0,,,10,0.3333333333333333333333333333,5,76174.316,8979.93,268422.92,5,0
USR-000479,ACC-000479,EVT-000479-11,1,0,1,1,0,0,0,1,1,1,0,1,0,0,,0,,,10,0.3333333333333333333333333333,5,44442.40,1148.78,117360.11,5,0
USR-000480,ACC-000480,EVT-000480-11,1,0,1,1,0,0,0,2,1,1,0,1,0,0,,0,,,10,0.3333333333333333333333333333,5,39057.018,6258.4,84632.04,5,0
USR-000481,ACC-000481,EVT-000481-11,0,1,1,0,0,0,1,0,0,0,0,0,0,0,,0,,,10,0.3333333333333333333333333333,5,118243.84,13684.75,329674.75,5,0
USR-000482,ACC-000482,EVT-000482-11,0,1,1,1,0,0,0,1,1,1,0,1,0,0,,0,,,10,0.3333333333333333333333333333,5,401853.83,54933.69,1215688.37,5,0
USR-000483,ACC-000483,EVT-000483-11,0,1,1,0,0,0,1,0,0,0,0,0,0,0,,0,,,10,0.3333333333333333333333333333,5,48754.338,2332.96,204746.8,5,0
USR-000484,ACC-000484,EVT-000484-11,0,1,1,0,0,0,1,0,0,0,0,0,0,0,,0,,,10,0.3333333333333333333333333333,5,171930.428,24392.8,364747.56,5,0
USR-000485,ACC-000485,EVT-000485-11,1,0,1,1,0,0,0,1,1,1,0,1,0,0,,0,,,10,0.3333333333333333333333333333,5,56344.622,923.76,154515.36,5,1
USR-000486,ACC-000486,EVT-000486-11,0,1,1,1,1,1,0,1,1,0,0,0,0,0,,0,,,10,0.3333333333333333333333333333,5,132032.622,7408.43,272096.43,5,1
USR-000487,ACC-000487,EVT-000487-11,1,0,1,0,0,0,1,0,0,0,0,0,0,0,,0,,,10,0.3333333333333333333333333333,5,172203.866,42599.72,336756.83,5,0
USR-000488,ACC-000488,EVT-000488-11,1,0,1,1,0,0,0,2,1,1,0,1,0,0,,0,,,10,0.3333333333333333333333333333,5,179253.004,194.15,375454.51,5,0
USR-000489,ACC-000489,EVT-000489-11,1,0,1,1,0,0,0,2,1,1,0,1,0,0,,0,,,10,0.3333333333333333333333333333,5,186829.424,19812.24,500774.95,5,0
USR-000490,ACC-000490,EVT-000490-11,1,0,1,1,0,1,0,2,1,0,0,0,0,0,,0,,,10,0.3333333333333333333333333333,5,203884.326,75101.36,588895.61,5,1
USR-000491,ACC-000491,EVT-000491-11,1,0,1,1,0,1,0,2,1,0,0,0,0,0,,0,,,10,0.3333333333333333333333333333,5,205187.202,3194.19,550375.83,5,1
USR-000492,ACC-000492,EVT-000492-11,0,1,1,1,1,1,0,1,1,0,0,0,0,0,,0,,,10,0.3333333333333333333333333333,5,129450.666,7782.18,294575.22,5,1
USR-000493,ACC-000493,EVT-000493-11,1,0,1,1,0,0,0,2,1,1,0,1,0,0,,0,,,10,0.3333333333333333333333333333,5,104178.748,4442.1,188214.59,5,0
USR-000494,ACC-000494,EVT-000494-11,1,0,1,0,0,0,1,0,0,0,0,0,0,0,,0,,,10,0.3333333333333333333333333333,5,102355.924,12560.03,326198.17,5,0
USR-000495,ACC-000495,EVT-000495-11,0,1,1,1,0,0,0,1,1,1,0,1,0,0,,0,,,10,0.3333333333333333333333333333,5,198777.156,2777.36,489175.34,5,0
USR-000496,ACC-000496,EVT-000496-11,1,0,1,1,0,0,0,2,1,1,0,1,0,0,,0,,,10,0.3333333333333333333333333333,5,109808.676,13043.0,328455.43,5,0
USR-000497,ACC-000497,EVT-000497-11,0,1,1,1,0,0,0,1,1,1,0,1,0,0,,0,,,10,0.3333333333333333333333333333,5,131922.284,15514.35,308086.36,5,0
USR-000498,ACC-000498,EVT-000498-11,1,0,1,1,0,1,0,2,1,0,0,0,0,0,,0,,,10,0.3333333333333333333333333333,5,148537.968,3873.57,462168.11,5,1
USR-000499,ACC-000499,EVT-000499-11,0,1,1,1,0,0,0,1,1,1,0,1,0,0,,0,,,10,0.3333333333333333333333333333,5,265129.504,12708.77,1039154.54,5,0
USR-000500,ACC-000500,EVT-000500-11,1,0,1,1,0,0,0,1,1,1,0,1,0,0,,0,,,10,0.3333333333333333333333333333,5,97290.128,11875.88,230501.29,5,0
USR-000501,ACC-000501,EVT-000501-11,1,0,1,1,0,1,0,2,1,0,0,0,0,0,,0,,,10,0.3333333333333333333333333333,5,41258.06,3206.56,89484.71,5,1
USR-000502,ACC-000502,EVT-000502-11,0,1,1,1,0,0,0,1,1,1,0,1,0,0,,0,,,10,0.3333333333333333333333333333,5,292008.202,5096.93,673146.81,5,0
USR-000503,ACC-000503,EVT-000503-11,1,0,1,1,0,0,0,2,1,1,0,1,0,0,,0,,,10,0.3333333333333333333333333333,5,135359.916,2564.49,507176.61,5,0
USR-000504,ACC-000504,EVT-000504-11,1,0,1,1,0,0,0,1,1,1,0,1,0,0,,0,,,10,0.3333333333333333333333333333,5,230839.452,107638.59,423163.56,5,0
USR-000505,ACC-000505,EVT-000505-11,0,1,1,0,0,0,1,0,0,0,0,0,0,0,,0,,,10,0.3333333333333333333333333333,5,143952.914,5184.81,428970.23,5,0
USR-000506,ACC-000506,EVT-000506-11,1,0,1,1,0,0,0,2,1,1,0,1,0,0,,0,,,10,0.3333333333333333333333333333,5,77409.206,4088.7,247126.17,5,0
USR-000507,ACC-000507,EVT-000507-11,1,0,1,1,0,0,0,2,1,1,0,1,0,0,,0,,,10,0.3333333333333333333333333333,5,131941.628,35720.16,230961.19,5,0
USR-000508,ACC-000508,EVT-000508-11,1,0,1,1,0,0,0,2,1,1,0,1,0,0,,0,,,10,0.3333333333333333333333333333,5,210845.888,8.0,549550.2,5,0
USR-000509,ACC-000509,EVT-000509-11,0,1,1,1,1,1,0,1,1,0,0,0,0,0,,0,,,10,0.3333333333333333333333333333,5,118557.098,38349.64,236373.71,5,1
USR-000510,ACC-000510,EVT-000510-11,1,0,1,1,0,1,0,2,1,0,0,0,0,0,,0,,,10,0.3333333333333333333333333333,5,192242.814,21893.85,311146.47,5,1
USR-000511,ACC-000511,EVT-000511-11,1,0,1,1,0,1,0,2,1,0,0,0,0,0,,0,,,10,0.3333333333333333333333333333,5,304159.83,57299.98,561414.09,5,1
USR-000512,ACC-000512,EVT-000512-11,1,0,1,0,0,0,1,0,0,0,0,0,0,0,,0,,,10,0.3333333333333333333333333333,5,349706.654,3659.08,1164601.63,5,0
USR-000513,ACC-000513,EVT-000513-11,0,1,1,1,1,1,0,1,1,0,0,0,0,0,,0,,,10,0.3333333333333333333333333333,5,353946.61,36995.53,699406.95,5,1
USR-000514,ACC-000514,EVT-000514-11,1,0,1,1,0,1,0,2,1,0,0,0,0,0,,0,,,10,0.3333333333333333333333333333,5,106038.774,6113.4,227540.72,5,1
USR-000515,ACC-000515,EVT-000515-11,1,0,1,1,0,0,0,2,1,1,0,1,0,0,,0,,,10,0.3333333333333333333333333333,5,152650.206,7651.91,229781.79,5,0
USR-000516,ACC-000516,EVT-000516-11,0,1,1,1,0,0,0,1,1,1,0,1,0,0,,0,,,10,0.3333333333333333333333333333,5,103942.562,4631.13,419439.64,5,0
USR-000517,ACC-000517,EVT-000517-11,0,1,1,0,0,0,1,0,0,0,0,0,0,0,,0,,,10,0.3333333333333333333333333333,5,177333.262,16944.04,401581.04,5,0
USR-000518,ACC-000518,EVT-000518-11,1,0,1,1,0,1,0,2,1,0,0,0,0,0,,0,,,10,0.3333333333333333333333333333,5,223553.656,166.28,518358.82,5,1
USR-000519,ACC-000519,EVT-000519-11,1,0,1,1,0,1,0,2,1,0,0,0,0,0,,0,,,10,0.3333333333333333333333333333,5,238174.904,12821.46,542029.62,5,1
USR-000520,ACC-000520,EVT-000520-11,0,1,1,1,1,1,0,1,1,0,0,0,0,0,,0,,,10,0.3333333333333333333333333333,5,177912.474,4841.15,258725.97,5,1
USR-000521,ACC-000521,EVT-000521-11,1,0,1,0,0,0,1,0,0,0,0,0,0,0,,0,,,10,0.3333333333333333333333333333,5,261294.986,89819.54,723091.74,5,0
USR-000522,ACC-000522,EVT-000522-11,1,0,1,1,0,0,0,2,1,1,0,1,0,0,,0,,,10,0.3333333333333333333333333333,5,258582.388,4044.49,591561.96,5,0
USR-000523,ACC-000523,EVT-000523-11,1,0,1,1,0,0,0,1,1,1,0,1,0,0,,0,,,10,0.3333333333333333333333333333,5,234169.226,1640.74,1041428.15,5,0
USR-000524,ACC-000524,EVT-000524-11,1,0,1,1,0,0,0,1,1,1,0,1,0,0,,0,,,10,0.3333333333333333333333333333,5,124259.844,2259.5,344774.37,5,1
USR-000525,ACC-000525,EVT-000525-11,1,0,1,1,0,0,0,2,1,1,0,1,0,0,,0,,,10,0.3333333333333333333333333333,5,56014.366,1793.26,128534.42,5,0
USR-000526,ACC-000526,EVT-000526-11,1,0,1,1,0,1,0,2,1,0,0,0,0,0,,0,,,10,0.3333333333333333333333333333,5,77133.552,1174.58,171291.54,5,1
USR-000527,ACC-000527,EVT-000527-11,1,0,1,1,0,0,0,1,1,1,0,1,0,0,,0,,,10,0.3333333333333333333333333333,5,51144.826,1448.09,169318.99,5,1
USR-000528,ACC-000528,EVT-000528-11,0,1,1,1,1,1,0,1,1,0,0,0,0,0,,0,,,10,0.3333333333333333333333333333,5,105474.922,14184.7,258561.22,5,1
USR-000529,ACC-000529,EVT-000529-11,1,0,1,1,0,0,0,1,1,1,0,1,0,0,,0,,,10,0.3333333333333333333333333333,5,269161.424,1367.74,601453.21,5,1
USR-000530,ACC-000530,EVT-000530-11,1,0,1,0,0,0,1,0,0,0,0,0,0,0,,0,,,10,0.3333333333333333333333333333,5,94616.406,7575.71,276269.5,5,0
USR-000531,ACC-000531,EVT-000531-11,1,0,1,1,0,0,0,1,1,1,0,1,0,0,,0,,,10,0.3333333333333333333333333333,5,192962.736,6064.9,644550.29,5,1
USR-000532,ACC-000532,EVT-000532-11,0,1,1,0,0,0,1,0,0,0,0,0,0,0,,0,,,10,0.3333333333333333333333333333,5,107205.882,4965.58,216769.65,5,0
USR-000533,ACC-000533,EVT-000533-11,0,1,1,0,0,0,1,0,0,0,0,0,0,0,,0,,,10,0.3333333333333333333333333333,5,131778.198,4406.43,293727.51,5,0
USR-000534,ACC-000534,EVT-000534-11,1,0,1,1,0,0,0,2,1,1,0,1,0,0,,0,,,10,0.3333333333333333333333333333,5,707420.78,347.89,3294699.86,5,0
USR-000535,ACC-000535,EVT-000535-11,0,1,1,0,0,0,1,0,0,0,0,0,0,0,,0,,,10,0.3333333333333333333333333333,5,184253.856,4328.54,430815.49,5,0
USR-000536,ACC-000536,EVT-000536-11,1,0,1,1,0,1,0,2,1,0,0,0,0,0,,0,,,10,0.3333333333333333333333333333,5,471334.698,40310.18,1820627.77,5,1
USR-000537,ACC-000537,EVT-000537-11,0,1,1,1,0,0,0,1,1,1,0,1,0,0,,0,,,10,0.3333333333333333333333333333,5,382801.588,8135.76,1398092.94,5,0
USR-000538,ACC-000538,EVT-000538-11,0,1,1,1,1,1,0,1,1,0,0,0,0,0,,0,,,10,0.3333333333333333333333333333,5,115623.504,7495.3,237150.89,5,1
USR-000539,ACC-000539,EVT-000539-11,0,1,1,1,0,0,0,1,1,1,0,1,0,0,,0,,,10,0.3333333333333333333333333333,5,227815.604,11680.0,336116.5,5,0
USR-000540,ACC-000540,EVT-000540-11,0,1,1,0,0,0,1,0,0,0,0,0,0,0,,0,,,10,0.3333333333333333333333333333,5,561508.444,83478.16,1619735.85,5,0
USR-000541,ACC-000541,EVT-000541-11,0,1,1,1,0,0,0,1,1,1,0,1,0,0,,0,,,10,0.3333333333333333333333333333,5,82653.746,3425.77,296112.31,5,0
USR-000542,ACC-000542,EVT-000542-11,1,0,1,1,0,0,0,1,1,1,0,1,0,0,,0,,,10,0.3333333333333333333333333333,5,262604.88,2232.34,1017797.66,5,0
USR-000543,ACC-000543,EVT-000543-11,1,0,1,1,0,0,0,1,1,1,0,1,0,0,,0,,,10,0.3333333333333333333333333333,5,114949.306,10138.75,201349.15,5,0
USR-000544,ACC-000544,EVT-000544-11,1,0,1,0,0,0,1,0,0,0,0,0,0,0,,0,,,10,0.3333333333333333333333333333,5,52036.854,3589.14,206409.22,5,0
USR-000545,ACC-000545,EVT-000545-11,1,0,1,1,0,1,0,2,1,0,0,0,0,0,,0,,,10,0.3333333333333333333333333333,5,178369.87,2869.56,347258.63,5,1
USR-000546,ACC-000546,EVT-000546-11,1,0,1,1,0,0,0,2,1,1,0,1,0,0,,0,,,10,0.3333333333333333333333333333,5,400849.934,9717.84,1333846.59,5,0
USR-000547,ACC-000547,EVT-000547-11,1,0,1,1,0,0,0,2,1,1,0,1,0,0,,0,,,10,0.3333333333333333333333333333,5,70468.186,5752.07,275455.2,5,0
USR-000548,ACC-000548,EVT-000548-11,1,0,1,0,0,0,1,0,0,0,0,0,0,0,,0,,,10,0.3333333333333333333333333333,5,199955.086,288.92,544736.63,5,0
USR-000549,ACC-000549,EVT-000549-11,1,0,1,1,0,0,0,2,1,1,0,1,0,0,,0,,,10,0.3333333333333333333333333333,5,426658.56,11830.79,1774839.93,5,0
USR-000550,ACC-000550,EVT-000550-11,1,0,1,0,0,0,1,0,0,0,0,0,0,0,,0,,,10,0.3333333333333333333333333333,5,64803.052,6192.11,233348.37,5,0
USR-000551,ACC-000551,EVT-000551-11,0,1,1,0,0,0,1,0,0,0,0,0,0,0,,0,,,10,0.3333333333333333333333333333,5,397920.564,8406.76,764329.17,5,0
USR-000552,ACC-000552,EVT-000552-11,1,0,1,1,0,0,0,1,1,1,0,1,0,0,,0,,,10,0.3333333333333333333333333333,5,156622.31,40868.99,325437.24,5,1
USR-000553,ACC-000553,EVT-000553-11,1,0,1,1,0,0,0,2,1,1,0,1,0,0,,0,,,10,0.3333333333333333333333333333,5,180399.29,1939.35,495547.29,5,0
USR-000554,ACC-000554,EVT-000554-11,0,1,1,0,0,0,1,0,0,0,0,0,0,0,,0,,,10,0.3333333333333333333333333333,5,242352.296,676.36,1070169.94,5,0
USR-000555,ACC-000555,EVT-000555-11,1,0,1,1,0,0,0,2,1,1,0,1,0,0,,0,,,10,0.3333333333333333333333333333,5,380878.894,12060.42,1308850.66,5,0
USR-000556,ACC-000556,EVT-000556-11,1,0,1,1,0,0,0,1,1,1,0,1,0,0,,0,,,10,0.3333333333333333333333333333,5,154960.412,7410.2,358423.06,5,1
USR-000557,ACC-000557,EVT-000557-11,1,0,1,1,0,0,0,1,1,1,0,1,0,0,,0,,,10,0.3333333333333333333333333333,5,297466.968,9244.4,770187.81,5,1
USR-000558,ACC-000558,EVT-000558-11,0,1,1,1,0,0,0,1,1,1,0,1,0,0,,0,,,10,0.3333333333333333333333333333,5,159531.814,5962.7,551421.08,5,0
USR-000559,ACC-000559,EVT-000559-11,1,0,1,1,0,0,0,1,1,1,0,1,0,0,,0,,,10,0.3333333333333333333333333333,5,131706.936,14645.33,232989.21,5,1
USR-000560,ACC-000560,EVT-000560-11,0,1,1,1,0,0,0,1,1,1,0,1,0,0,,0,,,10,0.3333333333333333333333333333,5,134667.466,1723.94,351229.36,5,0
USR-000561,ACC-000561,EVT-000561-11,1,0,1,1,0,0,0,2,1,1,0,1,0,0,,0,,,10,0.3333333333333333333333333333,5,101910.67,6591.86,286835.21,5,0
USR-000562,ACC-000562,EVT-000562-11,1,0,1,1,0,0,0,2,1,1,0,1,0,0,,0,,,10,0.3333333333333333333333333333,5,574111.532,5716.49,1961426.59,5,0
USR-000563,ACC-000563,EVT-000563-11,1,0,1,1,0,0,0,2,1,1,0,1,0,0,,0,,,10,0.3333333333333333333333333333,5,87060.862,3944.8,265316.45,5,0
USR-000564,ACC-000564,EVT-000564-11,1,0,1,1,0,0,0,1,1,1,0,1,0,0,,0,,,10,0.3333333333333333333333333333,5,630007.744,700.51,2250584.21,5,1
USR-000565,ACC-000565,EVT-000565-11,0,1,1,1,0,0,0,1,1,1,0,1,0,0,,0,,,10,0.3333333333333333333333333333,5,153118.96,1559.26,523188.57,5,0
USR-000566,ACC-000566,EVT-000566-11,0,1,1,0,0,0,1,0,0,0,0,0,0,0,,0,,,10,0.3333333333333333333333333333,5,297057.348,104051.63,407999.67,5,0
USR-000567,ACC-000567,EVT-000567-11,1,0,1,1,0,1,0,2,1,0,0,0,0,0,,0,,,10,0.3333333333333333333333333333,5,180344.618,10879.42,381407.36,5,1
USR-000568,ACC-000568,EVT-000568-11,1,0,1,0,0,0,1,0,0,0,0,0,0,0,,0,,,10,0.3333333333333333333333333333,5,153844.40,109766.79,267211.7,5,0
USR-000569,ACC-000569,EVT-000569-11,1,0,1,1,0,1,0,2,1,0,0,0,0,0,,0,,,10,0.3333333333333333333333333333,5,174395.692,6074.01,428365.26,5,1
USR-000570,ACC-000570,EVT-000570-11,1,0,1,1,0,1,0,2,1,0,0,0,0,0,,0,,,10,0.3333333333333333333333333333,5,86653.562,939.66,277072.86,5,1
USR-000571,ACC-000571,EVT-000571-11,1,0,1,0,0,0,1,0,0,0,0,0,0,0,,0,,,10,0.3333333333333333333333333333,5,199367.216,5924.75,451610.88,5,0
USR-000572,ACC-000572,EVT-000572-11,0,1,1,1,1,1,0,1,1,0,0,0,0,0,,0,,,10,0.3333333333333333333333333333,5,159261.138,1865.64,519787.04,5,1
USR-000573,ACC-000573,EVT-000573-11,0,1,1,0,0,0,1,0,0,0,0,0,0,0,,0,,,10,0.3333333333333333333333333333,5,120460.688,8419.09,354382.56,5,0
USR-000574,ACC-000574,EVT-000574-11,1,0,1,1,0,0,0,2,1,1,0,1,0,0,,0,,,10,0.3333333333333333333333333333,5,220333.062,38332.41,384522.07,5,0
USR-000575,ACC-000575,EVT-000575-11,1,0,1,1,0,0,0,1,1,1,0,1,0,0,,0,,,10,0.3333333333333333333333333333,5,116196.77,8945.09,288026.49,5,1
USR-000576,ACC-000576,EVT-000576-11,0,1,1,1,1,1,0,1,1,0,0,0,0,0,,0,,,10,0.3333333333333333333333333333,5,50732.66,5750.37,210613.77,5,1
USR-000577,ACC-000577,EVT-000577-11,1,0,1,1,0,0,0,1,1,1,0,1,0,0,,0,,,10,0.3333333333333333333333333333,5,111700.222,1491.32,378129.74,5,1
USR-000578,ACC-000578,EVT-000578-11,0,1,1,0,0,0,1,0,0,0,0,0,0,0,,0,,,10,0.3333333333333333333333333333,5,119521.334,6038.19,357403.09,5,0
USR-000579,ACC-000579,EVT-000579-11,1,0,1,1,0,0,0,1,1,1,0,1,0,0,,0,,,10,0.3333333333333333333333333333,5,117215.75,15791.84,286552.49,5,0
USR-000580,ACC-000580,EVT-000580-11,1,0,1,1,0,0,0,1,1,1,0,1,0,0,,0,,,10,0.3333333333333333333333333333,5,171574.53,62114.38,306472.31,5,0
USR-000581,ACC-000581,EVT-000581-11,1,0,1,1,0,0,0,2,1,1,0,1,0,0,,0,,,10,0.3333333333333333333333333333,5,94572.774,2928.86,257969.66,5,0
USR-000582,ACC-000582,EVT-000582-11,1,0,1,0,0,0,1,0,0,0,0,0,0,0,,0,,,10,0.3333333333333333333333333333,5,831117.346,97982.34,2955648.87,5,0
USR-000583,ACC-000583,EVT-000583-11,0,1,1,1,1,1,0,1,1,0,0,0,0,0,,0,,,10,0.3333333333333333333333333333,5,29466.664,1487.7,74632.56,5,1
USR-000584,ACC-000584,EVT-000584-11,1,0,1,1,0,0,0,1,1,1,0,1,0,0,,0,,,10,0.3333333333333333333333333333,5,185724.856,7850.07,501173.81,5,1
USR-000585,ACC-000585,EVT-000585-11,1,0,1,1,0,0,0,2,1,1,0,1,0,0,,0,,,10,0.3333333333333333333333333333,5,138519.018,2004.45,471532.39,5,0
USR-000586,ACC-000586,EVT-000586-11,1,0,1,1,0,1,0,2,1,0,0,0,0,0,,0,,,10,0.3333333333333333333333333333,5,67472.392,4727.32,161039.42,5,1
USR-000587,ACC-000587,EVT-000587-11,1,0,1,1,0,0,0,1,1,1,0,1,0,0,,0,,,10,0.3333333333333333333333333333,5,74175.42,20319.48,116731.01,5,0
USR-000588,ACC-000588,EVT-000588-11,0,1,1,1,0,0,0,1,1,1,0,1,0,0,,0,,,10,0.3333333333333333333333333333,5,163829.836,17518.98,490003.63,5,0
USR-000589,ACC-000589,EVT-000589-11,1,0,1,1,0,0,0,1,1,1,0,1,0,0,,0,,,10,0.3333333333333333333333333333,5,48521.92,11362.35,75729.27,5,0
USR-000590,ACC-000590,EVT-000590-11,0,1,1,0,0,0,1,0,0,0,0,0,0,0,,0,,,10,0.3333333333333333333333333333,5,46471.882,8575.0,144726.8,5,0
USR-000591,ACC-000591,EVT-000591-11,1,0,1,1,0,0,0,1,1,1,0,1,0,0,,0,,,10,0.3333333333333333333333333333,5,131746.296,12990.91,263176.26,5,1
USR-000592,ACC-000592,EVT-000592-11,1,0,1,1,0,0,0,1,1,1,0,1,0,0,,0,,,10,0.3333333333333333333333333333,5,126410.352,13111.81,302108.28,5,1
USR-000593,ACC-000593,EVT-000593-11,1,0,1,0,0,0,1,0,0,0,0,0,0,0,,0,,,10,0.3333333333333333333333333333,5,466636.784,426.2,1580624.7,5,0
USR-000594,ACC-000594,EVT-000594-11,1,0,1,1,0,0,0,2,1,1,0,1,0,0,,0,,,10,0.3333333333333333333333333333,5,110565.632,2433.94,405295.72,5,0
USR-000595,ACC-000595,EVT-000595-11,0,1,1,1,1,1,0,1,1,0,0,0,0,0,,0,,,10,0.3333333333333333333333333333,5,88337.776,4506.11,169535.0,5,1
USR-000596,ACC-000596,EVT-000596-11,0,1,1,1,1,1,0,1,1,0,0,0,0,0,,0,,,10,0.3333333333333333333333333333,5,78923.122,2106.98,344380.18,5,1
USR-000597,ACC-000597,EVT-000597-11,0,1,1,1,1,1,0,1,1,0,0,0,0,0,,0,,,10,0.3333333333333333333333333333,5,144728.89,5366.11,237890.67,5,1
USR-000598,ACC-000598,EVT-000598-11,0,1,1,1,0,0,0,1,1,1,0,1,0,0,,0,,,10,0.3333333333333333333333333333,5,170857.918,302.13,424756.35,5,0
USR-000599,ACC-000599,EVT-000599-11,0,1,1,1,1,1,0,1,1,0,0,0,0,0,,0,,,10,0.3333333333333333333333333333,5,1033539.712,24153.11,3674710.74,5,1
USR-000600,ACC-000600,EVT-000600-11,1,0,1,0,0,0,1,0,0,0,0,0,0,0,,0,,,10,0.3333333333333333333333333333,5,345892.866,72803.69,1099760.13,5,0
USR-000601,ACC-000601,EVT-000601-11,0,1,1,0,0,0,1,0,0,0,0,0,0,0,,0,,,10,0.3333333333333333333333333333,5,228953.856,9832.91,636101.78,5,0
USR-000602,ACC-000602,EVT-000602-11,0,1,1,0,0,0,1,0,0,0,0,0,0,0,,0,,,10,0.3333333333333333333333333333,5,112686.708,2743.26,346933.16,5,0
USR-000603,ACC-000603,EVT-000603-11,1,0,1,1,0,0,0,1,1,1,0,1,0,0,,0,,,10,0.3333333333333333333333333333,5,93843.824,29988.4,305756.76,5,0
USR-000604,ACC-000604,EVT-000604-11,1,0,1,1,0,1,0,2,1,0,0,0,0,0,,0,,,10,0.3333333333333333333333333333,5,186410.036,13212.84,303651.84,5,1
USR-000605,ACC-000605,EVT-000605-11,1,0,1,1,0,0,0,2,1,1,0,1,0,0,,0,,,10,0.3333333333333333333333333333,5,180867.564,20167.66,437519.39,5,0
USR-000606,ACC-000606,EVT-000606-11,0,1,1,1,0,0,0,1,1,1,0,1,0,0,,0,,,10,0.3333333333333333333333333333,5,127569.972,61179.54,219688.7,5,0
USR-000607,ACC-000607,EVT-000607-11,0,1,1,1,1,1,0,1,1,0,0,0,0,0,,0,,,10,0.3333333333333333333333333333,5,101352.50,3824.62,385205.35,5,1
USR-000608,ACC-000608,EVT-000608-11,0,1,1,1,0,0,0,1,1,1,0,1,0,0,,0,,,10,0.3333333333333333333333333333,5,24594.796,1183.66,52511.33,5,0
USR-000609,ACC-000609,EVT-000609-11,1,0,1,1,0,0,0,2,1,1,0,1,0,0,,0,,,10,0.3333333333333333333333333333,5,68443.628,2512.34,175232.87,5,0
USR-000610,ACC-000610,EVT-000610-11,1,0,1,1,0,0,0,2,1,1,0,1,0,0,,0,,,10,0.3333333333333333333333333333,5,94169.958,4669.98,291890.4,5,0
USR-000611,ACC-000611,EVT-000611-11,0,1,1,0,0,0,1,0,0,0,0,0,0,0,,0,,,10,0.3333333333333333333333333333,5,738998.01,37149.92,2419381.98,5,0
USR-000612,ACC-000612,EVT-000612-11,0,1,1,0,0,0,1,0,0,0,0,0,0,0,,0,,,10,0.3333333333333333333333333333,5,191581.958,15434.26,646569.27,5,0
USR-000613,ACC-000613,EVT-000613-11,0,1,1,1,0,0,0,1,1,1,0,1,0,0,,0,,,10,0.3333333333333333333333333333,5,90132.524,1263.3,320448.2,5,0
USR-000614,ACC-000614,EVT-000614-11,0,1,1,1,1,1,0,1,1,0,0,0,0,0,,0,,,10,0.3333333333333333333333333333,5,107092.806,1933.24,364022.61,5,1
USR-000615,ACC-000615,EVT-000615-11,1,0,1,1,0,1,0,2,1,0,0,0,0,0,,0,,,10,0.3333333333333333333333333333,5,37620.852,4110.23,72264.09,5,1
USR-000616,ACC-000616,EVT-000616-11,1,0,1,1,0,0,0,1,1,1,0,1,0,0,,0,,,10,0.3333333333333333333333333333,5,245287.572,55115.24,564578.28,5,0
USR-000617,ACC-000617,EVT-000617-11,1,0,1,1,0,0,0,1,1,1,0,1,0,0,,0,,,10,0.3333333333333333333333333333,5,258185.758,68757.01,825396.65,5,1
USR-000618,ACC-000618,EVT-000618-11,1,0,1,0,0,0,1,0,0,0,0,0,0,0,,0,,,10,0.3333333333333333333333333333,5,271905.87,100371.95,619600.81,5,0
USR-000619,ACC-000619,EVT-000619-11,0,1,1,1,0,0,0,1,1,1,0,1,0,0,,0,,,10,0.3333333333333333333333333333,5,44533.098,4102.19,179749.58,5,0
USR-000620,ACC-000620,EVT-000620-11,1,0,1,0,0,0,1,0,0,0,0,0,0,0,,0,,,10,0.3333333333333333333333333333,5,107259.962,9019.71,281857.93,5,0
USR-000621,ACC-000621,EVT-000621-11,1,0,1,0,0,0,1,0,0,0,0,0,0,0,,0,,,10,0.3333333333333333333333333333,5,98827.834,4516.11,245014.96,5,0
USR-000622,ACC-000622,EVT-000622-11,1,0,1,0,0,0,1,0,0,0,0,0,0,0,,0,,,10,0.3333333333333333333333333333,5,62041.264,3229.17,194314.01,5,0
USR-000623,ACC-000623,EVT-000623-11,1,0,1,1,0,0,0,1,1,1,0,1,0,0,,0,,,10,0.3333333333333333333333333333,5,63491.792,2092.26,283605.02,5,1
USR-000624,ACC-000624,EVT-000624-11,1,0,1,1,0,1,0,2,1,0,0,0,0,0,,0,,,10,0.3333333333333333333333333333,5,62769.086,1341.38,141862.99,5,1
USR-000625,ACC-000625,EVT-000625-11,1,0,1,1,0,0,0,1,1,1,0,1,0,0,,0,,,10,0.3333333333333333333333333333,5,191587.988,8598.15,615932.4,5,0
USR-000626,ACC-000626,EVT-000626-11,1,0,1,1,0,0,0,1,1,1,0,1,0,0,,0,,,10,0.3333333333333333333333333333,5,118709.484,37568.34,273420.06,5,1
USR-000627,ACC-000627,EVT-000627-11,1,0,1,0,0,0,1,0,0,0,0,0,0,0,,0,,,10,0.3333333333333333333333333333,5,67402.97,452.36,241935.23,5,0
USR-000628,ACC-000628,EVT-000628-11,0,1,1,1,0,0,0,1,1,1,0,1,0,0,,0,,,10,0.3333333333333333333333333333,5,125578.282,7695.64,374570.78,5,0
USR-000629,ACC-000629,EVT-000629-11,0,1,1,0,0,0,1,0,0,0,0,0,0,0,,0,,,10,0.3333333333333333333333333333,5,168535.71,37973.1,256677.01,5,0
USR-000630,ACC-000630,EVT-000630-11,0,1,1,1,1,1,0,1,1,0,0,0,0,0,,0,,,10,0.3333333333333333333333333333,5,226536.066,14626.75,489327.94,5,1
USR-000631,ACC-000631,EVT-000631-11,0,1,1,1,1,1,0,1,1,0,0,0,0,0,,0,,,10,0.3333333333333333333333333333,5,264013.222,18599.36,450627.98,5,1
USR-000632,ACC-000632,EVT-000632-11,1,0,1,1,0,0,0,1,1,1,0,1,0,0,,0,,,10,0.3333333333333333333333333333,5,77449.494,3694.05,202898.23,5,0
USR-000633,ACC-000633,EVT-000633-11,1,0,1,0,0,0,1,0,0,0,0,0,0,0,,0,,,10,0.3333333333333333333333333333,5,210718.352,16724.68,502559.35,5,0
USR-000634,ACC-000634,EVT-000634-11,1,0,1,1,0,0,0,2,1,1,0,1,0,0,,0,,,10,0.3333333333333333333333333333,5,177764.938,22540.4,347192.22,5,0
USR-000635,ACC-000635,EVT-000635-11,1,0,1,1,0,0,0,1,1,1,0,1,0,0,,0,,,10,0.3333333333333333333333333333,5,163042.712,7766.08,314275.93,5,1
USR-000636,ACC-000636,EVT-000636-11,1,0,1,1,0,1,0,2,1,0,0,0,0,0,,0,,,10,0.3333333333333333333333333333,5,47247.882,1743.41,102998.17,5,1
USR-000637,ACC-000637,EVT-000637-11,1,0,1,1,0,0,0,1,1,1,0,1,0,0,,0,,,10,0.3333333333333333333333333333,5,197256.844,12171.47,315987.09,5,0
USR-000638,ACC-000638,EVT-000638-11,1,0,1,0,0,0,1,0,0,0,0,0,0,0,,0,,,10,0.3333333333333333333333333333,5,580271.866,3031.32,2198132.4,5,0
USR-000639,ACC-000639,EVT-000639-11,1,0,1,1,0,1,0,2,1,0,0,0,0,0,,0,,,10,0.3333333333333333333333333333,5,166746.30,18058.77,365186.53,5,1
USR-000640,ACC-000640,EVT-000640-11,1,0,1,0,0,0,1,0,0,0,0,0,0,0,,0,,,10,0.3333333333333333333333333333,5,60224.588,23724.76,137832.94,5,0
USR-000641,ACC-000641,EVT-000641-11,1,0,1,1,0,0,0,1,1,1,0,1,0,0,,0,,,10,0.3333333333333333333333333333,5,85256.256,26894.14,170831.25,5,0
USR-000642,ACC-000642,EVT-000642-11,0,1,1,0,0,0,1,0,0,0,0,0,0,0,,0,,,10,0.3333333333333333333333333333,5,86554.414,722.55,268018.61,5,0
USR-000643,ACC-000643,EVT-000643-11,0,1,1,1,0,0,0,1,1,1,0,1,0,0,,0,,,10,0.3333333333333333333333333333,5,118380.726,434.37,428657.42,5,0
USR-000644,ACC-000644,EVT-000644-11,0,1,1,1,0,0,0,1,1,1,0,1,0,0,,0,,,10,0.3333333333333333333333333333,5,125533.508,3979.58,554988.13,5,0
USR-000645,ACC-000645,EVT-000645-11,0,1,1,0,0,0,1,0,0,0,0,0,0,0,,0,,,10,0.3333333333333333333333333333,5,117140.066,1374.07,187219.27,5,0
USR-000646,ACC-000646,EVT-000646-11,1,0,1,1,0,0,0,1,1,1,0,1,0,0,,0,,,10,0.3333333333333333333333333333,5,145598.794,57.35,419975.96,5,1
USR-000647,ACC-000647,EVT-000647-11,0,1,1,1,1,1,0,1,1,0,0,0,0,0,,0,,,10,0.3333333333333333333333333333,5,459877.342,16364.98,1686616.32,5,1
USR-000648,ACC-000648,EVT-000648-11,1,0,1,1,0,1,0,2,1,0,0,0,0,0,,0,,,10,0.3333333333333333333333333333,5,305884.44,447.23,1457525.55,5,1
USR-000649,ACC-000649,EVT-000649-11,1,0,1,1,0,0,0,2,1,1,0,1,0,0,,0,,,10,0.3333333333333333333333333333,5,244004.604,5261.9,700568.97,5,0
USR-000650,ACC-000650,EVT-000650-11,0,1,1,1,1,1,0,1,1,0,0,0,0,0,,0,,,10,0.3333333333333333333333333333,5,287341.128,270.0,622603.6,5,1
USR-000651,ACC-000651,EVT-000651-11,1,0,1,1,0,0,0,1,1,1,0,1,0,0,,0,,,10,0.3333333333333333333333333333,5,103959.448,19830.48,257062.22,5,0
USR-000652,ACC-000652,EVT-000652-11,0,1,1,0,0,0,1,0,0,0,0,0,0,0,,0,,,10,0.3333333333333333333333333333,5,78735.57,326.41,140880.9,5,0
USR-000653,ACC-000653,EVT-000653-11,0,1,1,0,0,0,1,0,0,0,0,0,0,0,,0,,,10,0.3333333333333333333333333333,5,160552.16,10005.3,325550.68,5,0
USR-000654,ACC-000654,EVT-000654-11,1,0,1,1,0,0,0,2,1,1,0,1,0,0,,0,,,10,0.3333333333333333333333333333,5,290016.75,2219.47,736306.48,5,0
USR-000655,ACC-000655,EVT-000655-11,0,1,1,0,0,0,1,0,0,0,0,0,0,0,,0,,,10,0.3333333333333333333333333333,5,154755.676,11172.07,477947.66,5,0
USR-000656,ACC-000656,EVT-000656-11,1,0,1,1,0,0,0,2,1,1,0,1,0,0,,0,,,10,0.3333333333333333333333333333,5,96274.182,13076.49,254336.2,5,0
USR-000657,ACC-000657,EVT-000657-11,1,0,1,1,0,1,0,2,1,0,0,0,0,0,,0,,,10,0.3333333333333333333333333333,5,120447.28,2865.24,264298.21,5,1
USR-000658,ACC-000658,EVT-000658-11,1,0,1,1,0,0,0,1,1,1,0,1,0,0,,0,,,10,0.3333333333333333333333333333,5,33581.208,1603.42,128452.85,5,0
USR-000659,ACC-000659,EVT-000659-11,0,1,1,1,1,1,0,1,1,0,0,0,0,0,,0,,,10,0.3333333333333333333333333333,5,529966.096,4293.32,1928143.36,5,1
USR-000660,ACC-000660,EVT-000660-11,1,0,1,0,0,0,1,0,0,0,0,0,0,0,,0,,,10,0.3333333333333333333333333333,5,83145.68,3999.04,187708.65,5,0
USR-000661,ACC-000661,EVT-000661-11,1,0,1,1,0,0,0,1,1,1,0,1,0,0,,0,,,10,0.3333333333333333333333333333,5,191816.846,11145.13,479389.16,5,1
USR-000662,ACC-000662,EVT-000662-11,1,0,1,1,0,0,0,1,1,1,0,1,0,0,,0,,,10,0.3333333333333333333333333333,5,143127.45,6681.65,337531.25,5,1
USR-000663,ACC-000663,EVT-000663-11,1,0,1,1,0,0,0,1,1,1,0,1,0,0,,0,,,10,0.3333333333333333333333333333,5,515804.538,113.51,2016574.95,5,0
USR-000664,ACC-000664,EVT-000664-11,1,0,1,1,0,0,0,2,1,1,0,1,0,0,,0,,,10,0.3333333333333333333333333333,5,156076.736,7170.26,435268.48,5,0
USR-000665,ACC-000665,EVT-000665-11,0,1,1,1,0,0,0,1,1,1,0,1,0,0,,0,,,10,0.3333333333333333333333333333,5,52566.232,3472.27,93934.1,5,0
USR-000666,ACC-000666,EVT-000666-11,1,0,1,1,0,1,0,2,1,0,0,0,0,0,,0,,,10,0.3333333333333333333333333333,5,92691.042,12342.02,252653.3,5,1
USR-000667,ACC-000667,EVT-000667-11,1,0,1,1,0,0,0,1,1,1,0,1,0,0,,0,,,10,0.3333333333333333333333333333,5,164296.05,11050.7,364210.04,5,0
USR-000668,ACC-000668,EVT-000668-11,1,0,1,1,0,0,0,1,1,1,0,1,0,0,,0,,,10,0.3333333333333333333333333333,5,110977.688,8422.26,276376.0,5,0
USR-000669,ACC-000669,EVT-000669-11,1,0,1,1,0,0,0,2,1,1,0,1,0,0,,0,,,10,0.3333333333333333333333333333,5,222866.426,18185.54,567958.44,5,0
USR-000670,ACC-000670,EVT-000670-11,1,0,1,1,0,1,0,2,1,0,0,0,0,0,,0,,,10,0.3333333333333333333333333333,5,298921.078,2812.44,1404726.37,5,1
USR-000671,ACC-000671,EVT-000671-11,0,1,1,0,0,0,1,0,0,0,0,0,0,0,,0,,,10,0.3333333333333333333333333333,5,84264.79,3428.91,193358.3,5,0
USR-000672,ACC-000672,EVT-000672-11,0,1,1,1,0,0,0,1,1,1,0,1,0,0,,0,,,10,0.3333333333333333333333333333,5,40629.594,1687.56,158006.15,5,0
USR-000673,ACC-000673,EVT-000673-11,0,1,1,1,0,0,0,1,1,1,0,1,0,0,,0,,,10,0.3333333333333333333333333333,5,777465.894,10151.58,3191002.26,5,0
USR-000674,ACC-000674,EVT-000674-11,1,0,1,1,0,0,0,1,1,1,0,1,0,0,,0,,,10,0.3333333333333333333333333333,5,228266.776,15247.26,337168.03,5,1
USR-000675,ACC-000675,EVT-000675-11,0,1,1,1,0,0,0,1,1,1,0,1,0,0,,0,,,10,0.3333333333333333333333333333,5,167670.216,1927.95,429952.08,5,0
USR-000676,ACC-000676,EVT-000676-11,1,0,1,1,0,0,0,1,1,1,0,1,0,0,,0,,,10,0.3333333333333333333333333333,5,109155.862,1389.54,359491.53,5,1
USR-000677,ACC-000677,EVT-000677-11,1,0,1,1,0,0,0,1,1,1,0,1,0,0,,0,,,10,0.3333333333333333333333333333,5,283817.824,23755.62,878293.76,5,1
USR-000678,ACC-000678,EVT-000678-11,1,0,1,1,0,1,0,2,1,0,0,0,0,0,,0,,,10,0.3333333333333333333333333333,5,239911.23,1296.12,912782.46,5,1
USR-000679,ACC-000679,EVT-000679-11,1,0,1,0,0,0,1,0,0,0,0,0,0,0,,0,,,10,0.3333333333333333333333333333,5,219114.102,1965.97,982529.59,5,0
USR-000680,ACC-000680,EVT-000680-11,1,0,1,1,0,0,0,1,1,1,0,1,0,0,,0,,,10,0.3333333333333333333333333333,5,105000.568,5492.74,327013.73,5,1
USR-000681,ACC-000681,EVT-000681-11,0,1,1,1,0,0,0,1,1,1,0,1,0,0,,0,,,10,0.3333333333333333333333333333,5,89336.924,10497.91,234075.75,5,0
USR-000682,ACC-000682,EVT-000682-11,1,0,1,1,0,0,0,1,1,1,0,1,0,0,,0,,,10,0.3333333333333333333333333333,5,82276.444,2380.37,196637.83,5,1
USR-000683,ACC-000683,EVT-000683-11,1,0,1,1,0,1,0,2,1,0,0,0,0,0,,0,,,10,0.3333333333333333333333333333,5,195479.428,1929.33,404376.29,5,1
USR-000684,ACC-000684,EVT-000684-11,0,1,1,1,1,1,0,1,1,0,0,0,0,0,,0,,,10,0.3333333333333333333333333333,5,164371.784,5854.56,511553.23,5,1
USR-000685,ACC-000685,EVT-000685-11,0,1,1,1,1,1,0,1,1,0,0,0,0,0,,0,,,10,0.3333333333333333333333333333,5,206076.10,25846.04,399356.37,5,1
USR-000686,ACC-000686,EVT-000686-11,0,1,1,0,0,0,1,0,0,0,0,0,0,0,,0,,,10,0.3333333333333333333333333333,5,21714.98,2871.49,68541.63,5,0
USR-000687,ACC-000687,EVT-000687-11,0,1,1,1,0,0,0,1,1,1,0,1,0,0,,0,,,10,0.3333333333333333333333333333,5,149183.364,1742.43,293290.79,5,0
USR-000688,ACC-000688,EVT-000688-11,0,1,1,1,1,1,0,1,1,0,0,0,0,0,,0,,,10,0.3333333333333333333333333333,5,96606.166,2110.06,249413.32,5,1
USR-000689,ACC-000689,EVT-000689-11,1,0,1,1,0,1,0,2,1,0,0,0,0,0,,0,,,10,0.3333333333333333333333333333,5,153929.356,23100.45,299634.9,5,1
USR-000690,ACC-000690,EVT-000690-11,0,1,1,1,0,0,0,1,1,1,0,1,0,0,,0,,,10,0.3333333333333333333333333333,5,66454.916,5338.74,199303.34,5,0
USR-000691,ACC-000691,EVT-000691-11,1,0,1,1,0,0,0,2,1,1,0,1,0,0,,0,,,10,0.3333333333333333333333333333,5,1251939.706,22790.89,5625869.22,5,0
USR-000692,ACC-000692,EVT-000692-11,0,1,1,1,1,1,0,1,1,0,0,0,0,0,,0,,,10,0.3333333333333333333333333333,5,186708.04,5396.26,600905.47,5,1
USR-000693,ACC-000693,EVT-000693-11,1,0,1,1,0,0,0,2,1,1,0,1,0,0,,0,,,10,0.3333333333333333333333333333,5,206833.806,8389.27,640876.61,5,0
USR-000694,ACC-000694,EVT-000694-11,1,0,1,1,0,0,0,1,1,1,0,1,0,0,,0,,,10,0.3333333333333333333333333333,5,59594.576,386.41,278050.68,5,1
USR-000695,ACC-000695,EVT-000695-11,1,0,1,1,0,0,0,1,1,1,0,1,0,0,,0,,,10,0.3333333333333333333333333333,5,85134.404,574.8,221162.3,5,1
USR-000696,ACC-000696,EVT-000696-11,0,1,1,0,0,0,1,0,0,0,0,0,0,0,,0,,,10,0.3333333333333333333333333333,5,94265.20,3331.95,326290.22,5,0
USR-000697,ACC-000697,EVT-000697-11,1,0,1,1,0,1,0,2,1,0,0,0,0,0,,0,,,10,0.3333333333333333333333333333,5,93204.186,12418.07,227831.02,5,1
USR-000698,ACC-000698,EVT-000698-11,0,1,1,1,1,1,0,1,1,0,0,0,0,0,,0,,,10,0.3333333333333333333333333333,5,57721.734,13150.57,162937.65,5,1
USR-000699,ACC-000699,EVT-000699-11,1,0,1,1,0,0,0,2,1,1,0,1,0,0,,0,,,10,0.3333333333333333333333333333,5,143855.322,25291.26,259473.99,5,0
USR-000700,ACC-000700,EVT-000700-11,0,1,1,1,0,0,0,1,1,1,0,1,0,0,,0,,,10,0.3333333333333333333333333333,5,1881971.80,2081.97,9236204.56,5,0
USR-000701,ACC-000701,EVT-000701-11,1,0,1,1,0,0,0,1,1,1,0,1,0,0,,0,,,10,0.3333333333333333333333333333,5,396387.944,14645.56,978461.22,5,0
USR-000702,ACC-000702,EVT-000702-11,0,1,1,0,0,0,1,0,0,0,0,0,0,0,,0,,,10,0.3333333333333333333333333333,5,240507.498,22165.14,547028.2,5,0
USR-000703,ACC-000703,EVT-000703-11,1,0,1,1,0,0,0,1,1,1,0,1,0,0,,0,,,10,0.3333333333333333333333333333,5,97616.248,983.77,281793.82,5,0
USR-000704,ACC-000704,EVT-000704-11,1,0,1,1,0,0,0,1,1,1,0,1,0,0,,0,,,10,0.3333333333333333333333333333,5,323227.476,34147.97,911428.64,5,0
USR-000705,ACC-000705,EVT-000705-11,1,0,1,0,0,0,1,0,0,0,0,0,0,0,,0,,,10,0.3333333333333333333333333333,5,100022.318,18213.57,294031.12,5,0
USR-000706,ACC-000706,EVT-000706-11,1,0,1,1,0,0,0,1,1,1,0,1,0,0,,0,,,10,0.3333333333333333333333333333,5,388276.67,4004.12,1563896.53,5,0
USR-000707,ACC-000707,EVT-000707-11,1,0,1,0,0,0,1,0,0,0,0,0,0,0,,0,,,10,0.3333333333333333333333333333,5,89559.496,1306.32,274113.06,5,0
USR-000708,ACC-000708,EVT-000708-11,1,0,1,1,0,0,0,1,1,1,0,1,0,0,,0,,,10,0.3333333333333333333333333333,5,400773.80,172641.65,973663.49,5,1
USR-000709,ACC-000709,EVT-000709-11,1,0,1,0,0,0,1,0,0,0,0,0,0,0,,0,,,10,0.3333333333333333333333333333,5,98425.776,11210.35,436011.24,5,0
USR-000710,ACC-000710,EVT-000710-11,1,0,1,1,0,0,0,2,1,1,0,1,0,0,,0,,,10,0.3333333333333333333333333333,5,24822.696,5638.85,51345.9,5,0
USR-000711,ACC-000711,EVT-000711-11,0,1,1,1,1,1,0,1,1,0,0,0,0,0,,0,,,10,0.3333333333333333333333333333,5,294681.456,20619.6,1033887.94,5,1
USR-000712,ACC-000712,EVT-000712-11,1,0,1,0,0,0,1,0,0,0,0,0,0,0,,0,,,10,0.3333333333333333333333333333,5,185438.914,1713.14,554602.76,5,0
USR-000713,ACC-000713,EVT-000713-11,1,0,1,1,0,1,0,2,1,0,0,0,0,0,,0,,,10,0.3333333333333333333333333333,5,88657.198,8877.31,341863.94,5,1
USR-000714,ACC-000714,EVT-000714-11,0,1,1,0,0,0,1,0,0,0,0,0,0,0,,0,,,10,0.3333333333333333333333333333,5,37513.866,4920.11,140420.53,5,0
USR-000715,ACC-000715,EVT-000715-11,0,1,1,1,0,0,0,1,1,1,0,1,0,0,,0,,,10,0.3333333333333333333333333333,5,84656.49,16499.98,284740.42,5,0
USR-000716,ACC-000716,EVT-000716-11,1,0,1,1,0,1,0,2,1,0,0,0,0,0,,0,,,10,0.3333333333333333333333333333,5,838552.278,5476.09,3630229.84,5,1
USR-000717,ACC-000717,EVT-000717-11,1,0,1,1,0,0,0,1,1,1,0,1,0,0,,0,,,10,0.3333333333333333333333333333,5,81819.044,3690.82,180430.22,5,1
USR-000718,ACC-000718,EVT-000718-11,1,0,1,1,0,0,0,1,1,1,0,1,0,0,,0,,,10,0.3333333333333333333333333333,5,117737.02,3275.03,276775.98,5,1
USR-000719,ACC-000719,EVT-000719-11,0,1,1,1,0,0,0,1,1,1,0,1,0,0,,0,,,10,0.3333333333333333333333333333,5,73848.94,5839.68,305484.63,5,0
USR-000720,ACC-000720,EVT-000720-11,0,1,1,1,1,1,0,1,1,0,0,0,0,0,,0,,,10,0.3333333333333333333333333333,5,85472.808,5917.88,135772.21,5,1
USR-000721,ACC-000721,EVT-000721-11,1,0,1,0,0,0,1,0,0,0,0,0,0,0,,0,,,10,0.3333333333333333333333333333,5,153308.25,2532.44,338047.79,5,0
USR-000722,ACC-000722,EVT-000722-11,1,0,1,1,0,0,0,1,1,1,0,1,0,0,,0,,,10,0.3333333333333333333333333333,5,345324.204,13497.18,1517111.59,5,0
USR-000723,ACC-000723,EVT-000723-11,1,0,1,0,0,0,1,0,0,0,0,0,0,0,,0,,,10,0.3333333333333333333333333333,5,77036.848,1139.77,289917.6,5,0
USR-000724,ACC-000724,EVT-000724-11,1,0,1,1,0,0,0,1,1,1,0,1,0,0,,0,,,10,0.3333333333333333333333333333,5,113051.89,6096.2,259285.32,5,1
USR-000725,ACC-000725,EVT-000725-11,1,0,1,1,0,0,0,1,1,1,0,1,0,0,,0,,,10,0.3333333333333333333333333333,5,220807.658,2060.66,874898.18,5,0
USR-000726,ACC-000726,EVT-000726-11,1,0,1,1,0,0,0,2,1,1,0,1,0,0,,0,,,10,0.3333333333333333333333333333,5,48578.568,1870.07,201913.84,5,0
USR-000727,ACC-000727,EVT-000727-11,0,1,1,1,1,1,0,1,1,0,0,0,0,0,,0,,,10,0.3333333333333333333333333333,5,256020.632,4172.79,1151797.61,5,1
USR-000728,ACC-000728,EVT-000728-11,1,0,1,1,0,0,0,2,1,1,0,1,0,0,,0,,,10,0.3333333333333333333333333333,5,116124.776,190.7,336720.41,5,0
USR-000729,ACC-000729,EVT-000729-11,1,0,1,0,0,0,1,0,0,0,0,0,0,0,,0,,,10,0.3333333333333333333333333333,5,107834.548,599.28,203106.79,5,0
USR-000730,ACC-000730,EVT-000730-11,1,0,1,1,0,1,0,2,1,0,0,0,0,0,,0,,,10,0.3333333333333333333333333333,5,189043.446,114439.02,363492.86,5,1
USR-000731,ACC-000731,EVT-000731-11,1,0,1,1,0,1,0,2,1,0,0,0,0,0,,0,,,10,0.3333333333333333333333333333,5,142873.082,26366.59,462433.07,5,1
USR-000732,ACC-000732,EVT-000732-11,0,1,1,1,1,1,0,1,1,0,0,0,0,0,,0,,,10,0.3333333333333333333333333333,5,292125.44,8485.51,924087.6,5,1
USR-000733,ACC-000733,EVT-000733-11,0,1,1,1,0,0,0,1,1,1,0,1,0,0,,0,,,10,0.3333333333333333333333333333,5,49112.01,1371.27,127716.97,5,0
USR-000734,ACC-000734,EVT-000734-11,1,0,1,1,0,1,0,2,1,0,0,0,0,0,,0,,,10,0.3333333333333333333333333333,5,144455.598,7325.17,306919.21,5,1
USR-000735,ACC-000735,EVT-000735-11,1,0,1,1,0,0,0,1,1,1,0,1,0,0,,0,,,10,0.3333333333333333333333333333,5,65057.662,3843.51,237441.81,5,0
USR-000736,ACC-000736,EVT-000736-11,1,0,1,1,0,0,0,1,1,1,0,1,0,0,,0,,,10,0.3333333333333333333333333333,5,274750.146,76534.12,457878.3,5,1
USR-000737,ACC-000737,EVT-000737-11,1,0,1,1,0,0,0,1,1,1,0,1,0,0,,0,,,10,0.3333333333333333333333333333,5,50728.818,1792.88,205952.44,5,0
USR-000738,ACC-000738,EVT-000738-11,0,1,1,1,0,0,0,1,1,1,0,1,0,0,,0,,,10,0.3333333333333333333333333333,5,71882.418,20740.55,150805.97,5,0
USR-000739,ACC-000739,EVT-000739-11,0,1,1,1,1,1,0,1,1,0,0,0,0,0,,0,,,10,0.3333333333333333333333333333,5,209449.46,4061.03,686316.7,5,1
USR-000740,ACC-000740,EVT-000740-11,1,0,1,1,0,0,0,1,1,1,0,1,0,0,,0,,,10,0.3333333333333333333333333333,5,145758.818,1013.15,275258.22,5,1
USR-000741,ACC-000741,EVT-000741-11,0,1,1,1,0,0,0,1,1,1,0,1,0,0,,0,,,10,0.3333333333333333333333333333,5,117973.106,30648.46,264996.03,5,0
USR-000742,ACC-000742,EVT-000742-11,0,1,1,1,1,1,0,1,1,0,0,0,0,0,,0,,,10,0.3333333333333333333333333333,5,130443.896,425.86,253036.14,5,1
USR-000743,ACC-000743,EVT-000743-11,0,1,1,0,0,0,1,0,0,0,0,0,0,0,,0,,,10,0.3333333333333333333333333333,5,74604.024,3621.29,208631.11,5,0
USR-000744,ACC-000744,EVT-000744-11,1,0,1,0,0,0,1,0,0,0,0,0,0,0,,0,,,10,0.3333333333333333333333333333,5,317226.144,19292.42,1436134.43,5,0
USR-000745,ACC-000745,EVT-000745-11,1,0,1,1,0,1,0,2,1,0,0,0,0,0,,0,,,10,0.3333333333333333333333333333,5,188999.298,8049.75,427588.18,5,1
USR-000746,ACC-000746,EVT-000746-11,0,1,1,1,0,0,0,1,1,1,0,1,0,0,,0,,,10,0.3333333333333333333333333333,5,114021.586,3681.97,294123.67,5,0
USR-000747,ACC-000747,EVT-000747-11,1,0,1,1,0,1,0,2,1,0,0,0,0,0,,0,,,10,0.3333333333333333333333333333,5,728500.47,18054.96,2994273.72,5,1
USR-000748,ACC-000748,EVT-000748-11,1,0,1,1,0,0,0,2,1,1,0,1,0,0,,0,,,10,0.3333333333333333333333333333,5,234711.198,6356.18,417540.05,5,0
USR-000749,ACC-000749,EVT-000749-11,1,0,1,1,0,1,0,2,1,0,0,0,0,0,,0,,,10,0.3333333333333333333333333333,5,174521.572,443.9,560796.94,5,1
USR-000750,ACC-000750,EVT-000750-11,1,0,1,1,0,0,0,1,1,1,0,1,0,0,,0,,,10,0.3333333333333333333333333333,5,119735.136,6595.56,251268.2,5,0
USR-000751,ACC-000751,EVT-000751-11,1,0,1,1,0,0,0,1,1,1,0,1,0,0,,0,,,10,0.3333333333333333333333333333,5,73271.186,38.8,256429.45,5,1
USR-000752,ACC-000752,EVT-000752-11,1,0,1,1,0,0,0,1,1,1,0,1,0,0,,0,,,10,0.3333333333333333333333333333,5,30550.258,7385.42,65785.82,5,0
USR-000753,ACC-000753,EVT-000753-11,1,0,1,1,0,0,0,1,1,1,0,1,0,0,,0,,,10,0.3333333333333333333333333333,5,188651.506,5634.65,606743.03,5,0
USR-000754,ACC-000754,EVT-000754-11,1,0,1,0,0,0,1,0,0,0,0,0,0,0,,0,,,10,0.3333333333333333333333333333,5,294013.894,7634.89,1181251.92,5,0
USR-000755,ACC-000755,EVT-000755-11,1,0,1,1,0,0,0,1,1,1,0,1,0,0,,0,,,10,0.3333333333333333333333333333,5,161588.108,80774.87,219339.53,5,0
USR-000756,ACC-000756,EVT-000756-11,0,1,1,0,0,0,1,0,0,0,0,0,0,0,,0,,,10,0.3333333333333333333333333333,5,119905.584,8076.92,536903.83,5,0
USR-000757,ACC-000757,EVT-000757-11,1,0,1,1,0,0,0,1,1,1,0,1,0,0,,0,,,10,0.3333333333333333333333333333,5,59253.522,8086.27,138635.77,5,1
USR-000758,ACC-000758,EVT-000758-11,1,0,1,1,0,0,0,2,1,1,0,1,0,0,,0,,,10,0.3333333333333333333333333333,5,98755.834,27906.95,202231.7,5,0
USR-000759,ACC-000759,EVT-000759-11,1,0,1,1,0,1,0,2,1,0,0,0,0,0,,0,,,10,0.3333333333333333333333333333,5,336943.83,13937.03,1172834.02,5,1
USR-000760,ACC-000760,EVT-000760-11,0,1,1,0,0,0,1,0,0,0,0,0,0,0,,0,,,10,0.3333333333333333333333333333,5,65601.876,959.63,230436.76,5,0
USR-000761,ACC-000761,EVT-000761-11,1,0,1,1,0,0,0,1,1,1,0,1,0,0,,0,,,10,0.3333333333333333333333333333,5,134013.694,16965.51,252837.98,5,0
USR-000762,ACC-000762,EVT-000762-11,0,1,1,1,1,1,0,1,1,0,0,0,0,0,,0,,,10,0.3333333333333333333333333333,5,405066.784,70175.77,1093165.2,5,1
USR-000763,ACC-000763,EVT-000763-11,0,1,1,1,0,0,0,1,1,1,0,1,0,0,,0,,,10,0.3333333333333333333333333333,5,132774.582,2523.39,313976.87,5,0
USR-000764,ACC-000764,EVT-000764-11,0,1,1,1,0,0,0,1,1,1,0,1,0,0,,0,,,10,0.3333333333333333333333333333,5,269938.73,7928.21,467450.36,5,0
USR-000765,ACC-000765,EVT-000765-11,1,0,1,0,0,0,1,0,0,0,0,0,0,0,,0,,,10,0.3333333333333333333333333333,5,97522.418,16864.44,282341.95,5,0
USR-000766,ACC-000766,EVT-000766-11,0,1,1,0,0,0,1,0,0,0,0,0,0,0,,0,,,10,0.3333333333333333333333333333,5,57053.974,2640.36,178783.35,5,0
USR-000767,ACC-000767,EVT-000767-11,0,1,1,1,1,1,0,1,1,0,0,0,0,0,,0,,,10,0.3333333333333333333333333333,5,75654.022,6662.65,224563.18,5,1
USR-000768,ACC-000768,EVT-000768-11,0,1,1,0,0,0,1,0,0,0,0,0,0,0,,0,,,10,0.3333333333333333333333333333,5,108511.328,10312.61,192668.96,5,0
USR-000769,ACC-000769,EVT-000769-11,1,0,1,1,0,0,0,1,1,1,0,1,0,0,,0,,,10,0.3333333333333333333333333333,5,80923.044,3403.24,223480.01,5,1
USR-000770,ACC-000770,EVT-000770-11,1,0,1,1,0,1,0,2,1,0,0,0,0,0,,0,,,10,0.3333333333333333333333333333,5,115189.036,6794.23,454933.35,5,1
USR-000771,ACC-000771,EVT-000771-11,1,0,1,1,0,0,0,1,1,1,0,1,0,0,,0,,,10,0.3333333333333333333333333333,5,103441.526,8175.14,241155.29,5,1
USR-000772,ACC-000772,EVT-000772-11,0,1,1,0,0,0,1,0,0,0,0,0,0,0,,0,,,10,0.3333333333333333333333333333,5,209320.806,6559.65,741459.84,5,0
USR-000773,ACC-000773,EVT-000773-11,0,1,1,1,1,1,0,1,1,0,0,0,0,0,,0,,,10,0.3333333333333333333333333333,5,73181.026,2029.52,173627.09,5,1
USR-000774,ACC-000774,EVT-000774-11,0,1,1,1,0,0,0,1,1,1,0,1,0,0,,0,,,10,0.3333333333333333333333333333,5,80812.812,3258.36,159612.35,5,0
USR-000775,ACC-000775,EVT-000775-11,1,0,1,1,0,0,0,1,1,1,0,1,0,0,,0,,,10,0.3333333333333333333333333333,5,65894.174,1435.75,143175.58,5,1
USR-000776,ACC-000776,EVT-000776-11,1,0,1,1,0,0,0,1,1,1,0,1,0,0,,0,,,10,0.3333333333333333333333333333,5,58038.81,2907.64,159883.66,5,0
USR-000777,ACC-000777,EVT-000777-11,0,1,1,1,0,0,0,1,1,1,0,1,0,0,,0,,,10,0.3333333333333333333333333333,5,29872.41,2589.96,63954.43,5,0
USR-000778,ACC-000778,EVT-000778-11,1,0,1,0,0,0,1,0,0,0,0,0,0,0,,0,,,10,0.3333333333333333333333333333,5,120523.238,2645.61,469094.38,5,0
USR-000779,ACC-000779,EVT-000779-11,0,1,1,1,0,0,0,1,1,1,0,1,0,0,,0,,,10,0.3333333333333333333333333333,5,60286.572,197.81,176922.08,5,0
USR-000780,ACC-000780,EVT-000780-11,1,0,1,1,0,0,0,2,1,1,0,1,0,0,,0,,,10,0.3333333333333333333333333333,5,48437.546,10505.04,92489.21,5,0
USR-000781,ACC-000781,EVT-000781-11,0,1,1,1,0,0,0,1,1,1,0,1,0,0,,0,,,10,0.3333333333333333333333333333,5,69018.736,3325.24,174331.56,5,0
USR-000782,ACC-000782,EVT-000782-11,1,0,1,1,0,0,0,1,1,1,0,1,0,0,,0,,,10,0.3333333333333333333333333333,5,317639.12,20698.07,518922.29,5,1
USR-000783,ACC-000783,EVT-000783-11,1,0,1,0,0,0,1,0,0,0,0,0,0,0,,0,,,10,0.3333333333333333333333333333,5,150881.254,8405.07,338467.46,5,0
USR-000784,ACC-000784,EVT-000784-11,1,0,1,1,0,1,0,2,1,0,0,0,0,0,,0,,,10,0.3333333333333333333333333333,5,178372.422,25582.59,274786.16,5,1
USR-000785,ACC-000785,EVT-000785-11,1,0,1,0,0,0,1,0,0,0,0,0,0,0,,0,,,10,0.3333333333333333333333333333,5,151334.548,6770.65,322753.85,5,0
USR-000786,ACC-000786,EVT-000786-11,1,0,1,1,0,0,0,1,1,1,0,1,0,0,,0,,,10,0.3333333333333333333333333333,5,51704.822,10091.31,99505.43,5,1
USR-000787,ACC-000787,EVT-000787-11,0,1,1,1,1,1,0,1,1,0,0,0,0,0,,0,,,10,0.3333333333333333333333333333,5,140293.256,41913.72,402629.66,5,1
USR-000788,ACC-000788,EVT-000788-11,0,1,1,1,1,1,0,1,1,0,0,0,0,0,,0,,,10,0.3333333333333333333333333333,5,107893.36,2281.69,339225.07,5,1
USR-000789,ACC-000789,EVT-000789-11,1,0,1,1,0,0,0,1,1,1,0,1,0,0,,0,,,10,0.3333333333333333333333333333,5,306595.578,12212.98,1222261.32,5,0
USR-000790,ACC-000790,EVT-000790-11,1,0,1,1,0,0,0,1,1,1,0,1,0,0,,0,,,10,0.3333333333333333333333333333,5,143081.858,901.79,600597.62,5,1
USR-000791,ACC-000791,EVT-000791-11,0,1,1,1,1,1,0,1,1,0,0,0,0,0,,0,,,10,0.3333333333333333333333333333,5,8075.45,3884.13,16306.74,5,1
USR-000792,ACC-000792,EVT-000792-11,1,0,1,1,0,0,0,2,1,1,0,1,0,0,,0,,,10,0.3333333333333333333333333333,5,1003693.342,2905.82,4440905.84,5,0
USR-000793,ACC-000793,EVT-000793-11,1,0,1,1,0,1,0,2,1,0,0,0,0,0,,0,,,10,0.3333333333333333333333333333,5,144352.028,8762.7,237824.73,5,1
USR-000794,ACC-000794,EVT-000794-11,0,1,1,0,0,0,1,0,0,0,0,0,0,0,,0,,,10,0.3333333333333333333333333333,5,114901.072,1097.18,209606.93,5,0
USR-000795,ACC-000795,EVT-000795-11,1,0,1,0,0,0,1,0,0,0,0,0,0,0,,0,,,10,0.3333333333333333333333333333,5,9951991.496,5365.13,49203983.59,5,0
USR-000796,ACC-000796,EVT-000796-11,1,0,1,1,0,0,0,2,1,1,0,1,0,0,,0,,,10,0.3333333333333333333333333333,5,116398.292,5095.68,298474.33,5,0
USR-000797,ACC-000797,EVT-000797-11,1,0,1,1,0,1,0,2,1,0,0,0,0,0,,0,,,10,0.3333333333333333333333333333,5,74459.47,4091.43,335420.54,5,1
USR-000798,ACC-000798,EVT-000798-11,0,1,1,1,1,1,0,1,1,0,0,0,0,0,,0,,,10,0.3333333333333333333333333333,5,412919.588,469.21,1012951.04,5,1
USR-000799,ACC-000799,EVT-000799-11,1,0,1,1,0,0,0,2,1,1,0,1,0,0,,0,,,10,0.3333333333333333333333333333,5,145531.504,70630.75,274097.11,5,0
USR-000800,ACC-000800,EVT-000800-11,1,0,1,0,0,0,1,0,0,0,0,0,0,0,,0,,,10,0.3333333333333333333333333333,5,113950.73,5862.16,239071.42,5,0
USR-000801,ACC-000801,EVT-000801-11,1,0,1,1,0,0,0,1,1,1,0,1,0,0,,0,,,10,0.3333333333333333333333333333,5,122164.694,5617.93,311635.45,5,0
USR-000802,ACC-000802,EVT-000802-11,1,0,1,0,0,0,1,0,0,0,0,0,0,0,,0,,,10,0.3333333333333333333333333333,5,367156.324,11249.44,1190603.45,5,0
USR-000803,ACC-000803,EVT-000803-11,0,1,1,1,0,0,0,1,1,1,0,1,0,0,,0,,,10,0.3333333333333333333333333333,5,121700.93,13009.13,454033.0,5,0
USR-000804,ACC-000804,EVT-000804-11,0,1,1,1,0,0,0,1,1,1,0,1,0,0,,0,,,10,0.3333333333333333333333333333,5,77205.916,22789.01,207219.01,5,0
USR-000805,ACC-000805,EVT-000805-11,1,0,1,1,0,0,0,2,1,1,0,1,0,0,,0,,,10,0.3333333333333333333333333333,5,152587.302,13436.49,446354.92,5,0
USR-000806,ACC-000806,EVT-000806-11,0,1,1,0,0,0,1,0,0,0,0,0,0,0,,0,,,10,0.3333333333333333333333333333,5,117732.306,5203.82,171232.51,5,0
USR-000807,ACC-000807,EVT-000807-11,1,0,1,1,0,0,0,1,1,1,0,1,0,0,,0,,,10,0.3333333333333333333333333333,5,202156.728,15899.94,646061.57,5,1
USR-000808,ACC-000808,EVT-000808-11,0,1,1,1,0,0,0,1,1,1,0,1,0,0,,0,,,10,0.3333333333333333333333333333,5,132895.832,3790.55,373492.2,5,0
USR-000809,ACC-000809,EVT-000809-11,0,1,1,1,1,1,0,1,1,0,0,0,0,0,,0,,,10,0.3333333333333333333333333333,5,162140.092,59.36,580034.91,5,1
USR-000810,ACC-000810,EVT-000810-11,0,1,1,1,0,0,0,1,1,1,0,1,0,0,,0,,,10,0.3333333333333333333333333333,5,113185.458,3336.92,393892.53,5,0
USR-000811,ACC-000811,EVT-000811-11,1,0,1,0,0,0,1,0,0,0,0,0,0,0,,0,,,10,0.3333333333333333333333333333,5,141592.046,10306.57,327257.34,5,0
USR-000812,ACC-000812,EVT-000812-11,0,1,1,1,0,0,0,1,1,1,0,1,0,0,,0,,,10,0.3333333333333333333333333333,5,285924.832,84975.46,445797.93,5,0
USR-000813,ACC-000813,EVT-000813-11,0,1,1,1,0,0,0,1,1,1,0,1,0,0,,0,,,10,0.3333333333333333333333333333,5,164810.558,4634.27,398439.03,5,0
USR-000814,ACC-000814,EVT-000814-11,1,0,1,0,0,0,1,0,0,0,0,0,0,0,,0,,,10,0.3333333333333333333333333333,5,106697.514,3790.43,209308.79,5,0
USR-000815,ACC-000815,EVT-000815-11,1,0,1,0,0,0,1,0,0,0,0,0,0,0,,0,,,10,0.3333333333333333333333333333,5,205103.252,20157.76,450279.59,5,0
USR-000816,ACC-000816,EVT-000816-11,1,0,1,1,0,0,0,1,1,1,0,1,0,0,,0,,,10,0.3333333333333333333333333333,5,50732.938,6880.57,151736.99,5,0
USR-000817,ACC-000817,EVT-000817-11,1,0,1,1,0,0,0,1,1,1,0,1,0,0,,0,,,10,0.3333333333333333333333333333,5,63326.282,8437.57,235078.2,5,1
USR-000818,ACC-000818,EVT-000818-11,1,0,1,1,0,0,0,1,1,1,0,1,0,0,,0,,,10,0.3333333333333333333333333333,5,92757.366,15061.62,172267.09,5,0
USR-000819,ACC-000819,EVT-000819-11,0,1,1,1,1,1,0,1,1,0,0,0,0,0,,0,,,10,0.3333333333333333333333333333,5,189339.038,22344.99,333753.78,5,1
USR-000820,ACC-000820,EVT-000820-11,0,1,1,1,0,0,0,1,1,1,0,1,0,0,,0,,,10,0.3333333333333333333333333333,5,42172.228,1182.64,136012.73,5,0
USR-000821,ACC-000821,EVT-000821-11,0,1,1,1,1,1,0,1,1,0,0,0,0,0,,0,,,10,0.3333333333333333333333333333,5,190054.322,7043.72,434688.39,5,1
USR-000822,ACC-000822,EVT-000822-11,0,1,1,0,0,0,1,0,0,0,0,0,0,0,,0,,,10,0.3333333333333333333333333333,5,112259.982,3152.23,201615.24,5,0
USR-000823,ACC-000823,EVT-000823-11,1,0,1,1,0,0,0,1,1,1,0,1,0,0,,0,,,10,0.3333333333333333333333333333,5,172280.362,3187.71,595421.3,5,1
USR-000824,ACC-000824,EVT-000824-11,1,0,1,1,0,1,0,2,1,0,0,0,0,0,,0,,,10,0.3333333333333333333333333333,5,160553.46,11731.91,362115.35,5,1
USR-000825,ACC-000825,EVT-000825-11,0,1,1,1,0,0,0,1,1,1,0,1,0,0,,0,,,10,0.3333333333333333333333333333,5,119417.912,15685.68,260111.24,5,0
USR-000826,ACC-000826,EVT-000826-11,0,1,1,1,1,1,0,1,1,0,0,0,0,0,,0,,,10,0.3333333333333333333333333333,5,174009.34,535.49,405502.95,5,1
USR-000827,ACC-000827,EVT-000827-11,1,0,1,1,0,0,0,1,1,1,0,1,0,0,,0,,,10,0.3333333333333333333333333333,5,112795.27,5084.87,196972.76,5,0
USR-000828,ACC-000828,EVT-000828-11,0,1,1,0,0,0,1,0,0,0,0,0,0,0,,0,,,10,0.3333333333333333333333333333,5,99461.924,34234.72,126401.91,5,0
USR-000829,ACC-000829,EVT-000829-11,1,0,1,1,0,0,0,1,1,1,0,1,0,0,,0,,,10,0.3333333333333333333333333333,5,138583.756,870.08,591161.73,5,0
USR-000830,ACC-000830,EVT-000830-11,1,0,1,1,0,0,0,2,1,1,0,1,0,0,,0,,,10,0.3333333333333333333333333333,5,38523.688,8.11,84150.56,5,0
USR-000831,ACC-000831,EVT-000831-11,1,0,1,0,0,0,1,0,0,0,0,0,0,0,,0,,,10,0.3333333333333333333333333333,5,288335.92,88563.48,694095.57,5,0
USR-000832,ACC-000832,EVT-000832-11,0,1,1,1,0,0,0,1,1,1,0,1,0,0,,0,,,10,0.3333333333333333333333333333,5,216687.786,2529.57,641880.72,5,0
USR-000833,ACC-000833,EVT-000833-11,0,1,1,1,1,1,0,1,1,0,0,0,0,0,,0,,,10,0.3333333333333333333333333333,5,129254.506,9651.99,376323.62,5,1
USR-000834,ACC-000834,EVT-000834-11,1,0,1,1,0,0,0,1,1,1,0,1,0,0,,0,,,10,0.3333333333333333333333333333,5,103075.32,1374.11,231759.25,5,0
USR-000835,ACC-000835,EVT-000835-11,1,0,1,1,0,0,0,2,1,1,0,1,0,0,,0,,,10,0.3333333333333333333333333333,5,253699.70,57274.33,477233.38,5,0
USR-000836,ACC-000836,EVT-000836-11,1,0,1,0,0,0,1,0,0,0,0,0,0,0,,0,,,10,0.3333333333333333333333333333,5,335921.232,24934.0,1388713.91,5,0
USR-000837,ACC-000837,EVT-000837-11,1,0,1,0,0,0,1,0,0,0,0,0,0,0,,0,,,10,0.3333333333333333333333333333,5,69220.866,6163.09,172287.93,5,0
USR-000838,ACC-000838,EVT-000838-11,1,0,1,1,0,0,0,1,1,1,0,1,0,0,,0,,,10,0.3333333333333333333333333333,5,122676.842,3190.82,318445.12,5,1
USR-000839,ACC-000839,EVT-000839-11,1,0,1,1,0,0,0,1,1,1,0,1,0,0,,0,,,10,0.3333333333333333333333333333,5,235764.548,14423.76,392836.59,5,1
USR-000840,ACC-000840,EVT-000840-11,0,1,1,0,0,0,1,0,0,0,0,0,0,0,,0,,,10,0.3333333333333333333333333333,5,122900.69,15793.76,397149.84,5,0
USR-000841,ACC-000841,EVT-000841-11,0,1,1,0,0,0,1,0,0,0,0,0,0,0,,0,,,10,0.3333333333333333333333333333,5,328024.228,8380.22,1220629.33,5,0
USR-000842,ACC-000842,EVT-000842-11,1,0,1,1,0,0,0,1,1,1,0,1,0,0,,0,,,10,0.3333333333333333333333333333,5,628412.936,1713.74,2920011.21,5,1
USR-000843,ACC-000843,EVT-000843-11,0,1,1,0,0,0,1,0,0,0,0,0,0,0,,0,,,10,0.3333333333333333333333333333,5,42440.348,7842.17,116252.42,5,0
USR-000844,ACC-000844,EVT-000844-11,1,0,1,1,0,0,0,1,1,1,0,1,0,0,,0,,,10,0.3333333333333333333333333333,5,99570.158,4013.72,168267.09,5,1
USR-000845,ACC-000845,EVT-000845-11,1,0,1,0,0,0,1,0,0,0,0,0,0,0,,0,,,10,0.3333333333333333333333333333,5,851269.992,133569.73,3330241.4,5,0
USR-000846,ACC-000846,EVT-000846-11,1,0,1,1,0,0,0,1,1,1,0,1,0,0,,0,,,10,0.3333333333333333333333333333,5,205725.046,4862.42,504610.06,5,1
USR-000847,ACC-000847,EVT-000847-11,0,1,1,1,1,1,0,1,1,0,0,0,0,0,,0,,,10,0.3333333333333333333333333333,5,129356.342,14176.9,395758.6,5,1
USR-000848,ACC-000848,EVT-000848-11,0,1,1,1,1,1,0,1,1,0,0,0,0,0,,0,,,10,0.3333333333333333333333333333,5,73063.204,2878.8,168476.11,5,1
USR-000849,ACC-000849,EVT-000849-11,1,0,1,1,0,0,0,2,1,1,0,1,0,0,,0,,,10,0.3333333333333333333333333333,5,55807.01,6882.34,193257.84,5,0
USR-000850,ACC-000850,EVT-000850-11,1,0,1,1,0,0,0,1,1,1,0,1,0,0,,0,,,10,0.3333333333333333333333333333,5,238441.75,11651.87,815405.06,5,1
USR-000851,ACC-000851,EVT-000851-11,1,0,1,1,0,1,0,2,1,0,0,0,0,0,,0,,,10,0.3333333333333333333333333333,5,155738.086,83659.84,239971.1,5,1
USR-000852,ACC-000852,EVT-000852-11,0,1,1,1,1,1,0,1,1,0,0,0,0,0,,0,,,10,0.3333333333333333333333333333,5,49443.924,1332.35,140475.39,5,1
USR-000853,ACC-000853,EVT-000853-11,1,0,1,1,0,0,0,1,1,1,0,1,0,0,,0,,,10,0.3333333333333333333333333333,5,371540.452,3317.09,1246954.78,5,0
USR-000854,ACC-000854,EVT-000854-11,1,0,1,1,0,0,0,2,1,1,0,1,0,0,,0,,,10,0.3333333333333333333333333333,5,216941.534,856.28,708670.31,5,0
USR-000855,ACC-000855,EVT-000855-11,1,0,1,0,0,0,1,0,0,0,0,0,0,0,,0,,,10,0.3333333333333333333333333333,5,42928.788,7788.05,159316.78,5,0
USR-000856,ACC-000856,EVT-000856-11,1,0,1,1,0,1,0,2,1,0,0,0,0,0,,0,,,10,0.3333333333333333333333333333,5,323098.798,33897.8,1388028.85,5,1
USR-000857,ACC-000857,EVT-000857-11,1,0,1,1,0,0,0,1,1,1,0,1,0,0,,0,,,10,0.3333333333333333333333333333,5,136468.774,11071.82,385278.06,5,0
USR-000858,ACC-000858,EVT-000858-11,1,0,1,1,0,0,0,1,1,1,0,1,0,0,,0,,,10,0.3333333333333333333333333333,5,83528.012,2366.43,264533.36,5,1
USR-000859,ACC-000859,EVT-000859-11,1,0,1,1,0,0,0,1,1,1,0,1,0,0,,0,,,10,0.3333333333333333333333333333,5,113574.17,1864.26,314048.11,5,0
USR-000860,ACC-000860,EVT-000860-11,1,0,1,1,0,0,0,1,1,1,0,1,0,0,,0,,,10,0.3333333333333333333333333333,5,315365.992,9322.54,1079685.41,5,1
USR-000861,ACC-000861,EVT-000861-11,1,0,1,1,0,1,0,2,1,0,0,0,0,0,,0,,,10,0.3333333333333333333333333333,5,44450.036,6414.22,118402.74,5,1
USR-000862,ACC-000862,EVT-000862-11,1,0,1,1,0,1,0,2,1,0,0,0,0,0,,0,,,10,0.3333333333333333333333333333,5,35094.46,2536.21,82120.68,5,1
USR-000863,ACC-000863,EVT-000863-11,0,1,1,0,0,0,1,0,0,0,0,0,0,0,,0,,,10,0.3333333333333333333333333333,5,229147.80,57866.86,519906.58,5,0
USR-000864,ACC-000864,EVT-000864-11,1,0,1,1,0,0,0,1,1,1,0,1,0,0,,0,,,10,0.3333333333333333333333333333,5,179925.712,2451.56,382789.26,5,0
USR-000865,ACC-000865,EVT-000865-11,1,0,1,1,0,1,0,2,1,0,0,0,0,0,,0,,,10,0.3333333333333333333333333333,5,143138.968,3739.96,261913.94,5,1
USR-000866,ACC-000866,EVT-000866-11,1,0,1,1,0,0,0,2,1,1,0,1,0,0,,0,,,10,0.3333333333333333333333333333,5,202456.056,1885.14,888166.14,5,0
USR-000867,ACC-000867,EVT-000867-11,1,0,1,0,0,0,1,0,0,0,0,0,0,0,,0,,,10,0.3333333333333333333333333333,5,90185.12,6554.39,187607.14,5,0
USR-000868,ACC-000868,EVT-000868-11,0,1,1,1,0,0,0,1,1,1,0,1,0,0,,0,,,10,0.3333333333333333333333333333,5,112958.75,11108.04,290794.94,5,0
USR-000869,ACC-000869,EVT-000869-11,1,0,1,1,0,0,0,1,1,1,0,1,0,0,,0,,,10,0.3333333333333333333333333333,5,301572.714,8799.35,1137763.15,5,0
USR-000870,ACC-000870,EVT-000870-11,1,0,1,1,0,0,0,1,1,1,0,1,0,0,,0,,,10,0.3333333333333333333333333333,5,1135437.75,36464.6,3116889.41,5,0
USR-000871,ACC-000871,EVT-000871-11,0,1,1,1,0,0,0,1,1,1,0,1,0,0,,0,,,10,0.3333333333333333333333333333,5,245715.80,39787.86,486702.26,5,0
USR-000872,ACC-000872,EVT-000872-11,1,0,1,0,0,0,1,0,0,0,0,0,0,0,,0,,,10,0.3333333333333333333333333333,5,101532.206,8648.34,381088.25,5,0
USR-000873,ACC-000873,EVT-000873-11,0,1,1,1,1,1,0,1,1,0,0,0,0,0,,0,,,10,0.3333333333333333333333333333,5,115963.654,795.84,256143.43,5,1
USR-000874,ACC-000874,EVT-000874-11,0,1,1,0,0,0,1,0,0,0,0,0,0,0,,0,,,10,0.3333333333333333333333333333,5,136162.522,15636.69,412288.71,5,0
USR-000875,ACC-000875,EVT-000875-11,1,0,1,1,0,0,0,1,1,1,0,1,0,0,,0,,,10,0.3333333333333333333333333333,5,109010.996,1976.19,275249.74,5,0
USR-000876,ACC-000876,EVT-000876-11,0,1,1,0,0,0,1,0,0,0,0,0,0,0,,0,,,10,0.3333333333333333333333333333,5,117292.112,39.76,367699.72,5,0
USR-000877,ACC-000877,EVT-000877-11,1,0,1,1,0,0,0,1,1,1,0,1,0,0,,0,,,10,0.3333333333333333333333333333,5,120828.148,358.77,241169.9,5,0
USR-000878,ACC-000878,EVT-000878-11,1,0,1,1,0,0,0,1,1,1,0,1,0,0,,0,,,10,0.3333333333333333333333333333,5,93041.492,2916.24,234132.77,5,0
USR-000879,ACC-000879,EVT-000879-11,1,0,1,1,0,1,0,2,1,0,0,0,0,0,,0,,,10,0.3333333333333333333333333333,5,111976.846,3216.54,273095.62,5,1
USR-000880,ACC-000880,EVT-000880-11,1,0,1,1,0,0,0,2,1,1,0,1,0,0,,0,,,10,0.3333333333333333333333333333,5,166581.06,11325.84,382350.68,5,0
USR-000881,ACC-000881,EVT-000881-11,1,0,1,1,0,0,0,1,1,1,0,1,0,0,,0,,,10,0.3333333333333333333333333333,5,158061.796,4878.54,351085.05,5,1
USR-000882,ACC-000882,EVT-000882-11,1,0,1,0,0,0,1,0,0,0,0,0,0,0,,0,,,10,0.3333333333333333333333333333,5,162313.24,10220.34,346279.24,5,0
USR-000883,ACC-000883,EVT-000883-11,1,0,1,1,0,0,0,1,1,1,0,1,0,0,,0,,,10,0.3333333333333333333333333333,5,174089.194,5504.4,317390.6,5,0
USR-000884,ACC-000884,EVT-000884-11,1,0,1,0,0,0,1,0,0,0,0,0,0,0,,0,,,10,0.3333333333333333333333333333,5,157774.856,2741.43,391006.49,5,0
USR-000885,ACC-000885,EVT-000885-11,1,0,1,1,0,1,0,2,1,0,0,0,0,0,,0,,,10,0.3333333333333333333333333333,5,106979.522,7936.98,228897.88,5,1
USR-000886,ACC-000886,EVT-000886-11,1,0,1,1,0,0,0,2,1,1,0,1,0,0,,0,,,10,0.3333333333333333333333333333,5,65119.402,11174.1,154796.12,5,0
USR-000887,ACC-000887,EVT-000887-11,1,0,1,1,0,0,0,2,1,1,0,1,0,0,,0,,,10,0.3333333333333333333333333333,5,474387.578,135323.96,1143138.81,5,0
USR-000888,ACC-000888,EVT-000888-11,0,1,1,0,0,0,1,0,0,0,0,0,0,0,,0,,,10,0.3333333333333333333333333333,5,456824.95,4913.03,2070304.03,5,0
USR-000889,ACC-000889,EVT-000889-11,1,0,1,1,0,1,0,2,1,0,0,0,0,0,,0,,,10,0.3333333333333333333333333333,5,117349.696,33031.8,221066.56,5,1
USR-000890,ACC-000890,EVT-000890-11,1,0,1,1,0,0,0,1,1,1,0,1,0,0,,0,,,10,0.3333333333333333333333333333,5,101100.82,1396.59,261067.89,5,0
USR-000891,ACC-000891,EVT-000891-11,1,0,1,1,0,0,0,1,1,1,0,1,0,0,,0,,,10,0.3333333333333333333333333333,5,151499.18,5814.42,451583.13,5,0
USR-000892,ACC-000892,EVT-000892-11,1,0,1,1,0,0,0,1,1,1,0,1,0,0,,0,,,10,0.3333333333333333333333333333,5,3073380.244,3451.96,15202210.25,5,0
USR-000893,ACC-000893,EVT-000893-11,1,0,1,1,0,1,0,2,1,0,0,0,0,0,,0,,,10,0.3333333333333333333333333333,5,101742.958,11590.84,165322.52,5,1
USR-000894,ACC-000894,EVT-000894-11,0,1,1,1,0,0,0,1,1,1,0,1,0,0,,0,,,10,0.3333333333333333333333333333,5,134073.312,14610.56,526888.45,5,0
USR-000895,ACC-000895,EVT-000895-11,1,0,1,1,0,1,0,2,1,0,0,0,0,0,,0,,,10,0.3333333333333333333333333333,5,183031.374,6107.06,445252.78,5,1
USR-000896,ACC-000896,EVT-000896-11,0,1,1,0,0,0,1,0,0,0,0,0,0,0,,0,,,10,0.3333333333333333333333333333,5,212067.262,2234.38,511093.19,5,0
USR-000897,ACC-000897,EVT-000897-11,1,0,1,1,0,1,0,2,1,0,0,0,0,0,,0,,,10,0.3333333333333333333333333333,5,19743.138,8557.84,56404.04,5,1
USR-000898,ACC-000898,EVT-000898-11,0,1,1,1,0,0,0,1,1,1,0,1,0,0,,0,,,10,0.3333333333333333333333333333,5,220573.46,1885.14,426232.97,5,0
USR-000899,ACC-000899,EVT-000899-11,1,0,1,1,0,0,0,1,1,1,0,1,0,0,,0,,,10,0.3333333333333333333333333333,5,116603.30,12557.71,282674.52,5,0
USR-000900,ACC-000900,EVT-000900-11,0,1,1,0,0,0,1,0,0,0,0,0,0,0,,0,,,10,0.3333333333333333333333333333,5,408468.976,2692.62,1412894.72,5,0
USR-000901,ACC-000901,EVT-000901-11,0,1,1,1,1,1,0,1,1,0,0,0,0,0,,0,,,10,0.3333333333333333333333333333,5,200462.092,64565.07,418054.2,5,1
USR-000902,ACC-000902,EVT-000902-11,0,1,1,1,1,1,0,1,1,0,0,0,0,0,,0,,,10,0.3333333333333333333333333333,5,249166.612,24857.91,537832.91,5,1
USR-000903,ACC-000903,EVT-000903-11,0,1,1,1,0,0,0,1,1,1,0,1,0,0,,0,,,10,0.3333333333333333333333333333,5,448092.988,2308.44,1533403.74,5,0
USR-000904,ACC-000904,EVT-000904-11,0,1,1,1,0,0,0,1,1,1,0,1,0,0,,0,,,10,0.3333333333333333333333333333,5,24445.222,4049.87,80198.75,5,0
USR-000905,ACC-000905,EVT-000905-11,0,1,1,1,1,1,0,1,1,0,0,0,0,0,,0,,,10,0.3333333333333333333333333333,5,351522.716,39547.2,1161028.67,5,1
USR-000906,ACC-000906,EVT-000906-11,1,0,1,1,0,0,0,1,1,1,0,1,0,0,,0,,,10,0.3333333333333333333333333333,5,163194.858,9547.62,390571.67,5,1
USR-000907,ACC-000907,EVT-000907-11,0,1,1,1,1,1,0,1,1,0,0,0,0,0,,0,,,10,0.3333333333333333333333333333,5,57073.098,3646.95,179011.75,5,1
USR-000908,ACC-000908,EVT-000908-11,1,0,1,1,0,0,0,1,1,1,0,1,0,0,,0,,,10,0.3333333333333333333333333333,5,122470.168,14559.57,284674.84,5,0
USR-000909,ACC-000909,EVT-000909-11,1,0,1,0,0,0,1,0,0,0,0,0,0,0,,0,,,10,0.3333333333333333333333333333,5,97497.318,5141.03,232022.55,5,0
USR-000910,ACC-000910,EVT-000910-11,1,0,1,1,0,0,0,1,1,1,0,1,0,0,,0,,,10,0.3333333333333333333333333333,5,98209.59,3811.08,329576.7,5,0
USR-000911,ACC-000911,EVT-000911-11,0,1,1,1,0,0,0,1,1,1,0,1,0,0,,0,,,10,0.3333333333333333333333333333,5,91648.256,5135.46,366562.37,5,0
USR-000912,ACC-000912,EVT-000912-11,1,0,1,1,0,1,0,2,1,0,0,0,0,0,,0,,,10,0.3333333333333333333333333333,5,374715.694,8562.68,1785174.47,5,1
USR-000913,ACC-000913,EVT-000913-11,1,0,1,1,0,1,0,2,1,0,0,0,0,0,,0,,,10,0.3333333333333333333333333333,5,19351.368,3114.66,65368.85,5,1
USR-000914,ACC-000914,EVT-000914-11,1,0,1,1,0,0,0,1,1,1,0,1,0,0,,0,,,10,0.3333333333333333333333333333,5,161394.536,47661.72,394905.04,5,0
USR-000915,ACC-000915,EVT-000915-11,0,1,1,1,0,0,0,1,1,1,0,1,0,0,,0,,,10,0.3333333333333333333333333333,5,925984.35,12921.46,3672983.13,5,0
USR-000916,ACC-000916,EVT-000916-11,0,1,1,0,0,0,1,0,0,0,0,0,0,0,,0,,,10,0.3333333333333333333333333333,5,165675.494,77245.93,317532.57,5,0
USR-000917,ACC-000917,EVT-000917-11,1,0,1,0,0,0,1,0,0,0,0,0,0,0,,0,,,10,0.3333333333333333333333333333,5,157091.878,15705.47,449851.09,5,0
USR-000918,ACC-000918,EVT-000918-11,1,0,1,1,0,1,0,2,1,0,0,0,0,0,,0,,,10,0.3333333333333333333333333333,5,153688.098,9674.73,370480.99,5,1
USR-000919,ACC-000919,EVT-000919-11,0,1,1,0,0,0,1,0,0,0,0,0,0,0,,0,,,10,0.3333333333333333333333333333,5,47632.73,2380.87,201095.65,5,0
USR-000920,ACC-000920,EVT-000920-11,1,0,1,1,0,0,0,1,1,1,0,1,0,0,,0,,,10,0.3333333333333333333333333333,5,63507.10,4581.9,188702.16,5,1
USR-000921,ACC-000921,EVT-000921-11,0,1,1,1,1,1,0,1,1,0,0,0,0,0,,0,,,10,0.3333333333333333333333333333,5,155518.358,1168.61,466688.07,5,1
USR-000922,ACC-000922,EVT-000922-11,1,0,1,1,0,1,0,2,1,0,0,0,0,0,,0,,,10,0.3333333333333333333333333333,5,92629.58,7603.22,271517.16,5,1
USR-000923,ACC-000923,EVT-000923-11,0,1,1,0,0,0,1,0,0,0,0,0,0,0,,0,,,10,0.3333333333333333333333333333,5,137902.608,22737.16,302549.72,5,0
USR-000924,ACC-000924,EVT-000924-11,1,0,1,1,0,0,0,2,1,1,0,1,0,0,,0,,,10,0.3333333333333333333333333333,5,113038.772,13915.87,372415.24,5,0
USR-000925,ACC-000925,EVT-000925-11,1,0,1,1,0,1,0,2,1,0,0,0,0,0,,0,,,10,0.3333333333333333333333333333,5,284218.944,155141.92,630428.81,5,1
USR-000926,ACC-000926,EVT-000926-11,1,0,1,1,0,0,0,1,1,1,0,1,0,0,,0,,,10,0.3333333333333333333333333333,5,162692.046,81118.57,322500.9,5,0
USR-000927,ACC-000927,EVT-000927-11,1,0,1,1,0,0,0,1,1,1,0,1,0,0,,0,,,10,0.3333333333333333333333333333,5,211502.654,105005.92,399618.42,5,0
USR-000928,ACC-000928,EVT-000928-11,1,0,1,1,0,0,0,1,1,1,0,1,0,0,,0,,,10,0.3333333333333333333333333333,5,57338.696,1494.54,113853.47,5,0
USR-000929,ACC-000929,EVT-000929-11,0,1,1,0,0,0,1,0,0,0,0,0,0,0,,0,,,10,0.3333333333333333333333333333,5,27793.744,8741.11,90937.16,5,0
USR-000930,ACC-000930,EVT-000930-11,0,1,1,1,0,0,0,1,1,1,0,1,0,0,,0,,,10,0.3333333333333333333333333333,5,227688.228,4326.98,446962.91,5,0
USR-000931,ACC-000931,EVT-000931-11,0,1,1,0,0,0,1,0,0,0,0,0,0,0,,0,,,10,0.3333333333333333333333333333,5,57725.178,2347.05,237336.45,5,0
USR-000932,ACC-000932,EVT-000932-11,1,0,1,1,0,0,0,2,1,1,0,1,0,0,,0,,,10,0.3333333333333333333333333333,5,130007.114,1737.26,516590.73,5,0
USR-000933,ACC-000933,EVT-000933-11,1,0,1,1,0,0,0,1,1,1,0,1,0,0,,0,,,10,0.3333333333333333333333333333,5,285940.288,661.05,1410410.3,5,1
USR-000934,ACC-000934,EVT-000934-11,1,0,1,0,0,0,1,0,0,0,0,0,0,0,,0,,,10,0.3333333333333333333333333333,5,115814.244,340.02,534407.77,5,0
USR-000935,ACC-000935,EVT-000935-11,0,1,1,1,0,0,0,1,1,1,0,1,0,0,,0,,,10,0.3333333333333333333333333333,5,27779.10,7249.73,67395.92,5,0
USR-000936,ACC-000936,EVT-000936-11,1,0,1,1,0,1,0,2,1,0,0,0,0,0,,0,,,10,0.3333333333333333333333333333,5,40290.63,3736.48,109575.44,5,1
USR-000937,ACC-000937,EVT-000937-11,1,0,1,1,0,0,0,1,1,1,0,1,0,0,,0,,,10,0.3333333333333333333333333333,5,98005.508,3238.4,203765.44,5,1
USR-000938,ACC-000938,EVT-000938-11,0,1,1,1,1,1,0,1,1,0,0,0,0,0,,0,,,10,0.3333333333333333333333333333,5,189382.376,2290.06,402707.18,5,1
USR-000939,ACC-000939,EVT-000939-11,0,1,1,1,0,0,0,1,1,1,0,1,0,0,,0,,,10,0.3333333333333333333333333333,5,143661.952,6606.16,502649.97,5,0
USR-000940,ACC-000940,EVT-000940-11,1,0,1,1,0,0,0,2,1,1,0,1,0,0,,0,,,10,0.3333333333333333333333333333,5,142241.844,21174.47,210070.04,5,0
USR-000941,ACC-000941,EVT-000941-11,1,0,1,1,0,0,0,1,1,1,0,1,0,0,,0,,,10,0.3333333333333333333333333333,5,94249.116,14487.43,252436.92,5,0
USR-000942,ACC-000942,EVT-000942-11,0,1,1,1,1,1,0,1,1,0,0,0,0,0,,0,,,10,0.3333333333333333333333333333,5,121731.066,3342.86,336961.55,5,1
USR-000943,ACC-000943,EVT-000943-11,1,0,1,1,0,0,0,1,1,1,0,1,0,0,,0,,,10,0.3333333333333333333333333333,5,265440.832,6185.13,682369.46,5,0
USR-000944,ACC-000944,EVT-000944-11,1,0,1,0,0,0,1,0,0,0,0,0,0,0,,0,,,10,0.3333333333333333333333333333,5,62338.948,5304.67,148044.15,5,0
USR-000945,ACC-000945,EVT-000945-11,0,1,1,1,0,0,0,1,1,1,0,1,0,0,,0,,,10,0.3333333333333333333333333333,5,148406.40,3469.88,335360.2,5,0
USR-000946,ACC-000946,EVT-000946-11,1,0,1,1,0,1,0,2,1,0,0,0,0,0,,0,,,10,0.3333333333333333333333333333,5,120900.622,18281.6,209594.52,5,1
USR-000947,ACC-000947,EVT-000947-11,0,1,1,1,0,0,0,1,1,1,0,1,0,0,,0,,,10,0.3333333333333333333333333333,5,169180.162,7226.65,410987.1,5,0
USR-000948,ACC-000948,EVT-000948-11,1,0,1,1,0,0,0,1,1,1,0,1,0,0,,0,,,10,0.3333333333333333333333333333,5,194936.002,9825.98,386176.17,5,1
USR-000949,ACC-000949,EVT-000949-11,0,1,1,1,1,1,0,1,1,0,0,0,0,0,,0,,,10,0.3333333333333333333333333333,5,241028.306,127879.74,351678.2,5,1
USR-000950,ACC-000950,EVT-000950-11,0,1,1,1,1,1,0,1,1,0,0,0,0,0,,0,,,10,0.3333333333333333333333333333,5,24424.078,571.85,106205.87,5,1
USR-000951,ACC-000951,EVT-000951-11,1,0,1,0,0,0,1,0,0,0,0,0,0,0,,0,,,10,0.3333333333333333333333333333,5,160348.92,4645.03,322789.26,5,0
USR-000952,ACC-000952,EVT-000952-11,1,0,1,1,0,0,0,1,1,1,0,1,0,0,,0,,,10,0.3333333333333333333333333333,5,226381.252,7612.67,723476.51,5,1
USR-000953,ACC-000953,EVT-000953-11,1,0,1,1,0,0,0,2,1,1,0,1,0,0,,0,,,10,0.3333333333333333333333333333,5,111479.954,2356.41,473068.48,5,0
USR-000954,ACC-000954,EVT-000954-11,1,0,1,1,0,1,0,2,1,0,0,0,0,0,,0,,,10,0.3333333333333333333333333333,5,150349.378,10213.28,374629.01,5,1
USR-000955,ACC-000955,EVT-000955-11,1,0,1,1,0,0,0,2,1,1,0,1,0,0,,0,,,10,0.3333333333333333333333333333,5,115800.844,9338.36,258665.65,5,0
USR-000956,ACC-000956,EVT-000956-11,1,0,1,1,0,0,0,2,1,1,0,1,0,0,,0,,,10,0.3333333333333333333333333333,5,132566.32,17829.13,249116.0,5,0
USR-000957,ACC-000957,EVT-000957-11,1,0,1,1,0,1,0,2,1,0,0,0,0,0,,0,,,10,0.3333333333333333333333333333,5,15020.89,3894.94,46808.06,5,1
USR-000958,ACC-000958,EVT-000958-11,1,0,1,1,0,0,0,1,1,1,0,1,0,0,,0,,,10,0.3333333333333333333333333333,5,180884.732,27439.33,419925.83,5,0
USR-000959,ACC-000959,EVT-000959-11,0,1,1,1,0,0,0,1,1,1,0,1,0,0,,0,,,10,0.3333333333333333333333333333,5,241427.456,17479.81,563144.91,5,0
USR-000960,ACC-000960,EVT-000960-11,0,1,1,0,0,0,1,0,0,0,0,0,0,0,,0,,,10,0.3333333333333333333333333333,5,130347.704,3895.1,255814.47,5,0
USR-000961,ACC-000961,EVT-000961-11,0,1,1,0,0,0,1,0,0,0,0,0,0,0,,0,,,10,0.3333333333333333333333333333,5,128604.42,6007.5,227711.93,5,0
USR-000962,ACC-000962,EVT-000962-11,0,1,1,1,1,1,0,1,1,0,0,0,0,0,,0,,,10,0.3333333333333333333333333333,5,249633.11,1384.11,762025.11,5,1
USR-000963,ACC-000963,EVT-000963-11,1,0,1,1,0,0,0,1,1,1,0,1,0,0,,0,,,10,0.3333333333333333333333333333,5,198117.464,558.33,795929.55,5,0
USR-000964,ACC-000964,EVT-000964-11,1,0,1,1,0,0,0,2,1,1,0,1,0,0,,0,,,10,0.3333333333333333333333333333,5,92273.872,638.11,248253.38,5,0
USR-000965,ACC-000965,EVT-000965-11,1,0,1,1,0,0,0,2,1,1,0,1,0,0,,0,,,10,0.3333333333333333333333333333,5,95067.30,3043.58,193088.79,5,0
USR-000966,ACC-000966,EVT-000966-11,0,1,1,1,0,0,0,1,1,1,0,1,0,0,,0,,,10,0.3333333333333333333333333333,5,145632.032,5391.36,647887.89,5,0
USR-000967,ACC-000967,EVT-000967-11,0,1,1,1,0,0,0,1,1,1,0,1,0,0,,0,,,10,0.3333333333333333333333333333,5,83358.558,4004.14,369698.54,5,0
USR-000968,ACC-000968,EVT-000968-11,0,1,1,0,0,0,1,0,0,0,0,0,0,0,,0,,,10,0.3333333333333333333333333333,5,204695.062,1685.34,528405.86,5,0
USR-000969,ACC-000969,EVT-000969-11,1,0,1,1,0,0,0,1,1,1,0,1,0,0,,0,,,10,0.3333333333333333333333333333,5,160146.126,11545.04,407688.59,5,1
USR-000970,ACC-000970,EVT-000970-11,1,0,1,1,0,0,0,1,1,1,0,1,0,0,,0,,,10,0.3333333333333333333333333333,5,228511.024,5832.52,629201.49,5,0
USR-000971,ACC-000971,EVT-000971-11,0,1,1,1,1,1,0,1,1,0,0,0,0,0,,0,,,10,0.3333333333333333333333333333,5,85651.67,9893.63,214454.89,5,1
USR-000972,ACC-000972,EVT-000972-11,0,1,1,0,0,0,1,0,0,0,0,0,0,0,,0,,,10,0.3333333333333333333333333333,5,113068.222,36958.37,267377.86,5,0
USR-000973,ACC-000973,EVT-000973-11,1,0,1,1,0,0,0,1,1,1,0,1,0,0,,0,,,10,0.3333333333333333333333333333,5,95120.032,4446.73,348314.53,5,1
USR-000974,ACC-000974,EVT-000974-11,0,1,1,1,0,0,0,1,1,1,0,1,0,0,,0,,,10,0.3333333333333333333333333333,5,75428.694,6012.8,286204.96,5,0
USR-000975,ACC-000975,EVT-000975-11,0,1,1,1,1,1,0,1,1,0,0,0,0,0,,0,,,10,0.3333333333333333333333333333,5,79516.646,52.33,338397.06,5,1
USR-000976,ACC-000976,EVT-000976-11,0,1,1,1,0,0,0,1,1,1,0,1,0,0,,0,,,10,0.3333333333333333333333333333,5,186014.658,5598.73,522525.63,5,0
USR-000977,ACC-000977,EVT-000977-11,1,0,1,0,0,0,1,0,0,0,0,0,0,0,,0,,,10,0.3333333333333333333333333333,5,193792.096,4132.1,382710.44,5,0
USR-000978,ACC-000978,EVT-000978-11,1,0,1,1,0,0,0,1,1,1,0,1,0,0,,0,,,10,0.3333333333333333333333333333,5,63895.658,1608.63,134509.67,5,1
USR-000979,ACC-000979,EVT-000979-11,0,1,1,1,1,1,0,1,1,0,0,0,0,0,,0,,,10,0.3333333333333333333333333333,5,180466.82,2196.0,632567.13,5,1
USR-000980,ACC-000980,EVT-000980-11,1,0,1,1,0,1,0,2,1,0,0,0,0,0,,0,,,10,0.3333333333333333333333333333,5,137175.932,18812.96,493549.36,5,1
USR-000981,ACC-000981,EVT-000981-11,1,0,1,1,0,1,0,2,1,0,0,0,0,0,,0,,,10,0.3333333333333333333333333333,5,49451.572,346.88,117575.12,5,1
USR-000982,ACC-000982,EVT-000982-11,0,1,1,1,1,1,0,1,1,0,0,0,0,0,,0,,,10,0.3333333333333333333333333333,5,90535.546,5351.47,241592.73,5,1
USR-000983,ACC-000983,EVT-000983-11,1,0,1,0,0,0,1,0,0,0,0,0,0,0,,0,,,10,0.3333333333333333333333333333,5,94624.02,4353.99,247128.0,5,0
USR-000984,ACC-000984,EVT-000984-11,1,0,1,0,0,0,1,0,0,0,0,0,0,0,,0,,,10,0.3333333333333333333333333333,5,160918.488,4161.04,485349.23,5,0
USR-000985,ACC-000985,EVT-000985-11,1,0,1,1,0,0,0,2,1,1,0,1,0,0,,0,,,10,0.3333333333333333333333333333,5,249949.012,89571.22,467025.85,5,0
USR-000986,ACC-000986,EVT-000986-11,0,1,1,0,0,0,1,0,0,0,0,0,0,0,,0,,,10,0.3333333333333333333333333333,5,111140.352,717.66,278967.88,5,0
USR-000987,ACC-000987,EVT-000987-11,0,1,1,1,1,1,0,1,1,0,0,0,0,0,,0,,,10,0.3333333333333333333333333333,5,81683.354,12825.24,217602.53,5,1
USR-000988,ACC-000988,EVT-000988-11,0,1,1,0,0,0,1,0,0,0,0,0,0,0,,0,,,10,0.3333333333333333333333333333,5,111861.74,7116.19,265445.12,5,0
USR-000989,ACC-000989,EVT-000989-11,0,1,1,1,1,1,0,1,1,0,0,0,0,0,,0,,,10,0.3333333333333333333333333333,5,141271.108,2262.6,450268.76,5,1
USR-000990,ACC-000990,EVT-000990-11,1,0,1,1,0,0,0,2,1,1,0,1,0,0,,0,,,10,0.3333333333333333333333333333,5,129558.284,8161.74,219881.93,5,0
USR-000991,ACC-000991,EVT-000991-11,1,0,1,0,0,0,1,0,0,0,0,0,0,0,,0,,,10,0.3333333333333333333333333333,5,118529.452,14463.2,247288.96,5,0
USR-000992,ACC-000992,EVT-000992-11,1,0,1,1,0,0,0,1,1,1,0,1,0,0,,0,,,10,0.3333333333333333333333333333,5,134096.984,11425.91,272135.75,5,0
USR-000993,ACC-000993,EVT-000993-11,0,1,1,1,1,1,0,1,1,0,0,0,0,0,,0,,,10,0.3333333333333333333333333333,5,115826.476,315.57,273299.2,5,1
USR-000994,ACC-000994,EVT-000994-11,1,0,1,1,0,0,0,2,1,1,0,1,0,0,,0,,,10,0.3333333333333333333333333333,5,176296.55,31.51,429661.53,5,0
USR-000995,ACC-000995,EVT-000995-11,1,0,1,1,0,0,0,1,1,1,0,1,0,0,,0,,,10,0.3333333333333333333333333333,5,65884.946,3743.99,191356.63,5,0
USR-000996,ACC-000996,EVT-000996-11,0,1,1,0,0,0,1,0,0,0,0,0,0,0,,0,,,10,0.3333333333333333333333333333,5,130090.566,4447.44,394609.56,5,0
USR-000997,ACC-000997,EVT-000997-11,1,0,1,1,0,1,0,2,1,0,0,0,0,0,,0,,,10,0.3333333333333333333333333333,5,658993.246,657.35,2055209.03,5,1
USR-000998,ACC-000998,EVT-000998-11,0,1,1,0,0,0,1,0,0,0,0,0,0,0,,0,,,10,0.3333333333333333333333333333,5,169415.818,2623.86,612265.7,5,0
USR-000999,ACC-000999,EVT-000999-11,1,0,1,1,0,0,0,1,1,1,0,1,0,0,,0,,,10,0.3333333333333333333333333333,5,127217.492,5601.4,339572.04,5,0
USR-001000,ACC-001000,EVT-001000-11,0,1,1,1,1,1,0,1,1,0,0,0,0,0,,0,,,10,0.3333333333333333333333333333,5,266211.076,5384.47,658870.55,5,1
