event_id,user_id,account_id,event_category,event_type,timestamp,device_id,ip_address,location,channel,status,amount,beneficiary_id,source,scenario_type,ato_label,transaction_type,source_balance_before,source_balance_after,destination_balance_before,destination_balance_after,paysim_step,paysim_nameOrig,paysim_nameDest,paysim_isFraud,paysim_isFlaggedFraud
EVT-000001-01,USR-000001,ACC-000001,TELECOM,ESIM_CHANGE,2026-01-02T00:00:00,DEV-000001-01,,,telecom,SUCCESS,,,synthetic,SUSPICIOUS_ESIM_CHANGE,1,,,,,,,,,,
EVT-000001-02,USR-000001,ACC-000001,DEVICE,NEW_DEVICE,2026-01-02T00:05:00,DEV-000001-02,,,device,UNRECOGNIZED,,,synthetic,SUSPICIOUS_ESIM_CHANGE,1,,,,,,,,,,
EVT-000001-03,USR-000001,ACC-000001,DEVICE,DEVICE_CHANGE,2026-01-02T00:08:00,DEV-000001-02,,,device,DEVIATION,,,synthetic,SUSPICIOUS_ESIM_CHANGE,1,,,,,,,,,,
EVT-000001-04,USR-000001,ACC-000001,AUTHENTICATION,FAILED_LOGIN,2026-01-02T00:10:00,DEV-000001-02,,,authentication,FAILURE,,,synthetic,SUSPICIOUS_ESIM_CHANGE,1,,,,,,,,,,
EVT-000001-05,USR-000001,ACC-000001,BEHAVIOUR,DEVICE_DEVIATION,2026-01-02T00:15:00,DEV-000001-02,,,behaviour,DEVIATION,,,synthetic,SUSPICIOUS_ESIM_CHANGE,1,,,,,,,,,,
EVT-000001-06,USR-000001,ACC-000001,TRANSACTION,TRANSACTION,2026-01-02T00:30:00,DEV-000001-02,,,transaction,SUCCESS,134791.11,,paysim,SUSPICIOUS_ESIM_CHANGE,1,CASH_OUT,0.0,0.0,406120.78,540911.89,34,C504435693,C1099468894,0,0
EVT-000002-01,USR-000002,ACC-000002,TELECOM,SIM_REPLACEMENT,2026-01-03T00:00:00,DEV-000002-01,,,telecom,SUCCESS,,,synthetic,SUSPICIOUS_SIM_REPLACEMENT,1,,,,,,,,,,
EVT-000002-02,USR-000002,ACC-000002,DEVICE,NEW_DEVICE,2026-01-03T00:05:00,DEV-000002-02,,,device,UNRECOGNIZED,,,synthetic,SUSPICIOUS_SIM_REPLACEMENT,1,,,,,,,,,,
EVT-000002-03,USR-000002,ACC-000002,AUTHENTICATION,FAILED_LOGIN,2026-01-03T00:10:00,DEV-000002-02,,,authentication,FAILURE,,,synthetic,SUSPICIOUS_SIM_REPLACEMENT,1,,,,,,,,,,
EVT-000002-04,USR-000002,ACC-000002,RECOVERY,PASSWORD_RESET,2026-01-03T00:15:00,DEV-000002-02,,,recovery,SUCCESS,,,synthetic,SUSPICIOUS_SIM_REPLACEMENT,1,,,,,,,,,,
EVT-000002-05,USR-000002,ACC-000002,ACCOUNT,NEW_BENEFICIARY,2026-01-03T00:20:00,DEV-000002-02,,,account,SUCCESS,,BEN-000002-01,synthetic,SUSPICIOUS_SIM_REPLACEMENT,1,,,,,,,,,,
EVT-000002-06,USR-000002,ACC-000002,TRANSACTION,TRANSACTION,2026-01-03T00:30:00,DEV-000002-02,,,transaction,SUCCESS,101198.21,,paysim,SUSPICIOUS_SIM_REPLACEMENT,1,CASH_IN,4370082.85,4471281.06,3980479.11,3879280.9,288,C2023887024,C2093788755,0,0
EVT-000003-01,USR-000003,ACC-000003,TELECOM,SIM_SWAP,2026-01-04T00:00:00,DEV-000003-01,,,telecom,SUCCESS,,,synthetic,SIM_ESIM_AUTH_ANOMALY,1,,,,,,,,,,
EVT-000003-02,USR-000003,ACC-000003,DEVICE,NEW_DEVICE,2026-01-04T00:05:00,DEV-000003-02,,,device,UNRECOGNIZED,,,synthetic,SIM_ESIM_AUTH_ANOMALY,1,,,,,,,,,,
EVT-000003-03,USR-000003,ACC-000003,AUTHENTICATION,FAILED_LOGIN,2026-01-04T00:10:00,DEV-000003-02,,,authentication,FAILURE,,,synthetic,SIM_ESIM_AUTH_ANOMALY,1,,,,,,,,,,
EVT-000003-04,USR-000003,ACC-000003,AUTHENTICATION,FAILED_LOGIN,2026-01-04T00:12:00,DEV-000003-02,,,authentication,FAILURE,,,synthetic,SIM_ESIM_AUTH_ANOMALY,1,,,,,,,,,,
EVT-000003-05,USR-000003,ACC-000003,BEHAVIOUR,DEVICE_DEVIATION,2026-01-04T00:15:00,DEV-000003-02,,,behaviour,DEVIATION,,,synthetic,SIM_ESIM_AUTH_ANOMALY,1,,,,,,,,,,
EVT-000004-01,USR-000004,ACC-000004,TELECOM,SIM_SWAP,2026-01-05T00:00:00,DEV-000004-01,,,telecom,SUCCESS,,,synthetic,SIM_ESIM_AUTH_ANOMALY,1,,,,,,,,,,
EVT-000004-02,USR-000004,ACC-000004,DEVICE,NEW_DEVICE,2026-01-05T00:05:00,DEV-000004-02,,,device,UNRECOGNIZED,,,synthetic,SIM_ESIM_AUTH_ANOMALY,1,,,,,,,,,,
EVT-000004-03,USR-000004,ACC-000004,AUTHENTICATION,FAILED_LOGIN,2026-01-05T00:10:00,DEV-000004-02,,,authentication,FAILURE,,,synthetic,SIM_ESIM_AUTH_ANOMALY,1,,,,,,,,,,
EVT-000004-04,USR-000004,ACC-000004,AUTHENTICATION,FAILED_LOGIN,2026-01-05T00:12:00,DEV-000004-02,,,authentication,FAILURE,,,synthetic,SIM_ESIM_AUTH_ANOMALY,1,,,,,,,,,,
EVT-000004-05,USR-000004,ACC-000004,BEHAVIOUR,DEVICE_DEVIATION,2026-01-05T00:15:00,DEV-000004-02,,,behaviour,DEVIATION,,,synthetic,SIM_ESIM_AUTH_ANOMALY,1,,,,,,,,,,
EVT-000005-01,USR-000005,ACC-000005,TELECOM,SIM_REPLACEMENT,2026-01-06T00:00:00,DEV-000005-01,,,telecom,SUCCESS,,,synthetic,LEGITIMATE_SIM_REPLACEMENT,0,,,,,,,,,,
EVT-000005-02,USR-000005,ACC-000005,AUTHENTICATION,LOGIN,2026-01-06T00:10:00,DEV-000005-01,,,authentication,SUCCESS,,,synthetic,LEGITIMATE_SIM_REPLACEMENT,0,,,,,,,,,,
EVT-000005-03,USR-000005,ACC-000005,TRANSACTION,TRANSACTION,2026-01-06T00:30:00,DEV-000005-01,,,transaction,SUCCESS,145910.32,,paysim,LEGITIMATE_SIM_REPLACEMENT,0,CASH_OUT,0.0,0.0,434107.1,815313.02,235,C2101380217,C353258765,0,0
EVT-000006-01,USR-000006,ACC-000006,TELECOM,SIM_REPLACEMENT,2026-01-07T00:00:00,DEV-000006-01,,,telecom,SUCCESS,,,synthetic,SUSPICIOUS_SIM_REPLACEMENT,1,,,,,,,,,,
EVT-000006-02,USR-000006,ACC-000006,DEVICE,NEW_DEVICE,2026-01-07T00:05:00,DEV-000006-02,,,device,UNRECOGNIZED,,,synthetic,SUSPICIOUS_SIM_REPLACEMENT,1,,,,,,,,,,
EVT-000006-03,USR-000006,ACC-000006,AUTHENTICATION,FAILED_LOGIN,2026-01-07T00:10:00,DEV-000006-02,,,authentication,FAILURE,,,synthetic,SUSPICIOUS_SIM_REPLACEMENT,1,,,,,,,,,,
EVT-000006-04,USR-000006,ACC-000006,RECOVERY,PASSWORD_RESET,2026-01-07T00:15:00,DEV-000006-02,,,recovery,SUCCESS,,,synthetic,SUSPICIOUS_SIM_REPLACEMENT,1,,,,,,,,,,
EVT-000006-05,USR-000006,ACC-000006,ACCOUNT,NEW_BENEFICIARY,2026-01-07T00:20:00,DEV-000006-02,,,account,SUCCESS,,BEN-000006-01,synthetic,SUSPICIOUS_SIM_REPLACEMENT,1,,,,,,,,,,
EVT-000006-06,USR-000006,ACC-000006,TRANSACTION,TRANSACTION,2026-01-07T00:30:00,DEV-000006-02,,,transaction,SUCCESS,3735.54,,paysim,SUSPICIOUS_SIM_REPLACEMENT,1,CASH_IN,5737009.96,5740745.5,4595010.07,4591274.53,351,C1994364971,C1109658504,0,0
EVT-000007-01,USR-000007,ACC-000007,TELECOM,SIM_REPLACEMENT,2026-01-08T00:00:00,DEV-000007-01,,,telecom,SUCCESS,,,synthetic,LEGITIMATE_SIM_REPLACEMENT,0,,,,,,,,,,
EVT-000007-02,USR-000007,ACC-000007,AUTHENTICATION,LOGIN,2026-01-08T00:10:00,DEV-000007-01,,,authentication,SUCCESS,,,synthetic,LEGITIMATE_SIM_REPLACEMENT,0,,,,,,,,,,
EVT-000007-03,USR-000007,ACC-000007,TRANSACTION,TRANSACTION,2026-01-08T00:30:00,DEV-000007-01,,,transaction,SUCCESS,262437.7,,paysim,LEGITIMATE_SIM_REPLACEMENT,0,CASH_IN,1070093.77,1332531.46,3923024.03,3660586.33,40,C1825985900,C932058860,0,0
EVT-000008-01,USR-000008,ACC-000008,TELECOM,ESIM_CHANGE,2026-01-09T00:00:00,DEV-000008-01,,,telecom,SUCCESS,,,synthetic,SUSPICIOUS_ESIM_CHANGE,1,,,,,,,,,,
EVT-000008-02,USR-000008,ACC-000008,DEVICE,NEW_DEVICE,2026-01-09T00:05:00,DEV-000008-02,,,device,UNRECOGNIZED,,,synthetic,SUSPICIOUS_ESIM_CHANGE,1,,,,,,,,,,
EVT-000008-03,USR-000008,ACC-000008,DEVICE,DEVICE_CHANGE,2026-01-09T00:08:00,DEV-000008-02,,,device,DEVIATION,,,synthetic,SUSPICIOUS_ESIM_CHANGE,1,,,,,,,,,,
EVT-000008-04,USR-000008,ACC-000008,AUTHENTICATION,FAILED_LOGIN,2026-01-09T00:10:00,DEV-000008-02,,,authentication,FAILURE,,,synthetic,SUSPICIOUS_ESIM_CHANGE,1,,,,,,,,,,
EVT-000008-05,USR-000008,ACC-000008,BEHAVIOUR,DEVICE_DEVIATION,2026-01-09T00:15:00,DEV-000008-02,,,behaviour,DEVIATION,,,synthetic,SUSPICIOUS_ESIM_CHANGE,1,,,,,,,,,,
EVT-000008-06,USR-000008,ACC-000008,TRANSACTION,TRANSACTION,2026-01-09T00:30:00,DEV-000008-02,,,transaction,SUCCESS,13902.11,,paysim,SUSPICIOUS_ESIM_CHANGE,1,PAYMENT,0.0,0.0,0.0,0.0,48,C1284023040,M1813483649,0,0
EVT-000009-01,USR-000009,ACC-000009,TELECOM,ESIM_CHANGE,2026-01-10T00:00:00,DEV-000009-01,,,telecom,SUCCESS,,,synthetic,LEGITIMATE_ESIM_CHANGE,0,,,,,,,,,,
EVT-000009-02,USR-000009,ACC-000009,AUTHENTICATION,LOGIN,2026-01-10T00:10:00,DEV-000009-01,,,authentication,SUCCESS,,,synthetic,LEGITIMATE_ESIM_CHANGE,0,,,,,,,,,,
EVT-000010-01,USR-000010,ACC-000010,TELECOM,SIM_REPLACEMENT,2026-01-11T00:00:00,DEV-000010-01,,,telecom,SUCCESS,,,synthetic,SUSPICIOUS_SIM_REPLACEMENT,1,,,,,,,,,,
EVT-000010-02,USR-000010,ACC-000010,DEVICE,NEW_DEVICE,2026-01-11T00:05:00,DEV-000010-02,,,device,UNRECOGNIZED,,,synthetic,SUSPICIOUS_SIM_REPLACEMENT,1,,,,,,,,,,
EVT-000010-03,USR-000010,ACC-000010,AUTHENTICATION,FAILED_LOGIN,2026-01-11T00:10:00,DEV-000010-02,,,authentication,FAILURE,,,synthetic,SUSPICIOUS_SIM_REPLACEMENT,1,,,,,,,,,,
EVT-000010-04,USR-000010,ACC-000010,RECOVERY,PASSWORD_RESET,2026-01-11T00:15:00,DEV-000010-02,,,recovery,SUCCESS,,,synthetic,SUSPICIOUS_SIM_REPLACEMENT,1,,,,,,,,,,
EVT-000010-05,USR-000010,ACC-000010,ACCOUNT,NEW_BENEFICIARY,2026-01-11T00:20:00,DEV-000010-02,,,account,SUCCESS,,BEN-000010-01,synthetic,SUSPICIOUS_SIM_REPLACEMENT,1,,,,,,,,,,
EVT-000010-06,USR-000010,ACC-000010,TRANSACTION,TRANSACTION,2026-01-11T00:30:00,DEV-000010-02,,,transaction,SUCCESS,10884.86,,paysim,SUSPICIOUS_SIM_REPLACEMENT,1,PAYMENT,14452.0,3567.14,0.0,0.0,42,C2032599472,M2134480964,0,0
EVT-000011-01,USR-000011,ACC-000011,TELECOM,SIM_REPLACEMENT,2026-01-12T00:00:00,DEV-000011-01,,,telecom,SUCCESS,,,synthetic,LEGITIMATE_SIM_REPLACEMENT,0,,,,,,,,,,
EVT-000011-02,USR-000011,ACC-000011,AUTHENTICATION,LOGIN,2026-01-12T00:10:00,DEV-000011-01,,,authentication,SUCCESS,,,synthetic,LEGITIMATE_SIM_REPLACEMENT,0,,,,,,,,,,
EVT-000011-03,USR-000011,ACC-000011,TRANSACTION,TRANSACTION,2026-01-12T00:30:00,DEV-000011-01,,,transaction,SUCCESS,5725.78,,paysim,LEGITIMATE_SIM_REPLACEMENT,0,PAYMENT,119131.0,113405.22,0.0,0.0,305,C996650173,M17248909,0,0
EVT-000012-01,USR-000012,ACC-000012,TELECOM,SIM_SWAP,2026-01-13T00:00:00,DEV-000012-01,,,telecom,SUCCESS,,,synthetic,SIM_ESIM_AUTH_ANOMALY,1,,,,,,,,,,
EVT-000012-02,USR-000012,ACC-000012,DEVICE,NEW_DEVICE,2026-01-13T00:05:00,DEV-000012-02,,,device,UNRECOGNIZED,,,synthetic,SIM_ESIM_AUTH_ANOMALY,1,,,,,,,,,,
EVT-000012-03,USR-000012,ACC-000012,AUTHENTICATION,FAILED_LOGIN,2026-01-13T00:10:00,DEV-000012-02,,,authentication,FAILURE,,,synthetic,SIM_ESIM_AUTH_ANOMALY,1,,,,,,,,,,
EVT-000012-04,USR-000012,ACC-000012,AUTHENTICATION,FAILED_LOGIN,2026-01-13T00:12:00,DEV-000012-02,,,authentication,FAILURE,,,synthetic,SIM_ESIM_AUTH_ANOMALY,1,,,,,,,,,,
EVT-000012-05,USR-000012,ACC-000012,BEHAVIOUR,DEVICE_DEVIATION,2026-01-13T00:15:00,DEV-000012-02,,,behaviour,DEVIATION,,,synthetic,SIM_ESIM_AUTH_ANOMALY,1,,,,,,,,,,
EVT-000013-01,USR-000013,ACC-000013,TELECOM,SIM_REPLACEMENT,2026-01-14T00:00:00,DEV-000013-01,,,telecom,SUCCESS,,,synthetic,SUSPICIOUS_SIM_REPLACEMENT,1,,,,,,,,,,
EVT-000013-02,USR-000013,ACC-000013,DEVICE,NEW_DEVICE,2026-01-14T00:05:00,DEV-000013-02,,,device,UNRECOGNIZED,,,synthetic,SUSPICIOUS_SIM_REPLACEMENT,1,,,,,,,,,,
EVT-000013-03,USR-000013,ACC-000013,AUTHENTICATION,FAILED_LOGIN,2026-01-14T00:10:00,DEV-000013-02,,,authentication,FAILURE,,,synthetic,SUSPICIOUS_SIM_REPLACEMENT,1,,,,,,,,,,
EVT-000013-04,USR-000013,ACC-000013,RECOVERY,PASSWORD_RESET,2026-01-14T00:15:00,DEV-000013-02,,,recovery,SUCCESS,,,synthetic,SUSPICIOUS_SIM_REPLACEMENT,1,,,,,,,,,,
EVT-000013-05,USR-000013,ACC-000013,ACCOUNT,NEW_BENEFICIARY,2026-01-14T00:20:00,DEV-000013-02,,,account,SUCCESS,,BEN-000013-01,synthetic,SUSPICIOUS_SIM_REPLACEMENT,1,,,,,,,,,,
EVT-000013-06,USR-000013,ACC-000013,TRANSACTION,TRANSACTION,2026-01-14T00:30:00,DEV-000013-02,,,transaction,SUCCESS,298199.85,,paysim,SUSPICIOUS_SIM_REPLACEMENT,1,CASH_IN,107216.0,405415.85,1920839.51,1622639.65,204,C1306859277,C1898692786,0,0
EVT-000014-01,USR-000014,ACC-000014,TELECOM,ESIM_CHANGE,2026-01-15T00:00:00,DEV-000014-01,,,telecom,SUCCESS,,,synthetic,SUSPICIOUS_ESIM_CHANGE,1,,,,,,,,,,
EVT-000014-02,USR-000014,ACC-000014,DEVICE,NEW_DEVICE,2026-01-15T00:05:00,DEV-000014-02,,,device,UNRECOGNIZED,,,synthetic,SUSPICIOUS_ESIM_CHANGE,1,,,,,,,,,,
EVT-000014-03,USR-000014,ACC-000014,DEVICE,DEVICE_CHANGE,2026-01-15T00:08:00,DEV-000014-02,,,device,DEVIATION,,,synthetic,SUSPICIOUS_ESIM_CHANGE,1,,,,,,,,,,
EVT-000014-04,USR-000014,ACC-000014,AUTHENTICATION,FAILED_LOGIN,2026-01-15T00:10:00,DEV-000014-02,,,authentication,FAILURE,,,synthetic,SUSPICIOUS_ESIM_CHANGE,1,,,,,,,,,,
EVT-000014-05,USR-000014,ACC-000014,BEHAVIOUR,DEVICE_DEVIATION,2026-01-15T00:15:00,DEV-000014-02,,,behaviour,DEVIATION,,,synthetic,SUSPICIOUS_ESIM_CHANGE,1,,,,,,,,,,
EVT-000014-06,USR-000014,ACC-000014,TRANSACTION,TRANSACTION,2026-01-15T00:30:00,DEV-000014-02,,,transaction,SUCCESS,588209.14,,paysim,SUSPICIOUS_ESIM_CHANGE,1,CASH_IN,53177.0,641386.14,184714.29,0.0,373,C1954354467,C874707258,0,0
EVT-000015-01,USR-000015,ACC-000015,TELECOM,ESIM_CHANGE,2026-01-16T00:00:00,DEV-000015-01,,,telecom,SUCCESS,,,synthetic,SUSPICIOUS_ESIM_CHANGE,1,,,,,,,,,,
EVT-000015-02,USR-000015,ACC-000015,DEVICE,NEW_DEVICE,2026-01-16T00:05:00,DEV-000015-02,,,device,UNRECOGNIZED,,,synthetic,SUSPICIOUS_ESIM_CHANGE,1,,,,,,,,,,
EVT-000015-03,USR-000015,ACC-000015,DEVICE,DEVICE_CHANGE,2026-01-16T00:08:00,DEV-000015-02,,,device,DEVIATION,,,synthetic,SUSPICIOUS_ESIM_CHANGE,1,,,,,,,,,,
EVT-000015-04,USR-000015,ACC-000015,AUTHENTICATION,FAILED_LOGIN,2026-01-16T00:10:00,DEV-000015-02,,,authentication,FAILURE,,,synthetic,SUSPICIOUS_ESIM_CHANGE,1,,,,,,,,,,
EVT-000015-05,USR-000015,ACC-000015,BEHAVIOUR,DEVICE_DEVIATION,2026-01-16T00:15:00,DEV-000015-02,,,behaviour,DEVIATION,,,synthetic,SUSPICIOUS_ESIM_CHANGE,1,,,,,,,,,,
EVT-000015-06,USR-000015,ACC-000015,TRANSACTION,TRANSACTION,2026-01-16T00:30:00,DEV-000015-02,,,transaction,SUCCESS,238129.64,,paysim,SUSPICIOUS_ESIM_CHANGE,1,CASH_IN,5892157.39,6130287.03,557179.25,319049.61,18,C1855091344,C351548638,0,0
EVT-000016-01,USR-000016,ACC-000016,TELECOM,SIM_REPLACEMENT,2026-01-17T00:00:00,DEV-000016-01,,,telecom,SUCCESS,,,synthetic,SUSPICIOUS_SIM_REPLACEMENT,1,,,,,,,,,,
EVT-000016-02,USR-000016,ACC-000016,DEVICE,NEW_DEVICE,2026-01-17T00:05:00,DEV-000016-02,,,device,UNRECOGNIZED,,,synthetic,SUSPICIOUS_SIM_REPLACEMENT,1,,,,,,,,,,
EVT-000016-03,USR-000016,ACC-000016,AUTHENTICATION,FAILED_LOGIN,2026-01-17T00:10:00,DEV-000016-02,,,authentication,FAILURE,,,synthetic,SUSPICIOUS_SIM_REPLACEMENT,1,,,,,,,,,,
EVT-000016-04,USR-000016,ACC-000016,RECOVERY,PASSWORD_RESET,2026-01-17T00:15:00,DEV-000016-02,,,recovery,SUCCESS,,,synthetic,SUSPICIOUS_SIM_REPLACEMENT,1,,,,,,,,,,
EVT-000016-05,USR-000016,ACC-000016,ACCOUNT,NEW_BENEFICIARY,2026-01-17T00:20:00,DEV-000016-02,,,account,SUCCESS,,BEN-000016-01,synthetic,SUSPICIOUS_SIM_REPLACEMENT,1,,,,,,,,,,
EVT-000016-06,USR-000016,ACC-000016,TRANSACTION,TRANSACTION,2026-01-17T00:30:00,DEV-000016-02,,,transaction,SUCCESS,79490.04,,paysim,SUSPICIOUS_SIM_REPLACEMENT,1,CASH_IN,11970.0,91460.04,5858794.42,5779304.37,35,C1717911951,C1136811657,0,0
EVT-000017-01,USR-000017,ACC-000017,TELECOM,ESIM_CHANGE,2026-01-18T00:00:00,DEV-000017-01,,,telecom,SUCCESS,,,synthetic,SUSPICIOUS_ESIM_CHANGE,1,,,,,,,,,,
EVT-000017-02,USR-000017,ACC-000017,DEVICE,NEW_DEVICE,2026-01-18T00:05:00,DEV-000017-02,,,device,UNRECOGNIZED,,,synthetic,SUSPICIOUS_ESIM_CHANGE,1,,,,,,,,,,
EVT-000017-03,USR-000017,ACC-000017,DEVICE,DEVICE_CHANGE,2026-01-18T00:08:00,DEV-000017-02,,,device,DEVIATION,,,synthetic,SUSPICIOUS_ESIM_CHANGE,1,,,,,,,,,,
EVT-000017-04,USR-000017,ACC-000017,AUTHENTICATION,FAILED_LOGIN,2026-01-18T00:10:00,DEV-000017-02,,,authentication,FAILURE,,,synthetic,SUSPICIOUS_ESIM_CHANGE,1,,,,,,,,,,
EVT-000017-05,USR-000017,ACC-000017,BEHAVIOUR,DEVICE_DEVIATION,2026-01-18T00:15:00,DEV-000017-02,,,behaviour,DEVIATION,,,synthetic,SUSPICIOUS_ESIM_CHANGE,1,,,,,,,,,,
EVT-000017-06,USR-000017,ACC-000017,TRANSACTION,TRANSACTION,2026-01-18T00:30:00,DEV-000017-02,,,transaction,SUCCESS,168519.33,,paysim,SUSPICIOUS_ESIM_CHANGE,1,CASH_IN,38935.0,207454.33,38184.77,0.0,16,C2119878480,C527212634,0,0
EVT-000018-01,USR-000018,ACC-000018,TELECOM,SIM_REPLACEMENT,2026-01-19T00:00:00,DEV-000018-01,,,telecom,SUCCESS,,,synthetic,LEGITIMATE_SIM_REPLACEMENT,0,,,,,,,,,,
EVT-000018-02,USR-000018,ACC-000018,AUTHENTICATION,LOGIN,2026-01-19T00:10:00,DEV-000018-01,,,authentication,SUCCESS,,,synthetic,LEGITIMATE_SIM_REPLACEMENT,0,,,,,,,,,,
EVT-000018-03,USR-000018,ACC-000018,TRANSACTION,TRANSACTION,2026-01-19T00:30:00,DEV-000018-01,,,transaction,SUCCESS,560259.34,,paysim,LEGITIMATE_SIM_REPLACEMENT,0,CASH_OUT,52344.0,0.0,0.0,560259.34,330,C824156296,C388388630,0,0
EVT-000019-01,USR-000019,ACC-000019,TELECOM,ESIM_CHANGE,2026-01-20T00:00:00,DEV-000019-01,,,telecom,SUCCESS,,,synthetic,SUSPICIOUS_ESIM_CHANGE,1,,,,,,,,,,
EVT-000019-02,USR-000019,ACC-000019,DEVICE,NEW_DEVICE,2026-01-20T00:05:00,DEV-000019-02,,,device,UNRECOGNIZED,,,synthetic,SUSPICIOUS_ESIM_CHANGE,1,,,,,,,,,,
EVT-000019-03,USR-000019,ACC-000019,DEVICE,DEVICE_CHANGE,2026-01-20T00:08:00,DEV-000019-02,,,device,DEVIATION,,,synthetic,SUSPICIOUS_ESIM_CHANGE,1,,,,,,,,,,
EVT-000019-04,USR-000019,ACC-000019,AUTHENTICATION,FAILED_LOGIN,2026-01-20T00:10:00,DEV-000019-02,,,authentication,FAILURE,,,synthetic,SUSPICIOUS_ESIM_CHANGE,1,,,,,,,,,,
EVT-000019-05,USR-000019,ACC-000019,BEHAVIOUR,DEVICE_DEVIATION,2026-01-20T00:15:00,DEV-000019-02,,,behaviour,DEVIATION,,,synthetic,SUSPICIOUS_ESIM_CHANGE,1,,,,,,,,,,
EVT-000019-06,USR-000019,ACC-000019,TRANSACTION,TRANSACTION,2026-01-20T00:30:00,DEV-000019-02,,,transaction,SUCCESS,5896.77,,paysim,SUSPICIOUS_ESIM_CHANGE,1,PAYMENT,5017.0,0.0,0.0,0.0,522,C925024863,M1639845093,0,0
EVT-000020-01,USR-000020,ACC-000020,TELECOM,ESIM_CHANGE,2026-01-21T00:00:00,DEV-000020-01,,,telecom,SUCCESS,,,synthetic,LEGITIMATE_ESIM_CHANGE,0,,,,,,,,,,
EVT-000020-02,USR-000020,ACC-000020,AUTHENTICATION,LOGIN,2026-01-21T00:10:00,DEV-000020-01,,,authentication,SUCCESS,,,synthetic,LEGITIMATE_ESIM_CHANGE,0,,,,,,,,,,
EVT-000021-01,USR-000021,ACC-000021,TELECOM,SIM_REPLACEMENT,2026-01-22T00:00:00,DEV-000021-01,,,telecom,SUCCESS,,,synthetic,SUSPICIOUS_SIM_REPLACEMENT,1,,,,,,,,,,
EVT-000021-02,USR-000021,ACC-000021,DEVICE,NEW_DEVICE,2026-01-22T00:05:00,DEV-000021-02,,,device,UNRECOGNIZED,,,synthetic,SUSPICIOUS_SIM_REPLACEMENT,1,,,,,,,,,,
EVT-000021-03,USR-000021,ACC-000021,AUTHENTICATION,FAILED_LOGIN,2026-01-22T00:10:00,DEV-000021-02,,,authentication,FAILURE,,,synthetic,SUSPICIOUS_SIM_REPLACEMENT,1,,,,,,,,,,
EVT-000021-04,USR-000021,ACC-000021,RECOVERY,PASSWORD_RESET,2026-01-22T00:15:00,DEV-000021-02,,,recovery,SUCCESS,,,synthetic,SUSPICIOUS_SIM_REPLACEMENT,1,,,,,,,,,,
EVT-000021-05,USR-000021,ACC-000021,ACCOUNT,NEW_BENEFICIARY,2026-01-22T00:20:00,DEV-000021-02,,,account,SUCCESS,,BEN-000021-01,synthetic,SUSPICIOUS_SIM_REPLACEMENT,1,,,,,,,,,,
EVT-000021-06,USR-000021,ACC-000021,TRANSACTION,TRANSACTION,2026-01-22T00:30:00,DEV-000021-02,,,transaction,SUCCESS,77958.38,,paysim,SUSPICIOUS_SIM_REPLACEMENT,1,CASH_IN,27237.0,105195.38,0.0,0.0,235,C2072983222,C1977481939,0,0
EVT-000022-01,USR-000022,ACC-000022,TELECOM,ESIM_CHANGE,2026-01-23T00:00:00,DEV-000022-01,,,telecom,SUCCESS,,,synthetic,SUSPICIOUS_ESIM_CHANGE,1,,,,,,,,,,
EVT-000022-02,USR-000022,ACC-000022,DEVICE,NEW_DEVICE,2026-01-23T00:05:00,DEV-000022-02,,,device,UNRECOGNIZED,,,synthetic,SUSPICIOUS_ESIM_CHANGE,1,,,,,,,,,,
EVT-000022-03,USR-000022,ACC-000022,DEVICE,DEVICE_CHANGE,2026-01-23T00:08:00,DEV-000022-02,,,device,DEVIATION,,,synthetic,SUSPICIOUS_ESIM_CHANGE,1,,,,,,,,,,
EVT-000022-04,USR-000022,ACC-000022,AUTHENTICATION,FAILED_LOGIN,2026-01-23T00:10:00,DEV-000022-02,,,authentication,FAILURE,,,synthetic,SUSPICIOUS_ESIM_CHANGE,1,,,,,,,,,,
EVT-000022-05,USR-000022,ACC-000022,BEHAVIOUR,DEVICE_DEVIATION,2026-01-23T00:15:00,DEV-000022-02,,,behaviour,DEVIATION,,,synthetic,SUSPICIOUS_ESIM_CHANGE,1,,,,,,,,,,
EVT-000022-06,USR-000022,ACC-000022,TRANSACTION,TRANSACTION,2026-01-23T00:30:00,DEV-000022-02,,,transaction,SUCCESS,135781.33,,paysim,SUSPICIOUS_ESIM_CHANGE,1,CASH_IN,497.0,136278.33,106715.3,0.0,186,C632302971,C960889265,0,0
EVT-000023-01,USR-000023,ACC-000023,TELECOM,ESIM_CHANGE,2026-01-24T00:00:00,DEV-000023-01,,,telecom,SUCCESS,,,synthetic,LEGITIMATE_ESIM_CHANGE,0,,,,,,,,,,
EVT-000023-02,USR-000023,ACC-000023,AUTHENTICATION,LOGIN,2026-01-24T00:10:00,DEV-000023-01,,,authentication,SUCCESS,,,synthetic,LEGITIMATE_ESIM_CHANGE,0,,,,,,,,,,
EVT-000024-01,USR-000024,ACC-000024,TELECOM,SIM_REPLACEMENT,2026-01-25T00:00:00,DEV-000024-01,,,telecom,SUCCESS,,,synthetic,SUSPICIOUS_SIM_REPLACEMENT,1,,,,,,,,,,
EVT-000024-02,USR-000024,ACC-000024,DEVICE,NEW_DEVICE,2026-01-25T00:05:00,DEV-000024-02,,,device,UNRECOGNIZED,,,synthetic,SUSPICIOUS_SIM_REPLACEMENT,1,,,,,,,,,,
EVT-000024-03,USR-000024,ACC-000024,AUTHENTICATION,FAILED_LOGIN,2026-01-25T00:10:00,DEV-000024-02,,,authentication,FAILURE,,,synthetic,SUSPICIOUS_SIM_REPLACEMENT,1,,,,,,,,,,
EVT-000024-04,USR-000024,ACC-000024,RECOVERY,PASSWORD_RESET,2026-01-25T00:15:00,DEV-000024-02,,,recovery,SUCCESS,,,synthetic,SUSPICIOUS_SIM_REPLACEMENT,1,,,,,,,,,,
EVT-000024-05,USR-000024,ACC-000024,ACCOUNT,NEW_BENEFICIARY,2026-01-25T00:20:00,DEV-000024-02,,,account,SUCCESS,,BEN-000024-01,synthetic,SUSPICIOUS_SIM_REPLACEMENT,1,,,,,,,,,,
EVT-000024-06,USR-000024,ACC-000024,TRANSACTION,TRANSACTION,2026-01-25T00:30:00,DEV-000024-02,,,transaction,SUCCESS,142131.56,,paysim,SUSPICIOUS_SIM_REPLACEMENT,1,CASH_OUT,10591.0,0.0,0.0,142131.56,378,C600382219,C1246654030,0,0
EVT-000025-01,USR-000025,ACC-000025,TELECOM,ESIM_CHANGE,2026-01-26T00:00:00,DEV-000025-01,,,telecom,SUCCESS,,,synthetic,SUSPICIOUS_ESIM_CHANGE,1,,,,,,,,,,
EVT-000025-02,USR-000025,ACC-000025,DEVICE,NEW_DEVICE,2026-01-26T00:05:00,DEV-000025-02,,,device,UNRECOGNIZED,,,synthetic,SUSPICIOUS_ESIM_CHANGE,1,,,,,,,,,,
EVT-000025-03,USR-000025,ACC-000025,DEVICE,DEVICE_CHANGE,2026-01-26T00:08:00,DEV-000025-02,,,device,DEVIATION,,,synthetic,SUSPICIOUS_ESIM_CHANGE,1,,,,,,,,,,
EVT-000025-04,USR-000025,ACC-000025,AUTHENTICATION,FAILED_LOGIN,2026-01-26T00:10:00,DEV-000025-02,,,authentication,FAILURE,,,synthetic,SUSPICIOUS_ESIM_CHANGE,1,,,,,,,,,,
EVT-000025-05,USR-000025,ACC-000025,BEHAVIOUR,DEVICE_DEVIATION,2026-01-26T00:15:00,DEV-000025-02,,,behaviour,DEVIATION,,,synthetic,SUSPICIOUS_ESIM_CHANGE,1,,,,,,,,,,
EVT-000025-06,USR-000025,ACC-000025,TRANSACTION,TRANSACTION,2026-01-26T00:30:00,DEV-000025-02,,,transaction,SUCCESS,1104591.17,,paysim,SUSPICIOUS_ESIM_CHANGE,1,TRANSFER,0.0,0.0,8496560.46,9601151.63,131,C179454824,C824197891,0,0
EVT-000026-01,USR-000026,ACC-000026,TELECOM,SIM_REPLACEMENT,2026-01-27T00:00:00,DEV-000026-01,,,telecom,SUCCESS,,,synthetic,SUSPICIOUS_SIM_REPLACEMENT,1,,,,,,,,,,
EVT-000026-02,USR-000026,ACC-000026,DEVICE,NEW_DEVICE,2026-01-27T00:05:00,DEV-000026-02,,,device,UNRECOGNIZED,,,synthetic,SUSPICIOUS_SIM_REPLACEMENT,1,,,,,,,,,,
EVT-000026-03,USR-000026,ACC-000026,AUTHENTICATION,FAILED_LOGIN,2026-01-27T00:10:00,DEV-000026-02,,,authentication,FAILURE,,,synthetic,SUSPICIOUS_SIM_REPLACEMENT,1,,,,,,,,,,
EVT-000026-04,USR-000026,ACC-000026,RECOVERY,PASSWORD_RESET,2026-01-27T00:15:00,DEV-000026-02,,,recovery,SUCCESS,,,synthetic,SUSPICIOUS_SIM_REPLACEMENT,1,,,,,,,,,,
EVT-000026-05,USR-000026,ACC-000026,ACCOUNT,NEW_BENEFICIARY,2026-01-27T00:20:00,DEV-000026-02,,,account,SUCCESS,,BEN-000026-01,synthetic,SUSPICIOUS_SIM_REPLACEMENT,1,,,,,,,,,,
EVT-000026-06,USR-000026,ACC-000026,TRANSACTION,TRANSACTION,2026-01-27T00:30:00,DEV-000026-02,,,transaction,SUCCESS,101148.41,,paysim,SUSPICIOUS_SIM_REPLACEMENT,1,CASH_IN,8748736.73,8849885.14,2029147.69,1927999.28,377,C1788129606,C1490649773,0,0
EVT-000027-01,USR-000027,ACC-000027,TELECOM,ESIM_CHANGE,2026-01-28T00:00:00,DEV-000027-01,,,telecom,SUCCESS,,,synthetic,SUSPICIOUS_ESIM_CHANGE,1,,,,,,,,,,
EVT-000027-02,USR-000027,ACC-000027,DEVICE,NEW_DEVICE,2026-01-28T00:05:00,DEV-000027-02,,,device,UNRECOGNIZED,,,synthetic,SUSPICIOUS_ESIM_CHANGE,1,,,,,,,,,,
EVT-000027-03,USR-000027,ACC-000027,DEVICE,DEVICE_CHANGE,2026-01-28T00:08:00,DEV-000027-02,,,device,DEVIATION,,,synthetic,SUSPICIOUS_ESIM_CHANGE,1,,,,,,,,,,
EVT-000027-04,USR-000027,ACC-000027,AUTHENTICATION,FAILED_LOGIN,2026-01-28T00:10:00,DEV-000027-02,,,authentication,FAILURE,,,synthetic,SUSPICIOUS_ESIM_CHANGE,1,,,,,,,,,,
EVT-000027-05,USR-000027,ACC-000027,BEHAVIOUR,DEVICE_DEVIATION,2026-01-28T00:15:00,DEV-000027-02,,,behaviour,DEVIATION,,,synthetic,SUSPICIOUS_ESIM_CHANGE,1,,,,,,,,,,
EVT-000027-06,USR-000027,ACC-000027,TRANSACTION,TRANSACTION,2026-01-28T00:30:00,DEV-000027-02,,,transaction,SUCCESS,114364.01,,paysim,SUSPICIOUS_ESIM_CHANGE,1,CASH_OUT,0.0,0.0,2892152.48,3006516.49,371,C1848521711,C829647,0,0
EVT-000028-01,USR-000028,ACC-000028,TELECOM,SIM_REPLACEMENT,2026-01-29T00:00:00,DEV-000028-01,,,telecom,SUCCESS,,,synthetic,SUSPICIOUS_SIM_REPLACEMENT,1,,,,,,,,,,
EVT-000028-02,USR-000028,ACC-000028,DEVICE,NEW_DEVICE,2026-01-29T00:05:00,DEV-000028-02,,,device,UNRECOGNIZED,,,synthetic,SUSPICIOUS_SIM_REPLACEMENT,1,,,,,,,,,,
EVT-000028-03,USR-000028,ACC-000028,AUTHENTICATION,FAILED_LOGIN,2026-01-29T00:10:00,DEV-000028-02,,,authentication,FAILURE,,,synthetic,SUSPICIOUS_SIM_REPLACEMENT,1,,,,,,,,,,
EVT-000028-04,USR-000028,ACC-000028,RECOVERY,PASSWORD_RESET,2026-01-29T00:15:00,DEV-000028-02,,,recovery,SUCCESS,,,synthetic,SUSPICIOUS_SIM_REPLACEMENT,1,,,,,,,,,,
EVT-000028-05,USR-000028,ACC-000028,ACCOUNT,NEW_BENEFICIARY,2026-01-29T00:20:00,DEV-000028-02,,,account,SUCCESS,,BEN-000028-01,synthetic,SUSPICIOUS_SIM_REPLACEMENT,1,,,,,,,,,,
EVT-000028-06,USR-000028,ACC-000028,TRANSACTION,TRANSACTION,2026-01-29T00:30:00,DEV-000028-02,,,transaction,SUCCESS,48951.15,,paysim,SUSPICIOUS_SIM_REPLACEMENT,1,CASH_IN,21535.0,70486.15,291810.67,244406.88,305,C1175416773,C1735630033,0,0
EVT-000029-01,USR-000029,ACC-000029,TELECOM,ESIM_CHANGE,2026-01-30T00:00:00,DEV-000029-01,,,telecom,SUCCESS,,,synthetic,LEGITIMATE_ESIM_CHANGE,0,,,,,,,,,,
EVT-000029-02,USR-000029,ACC-000029,AUTHENTICATION,LOGIN,2026-01-30T00:10:00,DEV-000029-01,,,authentication,SUCCESS,,,synthetic,LEGITIMATE_ESIM_CHANGE,0,,,,,,,,,,
EVT-000030-01,USR-000030,ACC-000030,TELECOM,ESIM_CHANGE,2026-01-31T00:00:00,DEV-000030-01,,,telecom,SUCCESS,,,synthetic,SUSPICIOUS_ESIM_CHANGE,1,,,,,,,,,,
EVT-000030-02,USR-000030,ACC-000030,DEVICE,NEW_DEVICE,2026-01-31T00:05:00,DEV-000030-02,,,device,UNRECOGNIZED,,,synthetic,SUSPICIOUS_ESIM_CHANGE,1,,,,,,,,,,
EVT-000030-03,USR-000030,ACC-000030,DEVICE,DEVICE_CHANGE,2026-01-31T00:08:00,DEV-000030-02,,,device,DEVIATION,,,synthetic,SUSPICIOUS_ESIM_CHANGE,1,,,,,,,,,,
EVT-000030-04,USR-000030,ACC-000030,AUTHENTICATION,FAILED_LOGIN,2026-01-31T00:10:00,DEV-000030-02,,,authentication,FAILURE,,,synthetic,SUSPICIOUS_ESIM_CHANGE,1,,,,,,,,,,
EVT-000030-05,USR-000030,ACC-000030,BEHAVIOUR,DEVICE_DEVIATION,2026-01-31T00:15:00,DEV-000030-02,,,behaviour,DEVIATION,,,synthetic,SUSPICIOUS_ESIM_CHANGE,1,,,,,,,,,,
EVT-000030-06,USR-000030,ACC-000030,TRANSACTION,TRANSACTION,2026-01-31T00:30:00,DEV-000030-02,,,transaction,SUCCESS,39011.23,,paysim,SUSPICIOUS_ESIM_CHANGE,1,CASH_IN,1115069.07,1154080.3,2569998.15,2530986.92,279,C1840274732,C211067621,0,0
EVT-000031-01,USR-000031,ACC-000031,TELECOM,ESIM_CHANGE,2026-02-01T00:00:00,DEV-000031-01,,,telecom,SUCCESS,,,synthetic,SUSPICIOUS_ESIM_CHANGE,1,,,,,,,,,,
EVT-000031-02,USR-000031,ACC-000031,DEVICE,NEW_DEVICE,2026-02-01T00:05:00,DEV-000031-02,,,device,UNRECOGNIZED,,,synthetic,SUSPICIOUS_ESIM_CHANGE,1,,,,,,,,,,
EVT-000031-03,USR-000031,ACC-000031,DEVICE,DEVICE_CHANGE,2026-02-01T00:08:00,DEV-000031-02,,,device,DEVIATION,,,synthetic,SUSPICIOUS_ESIM_CHANGE,1,,,,,,,,,,
EVT-000031-04,USR-000031,ACC-000031,AUTHENTICATION,FAILED_LOGIN,2026-02-01T00:10:00,DEV-000031-02,,,authentication,FAILURE,,,synthetic,SUSPICIOUS_ESIM_CHANGE,1,,,,,,,,,,
EVT-000031-05,USR-000031,ACC-000031,BEHAVIOUR,DEVICE_DEVIATION,2026-02-01T00:15:00,DEV-000031-02,,,behaviour,DEVIATION,,,synthetic,SUSPICIOUS_ESIM_CHANGE,1,,,,,,,,,,
EVT-000031-06,USR-000031,ACC-000031,TRANSACTION,TRANSACTION,2026-02-01T00:30:00,DEV-000031-02,,,transaction,SUCCESS,323066.97,,paysim,SUSPICIOUS_ESIM_CHANGE,1,CASH_OUT,0.0,0.0,5793343.84,6116410.81,330,C149553270,C1649652022,0,0
EVT-000032-01,USR-000032,ACC-000032,TELECOM,SIM_SWAP,2026-02-02T00:00:00,DEV-000032-01,,,telecom,SUCCESS,,,synthetic,SIM_ESIM_AUTH_ANOMALY,1,,,,,,,,,,
EVT-000032-02,USR-000032,ACC-000032,DEVICE,NEW_DEVICE,2026-02-02T00:05:00,DEV-000032-02,,,device,UNRECOGNIZED,,,synthetic,SIM_ESIM_AUTH_ANOMALY,1,,,,,,,,,,
EVT-000032-03,USR-000032,ACC-000032,AUTHENTICATION,FAILED_LOGIN,2026-02-02T00:10:00,DEV-000032-02,,,authentication,FAILURE,,,synthetic,SIM_ESIM_AUTH_ANOMALY,1,,,,,,,,,,
EVT-000032-04,USR-000032,ACC-000032,AUTHENTICATION,FAILED_LOGIN,2026-02-02T00:12:00,DEV-000032-02,,,authentication,FAILURE,,,synthetic,SIM_ESIM_AUTH_ANOMALY,1,,,,,,,,,,
EVT-000032-05,USR-000032,ACC-000032,BEHAVIOUR,DEVICE_DEVIATION,2026-02-02T00:15:00,DEV-000032-02,,,behaviour,DEVIATION,,,synthetic,SIM_ESIM_AUTH_ANOMALY,1,,,,,,,,,,
EVT-000033-01,USR-000033,ACC-000033,TELECOM,ESIM_CHANGE,2026-02-03T00:00:00,DEV-000033-01,,,telecom,SUCCESS,,,synthetic,SUSPICIOUS_ESIM_CHANGE,1,,,,,,,,,,
EVT-000033-02,USR-000033,ACC-000033,DEVICE,NEW_DEVICE,2026-02-03T00:05:00,DEV-000033-02,,,device,UNRECOGNIZED,,,synthetic,SUSPICIOUS_ESIM_CHANGE,1,,,,,,,,,,
EVT-000033-03,USR-000033,ACC-000033,DEVICE,DEVICE_CHANGE,2026-02-03T00:08:00,DEV-000033-02,,,device,DEVIATION,,,synthetic,SUSPICIOUS_ESIM_CHANGE,1,,,,,,,,,,
EVT-000033-04,USR-000033,ACC-000033,AUTHENTICATION,FAILED_LOGIN,2026-02-03T00:10:00,DEV-000033-02,,,authentication,FAILURE,,,synthetic,SUSPICIOUS_ESIM_CHANGE,1,,,,,,,,,,
EVT-000033-05,USR-000033,ACC-000033,BEHAVIOUR,DEVICE_DEVIATION,2026-02-03T00:15:00,DEV-000033-02,,,behaviour,DEVIATION,,,synthetic,SUSPICIOUS_ESIM_CHANGE,1,,,,,,,,,,
EVT-000033-06,USR-000033,ACC-000033,TRANSACTION,TRANSACTION,2026-02-03T00:30:00,DEV-000033-02,,,transaction,SUCCESS,41678.82,,paysim,SUSPICIOUS_ESIM_CHANGE,1,PAYMENT,0.0,0.0,0.0,0.0,353,C199755727,M42285463,0,0
EVT-000034-01,USR-000034,ACC-000034,TELECOM,SIM_REPLACEMENT,2026-02-04T00:00:00,DEV-000034-01,,,telecom,SUCCESS,,,synthetic,SUSPICIOUS_SIM_REPLACEMENT,1,,,,,,,,,,
EVT-000034-02,USR-000034,ACC-000034,DEVICE,NEW_DEVICE,2026-02-04T00:05:00,DEV-000034-02,,,device,UNRECOGNIZED,,,synthetic,SUSPICIOUS_SIM_REPLACEMENT,1,,,,,,,,,,
EVT-000034-03,USR-000034,ACC-000034,AUTHENTICATION,FAILED_LOGIN,2026-02-04T00:10:00,DEV-000034-02,,,authentication,FAILURE,,,synthetic,SUSPICIOUS_SIM_REPLACEMENT,1,,,,,,,,,,
EVT-000034-04,USR-000034,ACC-000034,RECOVERY,PASSWORD_RESET,2026-02-04T00:15:00,DEV-000034-02,,,recovery,SUCCESS,,,synthetic,SUSPICIOUS_SIM_REPLACEMENT,1,,,,,,,,,,
EVT-000034-05,USR-000034,ACC-000034,ACCOUNT,NEW_BENEFICIARY,2026-02-04T00:20:00,DEV-000034-02,,,account,SUCCESS,,BEN-000034-01,synthetic,SUSPICIOUS_SIM_REPLACEMENT,1,,,,,,,,,,
EVT-000034-06,USR-000034,ACC-000034,TRANSACTION,TRANSACTION,2026-02-04T00:30:00,DEV-000034-02,,,transaction,SUCCESS,80689.15,,paysim,SUSPICIOUS_SIM_REPLACEMENT,1,CASH_IN,8760459.81,8841148.96,349681.93,268992.78,380,C944536078,C558336129,0,0
EVT-000035-01,USR-000035,ACC-000035,TELECOM,SIM_SWAP,2026-02-05T00:00:00,DEV-000035-01,,,telecom,SUCCESS,,,synthetic,SIM_ESIM_AUTH_ANOMALY,1,,,,,,,,,,
EVT-000035-02,USR-000035,ACC-000035,DEVICE,NEW_DEVICE,2026-02-05T00:05:00,DEV-000035-02,,,device,UNRECOGNIZED,,,synthetic,SIM_ESIM_AUTH_ANOMALY,1,,,,,,,,,,
EVT-000035-03,USR-000035,ACC-000035,AUTHENTICATION,FAILED_LOGIN,2026-02-05T00:10:00,DEV-000035-02,,,authentication,FAILURE,,,synthetic,SIM_ESIM_AUTH_ANOMALY,1,,,,,,,,,,
EVT-000035-04,USR-000035,ACC-000035,AUTHENTICATION,FAILED_LOGIN,2026-02-05T00:12:00,DEV-000035-02,,,authentication,FAILURE,,,synthetic,SIM_ESIM_AUTH_ANOMALY,1,,,,,,,,,,
EVT-000035-05,USR-000035,ACC-000035,BEHAVIOUR,DEVICE_DEVIATION,2026-02-05T00:15:00,DEV-000035-02,,,behaviour,DEVIATION,,,synthetic,SIM_ESIM_AUTH_ANOMALY,1,,,,,,,,,,
EVT-000036-01,USR-000036,ACC-000036,TELECOM,ESIM_CHANGE,2026-02-06T00:00:00,DEV-000036-01,,,telecom,SUCCESS,,,synthetic,LEGITIMATE_ESIM_CHANGE,0,,,,,,,,,,
EVT-000036-02,USR-000036,ACC-000036,AUTHENTICATION,LOGIN,2026-02-06T00:10:00,DEV-000036-01,,,authentication,SUCCESS,,,synthetic,LEGITIMATE_ESIM_CHANGE,0,,,,,,,,,,
EVT-000037-01,USR-000037,ACC-000037,TELECOM,SIM_REPLACEMENT,2026-02-07T00:00:00,DEV-000037-01,,,telecom,SUCCESS,,,synthetic,SUSPICIOUS_SIM_REPLACEMENT,1,,,,,,,,,,
EVT-000037-02,USR-000037,ACC-000037,DEVICE,NEW_DEVICE,2026-02-07T00:05:00,DEV-000037-02,,,device,UNRECOGNIZED,,,synthetic,SUSPICIOUS_SIM_REPLACEMENT,1,,,,,,,,,,
EVT-000037-03,USR-000037,ACC-000037,AUTHENTICATION,FAILED_LOGIN,2026-02-07T00:10:00,DEV-000037-02,,,authentication,FAILURE,,,synthetic,SUSPICIOUS_SIM_REPLACEMENT,1,,,,,,,,,,
EVT-000037-04,USR-000037,ACC-000037,RECOVERY,PASSWORD_RESET,2026-02-07T00:15:00,DEV-000037-02,,,recovery,SUCCESS,,,synthetic,SUSPICIOUS_SIM_REPLACEMENT,1,,,,,,,,,,
EVT-000037-05,USR-000037,ACC-000037,ACCOUNT,NEW_BENEFICIARY,2026-02-07T00:20:00,DEV-000037-02,,,account,SUCCESS,,BEN-000037-01,synthetic,SUSPICIOUS_SIM_REPLACEMENT,1,,,,,,,,,,
EVT-000037-06,USR-000037,ACC-000037,TRANSACTION,TRANSACTION,2026-02-07T00:30:00,DEV-000037-02,,,transaction,SUCCESS,17781.06,,paysim,SUSPICIOUS_SIM_REPLACEMENT,1,CASH_OUT,13855.0,0.0,25759.14,43540.2,132,C1272452586,C1505231340,0,0
EVT-000038-01,USR-000038,ACC-000038,TELECOM,ESIM_CHANGE,2026-02-08T00:00:00,DEV-000038-01,,,telecom,SUCCESS,,,synthetic,SUSPICIOUS_ESIM_CHANGE,1,,,,,,,,,,
EVT-000038-02,USR-000038,ACC-000038,DEVICE,NEW_DEVICE,2026-02-08T00:05:00,DEV-000038-02,,,device,UNRECOGNIZED,,,synthetic,SUSPICIOUS_ESIM_CHANGE,1,,,,,,,,,,
EVT-000038-03,USR-000038,ACC-000038,DEVICE,DEVICE_CHANGE,2026-02-08T00:08:00,DEV-000038-02,,,device,DEVIATION,,,synthetic,SUSPICIOUS_ESIM_CHANGE,1,,,,,,,,,,
EVT-000038-04,USR-000038,ACC-000038,AUTHENTICATION,FAILED_LOGIN,2026-02-08T00:10:00,DEV-000038-02,,,authentication,FAILURE,,,synthetic,SUSPICIOUS_ESIM_CHANGE,1,,,,,,,,,,
EVT-000038-05,USR-000038,ACC-000038,BEHAVIOUR,DEVICE_DEVIATION,2026-02-08T00:15:00,DEV-000038-02,,,behaviour,DEVIATION,,,synthetic,SUSPICIOUS_ESIM_CHANGE,1,,,,,,,,,,
EVT-000038-06,USR-000038,ACC-000038,TRANSACTION,TRANSACTION,2026-02-08T00:30:00,DEV-000038-02,,,transaction,SUCCESS,171094.92,,paysim,SUSPICIOUS_ESIM_CHANGE,1,CASH_OUT,0.0,0.0,559241.89,730336.81,15,C1664381497,C1529927582,0,0
EVT-000039-01,USR-000039,ACC-000039,TELECOM,SIM_REPLACEMENT,2026-02-09T00:00:00,DEV-000039-01,,,telecom,SUCCESS,,,synthetic,LEGITIMATE_SIM_REPLACEMENT,0,,,,,,,,,,
EVT-000039-02,USR-000039,ACC-000039,AUTHENTICATION,LOGIN,2026-02-09T00:10:00,DEV-000039-01,,,authentication,SUCCESS,,,synthetic,LEGITIMATE_SIM_REPLACEMENT,0,,,,,,,,,,
EVT-000039-03,USR-000039,ACC-000039,TRANSACTION,TRANSACTION,2026-02-09T00:30:00,DEV-000039-01,,,transaction,SUCCESS,353675.14,,paysim,LEGITIMATE_SIM_REPLACEMENT,0,CASH_IN,881468.52,1235143.66,1.228614761E7,1.193247247E7,18,C1721268882,C131837504,0,0
EVT-000040-01,USR-000040,ACC-000040,TELECOM,SIM_REPLACEMENT,2026-02-10T00:00:00,DEV-000040-01,,,telecom,SUCCESS,,,synthetic,SUSPICIOUS_SIM_REPLACEMENT,1,,,,,,,,,,
EVT-000040-02,USR-000040,ACC-000040,DEVICE,NEW_DEVICE,2026-02-10T00:05:00,DEV-000040-02,,,device,UNRECOGNIZED,,,synthetic,SUSPICIOUS_SIM_REPLACEMENT,1,,,,,,,,,,
EVT-000040-03,USR-000040,ACC-000040,AUTHENTICATION,FAILED_LOGIN,2026-02-10T00:10:00,DEV-000040-02,,,authentication,FAILURE,,,synthetic,SUSPICIOUS_SIM_REPLACEMENT,1,,,,,,,,,,
EVT-000040-04,USR-000040,ACC-000040,RECOVERY,PASSWORD_RESET,2026-02-10T00:15:00,DEV-000040-02,,,recovery,SUCCESS,,,synthetic,SUSPICIOUS_SIM_REPLACEMENT,1,,,,,,,,,,
EVT-000040-05,USR-000040,ACC-000040,ACCOUNT,NEW_BENEFICIARY,2026-02-10T00:20:00,DEV-000040-02,,,account,SUCCESS,,BEN-000040-01,synthetic,SUSPICIOUS_SIM_REPLACEMENT,1,,,,,,,,,,
EVT-000040-06,USR-000040,ACC-000040,TRANSACTION,TRANSACTION,2026-02-10T00:30:00,DEV-000040-02,,,transaction,SUCCESS,183526.38,,paysim,SUSPICIOUS_SIM_REPLACEMENT,1,CASH_OUT,71714.0,0.0,0.0,183526.38,302,C1472219474,C1162528921,0,0
EVT-000041-01,USR-000041,ACC-000041,TELECOM,SIM_REPLACEMENT,2026-02-11T00:00:00,DEV-000041-01,,,telecom,SUCCESS,,,synthetic,LEGITIMATE_SIM_REPLACEMENT,0,,,,,,,,,,
EVT-000041-02,USR-000041,ACC-000041,AUTHENTICATION,LOGIN,2026-02-11T00:10:00,DEV-000041-01,,,authentication,SUCCESS,,,synthetic,LEGITIMATE_SIM_REPLACEMENT,0,,,,,,,,,,
EVT-000041-03,USR-000041,ACC-000041,TRANSACTION,TRANSACTION,2026-02-11T00:30:00,DEV-000041-01,,,transaction,SUCCESS,18994.37,,paysim,LEGITIMATE_SIM_REPLACEMENT,0,PAYMENT,166864.61,147870.24,0.0,0.0,348,C1044934080,M868789298,0,0
EVT-000042-01,USR-000042,ACC-000042,TELECOM,ESIM_CHANGE,2026-02-12T00:00:00,DEV-000042-01,,,telecom,SUCCESS,,,synthetic,LEGITIMATE_ESIM_CHANGE,0,,,,,,,,,,
EVT-000042-02,USR-000042,ACC-000042,AUTHENTICATION,LOGIN,2026-02-12T00:10:00,DEV-000042-01,,,authentication,SUCCESS,,,synthetic,LEGITIMATE_ESIM_CHANGE,0,,,,,,,,,,
EVT-000043-01,USR-000043,ACC-000043,TELECOM,ESIM_CHANGE,2026-02-13T00:00:00,DEV-000043-01,,,telecom,SUCCESS,,,synthetic,SUSPICIOUS_ESIM_CHANGE,1,,,,,,,,,,
EVT-000043-02,USR-000043,ACC-000043,DEVICE,NEW_DEVICE,2026-02-13T00:05:00,DEV-000043-02,,,device,UNRECOGNIZED,,,synthetic,SUSPICIOUS_ESIM_CHANGE,1,,,,,,,,,,
EVT-000043-03,USR-000043,ACC-000043,DEVICE,DEVICE_CHANGE,2026-02-13T00:08:00,DEV-000043-02,,,device,DEVIATION,,,synthetic,SUSPICIOUS_ESIM_CHANGE,1,,,,,,,,,,
EVT-000043-04,USR-000043,ACC-000043,AUTHENTICATION,FAILED_LOGIN,2026-02-13T00:10:00,DEV-000043-02,,,authentication,FAILURE,,,synthetic,SUSPICIOUS_ESIM_CHANGE,1,,,,,,,,,,
EVT-000043-05,USR-000043,ACC-000043,BEHAVIOUR,DEVICE_DEVIATION,2026-02-13T00:15:00,DEV-000043-02,,,behaviour,DEVIATION,,,synthetic,SUSPICIOUS_ESIM_CHANGE,1,,,,,,,,,,
EVT-000043-06,USR-000043,ACC-000043,TRANSACTION,TRANSACTION,2026-02-13T00:30:00,DEV-000043-02,,,transaction,SUCCESS,98629.75,,paysim,SUSPICIOUS_ESIM_CHANGE,1,CASH_OUT,850.23,0.0,659835.23,758464.97,154,C1905637624,C106318131,0,0
EVT-000044-01,USR-000044,ACC-000044,TELECOM,SIM_REPLACEMENT,2026-02-14T00:00:00,DEV-000044-01,,,telecom,SUCCESS,,,synthetic,LEGITIMATE_SIM_REPLACEMENT,0,,,,,,,,,,
EVT-000044-02,USR-000044,ACC-000044,AUTHENTICATION,LOGIN,2026-02-14T00:10:00,DEV-000044-01,,,authentication,SUCCESS,,,synthetic,LEGITIMATE_SIM_REPLACEMENT,0,,,,,,,,,,
EVT-000044-03,USR-000044,ACC-000044,TRANSACTION,TRANSACTION,2026-02-14T00:30:00,DEV-000044-01,,,transaction,SUCCESS,70274.18,,paysim,LEGITIMATE_SIM_REPLACEMENT,0,CASH_OUT,199984.0,129709.82,207077.0,0.0,129,C637891101,C338649590,0,0
EVT-000045-01,USR-000045,ACC-000045,TELECOM,SIM_REPLACEMENT,2026-02-15T00:00:00,DEV-000045-01,,,telecom,SUCCESS,,,synthetic,SUSPICIOUS_SIM_REPLACEMENT,1,,,,,,,,,,
EVT-000045-02,USR-000045,ACC-000045,DEVICE,NEW_DEVICE,2026-02-15T00:05:00,DEV-000045-02,,,device,UNRECOGNIZED,,,synthetic,SUSPICIOUS_SIM_REPLACEMENT,1,,,,,,,,,,
EVT-000045-03,USR-000045,ACC-000045,AUTHENTICATION,FAILED_LOGIN,2026-02-15T00:10:00,DEV-000045-02,,,authentication,FAILURE,,,synthetic,SUSPICIOUS_SIM_REPLACEMENT,1,,,,,,,,,,
EVT-000045-04,USR-000045,ACC-000045,RECOVERY,PASSWORD_RESET,2026-02-15T00:15:00,DEV-000045-02,,,recovery,SUCCESS,,,synthetic,SUSPICIOUS_SIM_REPLACEMENT,1,,,,,,,,,,
EVT-000045-05,USR-000045,ACC-000045,ACCOUNT,NEW_BENEFICIARY,2026-02-15T00:20:00,DEV-000045-02,,,account,SUCCESS,,BEN-000045-01,synthetic,SUSPICIOUS_SIM_REPLACEMENT,1,,,,,,,,,,
EVT-000045-06,USR-000045,ACC-000045,TRANSACTION,TRANSACTION,2026-02-15T00:30:00,DEV-000045-02,,,transaction,SUCCESS,55101.36,,paysim,SUSPICIOUS_SIM_REPLACEMENT,1,CASH_IN,5789642.79,5844744.15,162175.01,107073.65,134,C813423784,C988496184,0,0
EVT-000046-01,USR-000046,ACC-000046,TELECOM,ESIM_CHANGE,2026-02-16T00:00:00,DEV-000046-01,,,telecom,SUCCESS,,,synthetic,SUSPICIOUS_ESIM_CHANGE,1,,,,,,,,,,
EVT-000046-02,USR-000046,ACC-000046,DEVICE,NEW_DEVICE,2026-02-16T00:05:00,DEV-000046-02,,,device,UNRECOGNIZED,,,synthetic,SUSPICIOUS_ESIM_CHANGE,1,,,,,,,,,,
EVT-000046-03,USR-000046,ACC-000046,DEVICE,DEVICE_CHANGE,2026-02-16T00:08:00,DEV-000046-02,,,device,DEVIATION,,,synthetic,SUSPICIOUS_ESIM_CHANGE,1,,,,,,,,,,
EVT-000046-04,USR-000046,ACC-000046,AUTHENTICATION,FAILED_LOGIN,2026-02-16T00:10:00,DEV-000046-02,,,authentication,FAILURE,,,synthetic,SUSPICIOUS_ESIM_CHANGE,1,,,,,,,,,,
EVT-000046-05,USR-000046,ACC-000046,BEHAVIOUR,DEVICE_DEVIATION,2026-02-16T00:15:00,DEV-000046-02,,,behaviour,DEVIATION,,,synthetic,SUSPICIOUS_ESIM_CHANGE,1,,,,,,,,,,
EVT-000046-06,USR-000046,ACC-000046,TRANSACTION,TRANSACTION,2026-02-16T00:30:00,DEV-000046-02,,,transaction,SUCCESS,85571.02,,paysim,SUSPICIOUS_ESIM_CHANGE,1,CASH_IN,3563184.96,3648755.98,421669.76,336098.74,327,C1551878120,C1023289872,0,0
EVT-000047-01,USR-000047,ACC-000047,TELECOM,SIM_REPLACEMENT,2026-02-17T00:00:00,DEV-000047-01,,,telecom,SUCCESS,,,synthetic,LEGITIMATE_SIM_REPLACEMENT,0,,,,,,,,,,
EVT-000047-02,USR-000047,ACC-000047,AUTHENTICATION,LOGIN,2026-02-17T00:10:00,DEV-000047-01,,,authentication,SUCCESS,,,synthetic,LEGITIMATE_SIM_REPLACEMENT,0,,,,,,,,,,
EVT-000047-03,USR-000047,ACC-000047,TRANSACTION,TRANSACTION,2026-02-17T00:30:00,DEV-000047-01,,,transaction,SUCCESS,71814.39,,paysim,LEGITIMATE_SIM_REPLACEMENT,0,CASH_OUT,0.0,0.0,1247537.59,1319351.98,132,C1999024365,C1092414062,0,0
EVT-000048-01,USR-000048,ACC-000048,TELECOM,SIM_REPLACEMENT,2026-02-18T00:00:00,DEV-000048-01,,,telecom,SUCCESS,,,synthetic,LEGITIMATE_SIM_REPLACEMENT,0,,,,,,,,,,
EVT-000048-02,USR-000048,ACC-000048,AUTHENTICATION,LOGIN,2026-02-18T00:10:00,DEV-000048-01,,,authentication,SUCCESS,,,synthetic,LEGITIMATE_SIM_REPLACEMENT,0,,,,,,,,,,
EVT-000048-03,USR-000048,ACC-000048,TRANSACTION,TRANSACTION,2026-02-18T00:30:00,DEV-000048-01,,,transaction,SUCCESS,12962.19,,paysim,LEGITIMATE_SIM_REPLACEMENT,0,PAYMENT,0.0,0.0,0.0,0.0,302,C465405072,M122062711,0,0
EVT-000049-01,USR-000049,ACC-000049,TELECOM,ESIM_CHANGE,2026-02-19T00:00:00,DEV-000049-01,,,telecom,SUCCESS,,,synthetic,SUSPICIOUS_ESIM_CHANGE,1,,,,,,,,,,
EVT-000049-02,USR-000049,ACC-000049,DEVICE,NEW_DEVICE,2026-02-19T00:05:00,DEV-000049-02,,,device,UNRECOGNIZED,,,synthetic,SUSPICIOUS_ESIM_CHANGE,1,,,,,,,,,,
EVT-000049-03,USR-000049,ACC-000049,DEVICE,DEVICE_CHANGE,2026-02-19T00:08:00,DEV-000049-02,,,device,DEVIATION,,,synthetic,SUSPICIOUS_ESIM_CHANGE,1,,,,,,,,,,
EVT-000049-04,USR-000049,ACC-000049,AUTHENTICATION,FAILED_LOGIN,2026-02-19T00:10:00,DEV-000049-02,,,authentication,FAILURE,,,synthetic,SUSPICIOUS_ESIM_CHANGE,1,,,,,,,,,,
EVT-000049-05,USR-000049,ACC-000049,BEHAVIOUR,DEVICE_DEVIATION,2026-02-19T00:15:00,DEV-000049-02,,,behaviour,DEVIATION,,,synthetic,SUSPICIOUS_ESIM_CHANGE,1,,,,,,,,,,
EVT-000049-06,USR-000049,ACC-000049,TRANSACTION,TRANSACTION,2026-02-19T00:30:00,DEV-000049-02,,,transaction,SUCCESS,70488.22,,paysim,SUSPICIOUS_ESIM_CHANGE,1,CASH_IN,7695.0,78183.22,1.393750957E7,1.386702135E7,15,C179387003,C451111351,0,0
EVT-000050-01,USR-000050,ACC-000050,TELECOM,SIM_REPLACEMENT,2026-02-20T00:00:00,DEV-000050-01,,,telecom,SUCCESS,,,synthetic,LEGITIMATE_SIM_REPLACEMENT,0,,,,,,,,,,
EVT-000050-02,USR-000050,ACC-000050,AUTHENTICATION,LOGIN,2026-02-20T00:10:00,DEV-000050-01,,,authentication,SUCCESS,,,synthetic,LEGITIMATE_SIM_REPLACEMENT,0,,,,,,,,,,
EVT-000050-03,USR-000050,ACC-000050,TRANSACTION,TRANSACTION,2026-02-20T00:30:00,DEV-000050-01,,,transaction,SUCCESS,182143.68,,paysim,LEGITIMATE_SIM_REPLACEMENT,0,CASH_OUT,72044.0,0.0,47046.76,229190.44,202,C145161843,C1421276553,0,0
EVT-000051-01,USR-000051,ACC-000051,TELECOM,SIM_REPLACEMENT,2026-02-21T00:00:00,DEV-000051-01,,,telecom,SUCCESS,,,synthetic,SUSPICIOUS_SIM_REPLACEMENT,1,,,,,,,,,,
EVT-000051-02,USR-000051,ACC-000051,DEVICE,NEW_DEVICE,2026-02-21T00:05:00,DEV-000051-02,,,device,UNRECOGNIZED,,,synthetic,SUSPICIOUS_SIM_REPLACEMENT,1,,,,,,,,,,
EVT-000051-03,USR-000051,ACC-000051,AUTHENTICATION,FAILED_LOGIN,2026-02-21T00:10:00,DEV-000051-02,,,authentication,FAILURE,,,synthetic,SUSPICIOUS_SIM_REPLACEMENT,1,,,,,,,,,,
EVT-000051-04,USR-000051,ACC-000051,RECOVERY,PASSWORD_RESET,2026-02-21T00:15:00,DEV-000051-02,,,recovery,SUCCESS,,,synthetic,SUSPICIOUS_SIM_REPLACEMENT,1,,,,,,,,,,
EVT-000051-05,USR-000051,ACC-000051,ACCOUNT,NEW_BENEFICIARY,2026-02-21T00:20:00,DEV-000051-02,,,account,SUCCESS,,BEN-000051-01,synthetic,SUSPICIOUS_SIM_REPLACEMENT,1,,,,,,,,,,
EVT-000051-06,USR-000051,ACC-000051,TRANSACTION,TRANSACTION,2026-02-21T00:30:00,DEV-000051-02,,,transaction,SUCCESS,307420.46,,paysim,SUSPICIOUS_SIM_REPLACEMENT,1,CASH_OUT,0.0,0.0,1.2827784051E8,1.2813731275E8,398,C245601277,C1319618516,0,0
EVT-000052-01,USR-000052,ACC-000052,TELECOM,SIM_SWAP,2026-02-22T00:00:00,DEV-000052-01,,,telecom,SUCCESS,,,synthetic,SIM_ESIM_AUTH_ANOMALY,1,,,,,,,,,,
EVT-000052-02,USR-000052,ACC-000052,DEVICE,NEW_DEVICE,2026-02-22T00:05:00,DEV-000052-02,,,device,UNRECOGNIZED,,,synthetic,SIM_ESIM_AUTH_ANOMALY,1,,,,,,,,,,
EVT-000052-03,USR-000052,ACC-000052,AUTHENTICATION,FAILED_LOGIN,2026-02-22T00:10:00,DEV-000052-02,,,authentication,FAILURE,,,synthetic,SIM_ESIM_AUTH_ANOMALY,1,,,,,,,,,,
EVT-000052-04,USR-000052,ACC-000052,AUTHENTICATION,FAILED_LOGIN,2026-02-22T00:12:00,DEV-000052-02,,,authentication,FAILURE,,,synthetic,SIM_ESIM_AUTH_ANOMALY,1,,,,,,,,,,
EVT-000052-05,USR-000052,ACC-000052,BEHAVIOUR,DEVICE_DEVIATION,2026-02-22T00:15:00,DEV-000052-02,,,behaviour,DEVIATION,,,synthetic,SIM_ESIM_AUTH_ANOMALY,1,,,,,,,,,,
EVT-000053-01,USR-000053,ACC-000053,TELECOM,SIM_REPLACEMENT,2026-02-23T00:00:00,DEV-000053-01,,,telecom,SUCCESS,,,synthetic,LEGITIMATE_SIM_REPLACEMENT,0,,,,,,,,,,
EVT-000053-02,USR-000053,ACC-000053,AUTHENTICATION,LOGIN,2026-02-23T00:10:00,DEV-000053-01,,,authentication,SUCCESS,,,synthetic,LEGITIMATE_SIM_REPLACEMENT,0,,,,,,,,,,
EVT-000053-03,USR-000053,ACC-000053,TRANSACTION,TRANSACTION,2026-02-23T00:30:00,DEV-000053-01,,,transaction,SUCCESS,12230.5,,paysim,LEGITIMATE_SIM_REPLACEMENT,0,PAYMENT,0.0,0.0,0.0,0.0,22,C599402606,M359462476,0,0
EVT-000054-01,USR-000054,ACC-000054,TELECOM,SIM_REPLACEMENT,2026-02-24T00:00:00,DEV-000054-01,,,telecom,SUCCESS,,,synthetic,LEGITIMATE_SIM_REPLACEMENT,0,,,,,,,,,,
EVT-000054-02,USR-000054,ACC-000054,AUTHENTICATION,LOGIN,2026-02-24T00:10:00,DEV-000054-01,,,authentication,SUCCESS,,,synthetic,LEGITIMATE_SIM_REPLACEMENT,0,,,,,,,,,,
EVT-000054-03,USR-000054,ACC-000054,TRANSACTION,TRANSACTION,2026-02-24T00:30:00,DEV-000054-01,,,transaction,SUCCESS,13919.77,,paysim,LEGITIMATE_SIM_REPLACEMENT,0,PAYMENT,296656.53,282736.76,0.0,0.0,237,C540543540,M535075149,0,0
EVT-000055-01,USR-000055,ACC-000055,TELECOM,SIM_REPLACEMENT,2026-02-25T00:00:00,DEV-000055-01,,,telecom,SUCCESS,,,synthetic,SUSPICIOUS_SIM_REPLACEMENT,1,,,,,,,,,,
EVT-000055-02,USR-000055,ACC-000055,DEVICE,NEW_DEVICE,2026-02-25T00:05:00,DEV-000055-02,,,device,UNRECOGNIZED,,,synthetic,SUSPICIOUS_SIM_REPLACEMENT,1,,,,,,,,,,
EVT-000055-03,USR-000055,ACC-000055,AUTHENTICATION,FAILED_LOGIN,2026-02-25T00:10:00,DEV-000055-02,,,authentication,FAILURE,,,synthetic,SUSPICIOUS_SIM_REPLACEMENT,1,,,,,,,,,,
EVT-000055-04,USR-000055,ACC-000055,RECOVERY,PASSWORD_RESET,2026-02-25T00:15:00,DEV-000055-02,,,recovery,SUCCESS,,,synthetic,SUSPICIOUS_SIM_REPLACEMENT,1,,,,,,,,,,
EVT-000055-05,USR-000055,ACC-000055,ACCOUNT,NEW_BENEFICIARY,2026-02-25T00:20:00,DEV-000055-02,,,account,SUCCESS,,BEN-000055-01,synthetic,SUSPICIOUS_SIM_REPLACEMENT,1,,,,,,,,,,
EVT-000055-06,USR-000055,ACC-000055,TRANSACTION,TRANSACTION,2026-02-25T00:30:00,DEV-000055-02,,,transaction,SUCCESS,160813.94,,paysim,SUSPICIOUS_SIM_REPLACEMENT,1,CASH_OUT,18037.0,0.0,242962.04,403775.99,139,C913357617,C1005876254,0,0
EVT-000056-01,USR-000056,ACC-000056,TELECOM,SIM_REPLACEMENT,2026-02-26T00:00:00,DEV-000056-01,,,telecom,SUCCESS,,,synthetic,SUSPICIOUS_SIM_REPLACEMENT,1,,,,,,,,,,
EVT-000056-02,USR-000056,ACC-000056,DEVICE,NEW_DEVICE,2026-02-26T00:05:00,DEV-000056-02,,,device,UNRECOGNIZED,,,synthetic,SUSPICIOUS_SIM_REPLACEMENT,1,,,,,,,,,,
EVT-000056-03,USR-000056,ACC-000056,AUTHENTICATION,FAILED_LOGIN,2026-02-26T00:10:00,DEV-000056-02,,,authentication,FAILURE,,,synthetic,SUSPICIOUS_SIM_REPLACEMENT,1,,,,,,,,,,
EVT-000056-04,USR-000056,ACC-000056,RECOVERY,PASSWORD_RESET,2026-02-26T00:15:00,DEV-000056-02,,,recovery,SUCCESS,,,synthetic,SUSPICIOUS_SIM_REPLACEMENT,1,,,,,,,,,,
EVT-000056-05,USR-000056,ACC-000056,ACCOUNT,NEW_BENEFICIARY,2026-02-26T00:20:00,DEV-000056-02,,,account,SUCCESS,,BEN-000056-01,synthetic,SUSPICIOUS_SIM_REPLACEMENT,1,,,,,,,,,,
EVT-000056-06,USR-000056,ACC-000056,TRANSACTION,TRANSACTION,2026-02-26T00:30:00,DEV-000056-02,,,transaction,SUCCESS,215797.16,,paysim,SUSPICIOUS_SIM_REPLACEMENT,1,CASH_OUT,1431.0,0.0,168387.86,384185.02,356,C1276701295,C192418502,0,0
EVT-000057-01,USR-000057,ACC-000057,TELECOM,ESIM_CHANGE,2026-02-27T00:00:00,DEV-000057-01,,,telecom,SUCCESS,,,synthetic,SUSPICIOUS_ESIM_CHANGE,1,,,,,,,,,,
EVT-000057-02,USR-000057,ACC-000057,DEVICE,NEW_DEVICE,2026-02-27T00:05:00,DEV-000057-02,,,device,UNRECOGNIZED,,,synthetic,SUSPICIOUS_ESIM_CHANGE,1,,,,,,,,,,
EVT-000057-03,USR-000057,ACC-000057,DEVICE,DEVICE_CHANGE,2026-02-27T00:08:00,DEV-000057-02,,,device,DEVIATION,,,synthetic,SUSPICIOUS_ESIM_CHANGE,1,,,,,,,,,,
EVT-000057-04,USR-000057,ACC-000057,AUTHENTICATION,FAILED_LOGIN,2026-02-27T00:10:00,DEV-000057-02,,,authentication,FAILURE,,,synthetic,SUSPICIOUS_ESIM_CHANGE,1,,,,,,,,,,
EVT-000057-05,USR-000057,ACC-000057,BEHAVIOUR,DEVICE_DEVIATION,2026-02-27T00:15:00,DEV-000057-02,,,behaviour,DEVIATION,,,synthetic,SUSPICIOUS_ESIM_CHANGE,1,,,,,,,,,,
EVT-000057-06,USR-000057,ACC-000057,TRANSACTION,TRANSACTION,2026-02-27T00:30:00,DEV-000057-02,,,transaction,SUCCESS,1271233.66,,paysim,SUSPICIOUS_ESIM_CHANGE,1,TRANSFER,31114.0,0.0,0.0,1271233.66,251,C212238137,C614242615,0,0
EVT-000058-01,USR-000058,ACC-000058,TELECOM,ESIM_CHANGE,2026-02-28T00:00:00,DEV-000058-01,,,telecom,SUCCESS,,,synthetic,SUSPICIOUS_ESIM_CHANGE,1,,,,,,,,,,
EVT-000058-02,USR-000058,ACC-000058,DEVICE,NEW_DEVICE,2026-02-28T00:05:00,DEV-000058-02,,,device,UNRECOGNIZED,,,synthetic,SUSPICIOUS_ESIM_CHANGE,1,,,,,,,,,,
EVT-000058-03,USR-000058,ACC-000058,DEVICE,DEVICE_CHANGE,2026-02-28T00:08:00,DEV-000058-02,,,device,DEVIATION,,,synthetic,SUSPICIOUS_ESIM_CHANGE,1,,,,,,,,,,
EVT-000058-04,USR-000058,ACC-000058,AUTHENTICATION,FAILED_LOGIN,2026-02-28T00:10:00,DEV-000058-02,,,authentication,FAILURE,,,synthetic,SUSPICIOUS_ESIM_CHANGE,1,,,,,,,,,,
EVT-000058-05,USR-000058,ACC-000058,BEHAVIOUR,DEVICE_DEVIATION,2026-02-28T00:15:00,DEV-000058-02,,,behaviour,DEVIATION,,,synthetic,SUSPICIOUS_ESIM_CHANGE,1,,,,,,,,,,
EVT-000058-06,USR-000058,ACC-000058,TRANSACTION,TRANSACTION,2026-02-28T00:30:00,DEV-000058-02,,,transaction,SUCCESS,79642.9,,paysim,SUSPICIOUS_ESIM_CHANGE,1,CASH_IN,4924324.69,5003967.59,130433.02,50790.11,371,C1660715055,C810352214,0,0
EVT-000059-01,USR-000059,ACC-000059,TELECOM,ESIM_CHANGE,2026-03-01T00:00:00,DEV-000059-01,,,telecom,SUCCESS,,,synthetic,LEGITIMATE_ESIM_CHANGE,0,,,,,,,,,,
EVT-000059-02,USR-000059,ACC-000059,AUTHENTICATION,LOGIN,2026-03-01T00:10:00,DEV-000059-01,,,authentication,SUCCESS,,,synthetic,LEGITIMATE_ESIM_CHANGE,0,,,,,,,,,,
EVT-000060-01,USR-000060,ACC-000060,TELECOM,SIM_REPLACEMENT,2026-03-02T00:00:00,DEV-000060-01,,,telecom,SUCCESS,,,synthetic,SUSPICIOUS_SIM_REPLACEMENT,1,,,,,,,,,,
EVT-000060-02,USR-000060,ACC-000060,DEVICE,NEW_DEVICE,2026-03-02T00:05:00,DEV-000060-02,,,device,UNRECOGNIZED,,,synthetic,SUSPICIOUS_SIM_REPLACEMENT,1,,,,,,,,,,
EVT-000060-03,USR-000060,ACC-000060,AUTHENTICATION,FAILED_LOGIN,2026-03-02T00:10:00,DEV-000060-02,,,authentication,FAILURE,,,synthetic,SUSPICIOUS_SIM_REPLACEMENT,1,,,,,,,,,,
EVT-000060-04,USR-000060,ACC-000060,RECOVERY,PASSWORD_RESET,2026-03-02T00:15:00,DEV-000060-02,,,recovery,SUCCESS,,,synthetic,SUSPICIOUS_SIM_REPLACEMENT,1,,,,,,,,,,
EVT-000060-05,USR-000060,ACC-000060,ACCOUNT,NEW_BENEFICIARY,2026-03-02T00:20:00,DEV-000060-02,,,account,SUCCESS,,BEN-000060-01,synthetic,SUSPICIOUS_SIM_REPLACEMENT,1,,,,,,,,,,
EVT-000060-06,USR-000060,ACC-000060,TRANSACTION,TRANSACTION,2026-03-02T00:30:00,DEV-000060-02,,,transaction,SUCCESS,3143.66,,paysim,SUSPICIOUS_SIM_REPLACEMENT,1,PAYMENT,347543.0,344399.34,0.0,0.0,47,C900015589,M1053546420,0,0
EVT-000061-01,USR-000061,ACC-000061,TELECOM,SIM_REPLACEMENT,2026-03-03T00:00:00,DEV-000061-01,,,telecom,SUCCESS,,,synthetic,SUSPICIOUS_SIM_REPLACEMENT,1,,,,,,,,,,
EVT-000061-02,USR-000061,ACC-000061,DEVICE,NEW_DEVICE,2026-03-03T00:05:00,DEV-000061-02,,,device,UNRECOGNIZED,,,synthetic,SUSPICIOUS_SIM_REPLACEMENT,1,,,,,,,,,,
EVT-000061-03,USR-000061,ACC-000061,AUTHENTICATION,FAILED_LOGIN,2026-03-03T00:10:00,DEV-000061-02,,,authentication,FAILURE,,,synthetic,SUSPICIOUS_SIM_REPLACEMENT,1,,,,,,,,,,
EVT-000061-04,USR-000061,ACC-000061,RECOVERY,PASSWORD_RESET,2026-03-03T00:15:00,DEV-000061-02,,,recovery,SUCCESS,,,synthetic,SUSPICIOUS_SIM_REPLACEMENT,1,,,,,,,,,,
EVT-000061-05,USR-000061,ACC-000061,ACCOUNT,NEW_BENEFICIARY,2026-03-03T00:20:00,DEV-000061-02,,,account,SUCCESS,,BEN-000061-01,synthetic,SUSPICIOUS_SIM_REPLACEMENT,1,,,,,,,,,,
EVT-000061-06,USR-000061,ACC-000061,TRANSACTION,TRANSACTION,2026-03-03T00:30:00,DEV-000061-02,,,transaction,SUCCESS,444246.86,,paysim,SUSPICIOUS_SIM_REPLACEMENT,1,CASH_IN,8155936.73,8600183.59,1620038.1,1175791.24,381,C1040135372,C597146069,0,0
EVT-000062-01,USR-000062,ACC-000062,TELECOM,ESIM_CHANGE,2026-03-04T00:00:00,DEV-000062-01,,,telecom,SUCCESS,,,synthetic,LEGITIMATE_ESIM_CHANGE,0,,,,,,,,,,
EVT-000062-02,USR-000062,ACC-000062,AUTHENTICATION,LOGIN,2026-03-04T00:10:00,DEV-000062-01,,,authentication,SUCCESS,,,synthetic,LEGITIMATE_ESIM_CHANGE,0,,,,,,,,,,
EVT-000063-01,USR-000063,ACC-000063,TELECOM,ESIM_CHANGE,2026-03-05T00:00:00,DEV-000063-01,,,telecom,SUCCESS,,,synthetic,SUSPICIOUS_ESIM_CHANGE,1,,,,,,,,,,
EVT-000063-02,USR-000063,ACC-000063,DEVICE,NEW_DEVICE,2026-03-05T00:05:00,DEV-000063-02,,,device,UNRECOGNIZED,,,synthetic,SUSPICIOUS_ESIM_CHANGE,1,,,,,,,,,,
EVT-000063-03,USR-000063,ACC-000063,DEVICE,DEVICE_CHANGE,2026-03-05T00:08:00,DEV-000063-02,,,device,DEVIATION,,,synthetic,SUSPICIOUS_ESIM_CHANGE,1,,,,,,,,,,
EVT-000063-04,USR-000063,ACC-000063,AUTHENTICATION,FAILED_LOGIN,2026-03-05T00:10:00,DEV-000063-02,,,authentication,FAILURE,,,synthetic,SUSPICIOUS_ESIM_CHANGE,1,,,,,,,,,,
EVT-000063-05,USR-000063,ACC-000063,BEHAVIOUR,DEVICE_DEVIATION,2026-03-05T00:15:00,DEV-000063-02,,,behaviour,DEVIATION,,,synthetic,SUSPICIOUS_ESIM_CHANGE,1,,,,,,,,,,
EVT-000063-06,USR-000063,ACC-000063,TRANSACTION,TRANSACTION,2026-03-05T00:30:00,DEV-000063-02,,,transaction,SUCCESS,38913.42,,paysim,SUSPICIOUS_ESIM_CHANGE,1,PAYMENT,231758.0,192844.58,0.0,0.0,139,C1963524981,M1182690077,0,0
EVT-000064-01,USR-000064,ACC-000064,TELECOM,ESIM_CHANGE,2026-03-06T00:00:00,DEV-000064-01,,,telecom,SUCCESS,,,synthetic,LEGITIMATE_ESIM_CHANGE,0,,,,,,,,,,
EVT-000064-02,USR-000064,ACC-000064,AUTHENTICATION,LOGIN,2026-03-06T00:10:00,DEV-000064-01,,,authentication,SUCCESS,,,synthetic,LEGITIMATE_ESIM_CHANGE,0,,,,,,,,,,
EVT-000065-01,USR-000065,ACC-000065,TELECOM,ESIM_CHANGE,2026-03-07T00:00:00,DEV-000065-01,,,telecom,SUCCESS,,,synthetic,LEGITIMATE_ESIM_CHANGE,0,,,,,,,,,,
EVT-000065-02,USR-000065,ACC-000065,AUTHENTICATION,LOGIN,2026-03-07T00:10:00,DEV-000065-01,,,authentication,SUCCESS,,,synthetic,LEGITIMATE_ESIM_CHANGE,0,,,,,,,,,,
EVT-000066-01,USR-000066,ACC-000066,TELECOM,SIM_SWAP,2026-03-08T00:00:00,DEV-000066-01,,,telecom,SUCCESS,,,synthetic,SIM_ESIM_AUTH_ANOMALY,1,,,,,,,,,,
EVT-000066-02,USR-000066,ACC-000066,DEVICE,NEW_DEVICE,2026-03-08T00:05:00,DEV-000066-02,,,device,UNRECOGNIZED,,,synthetic,SIM_ESIM_AUTH_ANOMALY,1,,,,,,,,,,
EVT-000066-03,USR-000066,ACC-000066,AUTHENTICATION,FAILED_LOGIN,2026-03-08T00:10:00,DEV-000066-02,,,authentication,FAILURE,,,synthetic,SIM_ESIM_AUTH_ANOMALY,1,,,,,,,,,,
EVT-000066-04,USR-000066,ACC-000066,AUTHENTICATION,FAILED_LOGIN,2026-03-08T00:12:00,DEV-000066-02,,,authentication,FAILURE,,,synthetic,SIM_ESIM_AUTH_ANOMALY,1,,,,,,,,,,
EVT-000066-05,USR-000066,ACC-000066,BEHAVIOUR,DEVICE_DEVIATION,2026-03-08T00:15:00,DEV-000066-02,,,behaviour,DEVIATION,,,synthetic,SIM_ESIM_AUTH_ANOMALY,1,,,,,,,,,,
EVT-000067-01,USR-000067,ACC-000067,TELECOM,ESIM_CHANGE,2026-03-09T00:00:00,DEV-000067-01,,,telecom,SUCCESS,,,synthetic,LEGITIMATE_ESIM_CHANGE,0,,,,,,,,,,
EVT-000067-02,USR-000067,ACC-000067,AUTHENTICATION,LOGIN,2026-03-09T00:10:00,DEV-000067-01,,,authentication,SUCCESS,,,synthetic,LEGITIMATE_ESIM_CHANGE,0,,,,,,,,,,
EVT-000068-01,USR-000068,ACC-000068,TELECOM,SIM_REPLACEMENT,2026-03-10T00:00:00,DEV-000068-01,,,telecom,SUCCESS,,,synthetic,LEGITIMATE_SIM_REPLACEMENT,0,,,,,,,,,,
EVT-000068-02,USR-000068,ACC-000068,AUTHENTICATION,LOGIN,2026-03-10T00:10:00,DEV-000068-01,,,authentication,SUCCESS,,,synthetic,LEGITIMATE_SIM_REPLACEMENT,0,,,,,,,,,,
EVT-000068-03,USR-000068,ACC-000068,TRANSACTION,TRANSACTION,2026-03-10T00:30:00,DEV-000068-01,,,transaction,SUCCESS,6226.49,,paysim,LEGITIMATE_SIM_REPLACEMENT,0,PAYMENT,0.0,0.0,0.0,0.0,135,C2009819169,M1732485217,0,0
EVT-000069-01,USR-000069,ACC-000069,TELECOM,ESIM_CHANGE,2026-03-11T00:00:00,DEV-000069-01,,,telecom,SUCCESS,,,synthetic,LEGITIMATE_ESIM_CHANGE,0,,,,,,,,,,
EVT-000069-02,USR-000069,ACC-000069,AUTHENTICATION,LOGIN,2026-03-11T00:10:00,DEV-000069-01,,,authentication,SUCCESS,,,synthetic,LEGITIMATE_ESIM_CHANGE,0,,,,,,,,,,
EVT-000070-01,USR-000070,ACC-000070,TELECOM,SIM_REPLACEMENT,2026-03-12T00:00:00,DEV-000070-01,,,telecom,SUCCESS,,,synthetic,LEGITIMATE_SIM_REPLACEMENT,0,,,,,,,,,,
EVT-000070-02,USR-000070,ACC-000070,AUTHENTICATION,LOGIN,2026-03-12T00:10:00,DEV-000070-01,,,authentication,SUCCESS,,,synthetic,LEGITIMATE_SIM_REPLACEMENT,0,,,,,,,,,,
EVT-000070-03,USR-000070,ACC-000070,TRANSACTION,TRANSACTION,2026-03-12T00:30:00,DEV-000070-01,,,transaction,SUCCESS,159329.31,,paysim,LEGITIMATE_SIM_REPLACEMENT,0,CASH_IN,46123.0,205452.31,0.0,0.0,17,C2064189695,C852912021,0,0
EVT-000071-01,USR-000071,ACC-000071,TELECOM,SIM_REPLACEMENT,2026-03-13T00:00:00,DEV-000071-01,,,telecom,SUCCESS,,,synthetic,LEGITIMATE_SIM_REPLACEMENT,0,,,,,,,,,,
EVT-000071-02,USR-000071,ACC-000071,AUTHENTICATION,LOGIN,2026-03-13T00:10:00,DEV-000071-01,,,authentication,SUCCESS,,,synthetic,LEGITIMATE_SIM_REPLACEMENT,0,,,,,,,,,,
EVT-000071-03,USR-000071,ACC-000071,TRANSACTION,TRANSACTION,2026-03-13T00:30:00,DEV-000071-01,,,transaction,SUCCESS,3750.09,,paysim,LEGITIMATE_SIM_REPLACEMENT,0,PAYMENT,5386.4,1636.31,0.0,0.0,321,C876839455,M1640094624,0,0
EVT-000072-01,USR-000072,ACC-000072,TELECOM,ESIM_CHANGE,2026-03-14T00:00:00,DEV-000072-01,,,telecom,SUCCESS,,,synthetic,LEGITIMATE_ESIM_CHANGE,0,,,,,,,,,,
EVT-000072-02,USR-000072,ACC-000072,AUTHENTICATION,LOGIN,2026-03-14T00:10:00,DEV-000072-01,,,authentication,SUCCESS,,,synthetic,LEGITIMATE_ESIM_CHANGE,0,,,,,,,,,,
EVT-000073-01,USR-000073,ACC-000073,TELECOM,SIM_REPLACEMENT,2026-03-15T00:00:00,DEV-000073-01,,,telecom,SUCCESS,,,synthetic,SUSPICIOUS_SIM_REPLACEMENT,1,,,,,,,,,,
EVT-000073-02,USR-000073,ACC-000073,DEVICE,NEW_DEVICE,2026-03-15T00:05:00,DEV-000073-02,,,device,UNRECOGNIZED,,,synthetic,SUSPICIOUS_SIM_REPLACEMENT,1,,,,,,,,,,
EVT-000073-03,USR-000073,ACC-000073,AUTHENTICATION,FAILED_LOGIN,2026-03-15T00:10:00,DEV-000073-02,,,authentication,FAILURE,,,synthetic,SUSPICIOUS_SIM_REPLACEMENT,1,,,,,,,,,,
EVT-000073-04,USR-000073,ACC-000073,RECOVERY,PASSWORD_RESET,2026-03-15T00:15:00,DEV-000073-02,,,recovery,SUCCESS,,,synthetic,SUSPICIOUS_SIM_REPLACEMENT,1,,,,,,,,,,
EVT-000073-05,USR-000073,ACC-000073,ACCOUNT,NEW_BENEFICIARY,2026-03-15T00:20:00,DEV-000073-02,,,account,SUCCESS,,BEN-000073-01,synthetic,SUSPICIOUS_SIM_REPLACEMENT,1,,,,,,,,,,
EVT-000073-06,USR-000073,ACC-000073,TRANSACTION,TRANSACTION,2026-03-15T00:30:00,DEV-000073-02,,,transaction,SUCCESS,48342.35,,paysim,SUSPICIOUS_SIM_REPLACEMENT,1,CASH_OUT,30926.0,0.0,603858.53,652200.87,380,C1426854861,C2126047802,0,0
EVT-000074-01,USR-000074,ACC-000074,TELECOM,ESIM_CHANGE,2026-03-16T00:00:00,DEV-000074-01,,,telecom,SUCCESS,,,synthetic,LEGITIMATE_ESIM_CHANGE,0,,,,,,,,,,
EVT-000074-02,USR-000074,ACC-000074,AUTHENTICATION,LOGIN,2026-03-16T00:10:00,DEV-000074-01,,,authentication,SUCCESS,,,synthetic,LEGITIMATE_ESIM_CHANGE,0,,,,,,,,,,
EVT-000075-01,USR-000075,ACC-000075,TELECOM,SIM_REPLACEMENT,2026-03-17T00:00:00,DEV-000075-01,,,telecom,SUCCESS,,,synthetic,SUSPICIOUS_SIM_REPLACEMENT,1,,,,,,,,,,
EVT-000075-02,USR-000075,ACC-000075,DEVICE,NEW_DEVICE,2026-03-17T00:05:00,DEV-000075-02,,,device,UNRECOGNIZED,,,synthetic,SUSPICIOUS_SIM_REPLACEMENT,1,,,,,,,,,,
EVT-000075-03,USR-000075,ACC-000075,AUTHENTICATION,FAILED_LOGIN,2026-03-17T00:10:00,DEV-000075-02,,,authentication,FAILURE,,,synthetic,SUSPICIOUS_SIM_REPLACEMENT,1,,,,,,,,,,
EVT-000075-04,USR-000075,ACC-000075,RECOVERY,PASSWORD_RESET,2026-03-17T00:15:00,DEV-000075-02,,,recovery,SUCCESS,,,synthetic,SUSPICIOUS_SIM_REPLACEMENT,1,,,,,,,,,,
EVT-000075-05,USR-000075,ACC-000075,ACCOUNT,NEW_BENEFICIARY,2026-03-17T00:20:00,DEV-000075-02,,,account,SUCCESS,,BEN-000075-01,synthetic,SUSPICIOUS_SIM_REPLACEMENT,1,,,,,,,,,,
EVT-000075-06,USR-000075,ACC-000075,TRANSACTION,TRANSACTION,2026-03-17T00:30:00,DEV-000075-02,,,transaction,SUCCESS,311629.19,,paysim,SUSPICIOUS_SIM_REPLACEMENT,1,CASH_IN,1083563.69,1395192.88,2861445.96,2549816.77,14,C1652362000,C1474411656,0,0
EVT-000076-01,USR-000076,ACC-000076,TELECOM,SIM_SWAP,2026-03-18T00:00:00,DEV-000076-01,,,telecom,SUCCESS,,,synthetic,SIM_ESIM_AUTH_ANOMALY,1,,,,,,,,,,
EVT-000076-02,USR-000076,ACC-000076,DEVICE,NEW_DEVICE,2026-03-18T00:05:00,DEV-000076-02,,,device,UNRECOGNIZED,,,synthetic,SIM_ESIM_AUTH_ANOMALY,1,,,,,,,,,,
EVT-000076-03,USR-000076,ACC-000076,AUTHENTICATION,FAILED_LOGIN,2026-03-18T00:10:00,DEV-000076-02,,,authentication,FAILURE,,,synthetic,SIM_ESIM_AUTH_ANOMALY,1,,,,,,,,,,
EVT-000076-04,USR-000076,ACC-000076,AUTHENTICATION,FAILED_LOGIN,2026-03-18T00:12:00,DEV-000076-02,,,authentication,FAILURE,,,synthetic,SIM_ESIM_AUTH_ANOMALY,1,,,,,,,,,,
EVT-000076-05,USR-000076,ACC-000076,BEHAVIOUR,DEVICE_DEVIATION,2026-03-18T00:15:00,DEV-000076-02,,,behaviour,DEVIATION,,,synthetic,SIM_ESIM_AUTH_ANOMALY,1,,,,,,,,,,
EVT-000077-01,USR-000077,ACC-000077,TELECOM,ESIM_CHANGE,2026-03-19T00:00:00,DEV-000077-01,,,telecom,SUCCESS,,,synthetic,SUSPICIOUS_ESIM_CHANGE,1,,,,,,,,,,
EVT-000077-02,USR-000077,ACC-000077,DEVICE,NEW_DEVICE,2026-03-19T00:05:00,DEV-000077-02,,,device,UNRECOGNIZED,,,synthetic,SUSPICIOUS_ESIM_CHANGE,1,,,,,,,,,,
EVT-000077-03,USR-000077,ACC-000077,DEVICE,DEVICE_CHANGE,2026-03-19T00:08:00,DEV-000077-02,,,device,DEVIATION,,,synthetic,SUSPICIOUS_ESIM_CHANGE,1,,,,,,,,,,
EVT-000077-04,USR-000077,ACC-000077,AUTHENTICATION,FAILED_LOGIN,2026-03-19T00:10:00,DEV-000077-02,,,authentication,FAILURE,,,synthetic,SUSPICIOUS_ESIM_CHANGE,1,,,,,,,,,,
EVT-000077-05,USR-000077,ACC-000077,BEHAVIOUR,DEVICE_DEVIATION,2026-03-19T00:15:00,DEV-000077-02,,,behaviour,DEVIATION,,,synthetic,SUSPICIOUS_ESIM_CHANGE,1,,,,,,,,,,
EVT-000077-06,USR-000077,ACC-000077,TRANSACTION,TRANSACTION,2026-03-19T00:30:00,DEV-000077-02,,,transaction,SUCCESS,52622.34,,paysim,SUSPICIOUS_ESIM_CHANGE,1,PAYMENT,82746.0,30123.66,0.0,0.0,133,C69368939,M1394684216,0,0
EVT-000078-01,USR-000078,ACC-000078,TELECOM,SIM_SWAP,2026-03-20T00:00:00,DEV-000078-01,,,telecom,SUCCESS,,,synthetic,SIM_ESIM_AUTH_ANOMALY,1,,,,,,,,,,
EVT-000078-02,USR-000078,ACC-000078,DEVICE,NEW_DEVICE,2026-03-20T00:05:00,DEV-000078-02,,,device,UNRECOGNIZED,,,synthetic,SIM_ESIM_AUTH_ANOMALY,1,,,,,,,,,,
EVT-000078-03,USR-000078,ACC-000078,AUTHENTICATION,FAILED_LOGIN,2026-03-20T00:10:00,DEV-000078-02,,,authentication,FAILURE,,,synthetic,SIM_ESIM_AUTH_ANOMALY,1,,,,,,,,,,
EVT-000078-04,USR-000078,ACC-000078,AUTHENTICATION,FAILED_LOGIN,2026-03-20T00:12:00,DEV-000078-02,,,authentication,FAILURE,,,synthetic,SIM_ESIM_AUTH_ANOMALY,1,,,,,,,,,,
EVT-000078-05,USR-000078,ACC-000078,BEHAVIOUR,DEVICE_DEVIATION,2026-03-20T00:15:00,DEV-000078-02,,,behaviour,DEVIATION,,,synthetic,SIM_ESIM_AUTH_ANOMALY,1,,,,,,,,,,
EVT-000079-01,USR-000079,ACC-000079,TELECOM,SIM_REPLACEMENT,2026-03-21T00:00:00,DEV-000079-01,,,telecom,SUCCESS,,,synthetic,LEGITIMATE_SIM_REPLACEMENT,0,,,,,,,,,,
EVT-000079-02,USR-000079,ACC-000079,AUTHENTICATION,LOGIN,2026-03-21T00:10:00,DEV-000079-01,,,authentication,SUCCESS,,,synthetic,LEGITIMATE_SIM_REPLACEMENT,0,,,,,,,,,,
EVT-000079-03,USR-000079,ACC-000079,TRANSACTION,TRANSACTION,2026-03-21T00:30:00,DEV-000079-01,,,transaction,SUCCESS,8688.49,,paysim,LEGITIMATE_SIM_REPLACEMENT,0,PAYMENT,103361.0,94672.51,0.0,0.0,374,C1216817752,M1904898993,0,0
EVT-000080-01,USR-000080,ACC-000080,TELECOM,SIM_SWAP,2026-03-22T00:00:00,DEV-000080-01,,,telecom,SUCCESS,,,synthetic,SIM_ESIM_AUTH_ANOMALY,1,,,,,,,,,,
EVT-000080-02,USR-000080,ACC-000080,DEVICE,NEW_DEVICE,2026-03-22T00:05:00,DEV-000080-02,,,device,UNRECOGNIZED,,,synthetic,SIM_ESIM_AUTH_ANOMALY,1,,,,,,,,,,
EVT-000080-03,USR-000080,ACC-000080,AUTHENTICATION,FAILED_LOGIN,2026-03-22T00:10:00,DEV-000080-02,,,authentication,FAILURE,,,synthetic,SIM_ESIM_AUTH_ANOMALY,1,,,,,,,,,,
EVT-000080-04,USR-000080,ACC-000080,AUTHENTICATION,FAILED_LOGIN,2026-03-22T00:12:00,DEV-000080-02,,,authentication,FAILURE,,,synthetic,SIM_ESIM_AUTH_ANOMALY,1,,,,,,,,,,
EVT-000080-05,USR-000080,ACC-000080,BEHAVIOUR,DEVICE_DEVIATION,2026-03-22T00:15:00,DEV-000080-02,,,behaviour,DEVIATION,,,synthetic,SIM_ESIM_AUTH_ANOMALY,1,,,,,,,,,,
EVT-000081-01,USR-000081,ACC-000081,TELECOM,ESIM_CHANGE,2026-03-23T00:00:00,DEV-000081-01,,,telecom,SUCCESS,,,synthetic,SUSPICIOUS_ESIM_CHANGE,1,,,,,,,,,,
EVT-000081-02,USR-000081,ACC-000081,DEVICE,NEW_DEVICE,2026-03-23T00:05:00,DEV-000081-02,,,device,UNRECOGNIZED,,,synthetic,SUSPICIOUS_ESIM_CHANGE,1,,,,,,,,,,
EVT-000081-03,USR-000081,ACC-000081,DEVICE,DEVICE_CHANGE,2026-03-23T00:08:00,DEV-000081-02,,,device,DEVIATION,,,synthetic,SUSPICIOUS_ESIM_CHANGE,1,,,,,,,,,,
EVT-000081-04,USR-000081,ACC-000081,AUTHENTICATION,FAILED_LOGIN,2026-03-23T00:10:00,DEV-000081-02,,,authentication,FAILURE,,,synthetic,SUSPICIOUS_ESIM_CHANGE,1,,,,,,,,,,
EVT-000081-05,USR-000081,ACC-000081,BEHAVIOUR,DEVICE_DEVIATION,2026-03-23T00:15:00,DEV-000081-02,,,behaviour,DEVIATION,,,synthetic,SUSPICIOUS_ESIM_CHANGE,1,,,,,,,,,,
EVT-000081-06,USR-000081,ACC-000081,TRANSACTION,TRANSACTION,2026-03-23T00:30:00,DEV-000081-02,,,transaction,SUCCESS,56378.76,,paysim,SUSPICIOUS_ESIM_CHANGE,1,CASH_OUT,36465.0,0.0,0.0,0.0,40,C1197262595,C890324541,0,0
EVT-000082-01,USR-000082,ACC-000082,TELECOM,SIM_REPLACEMENT,2026-03-24T00:00:00,DEV-000082-01,,,telecom,SUCCESS,,,synthetic,SUSPICIOUS_SIM_REPLACEMENT,1,,,,,,,,,,
EVT-000082-02,USR-000082,ACC-000082,DEVICE,NEW_DEVICE,2026-03-24T00:05:00,DEV-000082-02,,,device,UNRECOGNIZED,,,synthetic,SUSPICIOUS_SIM_REPLACEMENT,1,,,,,,,,,,
EVT-000082-03,USR-000082,ACC-000082,AUTHENTICATION,FAILED_LOGIN,2026-03-24T00:10:00,DEV-000082-02,,,authentication,FAILURE,,,synthetic,SUSPICIOUS_SIM_REPLACEMENT,1,,,,,,,,,,
EVT-000082-04,USR-000082,ACC-000082,RECOVERY,PASSWORD_RESET,2026-03-24T00:15:00,DEV-000082-02,,,recovery,SUCCESS,,,synthetic,SUSPICIOUS_SIM_REPLACEMENT,1,,,,,,,,,,
EVT-000082-05,USR-000082,ACC-000082,ACCOUNT,NEW_BENEFICIARY,2026-03-24T00:20:00,DEV-000082-02,,,account,SUCCESS,,BEN-000082-01,synthetic,SUSPICIOUS_SIM_REPLACEMENT,1,,,,,,,,,,
EVT-000082-06,USR-000082,ACC-000082,TRANSACTION,TRANSACTION,2026-03-24T00:30:00,DEV-000082-02,,,transaction,SUCCESS,139410.73,,paysim,SUSPICIOUS_SIM_REPLACEMENT,1,CASH_IN,8484452.2,8623862.94,2729696.79,2590286.05,321,C1747770669,C85582090,0,0
EVT-000083-01,USR-000083,ACC-000083,TELECOM,SIM_REPLACEMENT,2026-03-25T00:00:00,DEV-000083-01,,,telecom,SUCCESS,,,synthetic,LEGITIMATE_SIM_REPLACEMENT,0,,,,,,,,,,
EVT-000083-02,USR-000083,ACC-000083,AUTHENTICATION,LOGIN,2026-03-25T00:10:00,DEV-000083-01,,,authentication,SUCCESS,,,synthetic,LEGITIMATE_SIM_REPLACEMENT,0,,,,,,,,,,
EVT-000083-03,USR-000083,ACC-000083,TRANSACTION,TRANSACTION,2026-03-25T00:30:00,DEV-000083-01,,,transaction,SUCCESS,49597.93,,paysim,LEGITIMATE_SIM_REPLACEMENT,0,CASH_IN,1.821459871E7,1.826419664E7,1335987.93,1286390.0,204,C2027710026,C89834866,0,0
EVT-000084-01,USR-000084,ACC-000084,TELECOM,SIM_SWAP,2026-03-26T00:00:00,DEV-000084-01,,,telecom,SUCCESS,,,synthetic,SIM_ESIM_AUTH_ANOMALY,1,,,,,,,,,,
EVT-000084-02,USR-000084,ACC-000084,DEVICE,NEW_DEVICE,2026-03-26T00:05:00,DEV-000084-02,,,device,UNRECOGNIZED,,,synthetic,SIM_ESIM_AUTH_ANOMALY,1,,,,,,,,,,
EVT-000084-03,USR-000084,ACC-000084,AUTHENTICATION,FAILED_LOGIN,2026-03-26T00:10:00,DEV-000084-02,,,authentication,FAILURE,,,synthetic,SIM_ESIM_AUTH_ANOMALY,1,,,,,,,,,,
EVT-000084-04,USR-000084,ACC-000084,AUTHENTICATION,FAILED_LOGIN,2026-03-26T00:12:00,DEV-000084-02,,,authentication,FAILURE,,,synthetic,SIM_ESIM_AUTH_ANOMALY,1,,,,,,,,,,
EVT-000084-05,USR-000084,ACC-000084,BEHAVIOUR,DEVICE_DEVIATION,2026-03-26T00:15:00,DEV-000084-02,,,behaviour,DEVIATION,,,synthetic,SIM_ESIM_AUTH_ANOMALY,1,,,,,,,,,,
EVT-000085-01,USR-000085,ACC-000085,TELECOM,ESIM_CHANGE,2026-03-27T00:00:00,DEV-000085-01,,,telecom,SUCCESS,,,synthetic,LEGITIMATE_ESIM_CHANGE,0,,,,,,,,,,
EVT-000085-02,USR-000085,ACC-000085,AUTHENTICATION,LOGIN,2026-03-27T00:10:00,DEV-000085-01,,,authentication,SUCCESS,,,synthetic,LEGITIMATE_ESIM_CHANGE,0,,,,,,,,,,
EVT-000086-01,USR-000086,ACC-000086,TELECOM,ESIM_CHANGE,2026-03-28T00:00:00,DEV-000086-01,,,telecom,SUCCESS,,,synthetic,SUSPICIOUS_ESIM_CHANGE,1,,,,,,,,,,
EVT-000086-02,USR-000086,ACC-000086,DEVICE,NEW_DEVICE,2026-03-28T00:05:00,DEV-000086-02,,,device,UNRECOGNIZED,,,synthetic,SUSPICIOUS_ESIM_CHANGE,1,,,,,,,,,,
EVT-000086-03,USR-000086,ACC-000086,DEVICE,DEVICE_CHANGE,2026-03-28T00:08:00,DEV-000086-02,,,device,DEVIATION,,,synthetic,SUSPICIOUS_ESIM_CHANGE,1,,,,,,,,,,
EVT-000086-04,USR-000086,ACC-000086,AUTHENTICATION,FAILED_LOGIN,2026-03-28T00:10:00,DEV-000086-02,,,authentication,FAILURE,,,synthetic,SUSPICIOUS_ESIM_CHANGE,1,,,,,,,,,,
EVT-000086-05,USR-000086,ACC-000086,BEHAVIOUR,DEVICE_DEVIATION,2026-03-28T00:15:00,DEV-000086-02,,,behaviour,DEVIATION,,,synthetic,SUSPICIOUS_ESIM_CHANGE,1,,,,,,,,,,
EVT-000086-06,USR-000086,ACC-000086,TRANSACTION,TRANSACTION,2026-03-28T00:30:00,DEV-000086-02,,,transaction,SUCCESS,9283.05,,paysim,SUSPICIOUS_ESIM_CHANGE,1,PAYMENT,0.0,0.0,0.0,0.0,325,C195432280,M829193009,0,0
EVT-000087-01,USR-000087,ACC-000087,TELECOM,SIM_SWAP,2026-03-29T00:00:00,DEV-000087-01,,,telecom,SUCCESS,,,synthetic,SIM_ESIM_AUTH_ANOMALY,1,,,,,,,,,,
EVT-000087-02,USR-000087,ACC-000087,DEVICE,NEW_DEVICE,2026-03-29T00:05:00,DEV-000087-02,,,device,UNRECOGNIZED,,,synthetic,SIM_ESIM_AUTH_ANOMALY,1,,,,,,,,,,
EVT-000087-03,USR-000087,ACC-000087,AUTHENTICATION,FAILED_LOGIN,2026-03-29T00:10:00,DEV-000087-02,,,authentication,FAILURE,,,synthetic,SIM_ESIM_AUTH_ANOMALY,1,,,,,,,,,,
EVT-000087-04,USR-000087,ACC-000087,AUTHENTICATION,FAILED_LOGIN,2026-03-29T00:12:00,DEV-000087-02,,,authentication,FAILURE,,,synthetic,SIM_ESIM_AUTH_ANOMALY,1,,,,,,,,,,
EVT-000087-05,USR-000087,ACC-000087,BEHAVIOUR,DEVICE_DEVIATION,2026-03-29T00:15:00,DEV-000087-02,,,behaviour,DEVIATION,,,synthetic,SIM_ESIM_AUTH_ANOMALY,1,,,,,,,,,,
EVT-000088-01,USR-000088,ACC-000088,TELECOM,ESIM_CHANGE,2026-03-30T00:00:00,DEV-000088-01,,,telecom,SUCCESS,,,synthetic,LEGITIMATE_ESIM_CHANGE,0,,,,,,,,,,
EVT-000088-02,USR-000088,ACC-000088,AUTHENTICATION,LOGIN,2026-03-30T00:10:00,DEV-000088-01,,,authentication,SUCCESS,,,synthetic,LEGITIMATE_ESIM_CHANGE,0,,,,,,,,,,
EVT-000089-01,USR-000089,ACC-000089,TELECOM,SIM_REPLACEMENT,2026-03-31T00:00:00,DEV-000089-01,,,telecom,SUCCESS,,,synthetic,SUSPICIOUS_SIM_REPLACEMENT,1,,,,,,,,,,
EVT-000089-02,USR-000089,ACC-000089,DEVICE,NEW_DEVICE,2026-03-31T00:05:00,DEV-000089-02,,,device,UNRECOGNIZED,,,synthetic,SUSPICIOUS_SIM_REPLACEMENT,1,,,,,,,,,,
EVT-000089-03,USR-000089,ACC-000089,AUTHENTICATION,FAILED_LOGIN,2026-03-31T00:10:00,DEV-000089-02,,,authentication,FAILURE,,,synthetic,SUSPICIOUS_SIM_REPLACEMENT,1,,,,,,,,,,
EVT-000089-04,USR-000089,ACC-000089,RECOVERY,PASSWORD_RESET,2026-03-31T00:15:00,DEV-000089-02,,,recovery,SUCCESS,,,synthetic,SUSPICIOUS_SIM_REPLACEMENT,1,,,,,,,,,,
EVT-000089-05,USR-000089,ACC-000089,ACCOUNT,NEW_BENEFICIARY,2026-03-31T00:20:00,DEV-000089-02,,,account,SUCCESS,,BEN-000089-01,synthetic,SUSPICIOUS_SIM_REPLACEMENT,1,,,,,,,,,,
EVT-000089-06,USR-000089,ACC-000089,TRANSACTION,TRANSACTION,2026-03-31T00:30:00,DEV-000089-02,,,transaction,SUCCESS,8876.73,,paysim,SUSPICIOUS_SIM_REPLACEMENT,1,PAYMENT,2509.0,0.0,0.0,0.0,231,C1716959832,M1305112828,0,0
EVT-000090-01,USR-000090,ACC-000090,TELECOM,SIM_REPLACEMENT,2026-04-01T00:00:00,DEV-000090-01,,,telecom,SUCCESS,,,synthetic,LEGITIMATE_SIM_REPLACEMENT,0,,,,,,,,,,
EVT-000090-02,USR-000090,ACC-000090,AUTHENTICATION,LOGIN,2026-04-01T00:10:00,DEV-000090-01,,,authentication,SUCCESS,,,synthetic,LEGITIMATE_SIM_REPLACEMENT,0,,,,,,,,,,
EVT-000090-03,USR-000090,ACC-000090,TRANSACTION,TRANSACTION,2026-04-01T00:30:00,DEV-000090-01,,,transaction,SUCCESS,43047.51,,paysim,LEGITIMATE_SIM_REPLACEMENT,0,CASH_OUT,5074.0,0.0,5513521.65,5556569.16,187,C1157765741,C1851660378,0,0
EVT-000091-01,USR-000091,ACC-000091,TELECOM,ESIM_CHANGE,2026-04-02T00:00:00,DEV-000091-01,,,telecom,SUCCESS,,,synthetic,SUSPICIOUS_ESIM_CHANGE,1,,,,,,,,,,
EVT-000091-02,USR-000091,ACC-000091,DEVICE,NEW_DEVICE,2026-04-02T00:05:00,DEV-000091-02,,,device,UNRECOGNIZED,,,synthetic,SUSPICIOUS_ESIM_CHANGE,1,,,,,,,,,,
EVT-000091-03,USR-000091,ACC-000091,DEVICE,DEVICE_CHANGE,2026-04-02T00:08:00,DEV-000091-02,,,device,DEVIATION,,,synthetic,SUSPICIOUS_ESIM_CHANGE,1,,,,,,,,,,
EVT-000091-04,USR-000091,ACC-000091,AUTHENTICATION,FAILED_LOGIN,2026-04-02T00:10:00,DEV-000091-02,,,authentication,FAILURE,,,synthetic,SUSPICIOUS_ESIM_CHANGE,1,,,,,,,,,,
EVT-000091-05,USR-000091,ACC-000091,BEHAVIOUR,DEVICE_DEVIATION,2026-04-02T00:15:00,DEV-000091-02,,,behaviour,DEVIATION,,,synthetic,SUSPICIOUS_ESIM_CHANGE,1,,,,,,,,,,
EVT-000091-06,USR-000091,ACC-000091,TRANSACTION,TRANSACTION,2026-04-02T00:30:00,DEV-000091-02,,,transaction,SUCCESS,8407.42,,paysim,SUSPICIOUS_ESIM_CHANGE,1,DEBIT,3636.0,0.0,1532338.27,1540745.68,281,C1674725504,C221289217,0,0
EVT-000092-01,USR-000092,ACC-000092,TELECOM,ESIM_CHANGE,2026-04-03T00:00:00,DEV-000092-01,,,telecom,SUCCESS,,,synthetic,LEGITIMATE_ESIM_CHANGE,0,,,,,,,,,,
EVT-000092-02,USR-000092,ACC-000092,AUTHENTICATION,LOGIN,2026-04-03T00:10:00,DEV-000092-01,,,authentication,SUCCESS,,,synthetic,LEGITIMATE_ESIM_CHANGE,0,,,,,,,,,,
EVT-000093-01,USR-000093,ACC-000093,TELECOM,SIM_REPLACEMENT,2026-04-04T00:00:00,DEV-000093-01,,,telecom,SUCCESS,,,synthetic,SUSPICIOUS_SIM_REPLACEMENT,1,,,,,,,,,,
EVT-000093-02,USR-000093,ACC-000093,DEVICE,NEW_DEVICE,2026-04-04T00:05:00,DEV-000093-02,,,device,UNRECOGNIZED,,,synthetic,SUSPICIOUS_SIM_REPLACEMENT,1,,,,,,,,,,
EVT-000093-03,USR-000093,ACC-000093,AUTHENTICATION,FAILED_LOGIN,2026-04-04T00:10:00,DEV-000093-02,,,authentication,FAILURE,,,synthetic,SUSPICIOUS_SIM_REPLACEMENT,1,,,,,,,,,,
EVT-000093-04,USR-000093,ACC-000093,RECOVERY,PASSWORD_RESET,2026-04-04T00:15:00,DEV-000093-02,,,recovery,SUCCESS,,,synthetic,SUSPICIOUS_SIM_REPLACEMENT,1,,,,,,,,,,
EVT-000093-05,USR-000093,ACC-000093,ACCOUNT,NEW_BENEFICIARY,2026-04-04T00:20:00,DEV-000093-02,,,account,SUCCESS,,BEN-000093-01,synthetic,SUSPICIOUS_SIM_REPLACEMENT,1,,,,,,,,,,
EVT-000093-06,USR-000093,ACC-000093,TRANSACTION,TRANSACTION,2026-04-04T00:30:00,DEV-000093-02,,,transaction,SUCCESS,387617.88,,paysim,SUSPICIOUS_SIM_REPLACEMENT,1,CASH_OUT,0.0,0.0,1011429.34,1399047.21,396,C1347989911,C1996191336,0,0
EVT-000094-01,USR-000094,ACC-000094,TELECOM,SIM_REPLACEMENT,2026-04-05T00:00:00,DEV-000094-01,,,telecom,SUCCESS,,,synthetic,SUSPICIOUS_SIM_REPLACEMENT,1,,,,,,,,,,
EVT-000094-02,USR-000094,ACC-000094,DEVICE,NEW_DEVICE,2026-04-05T00:05:00,DEV-000094-02,,,device,UNRECOGNIZED,,,synthetic,SUSPICIOUS_SIM_REPLACEMENT,1,,,,,,,,,,
EVT-000094-03,USR-000094,ACC-000094,AUTHENTICATION,FAILED_LOGIN,2026-04-05T00:10:00,DEV-000094-02,,,authentication,FAILURE,,,synthetic,SUSPICIOUS_SIM_REPLACEMENT,1,,,,,,,,,,
EVT-000094-04,USR-000094,ACC-000094,RECOVERY,PASSWORD_RESET,2026-04-05T00:15:00,DEV-000094-02,,,recovery,SUCCESS,,,synthetic,SUSPICIOUS_SIM_REPLACEMENT,1,,,,,,,,,,
EVT-000094-05,USR-000094,ACC-000094,ACCOUNT,NEW_BENEFICIARY,2026-04-05T00:20:00,DEV-000094-02,,,account,SUCCESS,,BEN-000094-01,synthetic,SUSPICIOUS_SIM_REPLACEMENT,1,,,,,,,,,,
EVT-000094-06,USR-000094,ACC-000094,TRANSACTION,TRANSACTION,2026-04-05T00:30:00,DEV-000094-02,,,transaction,SUCCESS,152341.7,,paysim,SUSPICIOUS_SIM_REPLACEMENT,1,CASH_OUT,0.0,0.0,290073.51,442415.21,212,C408777000,C1274763240,0,0
EVT-000095-01,USR-000095,ACC-000095,TELECOM,SIM_REPLACEMENT,2026-04-06T00:00:00,DEV-000095-01,,,telecom,SUCCESS,,,synthetic,LEGITIMATE_SIM_REPLACEMENT,0,,,,,,,,,,
EVT-000095-02,USR-000095,ACC-000095,AUTHENTICATION,LOGIN,2026-04-06T00:10:00,DEV-000095-01,,,authentication,SUCCESS,,,synthetic,LEGITIMATE_SIM_REPLACEMENT,0,,,,,,,,,,
EVT-000095-03,USR-000095,ACC-000095,TRANSACTION,TRANSACTION,2026-04-06T00:30:00,DEV-000095-01,,,transaction,SUCCESS,242475.4,,paysim,LEGITIMATE_SIM_REPLACEMENT,0,CASH_OUT,0.0,0.0,711368.6,953844.0,131,C1084143085,C768116571,0,0
EVT-000096-01,USR-000096,ACC-000096,TELECOM,SIM_SWAP,2026-04-07T00:00:00,DEV-000096-01,,,telecom,SUCCESS,,,synthetic,SIM_ESIM_AUTH_ANOMALY,1,,,,,,,,,,
EVT-000096-02,USR-000096,ACC-000096,DEVICE,NEW_DEVICE,2026-04-07T00:05:00,DEV-000096-02,,,device,UNRECOGNIZED,,,synthetic,SIM_ESIM_AUTH_ANOMALY,1,,,,,,,,,,
EVT-000096-03,USR-000096,ACC-000096,AUTHENTICATION,FAILED_LOGIN,2026-04-07T00:10:00,DEV-000096-02,,,authentication,FAILURE,,,synthetic,SIM_ESIM_AUTH_ANOMALY,1,,,,,,,,,,
EVT-000096-04,USR-000096,ACC-000096,AUTHENTICATION,FAILED_LOGIN,2026-04-07T00:12:00,DEV-000096-02,,,authentication,FAILURE,,,synthetic,SIM_ESIM_AUTH_ANOMALY,1,,,,,,,,,,
EVT-000096-05,USR-000096,ACC-000096,BEHAVIOUR,DEVICE_DEVIATION,2026-04-07T00:15:00,DEV-000096-02,,,behaviour,DEVIATION,,,synthetic,SIM_ESIM_AUTH_ANOMALY,1,,,,,,,,,,
EVT-000097-01,USR-000097,ACC-000097,TELECOM,ESIM_CHANGE,2026-04-08T00:00:00,DEV-000097-01,,,telecom,SUCCESS,,,synthetic,LEGITIMATE_ESIM_CHANGE,0,,,,,,,,,,
EVT-000097-02,USR-000097,ACC-000097,AUTHENTICATION,LOGIN,2026-04-08T00:10:00,DEV-000097-01,,,authentication,SUCCESS,,,synthetic,LEGITIMATE_ESIM_CHANGE,0,,,,,,,,,,
EVT-000098-01,USR-000098,ACC-000098,TELECOM,ESIM_CHANGE,2026-04-09T00:00:00,DEV-000098-01,,,telecom,SUCCESS,,,synthetic,SUSPICIOUS_ESIM_CHANGE,1,,,,,,,,,,
EVT-000098-02,USR-000098,ACC-000098,DEVICE,NEW_DEVICE,2026-04-09T00:05:00,DEV-000098-02,,,device,UNRECOGNIZED,,,synthetic,SUSPICIOUS_ESIM_CHANGE,1,,,,,,,,,,
EVT-000098-03,USR-000098,ACC-000098,DEVICE,DEVICE_CHANGE,2026-04-09T00:08:00,DEV-000098-02,,,device,DEVIATION,,,synthetic,SUSPICIOUS_ESIM_CHANGE,1,,,,,,,,,,
EVT-000098-04,USR-000098,ACC-000098,AUTHENTICATION,FAILED_LOGIN,2026-04-09T00:10:00,DEV-000098-02,,,authentication,FAILURE,,,synthetic,SUSPICIOUS_ESIM_CHANGE,1,,,,,,,,,,
EVT-000098-05,USR-000098,ACC-000098,BEHAVIOUR,DEVICE_DEVIATION,2026-04-09T00:15:00,DEV-000098-02,,,behaviour,DEVIATION,,,synthetic,SUSPICIOUS_ESIM_CHANGE,1,,,,,,,,,,
EVT-000098-06,USR-000098,ACC-000098,TRANSACTION,TRANSACTION,2026-04-09T00:30:00,DEV-000098-02,,,transaction,SUCCESS,164859.2,,paysim,SUSPICIOUS_ESIM_CHANGE,1,TRANSFER,21450.0,0.0,69332.5,234191.7,405,C1190400787,C854234941,0,0
EVT-000099-01,USR-000099,ACC-000099,TELECOM,ESIM_CHANGE,2026-04-10T00:00:00,DEV-000099-01,,,telecom,SUCCESS,,,synthetic,LEGITIMATE_ESIM_CHANGE,0,,,,,,,,,,
EVT-000099-02,USR-000099,ACC-000099,AUTHENTICATION,LOGIN,2026-04-10T00:10:00,DEV-000099-01,,,authentication,SUCCESS,,,synthetic,LEGITIMATE_ESIM_CHANGE,0,,,,,,,,,,
EVT-000100-01,USR-000100,ACC-000100,TELECOM,SIM_SWAP,2026-04-11T00:00:00,DEV-000100-01,,,telecom,SUCCESS,,,synthetic,SIM_ESIM_AUTH_ANOMALY,1,,,,,,,,,,
EVT-000100-02,USR-000100,ACC-000100,DEVICE,NEW_DEVICE,2026-04-11T00:05:00,DEV-000100-02,,,device,UNRECOGNIZED,,,synthetic,SIM_ESIM_AUTH_ANOMALY,1,,,,,,,,,,
EVT-000100-03,USR-000100,ACC-000100,AUTHENTICATION,FAILED_LOGIN,2026-04-11T00:10:00,DEV-000100-02,,,authentication,FAILURE,,,synthetic,SIM_ESIM_AUTH_ANOMALY,1,,,,,,,,,,
EVT-000100-04,USR-000100,ACC-000100,AUTHENTICATION,FAILED_LOGIN,2026-04-11T00:12:00,DEV-000100-02,,,authentication,FAILURE,,,synthetic,SIM_ESIM_AUTH_ANOMALY,1,,,,,,,,,,
EVT-000100-05,USR-000100,ACC-000100,BEHAVIOUR,DEVICE_DEVIATION,2026-04-11T00:15:00,DEV-000100-02,,,behaviour,DEVIATION,,,synthetic,SIM_ESIM_AUTH_ANOMALY,1,,,,,,,,,,
EVT-000101-01,USR-000101,ACC-000101,TELECOM,ESIM_CHANGE,2026-04-12T00:00:00,DEV-000101-01,,,telecom,SUCCESS,,,synthetic,SUSPICIOUS_ESIM_CHANGE,1,,,,,,,,,,
EVT-000101-02,USR-000101,ACC-000101,DEVICE,NEW_DEVICE,2026-04-12T00:05:00,DEV-000101-02,,,device,UNRECOGNIZED,,,synthetic,SUSPICIOUS_ESIM_CHANGE,1,,,,,,,,,,
EVT-000101-03,USR-000101,ACC-000101,DEVICE,DEVICE_CHANGE,2026-04-12T00:08:00,DEV-000101-02,,,device,DEVIATION,,,synthetic,SUSPICIOUS_ESIM_CHANGE,1,,,,,,,,,,
EVT-000101-04,USR-000101,ACC-000101,AUTHENTICATION,FAILED_LOGIN,2026-04-12T00:10:00,DEV-000101-02,,,authentication,FAILURE,,,synthetic,SUSPICIOUS_ESIM_CHANGE,1,,,,,,,,,,
EVT-000101-05,USR-000101,ACC-000101,BEHAVIOUR,DEVICE_DEVIATION,2026-04-12T00:15:00,DEV-000101-02,,,behaviour,DEVIATION,,,synthetic,SUSPICIOUS_ESIM_CHANGE,1,,,,,,,,,,
EVT-000101-06,USR-000101,ACC-000101,TRANSACTION,TRANSACTION,2026-04-12T00:30:00,DEV-000101-02,,,transaction,SUCCESS,524336.24,,paysim,SUSPICIOUS_ESIM_CHANGE,1,CASH_IN,1.261488962E7,1.313922587E7,843275.0,0.0,14,C157965135,C219082723,0,0
EVT-000102-01,USR-000102,ACC-000102,TELECOM,ESIM_CHANGE,2026-04-13T00:00:00,DEV-000102-01,,,telecom,SUCCESS,,,synthetic,LEGITIMATE_ESIM_CHANGE,0,,,,,,,,,,
EVT-000102-02,USR-000102,ACC-000102,AUTHENTICATION,LOGIN,2026-04-13T00:10:00,DEV-000102-01,,,authentication,SUCCESS,,,synthetic,LEGITIMATE_ESIM_CHANGE,0,,,,,,,,,,
EVT-000103-01,USR-000103,ACC-000103,TELECOM,SIM_SWAP,2026-04-14T00:00:00,DEV-000103-01,,,telecom,SUCCESS,,,synthetic,SIM_ESIM_AUTH_ANOMALY,1,,,,,,,,,,
EVT-000103-02,USR-000103,ACC-000103,DEVICE,NEW_DEVICE,2026-04-14T00:05:00,DEV-000103-02,,,device,UNRECOGNIZED,,,synthetic,SIM_ESIM_AUTH_ANOMALY,1,,,,,,,,,,
EVT-000103-03,USR-000103,ACC-000103,AUTHENTICATION,FAILED_LOGIN,2026-04-14T00:10:00,DEV-000103-02,,,authentication,FAILURE,,,synthetic,SIM_ESIM_AUTH_ANOMALY,1,,,,,,,,,,
EVT-000103-04,USR-000103,ACC-000103,AUTHENTICATION,FAILED_LOGIN,2026-04-14T00:12:00,DEV-000103-02,,,authentication,FAILURE,,,synthetic,SIM_ESIM_AUTH_ANOMALY,1,,,,,,,,,,
EVT-000103-05,USR-000103,ACC-000103,BEHAVIOUR,DEVICE_DEVIATION,2026-04-14T00:15:00,DEV-000103-02,,,behaviour,DEVIATION,,,synthetic,SIM_ESIM_AUTH_ANOMALY,1,,,,,,,,,,
EVT-000104-01,USR-000104,ACC-000104,TELECOM,SIM_SWAP,2026-04-15T00:00:00,DEV-000104-01,,,telecom,SUCCESS,,,synthetic,SIM_ESIM_AUTH_ANOMALY,1,,,,,,,,,,
EVT-000104-02,USR-000104,ACC-000104,DEVICE,NEW_DEVICE,2026-04-15T00:05:00,DEV-000104-02,,,device,UNRECOGNIZED,,,synthetic,SIM_ESIM_AUTH_ANOMALY,1,,,,,,,,,,
EVT-000104-03,USR-000104,ACC-000104,AUTHENTICATION,FAILED_LOGIN,2026-04-15T00:10:00,DEV-000104-02,,,authentication,FAILURE,,,synthetic,SIM_ESIM_AUTH_ANOMALY,1,,,,,,,,,,
EVT-000104-04,USR-000104,ACC-000104,AUTHENTICATION,FAILED_LOGIN,2026-04-15T00:12:00,DEV-000104-02,,,authentication,FAILURE,,,synthetic,SIM_ESIM_AUTH_ANOMALY,1,,,,,,,,,,
EVT-000104-05,USR-000104,ACC-000104,BEHAVIOUR,DEVICE_DEVIATION,2026-04-15T00:15:00,DEV-000104-02,,,behaviour,DEVIATION,,,synthetic,SIM_ESIM_AUTH_ANOMALY,1,,,,,,,,,,
EVT-000105-01,USR-000105,ACC-000105,TELECOM,ESIM_CHANGE,2026-04-16T00:00:00,DEV-000105-01,,,telecom,SUCCESS,,,synthetic,SUSPICIOUS_ESIM_CHANGE,1,,,,,,,,,,
EVT-000105-02,USR-000105,ACC-000105,DEVICE,NEW_DEVICE,2026-04-16T00:05:00,DEV-000105-02,,,device,UNRECOGNIZED,,,synthetic,SUSPICIOUS_ESIM_CHANGE,1,,,,,,,,,,
EVT-000105-03,USR-000105,ACC-000105,DEVICE,DEVICE_CHANGE,2026-04-16T00:08:00,DEV-000105-02,,,device,DEVIATION,,,synthetic,SUSPICIOUS_ESIM_CHANGE,1,,,,,,,,,,
EVT-000105-04,USR-000105,ACC-000105,AUTHENTICATION,FAILED_LOGIN,2026-04-16T00:10:00,DEV-000105-02,,,authentication,FAILURE,,,synthetic,SUSPICIOUS_ESIM_CHANGE,1,,,,,,,,,,
EVT-000105-05,USR-000105,ACC-000105,BEHAVIOUR,DEVICE_DEVIATION,2026-04-16T00:15:00,DEV-000105-02,,,behaviour,DEVIATION,,,synthetic,SUSPICIOUS_ESIM_CHANGE,1,,,,,,,,,,
EVT-000105-06,USR-000105,ACC-000105,TRANSACTION,TRANSACTION,2026-04-16T00:30:00,DEV-000105-02,,,transaction,SUCCESS,2844.44,,paysim,SUSPICIOUS_ESIM_CHANGE,1,PAYMENT,25229.0,22384.56,0.0,0.0,19,C1440908713,M1568059676,0,0
EVT-000106-01,USR-000106,ACC-000106,TELECOM,SIM_SWAP,2026-04-17T00:00:00,DEV-000106-01,,,telecom,SUCCESS,,,synthetic,SIM_ESIM_AUTH_ANOMALY,1,,,,,,,,,,
EVT-000106-02,USR-000106,ACC-000106,DEVICE,NEW_DEVICE,2026-04-17T00:05:00,DEV-000106-02,,,device,UNRECOGNIZED,,,synthetic,SIM_ESIM_AUTH_ANOMALY,1,,,,,,,,,,
EVT-000106-03,USR-000106,ACC-000106,AUTHENTICATION,FAILED_LOGIN,2026-04-17T00:10:00,DEV-000106-02,,,authentication,FAILURE,,,synthetic,SIM_ESIM_AUTH_ANOMALY,1,,,,,,,,,,
EVT-000106-04,USR-000106,ACC-000106,AUTHENTICATION,FAILED_LOGIN,2026-04-17T00:12:00,DEV-000106-02,,,authentication,FAILURE,,,synthetic,SIM_ESIM_AUTH_ANOMALY,1,,,,,,,,,,
EVT-000106-05,USR-000106,ACC-000106,BEHAVIOUR,DEVICE_DEVIATION,2026-04-17T00:15:00,DEV-000106-02,,,behaviour,DEVIATION,,,synthetic,SIM_ESIM_AUTH_ANOMALY,1,,,,,,,,,,
EVT-000107-01,USR-000107,ACC-000107,TELECOM,SIM_SWAP,2026-04-18T00:00:00,DEV-000107-01,,,telecom,SUCCESS,,,synthetic,SIM_ESIM_AUTH_ANOMALY,1,,,,,,,,,,
EVT-000107-02,USR-000107,ACC-000107,DEVICE,NEW_DEVICE,2026-04-18T00:05:00,DEV-000107-02,,,device,UNRECOGNIZED,,,synthetic,SIM_ESIM_AUTH_ANOMALY,1,,,,,,,,,,
EVT-000107-03,USR-000107,ACC-000107,AUTHENTICATION,FAILED_LOGIN,2026-04-18T00:10:00,DEV-000107-02,,,authentication,FAILURE,,,synthetic,SIM_ESIM_AUTH_ANOMALY,1,,,,,,,,,,
EVT-000107-04,USR-000107,ACC-000107,AUTHENTICATION,FAILED_LOGIN,2026-04-18T00:12:00,DEV-000107-02,,,authentication,FAILURE,,,synthetic,SIM_ESIM_AUTH_ANOMALY,1,,,,,,,,,,
EVT-000107-05,USR-000107,ACC-000107,BEHAVIOUR,DEVICE_DEVIATION,2026-04-18T00:15:00,DEV-000107-02,,,behaviour,DEVIATION,,,synthetic,SIM_ESIM_AUTH_ANOMALY,1,,,,,,,,,,
EVT-000108-01,USR-000108,ACC-000108,TELECOM,ESIM_CHANGE,2026-04-19T00:00:00,DEV-000108-01,,,telecom,SUCCESS,,,synthetic,SUSPICIOUS_ESIM_CHANGE,1,,,,,,,,,,
EVT-000108-02,USR-000108,ACC-000108,DEVICE,NEW_DEVICE,2026-04-19T00:05:00,DEV-000108-02,,,device,UNRECOGNIZED,,,synthetic,SUSPICIOUS_ESIM_CHANGE,1,,,,,,,,,,
EVT-000108-03,USR-000108,ACC-000108,DEVICE,DEVICE_CHANGE,2026-04-19T00:08:00,DEV-000108-02,,,device,DEVIATION,,,synthetic,SUSPICIOUS_ESIM_CHANGE,1,,,,,,,,,,
EVT-000108-04,USR-000108,ACC-000108,AUTHENTICATION,FAILED_LOGIN,2026-04-19T00:10:00,DEV-000108-02,,,authentication,FAILURE,,,synthetic,SUSPICIOUS_ESIM_CHANGE,1,,,,,,,,,,
EVT-000108-05,USR-000108,ACC-000108,BEHAVIOUR,DEVICE_DEVIATION,2026-04-19T00:15:00,DEV-000108-02,,,behaviour,DEVIATION,,,synthetic,SUSPICIOUS_ESIM_CHANGE,1,,,,,,,,,,
EVT-000108-06,USR-000108,ACC-000108,TRANSACTION,TRANSACTION,2026-04-19T00:30:00,DEV-000108-02,,,transaction,SUCCESS,146184.46,,paysim,SUSPICIOUS_ESIM_CHANGE,1,CASH_OUT,515713.0,369528.54,315790.82,461975.28,375,C1118909033,C1496166738,0,0
EVT-000109-01,USR-000109,ACC-000109,TELECOM,ESIM_CHANGE,2026-04-20T00:00:00,DEV-000109-01,,,telecom,SUCCESS,,,synthetic,LEGITIMATE_ESIM_CHANGE,0,,,,,,,,,,
EVT-000109-02,USR-000109,ACC-000109,AUTHENTICATION,LOGIN,2026-04-20T00:10:00,DEV-000109-01,,,authentication,SUCCESS,,,synthetic,LEGITIMATE_ESIM_CHANGE,0,,,,,,,,,,
EVT-000110-01,USR-000110,ACC-000110,TELECOM,SIM_REPLACEMENT,2026-04-21T00:00:00,DEV-000110-01,,,telecom,SUCCESS,,,synthetic,SUSPICIOUS_SIM_REPLACEMENT,1,,,,,,,,,,
EVT-000110-02,USR-000110,ACC-000110,DEVICE,NEW_DEVICE,2026-04-21T00:05:00,DEV-000110-02,,,device,UNRECOGNIZED,,,synthetic,SUSPICIOUS_SIM_REPLACEMENT,1,,,,,,,,,,
EVT-000110-03,USR-000110,ACC-000110,AUTHENTICATION,FAILED_LOGIN,2026-04-21T00:10:00,DEV-000110-02,,,authentication,FAILURE,,,synthetic,SUSPICIOUS_SIM_REPLACEMENT,1,,,,,,,,,,
EVT-000110-04,USR-000110,ACC-000110,RECOVERY,PASSWORD_RESET,2026-04-21T00:15:00,DEV-000110-02,,,recovery,SUCCESS,,,synthetic,SUSPICIOUS_SIM_REPLACEMENT,1,,,,,,,,,,
EVT-000110-05,USR-000110,ACC-000110,ACCOUNT,NEW_BENEFICIARY,2026-04-21T00:20:00,DEV-000110-02,,,account,SUCCESS,,BEN-000110-01,synthetic,SUSPICIOUS_SIM_REPLACEMENT,1,,,,,,,,,,
EVT-000110-06,USR-000110,ACC-000110,TRANSACTION,TRANSACTION,2026-04-21T00:30:00,DEV-000110-02,,,transaction,SUCCESS,82308.37,,paysim,SUSPICIOUS_SIM_REPLACEMENT,1,CASH_IN,50238.0,132546.37,594190.26,511881.89,351,C346593118,C1354206171,0,0
EVT-000111-01,USR-000111,ACC-000111,TELECOM,SIM_SWAP,2026-04-22T00:00:00,DEV-000111-01,,,telecom,SUCCESS,,,synthetic,SIM_ESIM_AUTH_ANOMALY,1,,,,,,,,,,
EVT-000111-02,USR-000111,ACC-000111,DEVICE,NEW_DEVICE,2026-04-22T00:05:00,DEV-000111-02,,,device,UNRECOGNIZED,,,synthetic,SIM_ESIM_AUTH_ANOMALY,1,,,,,,,,,,
EVT-000111-03,USR-000111,ACC-000111,AUTHENTICATION,FAILED_LOGIN,2026-04-22T00:10:00,DEV-000111-02,,,authentication,FAILURE,,,synthetic,SIM_ESIM_AUTH_ANOMALY,1,,,,,,,,,,
EVT-000111-04,USR-000111,ACC-000111,AUTHENTICATION,FAILED_LOGIN,2026-04-22T00:12:00,DEV-000111-02,,,authentication,FAILURE,,,synthetic,SIM_ESIM_AUTH_ANOMALY,1,,,,,,,,,,
EVT-000111-05,USR-000111,ACC-000111,BEHAVIOUR,DEVICE_DEVIATION,2026-04-22T00:15:00,DEV-000111-02,,,behaviour,DEVIATION,,,synthetic,SIM_ESIM_AUTH_ANOMALY,1,,,,,,,,,,
EVT-000112-01,USR-000112,ACC-000112,TELECOM,ESIM_CHANGE,2026-04-23T00:00:00,DEV-000112-01,,,telecom,SUCCESS,,,synthetic,LEGITIMATE_ESIM_CHANGE,0,,,,,,,,,,
EVT-000112-02,USR-000112,ACC-000112,AUTHENTICATION,LOGIN,2026-04-23T00:10:00,DEV-000112-01,,,authentication,SUCCESS,,,synthetic,LEGITIMATE_ESIM_CHANGE,0,,,,,,,,,,
EVT-000113-01,USR-000113,ACC-000113,TELECOM,SIM_REPLACEMENT,2026-04-24T00:00:00,DEV-000113-01,,,telecom,SUCCESS,,,synthetic,SUSPICIOUS_SIM_REPLACEMENT,1,,,,,,,,,,
EVT-000113-02,USR-000113,ACC-000113,DEVICE,NEW_DEVICE,2026-04-24T00:05:00,DEV-000113-02,,,device,UNRECOGNIZED,,,synthetic,SUSPICIOUS_SIM_REPLACEMENT,1,,,,,,,,,,
EVT-000113-03,USR-000113,ACC-000113,AUTHENTICATION,FAILED_LOGIN,2026-04-24T00:10:00,DEV-000113-02,,,authentication,FAILURE,,,synthetic,SUSPICIOUS_SIM_REPLACEMENT,1,,,,,,,,,,
EVT-000113-04,USR-000113,ACC-000113,RECOVERY,PASSWORD_RESET,2026-04-24T00:15:00,DEV-000113-02,,,recovery,SUCCESS,,,synthetic,SUSPICIOUS_SIM_REPLACEMENT,1,,,,,,,,,,
EVT-000113-05,USR-000113,ACC-000113,ACCOUNT,NEW_BENEFICIARY,2026-04-24T00:20:00,DEV-000113-02,,,account,SUCCESS,,BEN-000113-01,synthetic,SUSPICIOUS_SIM_REPLACEMENT,1,,,,,,,,,,
EVT-000113-06,USR-000113,ACC-000113,TRANSACTION,TRANSACTION,2026-04-24T00:30:00,DEV-000113-02,,,transaction,SUCCESS,445501.32,,paysim,SUSPICIOUS_SIM_REPLACEMENT,1,TRANSFER,0.0,0.0,3859498.09,4304999.41,303,C829635007,C710681023,0,0
EVT-000114-01,USR-000114,ACC-000114,TELECOM,SIM_REPLACEMENT,2026-04-25T00:00:00,DEV-000114-01,,,telecom,SUCCESS,,,synthetic,LEGITIMATE_SIM_REPLACEMENT,0,,,,,,,,,,
EVT-000114-02,USR-000114,ACC-000114,AUTHENTICATION,LOGIN,2026-04-25T00:10:00,DEV-000114-01,,,authentication,SUCCESS,,,synthetic,LEGITIMATE_SIM_REPLACEMENT,0,,,,,,,,,,
EVT-000114-03,USR-000114,ACC-000114,TRANSACTION,TRANSACTION,2026-04-25T00:30:00,DEV-000114-01,,,transaction,SUCCESS,21329.83,,paysim,LEGITIMATE_SIM_REPLACEMENT,0,PAYMENT,0.0,0.0,0.0,0.0,299,C1185307998,M1639798829,0,0
EVT-000115-01,USR-000115,ACC-000115,TELECOM,ESIM_CHANGE,2026-04-26T00:00:00,DEV-000115-01,,,telecom,SUCCESS,,,synthetic,LEGITIMATE_ESIM_CHANGE,0,,,,,,,,,,
EVT-000115-02,USR-000115,ACC-000115,AUTHENTICATION,LOGIN,2026-04-26T00:10:00,DEV-000115-01,,,authentication,SUCCESS,,,synthetic,LEGITIMATE_ESIM_CHANGE,0,,,,,,,,,,
EVT-000116-01,USR-000116,ACC-000116,TELECOM,SIM_SWAP,2026-04-27T00:00:00,DEV-000116-01,,,telecom,SUCCESS,,,synthetic,SIM_ESIM_AUTH_ANOMALY,1,,,,,,,,,,
EVT-000116-02,USR-000116,ACC-000116,DEVICE,NEW_DEVICE,2026-04-27T00:05:00,DEV-000116-02,,,device,UNRECOGNIZED,,,synthetic,SIM_ESIM_AUTH_ANOMALY,1,,,,,,,,,,
EVT-000116-03,USR-000116,ACC-000116,AUTHENTICATION,FAILED_LOGIN,2026-04-27T00:10:00,DEV-000116-02,,,authentication,FAILURE,,,synthetic,SIM_ESIM_AUTH_ANOMALY,1,,,,,,,,,,
EVT-000116-04,USR-000116,ACC-000116,AUTHENTICATION,FAILED_LOGIN,2026-04-27T00:12:00,DEV-000116-02,,,authentication,FAILURE,,,synthetic,SIM_ESIM_AUTH_ANOMALY,1,,,,,,,,,,
EVT-000116-05,USR-000116,ACC-000116,BEHAVIOUR,DEVICE_DEVIATION,2026-04-27T00:15:00,DEV-000116-02,,,behaviour,DEVIATION,,,synthetic,SIM_ESIM_AUTH_ANOMALY,1,,,,,,,,,,
EVT-000117-01,USR-000117,ACC-000117,TELECOM,ESIM_CHANGE,2026-04-28T00:00:00,DEV-000117-01,,,telecom,SUCCESS,,,synthetic,LEGITIMATE_ESIM_CHANGE,0,,,,,,,,,,
EVT-000117-02,USR-000117,ACC-000117,AUTHENTICATION,LOGIN,2026-04-28T00:10:00,DEV-000117-01,,,authentication,SUCCESS,,,synthetic,LEGITIMATE_ESIM_CHANGE,0,,,,,,,,,,
EVT-000118-01,USR-000118,ACC-000118,TELECOM,SIM_REPLACEMENT,2026-04-29T00:00:00,DEV-000118-01,,,telecom,SUCCESS,,,synthetic,SUSPICIOUS_SIM_REPLACEMENT,1,,,,,,,,,,
EVT-000118-02,USR-000118,ACC-000118,DEVICE,NEW_DEVICE,2026-04-29T00:05:00,DEV-000118-02,,,device,UNRECOGNIZED,,,synthetic,SUSPICIOUS_SIM_REPLACEMENT,1,,,,,,,,,,
EVT-000118-03,USR-000118,ACC-000118,AUTHENTICATION,FAILED_LOGIN,2026-04-29T00:10:00,DEV-000118-02,,,authentication,FAILURE,,,synthetic,SUSPICIOUS_SIM_REPLACEMENT,1,,,,,,,,,,
EVT-000118-04,USR-000118,ACC-000118,RECOVERY,PASSWORD_RESET,2026-04-29T00:15:00,DEV-000118-02,,,recovery,SUCCESS,,,synthetic,SUSPICIOUS_SIM_REPLACEMENT,1,,,,,,,,,,
EVT-000118-05,USR-000118,ACC-000118,ACCOUNT,NEW_BENEFICIARY,2026-04-29T00:20:00,DEV-000118-02,,,account,SUCCESS,,BEN-000118-01,synthetic,SUSPICIOUS_SIM_REPLACEMENT,1,,,,,,,,,,
EVT-000118-06,USR-000118,ACC-000118,TRANSACTION,TRANSACTION,2026-04-29T00:30:00,DEV-000118-02,,,transaction,SUCCESS,135280.58,,paysim,SUSPICIOUS_SIM_REPLACEMENT,1,CASH_OUT,7362.04,0.0,3238815.14,3374095.72,306,C885638748,C647381922,0,0
EVT-000119-01,USR-000119,ACC-000119,TELECOM,ESIM_CHANGE,2026-04-30T00:00:00,DEV-000119-01,,,telecom,SUCCESS,,,synthetic,LEGITIMATE_ESIM_CHANGE,0,,,,,,,,,,
EVT-000119-02,USR-000119,ACC-000119,AUTHENTICATION,LOGIN,2026-04-30T00:10:00,DEV-000119-01,,,authentication,SUCCESS,,,synthetic,LEGITIMATE_ESIM_CHANGE,0,,,,,,,,,,
EVT-000120-01,USR-000120,ACC-000120,TELECOM,SIM_REPLACEMENT,2026-05-01T00:00:00,DEV-000120-01,,,telecom,SUCCESS,,,synthetic,LEGITIMATE_SIM_REPLACEMENT,0,,,,,,,,,,
EVT-000120-02,USR-000120,ACC-000120,AUTHENTICATION,LOGIN,2026-05-01T00:10:00,DEV-000120-01,,,authentication,SUCCESS,,,synthetic,LEGITIMATE_SIM_REPLACEMENT,0,,,,,,,,,,
EVT-000120-03,USR-000120,ACC-000120,TRANSACTION,TRANSACTION,2026-05-01T00:30:00,DEV-000120-01,,,transaction,SUCCESS,155247.68,,paysim,LEGITIMATE_SIM_REPLACEMENT,0,CASH_OUT,0.0,0.0,575786.46,731034.13,383,C1028178604,C534894922,0,0
EVT-000121-01,USR-000121,ACC-000121,TELECOM,SIM_REPLACEMENT,2026-05-02T00:00:00,DEV-000121-01,,,telecom,SUCCESS,,,synthetic,SUSPICIOUS_SIM_REPLACEMENT,1,,,,,,,,,,
EVT-000121-02,USR-000121,ACC-000121,DEVICE,NEW_DEVICE,2026-05-02T00:05:00,DEV-000121-02,,,device,UNRECOGNIZED,,,synthetic,SUSPICIOUS_SIM_REPLACEMENT,1,,,,,,,,,,
EVT-000121-03,USR-000121,ACC-000121,AUTHENTICATION,FAILED_LOGIN,2026-05-02T00:10:00,DEV-000121-02,,,authentication,FAILURE,,,synthetic,SUSPICIOUS_SIM_REPLACEMENT,1,,,,,,,,,,
EVT-000121-04,USR-000121,ACC-000121,RECOVERY,PASSWORD_RESET,2026-05-02T00:15:00,DEV-000121-02,,,recovery,SUCCESS,,,synthetic,SUSPICIOUS_SIM_REPLACEMENT,1,,,,,,,,,,
EVT-000121-05,USR-000121,ACC-000121,ACCOUNT,NEW_BENEFICIARY,2026-05-02T00:20:00,DEV-000121-02,,,account,SUCCESS,,BEN-000121-01,synthetic,SUSPICIOUS_SIM_REPLACEMENT,1,,,,,,,,,,
EVT-000121-06,USR-000121,ACC-000121,TRANSACTION,TRANSACTION,2026-05-02T00:30:00,DEV-000121-02,,,transaction,SUCCESS,164883.83,,paysim,SUSPICIOUS_SIM_REPLACEMENT,1,TRANSFER,504.0,0.0,0.0,164883.83,131,C843066825,C878403646,0,0
EVT-000122-01,USR-000122,ACC-000122,TELECOM,SIM_REPLACEMENT,2026-05-03T00:00:00,DEV-000122-01,,,telecom,SUCCESS,,,synthetic,SUSPICIOUS_SIM_REPLACEMENT,1,,,,,,,,,,
EVT-000122-02,USR-000122,ACC-000122,DEVICE,NEW_DEVICE,2026-05-03T00:05:00,DEV-000122-02,,,device,UNRECOGNIZED,,,synthetic,SUSPICIOUS_SIM_REPLACEMENT,1,,,,,,,,,,
EVT-000122-03,USR-000122,ACC-000122,AUTHENTICATION,FAILED_LOGIN,2026-05-03T00:10:00,DEV-000122-02,,,authentication,FAILURE,,,synthetic,SUSPICIOUS_SIM_REPLACEMENT,1,,,,,,,,,,
EVT-000122-04,USR-000122,ACC-000122,RECOVERY,PASSWORD_RESET,2026-05-03T00:15:00,DEV-000122-02,,,recovery,SUCCESS,,,synthetic,SUSPICIOUS_SIM_REPLACEMENT,1,,,,,,,,,,
EVT-000122-05,USR-000122,ACC-000122,ACCOUNT,NEW_BENEFICIARY,2026-05-03T00:20:00,DEV-000122-02,,,account,SUCCESS,,BEN-000122-01,synthetic,SUSPICIOUS_SIM_REPLACEMENT,1,,,,,,,,,,
EVT-000122-06,USR-000122,ACC-000122,TRANSACTION,TRANSACTION,2026-05-03T00:30:00,DEV-000122-02,,,transaction,SUCCESS,139576.01,,paysim,SUSPICIOUS_SIM_REPLACEMENT,1,CASH_OUT,111660.0,0.0,9232646.48,9372222.49,136,C654196555,C1890287844,0,0
EVT-000123-01,USR-000123,ACC-000123,TELECOM,ESIM_CHANGE,2026-05-04T00:00:00,DEV-000123-01,,,telecom,SUCCESS,,,synthetic,SUSPICIOUS_ESIM_CHANGE,1,,,,,,,,,,
EVT-000123-02,USR-000123,ACC-000123,DEVICE,NEW_DEVICE,2026-05-04T00:05:00,DEV-000123-02,,,device,UNRECOGNIZED,,,synthetic,SUSPICIOUS_ESIM_CHANGE,1,,,,,,,,,,
EVT-000123-03,USR-000123,ACC-000123,DEVICE,DEVICE_CHANGE,2026-05-04T00:08:00,DEV-000123-02,,,device,DEVIATION,,,synthetic,SUSPICIOUS_ESIM_CHANGE,1,,,,,,,,,,
EVT-000123-04,USR-000123,ACC-000123,AUTHENTICATION,FAILED_LOGIN,2026-05-04T00:10:00,DEV-000123-02,,,authentication,FAILURE,,,synthetic,SUSPICIOUS_ESIM_CHANGE,1,,,,,,,,,,
EVT-000123-05,USR-000123,ACC-000123,BEHAVIOUR,DEVICE_DEVIATION,2026-05-04T00:15:00,DEV-000123-02,,,behaviour,DEVIATION,,,synthetic,SUSPICIOUS_ESIM_CHANGE,1,,,,,,,,,,
EVT-000123-06,USR-000123,ACC-000123,TRANSACTION,TRANSACTION,2026-05-04T00:30:00,DEV-000123-02,,,transaction,SUCCESS,113135.21,,paysim,SUSPICIOUS_ESIM_CHANGE,1,CASH_OUT,100397.0,0.0,705729.23,818864.44,258,C1665246067,C1335780052,0,0
EVT-000124-01,USR-000124,ACC-000124,TELECOM,SIM_REPLACEMENT,2026-05-05T00:00:00,DEV-000124-01,,,telecom,SUCCESS,,,synthetic,LEGITIMATE_SIM_REPLACEMENT,0,,,,,,,,,,
EVT-000124-02,USR-000124,ACC-000124,AUTHENTICATION,LOGIN,2026-05-05T00:10:00,DEV-000124-01,,,authentication,SUCCESS,,,synthetic,LEGITIMATE_SIM_REPLACEMENT,0,,,,,,,,,,
EVT-000124-03,USR-000124,ACC-000124,TRANSACTION,TRANSACTION,2026-05-05T00:30:00,DEV-000124-01,,,transaction,SUCCESS,186453.1,,paysim,LEGITIMATE_SIM_REPLACEMENT,0,CASH_OUT,50297.0,0.0,0.0,333140.66,207,C1121119191,C499301107,0,0
EVT-000125-01,USR-000125,ACC-000125,TELECOM,SIM_REPLACEMENT,2026-05-06T00:00:00,DEV-000125-01,,,telecom,SUCCESS,,,synthetic,SUSPICIOUS_SIM_REPLACEMENT,1,,,,,,,,,,
EVT-000125-02,USR-000125,ACC-000125,DEVICE,NEW_DEVICE,2026-05-06T00:05:00,DEV-000125-02,,,device,UNRECOGNIZED,,,synthetic,SUSPICIOUS_SIM_REPLACEMENT,1,,,,,,,,,,
EVT-000125-03,USR-000125,ACC-000125,AUTHENTICATION,FAILED_LOGIN,2026-05-06T00:10:00,DEV-000125-02,,,authentication,FAILURE,,,synthetic,SUSPICIOUS_SIM_REPLACEMENT,1,,,,,,,,,,
EVT-000125-04,USR-000125,ACC-000125,RECOVERY,PASSWORD_RESET,2026-05-06T00:15:00,DEV-000125-02,,,recovery,SUCCESS,,,synthetic,SUSPICIOUS_SIM_REPLACEMENT,1,,,,,,,,,,
EVT-000125-05,USR-000125,ACC-000125,ACCOUNT,NEW_BENEFICIARY,2026-05-06T00:20:00,DEV-000125-02,,,account,SUCCESS,,BEN-000125-01,synthetic,SUSPICIOUS_SIM_REPLACEMENT,1,,,,,,,,,,
EVT-000125-06,USR-000125,ACC-000125,TRANSACTION,TRANSACTION,2026-05-06T00:30:00,DEV-000125-02,,,transaction,SUCCESS,12259.98,,paysim,SUSPICIOUS_SIM_REPLACEMENT,1,PAYMENT,120895.86,108635.88,0.0,0.0,9,C1350235887,M954756828,0,0
EVT-000126-01,USR-000126,ACC-000126,TELECOM,ESIM_CHANGE,2026-05-07T00:00:00,DEV-000126-01,,,telecom,SUCCESS,,,synthetic,LEGITIMATE_ESIM_CHANGE,0,,,,,,,,,,
EVT-000126-02,USR-000126,ACC-000126,AUTHENTICATION,LOGIN,2026-05-07T00:10:00,DEV-000126-01,,,authentication,SUCCESS,,,synthetic,LEGITIMATE_ESIM_CHANGE,0,,,,,,,,,,
EVT-000127-01,USR-000127,ACC-000127,TELECOM,SIM_SWAP,2026-05-08T00:00:00,DEV-000127-01,,,telecom,SUCCESS,,,synthetic,SIM_ESIM_AUTH_ANOMALY,1,,,,,,,,,,
EVT-000127-02,USR-000127,ACC-000127,DEVICE,NEW_DEVICE,2026-05-08T00:05:00,DEV-000127-02,,,device,UNRECOGNIZED,,,synthetic,SIM_ESIM_AUTH_ANOMALY,1,,,,,,,,,,
EVT-000127-03,USR-000127,ACC-000127,AUTHENTICATION,FAILED_LOGIN,2026-05-08T00:10:00,DEV-000127-02,,,authentication,FAILURE,,,synthetic,SIM_ESIM_AUTH_ANOMALY,1,,,,,,,,,,
EVT-000127-04,USR-000127,ACC-000127,AUTHENTICATION,FAILED_LOGIN,2026-05-08T00:12:00,DEV-000127-02,,,authentication,FAILURE,,,synthetic,SIM_ESIM_AUTH_ANOMALY,1,,,,,,,,,,
EVT-000127-05,USR-000127,ACC-000127,BEHAVIOUR,DEVICE_DEVIATION,2026-05-08T00:15:00,DEV-000127-02,,,behaviour,DEVIATION,,,synthetic,SIM_ESIM_AUTH_ANOMALY,1,,,,,,,,,,
EVT-000128-01,USR-000128,ACC-000128,TELECOM,ESIM_CHANGE,2026-05-09T00:00:00,DEV-000128-01,,,telecom,SUCCESS,,,synthetic,SUSPICIOUS_ESIM_CHANGE,1,,,,,,,,,,
EVT-000128-02,USR-000128,ACC-000128,DEVICE,NEW_DEVICE,2026-05-09T00:05:00,DEV-000128-02,,,device,UNRECOGNIZED,,,synthetic,SUSPICIOUS_ESIM_CHANGE,1,,,,,,,,,,
EVT-000128-03,USR-000128,ACC-000128,DEVICE,DEVICE_CHANGE,2026-05-09T00:08:00,DEV-000128-02,,,device,DEVIATION,,,synthetic,SUSPICIOUS_ESIM_CHANGE,1,,,,,,,,,,
EVT-000128-04,USR-000128,ACC-000128,AUTHENTICATION,FAILED_LOGIN,2026-05-09T00:10:00,DEV-000128-02,,,authentication,FAILURE,,,synthetic,SUSPICIOUS_ESIM_CHANGE,1,,,,,,,,,,
EVT-000128-05,USR-000128,ACC-000128,BEHAVIOUR,DEVICE_DEVIATION,2026-05-09T00:15:00,DEV-000128-02,,,behaviour,DEVIATION,,,synthetic,SUSPICIOUS_ESIM_CHANGE,1,,,,,,,,,,
EVT-000128-06,USR-000128,ACC-000128,TRANSACTION,TRANSACTION,2026-05-09T00:30:00,DEV-000128-02,,,transaction,SUCCESS,74329.49,,paysim,SUSPICIOUS_ESIM_CHANGE,1,CASH_OUT,5000.0,0.0,211954.95,286284.44,354,C783920894,C709082917,0,0
EVT-000129-01,USR-000129,ACC-000129,TELECOM,SIM_SWAP,2026-05-10T00:00:00,DEV-000129-01,,,telecom,SUCCESS,,,synthetic,SIM_ESIM_AUTH_ANOMALY,1,,,,,,,,,,
EVT-000129-02,USR-000129,ACC-000129,DEVICE,NEW_DEVICE,2026-05-10T00:05:00,DEV-000129-02,,,device,UNRECOGNIZED,,,synthetic,SIM_ESIM_AUTH_ANOMALY,1,,,,,,,,,,
EVT-000129-03,USR-000129,ACC-000129,AUTHENTICATION,FAILED_LOGIN,2026-05-10T00:10:00,DEV-000129-02,,,authentication,FAILURE,,,synthetic,SIM_ESIM_AUTH_ANOMALY,1,,,,,,,,,,
EVT-000129-04,USR-000129,ACC-000129,AUTHENTICATION,FAILED_LOGIN,2026-05-10T00:12:00,DEV-000129-02,,,authentication,FAILURE,,,synthetic,SIM_ESIM_AUTH_ANOMALY,1,,,,,,,,,,
EVT-000129-05,USR-000129,ACC-000129,BEHAVIOUR,DEVICE_DEVIATION,2026-05-10T00:15:00,DEV-000129-02,,,behaviour,DEVIATION,,,synthetic,SIM_ESIM_AUTH_ANOMALY,1,,,,,,,,,,
EVT-000130-01,USR-000130,ACC-000130,TELECOM,SIM_REPLACEMENT,2026-05-11T00:00:00,DEV-000130-01,,,telecom,SUCCESS,,,synthetic,SUSPICIOUS_SIM_REPLACEMENT,1,,,,,,,,,,
EVT-000130-02,USR-000130,ACC-000130,DEVICE,NEW_DEVICE,2026-05-11T00:05:00,DEV-000130-02,,,device,UNRECOGNIZED,,,synthetic,SUSPICIOUS_SIM_REPLACEMENT,1,,,,,,,,,,
EVT-000130-03,USR-000130,ACC-000130,AUTHENTICATION,FAILED_LOGIN,2026-05-11T00:10:00,DEV-000130-02,,,authentication,FAILURE,,,synthetic,SUSPICIOUS_SIM_REPLACEMENT,1,,,,,,,,,,
EVT-000130-04,USR-000130,ACC-000130,RECOVERY,PASSWORD_RESET,2026-05-11T00:15:00,DEV-000130-02,,,recovery,SUCCESS,,,synthetic,SUSPICIOUS_SIM_REPLACEMENT,1,,,,,,,,,,
EVT-000130-05,USR-000130,ACC-000130,ACCOUNT,NEW_BENEFICIARY,2026-05-11T00:20:00,DEV-000130-02,,,account,SUCCESS,,BEN-000130-01,synthetic,SUSPICIOUS_SIM_REPLACEMENT,1,,,,,,,,,,
EVT-000130-06,USR-000130,ACC-000130,TRANSACTION,TRANSACTION,2026-05-11T00:30:00,DEV-000130-02,,,transaction,SUCCESS,145507.25,,paysim,SUSPICIOUS_SIM_REPLACEMENT,1,CASH_OUT,148.0,0.0,16052.56,161559.81,129,C2009958641,C251872960,0,0
EVT-000131-01,USR-000131,ACC-000131,TELECOM,SIM_SWAP,2026-05-12T00:00:00,DEV-000131-01,,,telecom,SUCCESS,,,synthetic,SIM_ESIM_AUTH_ANOMALY,1,,,,,,,,,,
EVT-000131-02,USR-000131,ACC-000131,DEVICE,NEW_DEVICE,2026-05-12T00:05:00,DEV-000131-02,,,device,UNRECOGNIZED,,,synthetic,SIM_ESIM_AUTH_ANOMALY,1,,,,,,,,,,
EVT-000131-03,USR-000131,ACC-000131,AUTHENTICATION,FAILED_LOGIN,2026-05-12T00:10:00,DEV-000131-02,,,authentication,FAILURE,,,synthetic,SIM_ESIM_AUTH_ANOMALY,1,,,,,,,,,,
EVT-000131-04,USR-000131,ACC-000131,AUTHENTICATION,FAILED_LOGIN,2026-05-12T00:12:00,DEV-000131-02,,,authentication,FAILURE,,,synthetic,SIM_ESIM_AUTH_ANOMALY,1,,,,,,,,,,
EVT-000131-05,USR-000131,ACC-000131,BEHAVIOUR,DEVICE_DEVIATION,2026-05-12T00:15:00,DEV-000131-02,,,behaviour,DEVIATION,,,synthetic,SIM_ESIM_AUTH_ANOMALY,1,,,,,,,,,,
EVT-000132-01,USR-000132,ACC-000132,TELECOM,SIM_SWAP,2026-05-13T00:00:00,DEV-000132-01,,,telecom,SUCCESS,,,synthetic,SIM_ESIM_AUTH_ANOMALY,1,,,,,,,,,,
EVT-000132-02,USR-000132,ACC-000132,DEVICE,NEW_DEVICE,2026-05-13T00:05:00,DEV-000132-02,,,device,UNRECOGNIZED,,,synthetic,SIM_ESIM_AUTH_ANOMALY,1,,,,,,,,,,
EVT-000132-03,USR-000132,ACC-000132,AUTHENTICATION,FAILED_LOGIN,2026-05-13T00:10:00,DEV-000132-02,,,authentication,FAILURE,,,synthetic,SIM_ESIM_AUTH_ANOMALY,1,,,,,,,,,,
EVT-000132-04,USR-000132,ACC-000132,AUTHENTICATION,FAILED_LOGIN,2026-05-13T00:12:00,DEV-000132-02,,,authentication,FAILURE,,,synthetic,SIM_ESIM_AUTH_ANOMALY,1,,,,,,,,,,
EVT-000132-05,USR-000132,ACC-000132,BEHAVIOUR,DEVICE_DEVIATION,2026-05-13T00:15:00,DEV-000132-02,,,behaviour,DEVIATION,,,synthetic,SIM_ESIM_AUTH_ANOMALY,1,,,,,,,,,,
EVT-000133-01,USR-000133,ACC-000133,TELECOM,SIM_SWAP,2026-05-14T00:00:00,DEV-000133-01,,,telecom,SUCCESS,,,synthetic,SIM_ESIM_AUTH_ANOMALY,1,,,,,,,,,,
EVT-000133-02,USR-000133,ACC-000133,DEVICE,NEW_DEVICE,2026-05-14T00:05:00,DEV-000133-02,,,device,UNRECOGNIZED,,,synthetic,SIM_ESIM_AUTH_ANOMALY,1,,,,,,,,,,
EVT-000133-03,USR-000133,ACC-000133,AUTHENTICATION,FAILED_LOGIN,2026-05-14T00:10:00,DEV-000133-02,,,authentication,FAILURE,,,synthetic,SIM_ESIM_AUTH_ANOMALY,1,,,,,,,,,,
EVT-000133-04,USR-000133,ACC-000133,AUTHENTICATION,FAILED_LOGIN,2026-05-14T00:12:00,DEV-000133-02,,,authentication,FAILURE,,,synthetic,SIM_ESIM_AUTH_ANOMALY,1,,,,,,,,,,
EVT-000133-05,USR-000133,ACC-000133,BEHAVIOUR,DEVICE_DEVIATION,2026-05-14T00:15:00,DEV-000133-02,,,behaviour,DEVIATION,,,synthetic,SIM_ESIM_AUTH_ANOMALY,1,,,,,,,,,,
EVT-000134-01,USR-000134,ACC-000134,TELECOM,ESIM_CHANGE,2026-05-15T00:00:00,DEV-000134-01,,,telecom,SUCCESS,,,synthetic,LEGITIMATE_ESIM_CHANGE,0,,,,,,,,,,
EVT-000134-02,USR-000134,ACC-000134,AUTHENTICATION,LOGIN,2026-05-15T00:10:00,DEV-000134-01,,,authentication,SUCCESS,,,synthetic,LEGITIMATE_ESIM_CHANGE,0,,,,,,,,,,
EVT-000135-01,USR-000135,ACC-000135,TELECOM,SIM_REPLACEMENT,2026-05-16T00:00:00,DEV-000135-01,,,telecom,SUCCESS,,,synthetic,SUSPICIOUS_SIM_REPLACEMENT,1,,,,,,,,,,
EVT-000135-02,USR-000135,ACC-000135,DEVICE,NEW_DEVICE,2026-05-16T00:05:00,DEV-000135-02,,,device,UNRECOGNIZED,,,synthetic,SUSPICIOUS_SIM_REPLACEMENT,1,,,,,,,,,,
EVT-000135-03,USR-000135,ACC-000135,AUTHENTICATION,FAILED_LOGIN,2026-05-16T00:10:00,DEV-000135-02,,,authentication,FAILURE,,,synthetic,SUSPICIOUS_SIM_REPLACEMENT,1,,,,,,,,,,
EVT-000135-04,USR-000135,ACC-000135,RECOVERY,PASSWORD_RESET,2026-05-16T00:15:00,DEV-000135-02,,,recovery,SUCCESS,,,synthetic,SUSPICIOUS_SIM_REPLACEMENT,1,,,,,,,,,,
EVT-000135-05,USR-000135,ACC-000135,ACCOUNT,NEW_BENEFICIARY,2026-05-16T00:20:00,DEV-000135-02,,,account,SUCCESS,,BEN-000135-01,synthetic,SUSPICIOUS_SIM_REPLACEMENT,1,,,,,,,,,,
EVT-000135-06,USR-000135,ACC-000135,TRANSACTION,TRANSACTION,2026-05-16T00:30:00,DEV-000135-02,,,transaction,SUCCESS,90929.69,,paysim,SUSPICIOUS_SIM_REPLACEMENT,1,CASH_OUT,0.0,0.0,1453465.32,1544395.0,40,C1258697868,C616761758,0,0
EVT-000136-01,USR-000136,ACC-000136,TELECOM,ESIM_CHANGE,2026-05-17T00:00:00,DEV-000136-01,,,telecom,SUCCESS,,,synthetic,SUSPICIOUS_ESIM_CHANGE,1,,,,,,,,,,
EVT-000136-02,USR-000136,ACC-000136,DEVICE,NEW_DEVICE,2026-05-17T00:05:00,DEV-000136-02,,,device,UNRECOGNIZED,,,synthetic,SUSPICIOUS_ESIM_CHANGE,1,,,,,,,,,,
EVT-000136-03,USR-000136,ACC-000136,DEVICE,DEVICE_CHANGE,2026-05-17T00:08:00,DEV-000136-02,,,device,DEVIATION,,,synthetic,SUSPICIOUS_ESIM_CHANGE,1,,,,,,,,,,
EVT-000136-04,USR-000136,ACC-000136,AUTHENTICATION,FAILED_LOGIN,2026-05-17T00:10:00,DEV-000136-02,,,authentication,FAILURE,,,synthetic,SUSPICIOUS_ESIM_CHANGE,1,,,,,,,,,,
EVT-000136-05,USR-000136,ACC-000136,BEHAVIOUR,DEVICE_DEVIATION,2026-05-17T00:15:00,DEV-000136-02,,,behaviour,DEVIATION,,,synthetic,SUSPICIOUS_ESIM_CHANGE,1,,,,,,,,,,
EVT-000136-06,USR-000136,ACC-000136,TRANSACTION,TRANSACTION,2026-05-17T00:30:00,DEV-000136-02,,,transaction,SUCCESS,12343.0,,paysim,SUSPICIOUS_ESIM_CHANGE,1,PAYMENT,0.0,0.0,0.0,0.0,14,C91894559,M1608923559,0,0
EVT-000137-01,USR-000137,ACC-000137,TELECOM,SIM_REPLACEMENT,2026-05-18T00:00:00,DEV-000137-01,,,telecom,SUCCESS,,,synthetic,LEGITIMATE_SIM_REPLACEMENT,0,,,,,,,,,,
EVT-000137-02,USR-000137,ACC-000137,AUTHENTICATION,LOGIN,2026-05-18T00:10:00,DEV-000137-01,,,authentication,SUCCESS,,,synthetic,LEGITIMATE_SIM_REPLACEMENT,0,,,,,,,,,,
EVT-000137-03,USR-000137,ACC-000137,TRANSACTION,TRANSACTION,2026-05-18T00:30:00,DEV-000137-01,,,transaction,SUCCESS,215582.11,,paysim,LEGITIMATE_SIM_REPLACEMENT,0,CASH_OUT,124571.0,0.0,283992.77,499574.88,43,C838990915,C368584316,0,0
EVT-000138-01,USR-000138,ACC-000138,TELECOM,SIM_REPLACEMENT,2026-05-19T00:00:00,DEV-000138-01,,,telecom,SUCCESS,,,synthetic,LEGITIMATE_SIM_REPLACEMENT,0,,,,,,,,,,
EVT-000138-02,USR-000138,ACC-000138,AUTHENTICATION,LOGIN,2026-05-19T00:10:00,DEV-000138-01,,,authentication,SUCCESS,,,synthetic,LEGITIMATE_SIM_REPLACEMENT,0,,,,,,,,,,
EVT-000138-03,USR-000138,ACC-000138,TRANSACTION,TRANSACTION,2026-05-19T00:30:00,DEV-000138-01,,,transaction,SUCCESS,13138.69,,paysim,LEGITIMATE_SIM_REPLACEMENT,0,PAYMENT,0.0,0.0,0.0,0.0,236,C268308920,M1623944322,0,0
EVT-000139-01,USR-000139,ACC-000139,TELECOM,ESIM_CHANGE,2026-05-20T00:00:00,DEV-000139-01,,,telecom,SUCCESS,,,synthetic,LEGITIMATE_ESIM_CHANGE,0,,,,,,,,,,
EVT-000139-02,USR-000139,ACC-000139,AUTHENTICATION,LOGIN,2026-05-20T00:10:00,DEV-000139-01,,,authentication,SUCCESS,,,synthetic,LEGITIMATE_ESIM_CHANGE,0,,,,,,,,,,
EVT-000140-01,USR-000140,ACC-000140,TELECOM,ESIM_CHANGE,2026-05-21T00:00:00,DEV-000140-01,,,telecom,SUCCESS,,,synthetic,SUSPICIOUS_ESIM_CHANGE,1,,,,,,,,,,
EVT-000140-02,USR-000140,ACC-000140,DEVICE,NEW_DEVICE,2026-05-21T00:05:00,DEV-000140-02,,,device,UNRECOGNIZED,,,synthetic,SUSPICIOUS_ESIM_CHANGE,1,,,,,,,,,,
EVT-000140-03,USR-000140,ACC-000140,DEVICE,DEVICE_CHANGE,2026-05-21T00:08:00,DEV-000140-02,,,device,DEVIATION,,,synthetic,SUSPICIOUS_ESIM_CHANGE,1,,,,,,,,,,
EVT-000140-04,USR-000140,ACC-000140,AUTHENTICATION,FAILED_LOGIN,2026-05-21T00:10:00,DEV-000140-02,,,authentication,FAILURE,,,synthetic,SUSPICIOUS_ESIM_CHANGE,1,,,,,,,,,,
EVT-000140-05,USR-000140,ACC-000140,BEHAVIOUR,DEVICE_DEVIATION,2026-05-21T00:15:00,DEV-000140-02,,,behaviour,DEVIATION,,,synthetic,SUSPICIOUS_ESIM_CHANGE,1,,,,,,,,,,
EVT-000140-06,USR-000140,ACC-000140,TRANSACTION,TRANSACTION,2026-05-21T00:30:00,DEV-000140-02,,,transaction,SUCCESS,86830.43,,paysim,SUSPICIOUS_ESIM_CHANGE,1,CASH_OUT,78894.0,0.0,1527045.56,1909699.68,159,C713946054,C1321634674,0,0
EVT-000141-01,USR-000141,ACC-000141,TELECOM,SIM_SWAP,2026-05-22T00:00:00,DEV-000141-01,,,telecom,SUCCESS,,,synthetic,SIM_ESIM_AUTH_ANOMALY,1,,,,,,,,,,
EVT-000141-02,USR-000141,ACC-000141,DEVICE,NEW_DEVICE,2026-05-22T00:05:00,DEV-000141-02,,,device,UNRECOGNIZED,,,synthetic,SIM_ESIM_AUTH_ANOMALY,1,,,,,,,,,,
EVT-000141-03,USR-000141,ACC-000141,AUTHENTICATION,FAILED_LOGIN,2026-05-22T00:10:00,DEV-000141-02,,,authentication,FAILURE,,,synthetic,SIM_ESIM_AUTH_ANOMALY,1,,,,,,,,,,
EVT-000141-04,USR-000141,ACC-000141,AUTHENTICATION,FAILED_LOGIN,2026-05-22T00:12:00,DEV-000141-02,,,authentication,FAILURE,,,synthetic,SIM_ESIM_AUTH_ANOMALY,1,,,,,,,,,,
EVT-000141-05,USR-000141,ACC-000141,BEHAVIOUR,DEVICE_DEVIATION,2026-05-22T00:15:00,DEV-000141-02,,,behaviour,DEVIATION,,,synthetic,SIM_ESIM_AUTH_ANOMALY,1,,,,,,,,,,
EVT-000142-01,USR-000142,ACC-000142,TELECOM,SIM_SWAP,2026-05-23T00:00:00,DEV-000142-01,,,telecom,SUCCESS,,,synthetic,SIM_ESIM_AUTH_ANOMALY,1,,,,,,,,,,
EVT-000142-02,USR-000142,ACC-000142,DEVICE,NEW_DEVICE,2026-05-23T00:05:00,DEV-000142-02,,,device,UNRECOGNIZED,,,synthetic,SIM_ESIM_AUTH_ANOMALY,1,,,,,,,,,,
EVT-000142-03,USR-000142,ACC-000142,AUTHENTICATION,FAILED_LOGIN,2026-05-23T00:10:00,DEV-000142-02,,,authentication,FAILURE,,,synthetic,SIM_ESIM_AUTH_ANOMALY,1,,,,,,,,,,
EVT-000142-04,USR-000142,ACC-000142,AUTHENTICATION,FAILED_LOGIN,2026-05-23T00:12:00,DEV-000142-02,,,authentication,FAILURE,,,synthetic,SIM_ESIM_AUTH_ANOMALY,1,,,,,,,,,,
EVT-000142-05,USR-000142,ACC-000142,BEHAVIOUR,DEVICE_DEVIATION,2026-05-23T00:15:00,DEV-000142-02,,,behaviour,DEVIATION,,,synthetic,SIM_ESIM_AUTH_ANOMALY,1,,,,,,,,,,
EVT-000143-01,USR-000143,ACC-000143,TELECOM,SIM_SWAP,2026-05-24T00:00:00,DEV-000143-01,,,telecom,SUCCESS,,,synthetic,SIM_ESIM_AUTH_ANOMALY,1,,,,,,,,,,
EVT-000143-02,USR-000143,ACC-000143,DEVICE,NEW_DEVICE,2026-05-24T00:05:00,DEV-000143-02,,,device,UNRECOGNIZED,,,synthetic,SIM_ESIM_AUTH_ANOMALY,1,,,,,,,,,,
EVT-000143-03,USR-000143,ACC-000143,AUTHENTICATION,FAILED_LOGIN,2026-05-24T00:10:00,DEV-000143-02,,,authentication,FAILURE,,,synthetic,SIM_ESIM_AUTH_ANOMALY,1,,,,,,,,,,
EVT-000143-04,USR-000143,ACC-000143,AUTHENTICATION,FAILED_LOGIN,2026-05-24T00:12:00,DEV-000143-02,,,authentication,FAILURE,,,synthetic,SIM_ESIM_AUTH_ANOMALY,1,,,,,,,,,,
EVT-000143-05,USR-000143,ACC-000143,BEHAVIOUR,DEVICE_DEVIATION,2026-05-24T00:15:00,DEV-000143-02,,,behaviour,DEVIATION,,,synthetic,SIM_ESIM_AUTH_ANOMALY,1,,,,,,,,,,
EVT-000144-01,USR-000144,ACC-000144,TELECOM,ESIM_CHANGE,2026-05-25T00:00:00,DEV-000144-01,,,telecom,SUCCESS,,,synthetic,LEGITIMATE_ESIM_CHANGE,0,,,,,,,,,,
EVT-000144-02,USR-000144,ACC-000144,AUTHENTICATION,LOGIN,2026-05-25T00:10:00,DEV-000144-01,,,authentication,SUCCESS,,,synthetic,LEGITIMATE_ESIM_CHANGE,0,,,,,,,,,,
EVT-000145-01,USR-000145,ACC-000145,TELECOM,ESIM_CHANGE,2026-05-26T00:00:00,DEV-000145-01,,,telecom,SUCCESS,,,synthetic,SUSPICIOUS_ESIM_CHANGE,1,,,,,,,,,,
EVT-000145-02,USR-000145,ACC-000145,DEVICE,NEW_DEVICE,2026-05-26T00:05:00,DEV-000145-02,,,device,UNRECOGNIZED,,,synthetic,SUSPICIOUS_ESIM_CHANGE,1,,,,,,,,,,
EVT-000145-03,USR-000145,ACC-000145,DEVICE,DEVICE_CHANGE,2026-05-26T00:08:00,DEV-000145-02,,,device,DEVIATION,,,synthetic,SUSPICIOUS_ESIM_CHANGE,1,,,,,,,,,,
EVT-000145-04,USR-000145,ACC-000145,AUTHENTICATION,FAILED_LOGIN,2026-05-26T00:10:00,DEV-000145-02,,,authentication,FAILURE,,,synthetic,SUSPICIOUS_ESIM_CHANGE,1,,,,,,,,,,
EVT-000145-05,USR-000145,ACC-000145,BEHAVIOUR,DEVICE_DEVIATION,2026-05-26T00:15:00,DEV-000145-02,,,behaviour,DEVIATION,,,synthetic,SUSPICIOUS_ESIM_CHANGE,1,,,,,,,,,,
EVT-000145-06,USR-000145,ACC-000145,TRANSACTION,TRANSACTION,2026-05-26T00:30:00,DEV-000145-02,,,transaction,SUCCESS,8722.72,,paysim,SUSPICIOUS_ESIM_CHANGE,1,PAYMENT,0.0,0.0,0.0,0.0,355,C447107735,M1707988267,0,0
EVT-000146-01,USR-000146,ACC-000146,TELECOM,ESIM_CHANGE,2026-05-27T00:00:00,DEV-000146-01,,,telecom,SUCCESS,,,synthetic,LEGITIMATE_ESIM_CHANGE,0,,,,,,,,,,
EVT-000146-02,USR-000146,ACC-000146,AUTHENTICATION,LOGIN,2026-05-27T00:10:00,DEV-000146-01,,,authentication,SUCCESS,,,synthetic,LEGITIMATE_ESIM_CHANGE,0,,,,,,,,,,
EVT-000147-01,USR-000147,ACC-000147,TELECOM,SIM_REPLACEMENT,2026-05-28T00:00:00,DEV-000147-01,,,telecom,SUCCESS,,,synthetic,SUSPICIOUS_SIM_REPLACEMENT,1,,,,,,,,,,
EVT-000147-02,USR-000147,ACC-000147,DEVICE,NEW_DEVICE,2026-05-28T00:05:00,DEV-000147-02,,,device,UNRECOGNIZED,,,synthetic,SUSPICIOUS_SIM_REPLACEMENT,1,,,,,,,,,,
EVT-000147-03,USR-000147,ACC-000147,AUTHENTICATION,FAILED_LOGIN,2026-05-28T00:10:00,DEV-000147-02,,,authentication,FAILURE,,,synthetic,SUSPICIOUS_SIM_REPLACEMENT,1,,,,,,,,,,
EVT-000147-04,USR-000147,ACC-000147,RECOVERY,PASSWORD_RESET,2026-05-28T00:15:00,DEV-000147-02,,,recovery,SUCCESS,,,synthetic,SUSPICIOUS_SIM_REPLACEMENT,1,,,,,,,,,,
EVT-000147-05,USR-000147,ACC-000147,ACCOUNT,NEW_BENEFICIARY,2026-05-28T00:20:00,DEV-000147-02,,,account,SUCCESS,,BEN-000147-01,synthetic,SUSPICIOUS_SIM_REPLACEMENT,1,,,,,,,,,,
EVT-000147-06,USR-000147,ACC-000147,TRANSACTION,TRANSACTION,2026-05-28T00:30:00,DEV-000147-02,,,transaction,SUCCESS,8019.77,,paysim,SUSPICIOUS_SIM_REPLACEMENT,1,PAYMENT,0.0,0.0,0.0,0.0,277,C325235955,M818040097,0,0
EVT-000148-01,USR-000148,ACC-000148,TELECOM,ESIM_CHANGE,2026-05-29T00:00:00,DEV-000148-01,,,telecom,SUCCESS,,,synthetic,LEGITIMATE_ESIM_CHANGE,0,,,,,,,,,,
EVT-000148-02,USR-000148,ACC-000148,AUTHENTICATION,LOGIN,2026-05-29T00:10:00,DEV-000148-01,,,authentication,SUCCESS,,,synthetic,LEGITIMATE_ESIM_CHANGE,0,,,,,,,,,,
EVT-000149-01,USR-000149,ACC-000149,TELECOM,ESIM_CHANGE,2026-05-30T00:00:00,DEV-000149-01,,,telecom,SUCCESS,,,synthetic,LEGITIMATE_ESIM_CHANGE,0,,,,,,,,,,
EVT-000149-02,USR-000149,ACC-000149,AUTHENTICATION,LOGIN,2026-05-30T00:10:00,DEV-000149-01,,,authentication,SUCCESS,,,synthetic,LEGITIMATE_ESIM_CHANGE,0,,,,,,,,,,
EVT-000150-01,USR-000150,ACC-000150,TELECOM,ESIM_CHANGE,2026-05-31T00:00:00,DEV-000150-01,,,telecom,SUCCESS,,,synthetic,SUSPICIOUS_ESIM_CHANGE,1,,,,,,,,,,
EVT-000150-02,USR-000150,ACC-000150,DEVICE,NEW_DEVICE,2026-05-31T00:05:00,DEV-000150-02,,,device,UNRECOGNIZED,,,synthetic,SUSPICIOUS_ESIM_CHANGE,1,,,,,,,,,,
EVT-000150-03,USR-000150,ACC-000150,DEVICE,DEVICE_CHANGE,2026-05-31T00:08:00,DEV-000150-02,,,device,DEVIATION,,,synthetic,SUSPICIOUS_ESIM_CHANGE,1,,,,,,,,,,
EVT-000150-04,USR-000150,ACC-000150,AUTHENTICATION,FAILED_LOGIN,2026-05-31T00:10:00,DEV-000150-02,,,authentication,FAILURE,,,synthetic,SUSPICIOUS_ESIM_CHANGE,1,,,,,,,,,,
EVT-000150-05,USR-000150,ACC-000150,BEHAVIOUR,DEVICE_DEVIATION,2026-05-31T00:15:00,DEV-000150-02,,,behaviour,DEVIATION,,,synthetic,SUSPICIOUS_ESIM_CHANGE,1,,,,,,,,,,
EVT-000150-06,USR-000150,ACC-000150,TRANSACTION,TRANSACTION,2026-05-31T00:30:00,DEV-000150-02,,,transaction,SUCCESS,54952.75,,paysim,SUSPICIOUS_ESIM_CHANGE,1,CASH_IN,1206348.41,1261301.16,926493.99,871541.24,40,C2053560887,C212454127,0,0
EVT-000151-01,USR-000151,ACC-000151,TELECOM,ESIM_CHANGE,2026-06-01T00:00:00,DEV-000151-01,,,telecom,SUCCESS,,,synthetic,SUSPICIOUS_ESIM_CHANGE,1,,,,,,,,,,
EVT-000151-02,USR-000151,ACC-000151,DEVICE,NEW_DEVICE,2026-06-01T00:05:00,DEV-000151-02,,,device,UNRECOGNIZED,,,synthetic,SUSPICIOUS_ESIM_CHANGE,1,,,,,,,,,,
EVT-000151-03,USR-000151,ACC-000151,DEVICE,DEVICE_CHANGE,2026-06-01T00:08:00,DEV-000151-02,,,device,DEVIATION,,,synthetic,SUSPICIOUS_ESIM_CHANGE,1,,,,,,,,,,
EVT-000151-04,USR-000151,ACC-000151,AUTHENTICATION,FAILED_LOGIN,2026-06-01T00:10:00,DEV-000151-02,,,authentication,FAILURE,,,synthetic,SUSPICIOUS_ESIM_CHANGE,1,,,,,,,,,,
EVT-000151-05,USR-000151,ACC-000151,BEHAVIOUR,DEVICE_DEVIATION,2026-06-01T00:15:00,DEV-000151-02,,,behaviour,DEVIATION,,,synthetic,SUSPICIOUS_ESIM_CHANGE,1,,,,,,,,,,
EVT-000151-06,USR-000151,ACC-000151,TRANSACTION,TRANSACTION,2026-06-01T00:30:00,DEV-000151-02,,,transaction,SUCCESS,18781.84,,paysim,SUSPICIOUS_ESIM_CHANGE,1,PAYMENT,0.0,0.0,0.0,0.0,203,C1351500741,M1059177134,0,0
EVT-000152-01,USR-000152,ACC-000152,TELECOM,SIM_SWAP,2026-06-02T00:00:00,DEV-000152-01,,,telecom,SUCCESS,,,synthetic,SIM_ESIM_AUTH_ANOMALY,1,,,,,,,,,,
EVT-000152-02,USR-000152,ACC-000152,DEVICE,NEW_DEVICE,2026-06-02T00:05:00,DEV-000152-02,,,device,UNRECOGNIZED,,,synthetic,SIM_ESIM_AUTH_ANOMALY,1,,,,,,,,,,
EVT-000152-03,USR-000152,ACC-000152,AUTHENTICATION,FAILED_LOGIN,2026-06-02T00:10:00,DEV-000152-02,,,authentication,FAILURE,,,synthetic,SIM_ESIM_AUTH_ANOMALY,1,,,,,,,,,,
EVT-000152-04,USR-000152,ACC-000152,AUTHENTICATION,FAILED_LOGIN,2026-06-02T00:12:00,DEV-000152-02,,,authentication,FAILURE,,,synthetic,SIM_ESIM_AUTH_ANOMALY,1,,,,,,,,,,
EVT-000152-05,USR-000152,ACC-000152,BEHAVIOUR,DEVICE_DEVIATION,2026-06-02T00:15:00,DEV-000152-02,,,behaviour,DEVIATION,,,synthetic,SIM_ESIM_AUTH_ANOMALY,1,,,,,,,,,,
EVT-000153-01,USR-000153,ACC-000153,TELECOM,SIM_REPLACEMENT,2026-06-03T00:00:00,DEV-000153-01,,,telecom,SUCCESS,,,synthetic,SUSPICIOUS_SIM_REPLACEMENT,1,,,,,,,,,,
EVT-000153-02,USR-000153,ACC-000153,DEVICE,NEW_DEVICE,2026-06-03T00:05:00,DEV-000153-02,,,device,UNRECOGNIZED,,,synthetic,SUSPICIOUS_SIM_REPLACEMENT,1,,,,,,,,,,
EVT-000153-03,USR-000153,ACC-000153,AUTHENTICATION,FAILED_LOGIN,2026-06-03T00:10:00,DEV-000153-02,,,authentication,FAILURE,,,synthetic,SUSPICIOUS_SIM_REPLACEMENT,1,,,,,,,,,,
EVT-000153-04,USR-000153,ACC-000153,RECOVERY,PASSWORD_RESET,2026-06-03T00:15:00,DEV-000153-02,,,recovery,SUCCESS,,,synthetic,SUSPICIOUS_SIM_REPLACEMENT,1,,,,,,,,,,
EVT-000153-05,USR-000153,ACC-000153,ACCOUNT,NEW_BENEFICIARY,2026-06-03T00:20:00,DEV-000153-02,,,account,SUCCESS,,BEN-000153-01,synthetic,SUSPICIOUS_SIM_REPLACEMENT,1,,,,,,,,,,
EVT-000153-06,USR-000153,ACC-000153,TRANSACTION,TRANSACTION,2026-06-03T00:30:00,DEV-000153-02,,,transaction,SUCCESS,13022.73,,paysim,SUSPICIOUS_SIM_REPLACEMENT,1,CASH_OUT,10096.0,0.0,0.0,13022.73,235,C967084998,C181611317,0,0
EVT-000154-01,USR-000154,ACC-000154,TELECOM,SIM_REPLACEMENT,2026-06-04T00:00:00,DEV-000154-01,,,telecom,SUCCESS,,,synthetic,SUSPICIOUS_SIM_REPLACEMENT,1,,,,,,,,,,
EVT-000154-02,USR-000154,ACC-000154,DEVICE,NEW_DEVICE,2026-06-04T00:05:00,DEV-000154-02,,,device,UNRECOGNIZED,,,synthetic,SUSPICIOUS_SIM_REPLACEMENT,1,,,,,,,,,,
EVT-000154-03,USR-000154,ACC-000154,AUTHENTICATION,FAILED_LOGIN,2026-06-04T00:10:00,DEV-000154-02,,,authentication,FAILURE,,,synthetic,SUSPICIOUS_SIM_REPLACEMENT,1,,,,,,,,,,
EVT-000154-04,USR-000154,ACC-000154,RECOVERY,PASSWORD_RESET,2026-06-04T00:15:00,DEV-000154-02,,,recovery,SUCCESS,,,synthetic,SUSPICIOUS_SIM_REPLACEMENT,1,,,,,,,,,,
EVT-000154-05,USR-000154,ACC-000154,ACCOUNT,NEW_BENEFICIARY,2026-06-04T00:20:00,DEV-000154-02,,,account,SUCCESS,,BEN-000154-01,synthetic,SUSPICIOUS_SIM_REPLACEMENT,1,,,,,,,,,,
EVT-000154-06,USR-000154,ACC-000154,TRANSACTION,TRANSACTION,2026-06-04T00:30:00,DEV-000154-02,,,transaction,SUCCESS,217069.86,,paysim,SUSPICIOUS_SIM_REPLACEMENT,1,CASH_OUT,0.0,0.0,652685.59,869755.44,155,C1903413328,C1519344936,0,0
EVT-000155-01,USR-000155,ACC-000155,TELECOM,ESIM_CHANGE,2026-06-05T00:00:00,DEV-000155-01,,,telecom,SUCCESS,,,synthetic,SUSPICIOUS_ESIM_CHANGE,1,,,,,,,,,,
EVT-000155-02,USR-000155,ACC-000155,DEVICE,NEW_DEVICE,2026-06-05T00:05:00,DEV-000155-02,,,device,UNRECOGNIZED,,,synthetic,SUSPICIOUS_ESIM_CHANGE,1,,,,,,,,,,
EVT-000155-03,USR-000155,ACC-000155,DEVICE,DEVICE_CHANGE,2026-06-05T00:08:00,DEV-000155-02,,,device,DEVIATION,,,synthetic,SUSPICIOUS_ESIM_CHANGE,1,,,,,,,,,,
EVT-000155-04,USR-000155,ACC-000155,AUTHENTICATION,FAILED_LOGIN,2026-06-05T00:10:00,DEV-000155-02,,,authentication,FAILURE,,,synthetic,SUSPICIOUS_ESIM_CHANGE,1,,,,,,,,,,
EVT-000155-05,USR-000155,ACC-000155,BEHAVIOUR,DEVICE_DEVIATION,2026-06-05T00:15:00,DEV-000155-02,,,behaviour,DEVIATION,,,synthetic,SUSPICIOUS_ESIM_CHANGE,1,,,,,,,,,,
EVT-000155-06,USR-000155,ACC-000155,TRANSACTION,TRANSACTION,2026-06-05T00:30:00,DEV-000155-02,,,transaction,SUCCESS,48702.31,,paysim,SUSPICIOUS_ESIM_CHANGE,1,PAYMENT,55421.0,6718.69,0.0,0.0,251,C1643601855,M1333303900,0,0
EVT-000156-01,USR-000156,ACC-000156,TELECOM,SIM_REPLACEMENT,2026-06-06T00:00:00,DEV-000156-01,,,telecom,SUCCESS,,,synthetic,SUSPICIOUS_SIM_REPLACEMENT,1,,,,,,,,,,
EVT-000156-02,USR-000156,ACC-000156,DEVICE,NEW_DEVICE,2026-06-06T00:05:00,DEV-000156-02,,,device,UNRECOGNIZED,,,synthetic,SUSPICIOUS_SIM_REPLACEMENT,1,,,,,,,,,,
EVT-000156-03,USR-000156,ACC-000156,AUTHENTICATION,FAILED_LOGIN,2026-06-06T00:10:00,DEV-000156-02,,,authentication,FAILURE,,,synthetic,SUSPICIOUS_SIM_REPLACEMENT,1,,,,,,,,,,
EVT-000156-04,USR-000156,ACC-000156,RECOVERY,PASSWORD_RESET,2026-06-06T00:15:00,DEV-000156-02,,,recovery,SUCCESS,,,synthetic,SUSPICIOUS_SIM_REPLACEMENT,1,,,,,,,,,,
EVT-000156-05,USR-000156,ACC-000156,ACCOUNT,NEW_BENEFICIARY,2026-06-06T00:20:00,DEV-000156-02,,,account,SUCCESS,,BEN-000156-01,synthetic,SUSPICIOUS_SIM_REPLACEMENT,1,,,,,,,,,,
EVT-000156-06,USR-000156,ACC-000156,TRANSACTION,TRANSACTION,2026-06-06T00:30:00,DEV-000156-02,,,transaction,SUCCESS,77959.06,,paysim,SUSPICIOUS_SIM_REPLACEMENT,1,TRANSFER,2590.0,0.0,0.0,77959.06,189,C200674685,C1069101082,0,0
EVT-000157-01,USR-000157,ACC-000157,TELECOM,SIM_REPLACEMENT,2026-06-07T00:00:00,DEV-000157-01,,,telecom,SUCCESS,,,synthetic,LEGITIMATE_SIM_REPLACEMENT,0,,,,,,,,,,
EVT-000157-02,USR-000157,ACC-000157,AUTHENTICATION,LOGIN,2026-06-07T00:10:00,DEV-000157-01,,,authentication,SUCCESS,,,synthetic,LEGITIMATE_SIM_REPLACEMENT,0,,,,,,,,,,
EVT-000157-03,USR-000157,ACC-000157,TRANSACTION,TRANSACTION,2026-06-07T00:30:00,DEV-000157-01,,,transaction,SUCCESS,37064.77,,paysim,LEGITIMATE_SIM_REPLACEMENT,0,CASH_IN,209.0,37273.77,0.0,0.0,354,C1224803569,C1939909329,0,0
EVT-000158-01,USR-000158,ACC-000158,TELECOM,ESIM_CHANGE,2026-06-08T00:00:00,DEV-000158-01,,,telecom,SUCCESS,,,synthetic,LEGITIMATE_ESIM_CHANGE,0,,,,,,,,,,
EVT-000158-02,USR-000158,ACC-000158,AUTHENTICATION,LOGIN,2026-06-08T00:10:00,DEV-000158-01,,,authentication,SUCCESS,,,synthetic,LEGITIMATE_ESIM_CHANGE,0,,,,,,,,,,
EVT-000159-01,USR-000159,ACC-000159,TELECOM,ESIM_CHANGE,2026-06-09T00:00:00,DEV-000159-01,,,telecom,SUCCESS,,,synthetic,SUSPICIOUS_ESIM_CHANGE,1,,,,,,,,,,
EVT-000159-02,USR-000159,ACC-000159,DEVICE,NEW_DEVICE,2026-06-09T00:05:00,DEV-000159-02,,,device,UNRECOGNIZED,,,synthetic,SUSPICIOUS_ESIM_CHANGE,1,,,,,,,,,,
EVT-000159-03,USR-000159,ACC-000159,DEVICE,DEVICE_CHANGE,2026-06-09T00:08:00,DEV-000159-02,,,device,DEVIATION,,,synthetic,SUSPICIOUS_ESIM_CHANGE,1,,,,,,,,,,
EVT-000159-04,USR-000159,ACC-000159,AUTHENTICATION,FAILED_LOGIN,2026-06-09T00:10:00,DEV-000159-02,,,authentication,FAILURE,,,synthetic,SUSPICIOUS_ESIM_CHANGE,1,,,,,,,,,,
EVT-000159-05,USR-000159,ACC-000159,BEHAVIOUR,DEVICE_DEVIATION,2026-06-09T00:15:00,DEV-000159-02,,,behaviour,DEVIATION,,,synthetic,SUSPICIOUS_ESIM_CHANGE,1,,,,,,,,,,
EVT-000159-06,USR-000159,ACC-000159,TRANSACTION,TRANSACTION,2026-06-09T00:30:00,DEV-000159-02,,,transaction,SUCCESS,137576.85,,paysim,SUSPICIOUS_ESIM_CHANGE,1,CASH_IN,7733225.66,7870802.5,687907.74,550330.9,45,C2135494716,C1322202204,0,0
EVT-000160-01,USR-000160,ACC-000160,TELECOM,ESIM_CHANGE,2026-06-10T00:00:00,DEV-000160-01,,,telecom,SUCCESS,,,synthetic,SUSPICIOUS_ESIM_CHANGE,1,,,,,,,,,,
EVT-000160-02,USR-000160,ACC-000160,DEVICE,NEW_DEVICE,2026-06-10T00:05:00,DEV-000160-02,,,device,UNRECOGNIZED,,,synthetic,SUSPICIOUS_ESIM_CHANGE,1,,,,,,,,,,
EVT-000160-03,USR-000160,ACC-000160,DEVICE,DEVICE_CHANGE,2026-06-10T00:08:00,DEV-000160-02,,,device,DEVIATION,,,synthetic,SUSPICIOUS_ESIM_CHANGE,1,,,,,,,,,,
EVT-000160-04,USR-000160,ACC-000160,AUTHENTICATION,FAILED_LOGIN,2026-06-10T00:10:00,DEV-000160-02,,,authentication,FAILURE,,,synthetic,SUSPICIOUS_ESIM_CHANGE,1,,,,,,,,,,
EVT-000160-05,USR-000160,ACC-000160,BEHAVIOUR,DEVICE_DEVIATION,2026-06-10T00:15:00,DEV-000160-02,,,behaviour,DEVIATION,,,synthetic,SUSPICIOUS_ESIM_CHANGE,1,,,,,,,,,,
EVT-000160-06,USR-000160,ACC-000160,TRANSACTION,TRANSACTION,2026-06-10T00:30:00,DEV-000160-02,,,transaction,SUCCESS,4687.2,,paysim,SUSPICIOUS_ESIM_CHANGE,1,CASH_OUT,16152.0,11464.8,215259.42,219946.62,46,C207604804,C1582311099,0,0
EVT-000161-01,USR-000161,ACC-000161,TELECOM,SIM_REPLACEMENT,2026-06-11T00:00:00,DEV-000161-01,,,telecom,SUCCESS,,,synthetic,SUSPICIOUS_SIM_REPLACEMENT,1,,,,,,,,,,
EVT-000161-02,USR-000161,ACC-000161,DEVICE,NEW_DEVICE,2026-06-11T00:05:00,DEV-000161-02,,,device,UNRECOGNIZED,,,synthetic,SUSPICIOUS_SIM_REPLACEMENT,1,,,,,,,,,,
EVT-000161-03,USR-000161,ACC-000161,AUTHENTICATION,FAILED_LOGIN,2026-06-11T00:10:00,DEV-000161-02,,,authentication,FAILURE,,,synthetic,SUSPICIOUS_SIM_REPLACEMENT,1,,,,,,,,,,
EVT-000161-04,USR-000161,ACC-000161,RECOVERY,PASSWORD_RESET,2026-06-11T00:15:00,DEV-000161-02,,,recovery,SUCCESS,,,synthetic,SUSPICIOUS_SIM_REPLACEMENT,1,,,,,,,,,,
EVT-000161-05,USR-000161,ACC-000161,ACCOUNT,NEW_BENEFICIARY,2026-06-11T00:20:00,DEV-000161-02,,,account,SUCCESS,,BEN-000161-01,synthetic,SUSPICIOUS_SIM_REPLACEMENT,1,,,,,,,,,,
EVT-000161-06,USR-000161,ACC-000161,TRANSACTION,TRANSACTION,2026-06-11T00:30:00,DEV-000161-02,,,transaction,SUCCESS,66387.3,,paysim,SUSPICIOUS_SIM_REPLACEMENT,1,PAYMENT,312545.0,246157.7,0.0,0.0,394,C581541622,M1440673044,0,0
EVT-000162-01,USR-000162,ACC-000162,TELECOM,SIM_REPLACEMENT,2026-06-12T00:00:00,DEV-000162-01,,,telecom,SUCCESS,,,synthetic,LEGITIMATE_SIM_REPLACEMENT,0,,,,,,,,,,
EVT-000162-02,USR-000162,ACC-000162,AUTHENTICATION,LOGIN,2026-06-12T00:10:00,DEV-000162-01,,,authentication,SUCCESS,,,synthetic,LEGITIMATE_SIM_REPLACEMENT,0,,,,,,,,,,
EVT-000162-03,USR-000162,ACC-000162,TRANSACTION,TRANSACTION,2026-06-12T00:30:00,DEV-000162-01,,,transaction,SUCCESS,238965.71,,paysim,LEGITIMATE_SIM_REPLACEMENT,0,CASH_IN,6093193.19,6332158.9,653216.23,414250.52,351,C190908274,C912941135,0,0
EVT-000163-01,USR-000163,ACC-000163,TELECOM,ESIM_CHANGE,2026-06-13T00:00:00,DEV-000163-01,,,telecom,SUCCESS,,,synthetic,SUSPICIOUS_ESIM_CHANGE,1,,,,,,,,,,
EVT-000163-02,USR-000163,ACC-000163,DEVICE,NEW_DEVICE,2026-06-13T00:05:00,DEV-000163-02,,,device,UNRECOGNIZED,,,synthetic,SUSPICIOUS_ESIM_CHANGE,1,,,,,,,,,,
EVT-000163-03,USR-000163,ACC-000163,DEVICE,DEVICE_CHANGE,2026-06-13T00:08:00,DEV-000163-02,,,device,DEVIATION,,,synthetic,SUSPICIOUS_ESIM_CHANGE,1,,,,,,,,,,
EVT-000163-04,USR-000163,ACC-000163,AUTHENTICATION,FAILED_LOGIN,2026-06-13T00:10:00,DEV-000163-02,,,authentication,FAILURE,,,synthetic,SUSPICIOUS_ESIM_CHANGE,1,,,,,,,,,,
EVT-000163-05,USR-000163,ACC-000163,BEHAVIOUR,DEVICE_DEVIATION,2026-06-13T00:15:00,DEV-000163-02,,,behaviour,DEVIATION,,,synthetic,SUSPICIOUS_ESIM_CHANGE,1,,,,,,,,,,
EVT-000163-06,USR-000163,ACC-000163,TRANSACTION,TRANSACTION,2026-06-13T00:30:00,DEV-000163-02,,,transaction,SUCCESS,9708.6,,paysim,SUSPICIOUS_ESIM_CHANGE,1,PAYMENT,0.0,0.0,0.0,0.0,301,C1145766581,M2051672119,0,0
EVT-000164-01,USR-000164,ACC-000164,TELECOM,ESIM_CHANGE,2026-06-14T00:00:00,DEV-000164-01,,,telecom,SUCCESS,,,synthetic,LEGITIMATE_ESIM_CHANGE,0,,,,,,,,,,
EVT-000164-02,USR-000164,ACC-000164,AUTHENTICATION,LOGIN,2026-06-14T00:10:00,DEV-000164-01,,,authentication,SUCCESS,,,synthetic,LEGITIMATE_ESIM_CHANGE,0,,,,,,,,,,
EVT-000165-01,USR-000165,ACC-000165,TELECOM,SIM_SWAP,2026-06-15T00:00:00,DEV-000165-01,,,telecom,SUCCESS,,,synthetic,SIM_ESIM_AUTH_ANOMALY,1,,,,,,,,,,
EVT-000165-02,USR-000165,ACC-000165,DEVICE,NEW_DEVICE,2026-06-15T00:05:00,DEV-000165-02,,,device,UNRECOGNIZED,,,synthetic,SIM_ESIM_AUTH_ANOMALY,1,,,,,,,,,,
EVT-000165-03,USR-000165,ACC-000165,AUTHENTICATION,FAILED_LOGIN,2026-06-15T00:10:00,DEV-000165-02,,,authentication,FAILURE,,,synthetic,SIM_ESIM_AUTH_ANOMALY,1,,,,,,,,,,
EVT-000165-04,USR-000165,ACC-000165,AUTHENTICATION,FAILED_LOGIN,2026-06-15T00:12:00,DEV-000165-02,,,authentication,FAILURE,,,synthetic,SIM_ESIM_AUTH_ANOMALY,1,,,,,,,,,,
EVT-000165-05,USR-000165,ACC-000165,BEHAVIOUR,DEVICE_DEVIATION,2026-06-15T00:15:00,DEV-000165-02,,,behaviour,DEVIATION,,,synthetic,SIM_ESIM_AUTH_ANOMALY,1,,,,,,,,,,
EVT-000166-01,USR-000166,ACC-000166,TELECOM,ESIM_CHANGE,2026-06-16T00:00:00,DEV-000166-01,,,telecom,SUCCESS,,,synthetic,SUSPICIOUS_ESIM_CHANGE,1,,,,,,,,,,
EVT-000166-02,USR-000166,ACC-000166,DEVICE,NEW_DEVICE,2026-06-16T00:05:00,DEV-000166-02,,,device,UNRECOGNIZED,,,synthetic,SUSPICIOUS_ESIM_CHANGE,1,,,,,,,,,,
EVT-000166-03,USR-000166,ACC-000166,DEVICE,DEVICE_CHANGE,2026-06-16T00:08:00,DEV-000166-02,,,device,DEVIATION,,,synthetic,SUSPICIOUS_ESIM_CHANGE,1,,,,,,,,,,
EVT-000166-04,USR-000166,ACC-000166,AUTHENTICATION,FAILED_LOGIN,2026-06-16T00:10:00,DEV-000166-02,,,authentication,FAILURE,,,synthetic,SUSPICIOUS_ESIM_CHANGE,1,,,,,,,,,,
EVT-000166-05,USR-000166,ACC-000166,BEHAVIOUR,DEVICE_DEVIATION,2026-06-16T00:15:00,DEV-000166-02,,,behaviour,DEVIATION,,,synthetic,SUSPICIOUS_ESIM_CHANGE,1,,,,,,,,,,
EVT-000166-06,USR-000166,ACC-000166,TRANSACTION,TRANSACTION,2026-06-16T00:30:00,DEV-000166-02,,,transaction,SUCCESS,231911.69,,paysim,SUSPICIOUS_ESIM_CHANGE,1,CASH_OUT,29031.0,0.0,386565.2,618476.89,256,C1488394599,C2084899640,0,0
EVT-000167-01,USR-000167,ACC-000167,TELECOM,ESIM_CHANGE,2026-06-17T00:00:00,DEV-000167-01,,,telecom,SUCCESS,,,synthetic,LEGITIMATE_ESIM_CHANGE,0,,,,,,,,,,
EVT-000167-02,USR-000167,ACC-000167,AUTHENTICATION,LOGIN,2026-06-17T00:10:00,DEV-000167-01,,,authentication,SUCCESS,,,synthetic,LEGITIMATE_ESIM_CHANGE,0,,,,,,,,,,
EVT-000168-01,USR-000168,ACC-000168,TELECOM,SIM_SWAP,2026-06-18T00:00:00,DEV-000168-01,,,telecom,SUCCESS,,,synthetic,SIM_ESIM_AUTH_ANOMALY,1,,,,,,,,,,
EVT-000168-02,USR-000168,ACC-000168,DEVICE,NEW_DEVICE,2026-06-18T00:05:00,DEV-000168-02,,,device,UNRECOGNIZED,,,synthetic,SIM_ESIM_AUTH_ANOMALY,1,,,,,,,,,,
EVT-000168-03,USR-000168,ACC-000168,AUTHENTICATION,FAILED_LOGIN,2026-06-18T00:10:00,DEV-000168-02,,,authentication,FAILURE,,,synthetic,SIM_ESIM_AUTH_ANOMALY,1,,,,,,,,,,
EVT-000168-04,USR-000168,ACC-000168,AUTHENTICATION,FAILED_LOGIN,2026-06-18T00:12:00,DEV-000168-02,,,authentication,FAILURE,,,synthetic,SIM_ESIM_AUTH_ANOMALY,1,,,,,,,,,,
EVT-000168-05,USR-000168,ACC-000168,BEHAVIOUR,DEVICE_DEVIATION,2026-06-18T00:15:00,DEV-000168-02,,,behaviour,DEVIATION,,,synthetic,SIM_ESIM_AUTH_ANOMALY,1,,,,,,,,,,
EVT-000169-01,USR-000169,ACC-000169,TELECOM,SIM_REPLACEMENT,2026-06-19T00:00:00,DEV-000169-01,,,telecom,SUCCESS,,,synthetic,SUSPICIOUS_SIM_REPLACEMENT,1,,,,,,,,,,
EVT-000169-02,USR-000169,ACC-000169,DEVICE,NEW_DEVICE,2026-06-19T00:05:00,DEV-000169-02,,,device,UNRECOGNIZED,,,synthetic,SUSPICIOUS_SIM_REPLACEMENT,1,,,,,,,,,,
EVT-000169-03,USR-000169,ACC-000169,AUTHENTICATION,FAILED_LOGIN,2026-06-19T00:10:00,DEV-000169-02,,,authentication,FAILURE,,,synthetic,SUSPICIOUS_SIM_REPLACEMENT,1,,,,,,,,,,
EVT-000169-04,USR-000169,ACC-000169,RECOVERY,PASSWORD_RESET,2026-06-19T00:15:00,DEV-000169-02,,,recovery,SUCCESS,,,synthetic,SUSPICIOUS_SIM_REPLACEMENT,1,,,,,,,,,,
EVT-000169-05,USR-000169,ACC-000169,ACCOUNT,NEW_BENEFICIARY,2026-06-19T00:20:00,DEV-000169-02,,,account,SUCCESS,,BEN-000169-01,synthetic,SUSPICIOUS_SIM_REPLACEMENT,1,,,,,,,,,,
EVT-000169-06,USR-000169,ACC-000169,TRANSACTION,TRANSACTION,2026-06-19T00:30:00,DEV-000169-02,,,transaction,SUCCESS,341157.29,,paysim,SUSPICIOUS_SIM_REPLACEMENT,1,CASH_OUT,10407.0,0.0,787608.08,1128765.37,157,C1432580977,C1149648335,0,0
EVT-000170-01,USR-000170,ACC-000170,TELECOM,SIM_REPLACEMENT,2026-06-20T00:00:00,DEV-000170-01,,,telecom,SUCCESS,,,synthetic,LEGITIMATE_SIM_REPLACEMENT,0,,,,,,,,,,
EVT-000170-02,USR-000170,ACC-000170,AUTHENTICATION,LOGIN,2026-06-20T00:10:00,DEV-000170-01,,,authentication,SUCCESS,,,synthetic,LEGITIMATE_SIM_REPLACEMENT,0,,,,,,,,,,
EVT-000170-03,USR-000170,ACC-000170,TRANSACTION,TRANSACTION,2026-06-20T00:30:00,DEV-000170-01,,,transaction,SUCCESS,18991.08,,paysim,LEGITIMATE_SIM_REPLACEMENT,0,PAYMENT,82293.0,63301.92,0.0,0.0,401,C156243762,M1349777822,0,0
EVT-000171-01,USR-000171,ACC-000171,TELECOM,SIM_SWAP,2026-06-21T00:00:00,DEV-000171-01,,,telecom,SUCCESS,,,synthetic,SIM_ESIM_AUTH_ANOMALY,1,,,,,,,,,,
EVT-000171-02,USR-000171,ACC-000171,DEVICE,NEW_DEVICE,2026-06-21T00:05:00,DEV-000171-02,,,device,UNRECOGNIZED,,,synthetic,SIM_ESIM_AUTH_ANOMALY,1,,,,,,,,,,
EVT-000171-03,USR-000171,ACC-000171,AUTHENTICATION,FAILED_LOGIN,2026-06-21T00:10:00,DEV-000171-02,,,authentication,FAILURE,,,synthetic,SIM_ESIM_AUTH_ANOMALY,1,,,,,,,,,,
EVT-000171-04,USR-000171,ACC-000171,AUTHENTICATION,FAILED_LOGIN,2026-06-21T00:12:00,DEV-000171-02,,,authentication,FAILURE,,,synthetic,SIM_ESIM_AUTH_ANOMALY,1,,,,,,,,,,
EVT-000171-05,USR-000171,ACC-000171,BEHAVIOUR,DEVICE_DEVIATION,2026-06-21T00:15:00,DEV-000171-02,,,behaviour,DEVIATION,,,synthetic,SIM_ESIM_AUTH_ANOMALY,1,,,,,,,,,,
EVT-000172-01,USR-000172,ACC-000172,TELECOM,SIM_REPLACEMENT,2026-06-22T00:00:00,DEV-000172-01,,,telecom,SUCCESS,,,synthetic,SUSPICIOUS_SIM_REPLACEMENT,1,,,,,,,,,,
EVT-000172-02,USR-000172,ACC-000172,DEVICE,NEW_DEVICE,2026-06-22T00:05:00,DEV-000172-02,,,device,UNRECOGNIZED,,,synthetic,SUSPICIOUS_SIM_REPLACEMENT,1,,,,,,,,,,
EVT-000172-03,USR-000172,ACC-000172,AUTHENTICATION,FAILED_LOGIN,2026-06-22T00:10:00,DEV-000172-02,,,authentication,FAILURE,,,synthetic,SUSPICIOUS_SIM_REPLACEMENT,1,,,,,,,,,,
EVT-000172-04,USR-000172,ACC-000172,RECOVERY,PASSWORD_RESET,2026-06-22T00:15:00,DEV-000172-02,,,recovery,SUCCESS,,,synthetic,SUSPICIOUS_SIM_REPLACEMENT,1,,,,,,,,,,
EVT-000172-05,USR-000172,ACC-000172,ACCOUNT,NEW_BENEFICIARY,2026-06-22T00:20:00,DEV-000172-02,,,account,SUCCESS,,BEN-000172-01,synthetic,SUSPICIOUS_SIM_REPLACEMENT,1,,,,,,,,,,
EVT-000172-06,USR-000172,ACC-000172,TRANSACTION,TRANSACTION,2026-06-22T00:30:00,DEV-000172-02,,,transaction,SUCCESS,412612.72,,paysim,SUSPICIOUS_SIM_REPLACEMENT,1,CASH_OUT,11073.0,0.0,637926.43,1050539.15,398,C1986979636,C1834219264,0,0
EVT-000173-01,USR-000173,ACC-000173,TELECOM,SIM_REPLACEMENT,2026-06-23T00:00:00,DEV-000173-01,,,telecom,SUCCESS,,,synthetic,SUSPICIOUS_SIM_REPLACEMENT,1,,,,,,,,,,
EVT-000173-02,USR-000173,ACC-000173,DEVICE,NEW_DEVICE,2026-06-23T00:05:00,DEV-000173-02,,,device,UNRECOGNIZED,,,synthetic,SUSPICIOUS_SIM_REPLACEMENT,1,,,,,,,,,,
EVT-000173-03,USR-000173,ACC-000173,AUTHENTICATION,FAILED_LOGIN,2026-06-23T00:10:00,DEV-000173-02,,,authentication,FAILURE,,,synthetic,SUSPICIOUS_SIM_REPLACEMENT,1,,,,,,,,,,
EVT-000173-04,USR-000173,ACC-000173,RECOVERY,PASSWORD_RESET,2026-06-23T00:15:00,DEV-000173-02,,,recovery,SUCCESS,,,synthetic,SUSPICIOUS_SIM_REPLACEMENT,1,,,,,,,,,,
EVT-000173-05,USR-000173,ACC-000173,ACCOUNT,NEW_BENEFICIARY,2026-06-23T00:20:00,DEV-000173-02,,,account,SUCCESS,,BEN-000173-01,synthetic,SUSPICIOUS_SIM_REPLACEMENT,1,,,,,,,,,,
EVT-000173-06,USR-000173,ACC-000173,TRANSACTION,TRANSACTION,2026-06-23T00:30:00,DEV-000173-02,,,transaction,SUCCESS,29975.47,,paysim,SUSPICIOUS_SIM_REPLACEMENT,1,PAYMENT,16008.01,0.0,0.0,0.0,17,C1515138768,M1970697424,0,0
EVT-000174-01,USR-000174,ACC-000174,TELECOM,ESIM_CHANGE,2026-06-24T00:00:00,DEV-000174-01,,,telecom,SUCCESS,,,synthetic,LEGITIMATE_ESIM_CHANGE,0,,,,,,,,,,
EVT-000174-02,USR-000174,ACC-000174,AUTHENTICATION,LOGIN,2026-06-24T00:10:00,DEV-000174-01,,,authentication,SUCCESS,,,synthetic,LEGITIMATE_ESIM_CHANGE,0,,,,,,,,,,
EVT-000175-01,USR-000175,ACC-000175,TELECOM,ESIM_CHANGE,2026-06-25T00:00:00,DEV-000175-01,,,telecom,SUCCESS,,,synthetic,SUSPICIOUS_ESIM_CHANGE,1,,,,,,,,,,
EVT-000175-02,USR-000175,ACC-000175,DEVICE,NEW_DEVICE,2026-06-25T00:05:00,DEV-000175-02,,,device,UNRECOGNIZED,,,synthetic,SUSPICIOUS_ESIM_CHANGE,1,,,,,,,,,,
EVT-000175-03,USR-000175,ACC-000175,DEVICE,DEVICE_CHANGE,2026-06-25T00:08:00,DEV-000175-02,,,device,DEVIATION,,,synthetic,SUSPICIOUS_ESIM_CHANGE,1,,,,,,,,,,
EVT-000175-04,USR-000175,ACC-000175,AUTHENTICATION,FAILED_LOGIN,2026-06-25T00:10:00,DEV-000175-02,,,authentication,FAILURE,,,synthetic,SUSPICIOUS_ESIM_CHANGE,1,,,,,,,,,,
EVT-000175-05,USR-000175,ACC-000175,BEHAVIOUR,DEVICE_DEVIATION,2026-06-25T00:15:00,DEV-000175-02,,,behaviour,DEVIATION,,,synthetic,SUSPICIOUS_ESIM_CHANGE,1,,,,,,,,,,
EVT-000175-06,USR-000175,ACC-000175,TRANSACTION,TRANSACTION,2026-06-25T00:30:00,DEV-000175-02,,,transaction,SUCCESS,20186.22,,paysim,SUSPICIOUS_ESIM_CHANGE,1,PAYMENT,0.0,0.0,0.0,0.0,661,C400441929,M1956703374,0,0
EVT-000176-01,USR-000176,ACC-000176,TELECOM,ESIM_CHANGE,2026-06-26T00:00:00,DEV-000176-01,,,telecom,SUCCESS,,,synthetic,SUSPICIOUS_ESIM_CHANGE,1,,,,,,,,,,
EVT-000176-02,USR-000176,ACC-000176,DEVICE,NEW_DEVICE,2026-06-26T00:05:00,DEV-000176-02,,,device,UNRECOGNIZED,,,synthetic,SUSPICIOUS_ESIM_CHANGE,1,,,,,,,,,,
EVT-000176-03,USR-000176,ACC-000176,DEVICE,DEVICE_CHANGE,2026-06-26T00:08:00,DEV-000176-02,,,device,DEVIATION,,,synthetic,SUSPICIOUS_ESIM_CHANGE,1,,,,,,,,,,
EVT-000176-04,USR-000176,ACC-000176,AUTHENTICATION,FAILED_LOGIN,2026-06-26T00:10:00,DEV-000176-02,,,authentication,FAILURE,,,synthetic,SUSPICIOUS_ESIM_CHANGE,1,,,,,,,,,,
EVT-000176-05,USR-000176,ACC-000176,BEHAVIOUR,DEVICE_DEVIATION,2026-06-26T00:15:00,DEV-000176-02,,,behaviour,DEVIATION,,,synthetic,SUSPICIOUS_ESIM_CHANGE,1,,,,,,,,,,
EVT-000176-06,USR-000176,ACC-000176,TRANSACTION,TRANSACTION,2026-06-26T00:30:00,DEV-000176-02,,,transaction,SUCCESS,275936.84,,paysim,SUSPICIOUS_ESIM_CHANGE,1,CASH_OUT,411.0,0.0,0.0,275936.84,206,C1298959974,C906400235,0,0
EVT-000177-01,USR-000177,ACC-000177,TELECOM,ESIM_CHANGE,2026-06-27T00:00:00,DEV-000177-01,,,telecom,SUCCESS,,,synthetic,SUSPICIOUS_ESIM_CHANGE,1,,,,,,,,,,
EVT-000177-02,USR-000177,ACC-000177,DEVICE,NEW_DEVICE,2026-06-27T00:05:00,DEV-000177-02,,,device,UNRECOGNIZED,,,synthetic,SUSPICIOUS_ESIM_CHANGE,1,,,,,,,,,,
EVT-000177-03,USR-000177,ACC-000177,DEVICE,DEVICE_CHANGE,2026-06-27T00:08:00,DEV-000177-02,,,device,DEVIATION,,,synthetic,SUSPICIOUS_ESIM_CHANGE,1,,,,,,,,,,
EVT-000177-04,USR-000177,ACC-000177,AUTHENTICATION,FAILED_LOGIN,2026-06-27T00:10:00,DEV-000177-02,,,authentication,FAILURE,,,synthetic,SUSPICIOUS_ESIM_CHANGE,1,,,,,,,,,,
EVT-000177-05,USR-000177,ACC-000177,BEHAVIOUR,DEVICE_DEVIATION,2026-06-27T00:15:00,DEV-000177-02,,,behaviour,DEVIATION,,,synthetic,SUSPICIOUS_ESIM_CHANGE,1,,,,,,,,,,
EVT-000177-06,USR-000177,ACC-000177,TRANSACTION,TRANSACTION,2026-06-27T00:30:00,DEV-000177-02,,,transaction,SUCCESS,22677.16,,paysim,SUSPICIOUS_ESIM_CHANGE,1,CASH_OUT,103834.0,81156.84,1865997.37,1888674.52,375,C1353943064,C948946965,0,0
EVT-000178-01,USR-000178,ACC-000178,TELECOM,SIM_REPLACEMENT,2026-06-28T00:00:00,DEV-000178-01,,,telecom,SUCCESS,,,synthetic,LEGITIMATE_SIM_REPLACEMENT,0,,,,,,,,,,
EVT-000178-02,USR-000178,ACC-000178,AUTHENTICATION,LOGIN,2026-06-28T00:10:00,DEV-000178-01,,,authentication,SUCCESS,,,synthetic,LEGITIMATE_SIM_REPLACEMENT,0,,,,,,,,,,
EVT-000178-03,USR-000178,ACC-000178,TRANSACTION,TRANSACTION,2026-06-28T00:30:00,DEV-000178-01,,,transaction,SUCCESS,89713.23,,paysim,LEGITIMATE_SIM_REPLACEMENT,0,CASH_OUT,6037.0,0.0,0.0,89713.23,254,C231639368,C976175582,0,0
EVT-000179-01,USR-000179,ACC-000179,TELECOM,ESIM_CHANGE,2026-06-29T00:00:00,DEV-000179-01,,,telecom,SUCCESS,,,synthetic,SUSPICIOUS_ESIM_CHANGE,1,,,,,,,,,,
EVT-000179-02,USR-000179,ACC-000179,DEVICE,NEW_DEVICE,2026-06-29T00:05:00,DEV-000179-02,,,device,UNRECOGNIZED,,,synthetic,SUSPICIOUS_ESIM_CHANGE,1,,,,,,,,,,
EVT-000179-03,USR-000179,ACC-000179,DEVICE,DEVICE_CHANGE,2026-06-29T00:08:00,DEV-000179-02,,,device,DEVIATION,,,synthetic,SUSPICIOUS_ESIM_CHANGE,1,,,,,,,,,,
EVT-000179-04,USR-000179,ACC-000179,AUTHENTICATION,FAILED_LOGIN,2026-06-29T00:10:00,DEV-000179-02,,,authentication,FAILURE,,,synthetic,SUSPICIOUS_ESIM_CHANGE,1,,,,,,,,,,
EVT-000179-05,USR-000179,ACC-000179,BEHAVIOUR,DEVICE_DEVIATION,2026-06-29T00:15:00,DEV-000179-02,,,behaviour,DEVIATION,,,synthetic,SUSPICIOUS_ESIM_CHANGE,1,,,,,,,,,,
EVT-000179-06,USR-000179,ACC-000179,TRANSACTION,TRANSACTION,2026-06-29T00:30:00,DEV-000179-02,,,transaction,SUCCESS,266.09,,paysim,SUSPICIOUS_ESIM_CHANGE,1,PAYMENT,64623.65,64357.57,0.0,0.0,138,C55781663,M2074133030,0,0
EVT-000180-01,USR-000180,ACC-000180,TELECOM,SIM_SWAP,2026-06-30T00:00:00,DEV-000180-01,,,telecom,SUCCESS,,,synthetic,SIM_ESIM_AUTH_ANOMALY,1,,,,,,,,,,
EVT-000180-02,USR-000180,ACC-000180,DEVICE,NEW_DEVICE,2026-06-30T00:05:00,DEV-000180-02,,,device,UNRECOGNIZED,,,synthetic,SIM_ESIM_AUTH_ANOMALY,1,,,,,,,,,,
EVT-000180-03,USR-000180,ACC-000180,AUTHENTICATION,FAILED_LOGIN,2026-06-30T00:10:00,DEV-000180-02,,,authentication,FAILURE,,,synthetic,SIM_ESIM_AUTH_ANOMALY,1,,,,,,,,,,
EVT-000180-04,USR-000180,ACC-000180,AUTHENTICATION,FAILED_LOGIN,2026-06-30T00:12:00,DEV-000180-02,,,authentication,FAILURE,,,synthetic,SIM_ESIM_AUTH_ANOMALY,1,,,,,,,,,,
EVT-000180-05,USR-000180,ACC-000180,BEHAVIOUR,DEVICE_DEVIATION,2026-06-30T00:15:00,DEV-000180-02,,,behaviour,DEVIATION,,,synthetic,SIM_ESIM_AUTH_ANOMALY,1,,,,,,,,,,
EVT-000181-01,USR-000181,ACC-000181,TELECOM,ESIM_CHANGE,2026-07-01T00:00:00,DEV-000181-01,,,telecom,SUCCESS,,,synthetic,LEGITIMATE_ESIM_CHANGE,0,,,,,,,,,,
EVT-000181-02,USR-000181,ACC-000181,AUTHENTICATION,LOGIN,2026-07-01T00:10:00,DEV-000181-01,,,authentication,SUCCESS,,,synthetic,LEGITIMATE_ESIM_CHANGE,0,,,,,,,,,,
EVT-000182-01,USR-000182,ACC-000182,TELECOM,ESIM_CHANGE,2026-07-02T00:00:00,DEV-000182-01,,,telecom,SUCCESS,,,synthetic,LEGITIMATE_ESIM_CHANGE,0,,,,,,,,,,
EVT-000182-02,USR-000182,ACC-000182,AUTHENTICATION,LOGIN,2026-07-02T00:10:00,DEV-000182-01,,,authentication,SUCCESS,,,synthetic,LEGITIMATE_ESIM_CHANGE,0,,,,,,,,,,
EVT-000183-01,USR-000183,ACC-000183,TELECOM,SIM_REPLACEMENT,2026-07-03T00:00:00,DEV-000183-01,,,telecom,SUCCESS,,,synthetic,LEGITIMATE_SIM_REPLACEMENT,0,,,,,,,,,,
EVT-000183-02,USR-000183,ACC-000183,AUTHENTICATION,LOGIN,2026-07-03T00:10:00,DEV-000183-01,,,authentication,SUCCESS,,,synthetic,LEGITIMATE_SIM_REPLACEMENT,0,,,,,,,,,,
EVT-000183-03,USR-000183,ACC-000183,TRANSACTION,TRANSACTION,2026-07-03T00:30:00,DEV-000183-01,,,transaction,SUCCESS,21009.98,,paysim,LEGITIMATE_SIM_REPLACEMENT,0,CASH_IN,1622694.43,1643704.4,1.228514627E7,1.22641363E7,376,C1156745106,C1817301576,0,0
EVT-000184-01,USR-000184,ACC-000184,TELECOM,SIM_REPLACEMENT,2026-07-04T00:00:00,DEV-000184-01,,,telecom,SUCCESS,,,synthetic,LEGITIMATE_SIM_REPLACEMENT,0,,,,,,,,,,
EVT-000184-02,USR-000184,ACC-000184,AUTHENTICATION,LOGIN,2026-07-04T00:10:00,DEV-000184-01,,,authentication,SUCCESS,,,synthetic,LEGITIMATE_SIM_REPLACEMENT,0,,,,,,,,,,
EVT-000184-03,USR-000184,ACC-000184,TRANSACTION,TRANSACTION,2026-07-04T00:30:00,DEV-000184-01,,,transaction,SUCCESS,28628.93,,paysim,LEGITIMATE_SIM_REPLACEMENT,0,PAYMENT,159268.0,130639.07,0.0,0.0,226,C2046057995,M942059433,0,0
EVT-000185-01,USR-000185,ACC-000185,TELECOM,ESIM_CHANGE,2026-07-05T00:00:00,DEV-000185-01,,,telecom,SUCCESS,,,synthetic,LEGITIMATE_ESIM_CHANGE,0,,,,,,,,,,
EVT-000185-02,USR-000185,ACC-000185,AUTHENTICATION,LOGIN,2026-07-05T00:10:00,DEV-000185-01,,,authentication,SUCCESS,,,synthetic,LEGITIMATE_ESIM_CHANGE,0,,,,,,,,,,
EVT-000186-01,USR-000186,ACC-000186,TELECOM,SIM_REPLACEMENT,2026-07-06T00:00:00,DEV-000186-01,,,telecom,SUCCESS,,,synthetic,SUSPICIOUS_SIM_REPLACEMENT,1,,,,,,,,,,
EVT-000186-02,USR-000186,ACC-000186,DEVICE,NEW_DEVICE,2026-07-06T00:05:00,DEV-000186-02,,,device,UNRECOGNIZED,,,synthetic,SUSPICIOUS_SIM_REPLACEMENT,1,,,,,,,,,,
EVT-000186-03,USR-000186,ACC-000186,AUTHENTICATION,FAILED_LOGIN,2026-07-06T00:10:00,DEV-000186-02,,,authentication,FAILURE,,,synthetic,SUSPICIOUS_SIM_REPLACEMENT,1,,,,,,,,,,
EVT-000186-04,USR-000186,ACC-000186,RECOVERY,PASSWORD_RESET,2026-07-06T00:15:00,DEV-000186-02,,,recovery,SUCCESS,,,synthetic,SUSPICIOUS_SIM_REPLACEMENT,1,,,,,,,,,,
EVT-000186-05,USR-000186,ACC-000186,ACCOUNT,NEW_BENEFICIARY,2026-07-06T00:20:00,DEV-000186-02,,,account,SUCCESS,,BEN-000186-01,synthetic,SUSPICIOUS_SIM_REPLACEMENT,1,,,,,,,,,,
EVT-000186-06,USR-000186,ACC-000186,TRANSACTION,TRANSACTION,2026-07-06T00:30:00,DEV-000186-02,,,transaction,SUCCESS,14082.19,,paysim,SUSPICIOUS_SIM_REPLACEMENT,1,PAYMENT,14208.0,125.81,0.0,0.0,349,C1795733893,M2130452618,0,0
EVT-000187-01,USR-000187,ACC-000187,TELECOM,SIM_SWAP,2026-07-07T00:00:00,DEV-000187-01,,,telecom,SUCCESS,,,synthetic,SIM_ESIM_AUTH_ANOMALY,1,,,,,,,,,,
EVT-000187-02,USR-000187,ACC-000187,DEVICE,NEW_DEVICE,2026-07-07T00:05:00,DEV-000187-02,,,device,UNRECOGNIZED,,,synthetic,SIM_ESIM_AUTH_ANOMALY,1,,,,,,,,,,
EVT-000187-03,USR-000187,ACC-000187,AUTHENTICATION,FAILED_LOGIN,2026-07-07T00:10:00,DEV-000187-02,,,authentication,FAILURE,,,synthetic,SIM_ESIM_AUTH_ANOMALY,1,,,,,,,,,,
EVT-000187-04,USR-000187,ACC-000187,AUTHENTICATION,FAILED_LOGIN,2026-07-07T00:12:00,DEV-000187-02,,,authentication,FAILURE,,,synthetic,SIM_ESIM_AUTH_ANOMALY,1,,,,,,,,,,
EVT-000187-05,USR-000187,ACC-000187,BEHAVIOUR,DEVICE_DEVIATION,2026-07-07T00:15:00,DEV-000187-02,,,behaviour,DEVIATION,,,synthetic,SIM_ESIM_AUTH_ANOMALY,1,,,,,,,,,,
EVT-000188-01,USR-000188,ACC-000188,TELECOM,SIM_SWAP,2026-07-08T00:00:00,DEV-000188-01,,,telecom,SUCCESS,,,synthetic,SIM_ESIM_AUTH_ANOMALY,1,,,,,,,,,,
EVT-000188-02,USR-000188,ACC-000188,DEVICE,NEW_DEVICE,2026-07-08T00:05:00,DEV-000188-02,,,device,UNRECOGNIZED,,,synthetic,SIM_ESIM_AUTH_ANOMALY,1,,,,,,,,,,
EVT-000188-03,USR-000188,ACC-000188,AUTHENTICATION,FAILED_LOGIN,2026-07-08T00:10:00,DEV-000188-02,,,authentication,FAILURE,,,synthetic,SIM_ESIM_AUTH_ANOMALY,1,,,,,,,,,,
EVT-000188-04,USR-000188,ACC-000188,AUTHENTICATION,FAILED_LOGIN,2026-07-08T00:12:00,DEV-000188-02,,,authentication,FAILURE,,,synthetic,SIM_ESIM_AUTH_ANOMALY,1,,,,,,,,,,
EVT-000188-05,USR-000188,ACC-000188,BEHAVIOUR,DEVICE_DEVIATION,2026-07-08T00:15:00,DEV-000188-02,,,behaviour,DEVIATION,,,synthetic,SIM_ESIM_AUTH_ANOMALY,1,,,,,,,,,,
EVT-000189-01,USR-000189,ACC-000189,TELECOM,SIM_SWAP,2026-07-09T00:00:00,DEV-000189-01,,,telecom,SUCCESS,,,synthetic,SIM_ESIM_AUTH_ANOMALY,1,,,,,,,,,,
EVT-000189-02,USR-000189,ACC-000189,DEVICE,NEW_DEVICE,2026-07-09T00:05:00,DEV-000189-02,,,device,UNRECOGNIZED,,,synthetic,SIM_ESIM_AUTH_ANOMALY,1,,,,,,,,,,
EVT-000189-03,USR-000189,ACC-000189,AUTHENTICATION,FAILED_LOGIN,2026-07-09T00:10:00,DEV-000189-02,,,authentication,FAILURE,,,synthetic,SIM_ESIM_AUTH_ANOMALY,1,,,,,,,,,,
EVT-000189-04,USR-000189,ACC-000189,AUTHENTICATION,FAILED_LOGIN,2026-07-09T00:12:00,DEV-000189-02,,,authentication,FAILURE,,,synthetic,SIM_ESIM_AUTH_ANOMALY,1,,,,,,,,,,
EVT-000189-05,USR-000189,ACC-000189,BEHAVIOUR,DEVICE_DEVIATION,2026-07-09T00:15:00,DEV-000189-02,,,behaviour,DEVIATION,,,synthetic,SIM_ESIM_AUTH_ANOMALY,1,,,,,,,,,,
EVT-000190-01,USR-000190,ACC-000190,TELECOM,ESIM_CHANGE,2026-07-10T00:00:00,DEV-000190-01,,,telecom,SUCCESS,,,synthetic,LEGITIMATE_ESIM_CHANGE,0,,,,,,,,,,
EVT-000190-02,USR-000190,ACC-000190,AUTHENTICATION,LOGIN,2026-07-10T00:10:00,DEV-000190-01,,,authentication,SUCCESS,,,synthetic,LEGITIMATE_ESIM_CHANGE,0,,,,,,,,,,
EVT-000191-01,USR-000191,ACC-000191,TELECOM,SIM_REPLACEMENT,2026-07-11T00:00:00,DEV-000191-01,,,telecom,SUCCESS,,,synthetic,LEGITIMATE_SIM_REPLACEMENT,0,,,,,,,,,,
EVT-000191-02,USR-000191,ACC-000191,AUTHENTICATION,LOGIN,2026-07-11T00:10:00,DEV-000191-01,,,authentication,SUCCESS,,,synthetic,LEGITIMATE_SIM_REPLACEMENT,0,,,,,,,,,,
EVT-000191-03,USR-000191,ACC-000191,TRANSACTION,TRANSACTION,2026-07-11T00:30:00,DEV-000191-01,,,transaction,SUCCESS,17544.64,,paysim,LEGITIMATE_SIM_REPLACEMENT,0,PAYMENT,269212.25,251667.62,0.0,0.0,159,C1347152758,M1904055835,0,0
EVT-000192-01,USR-000192,ACC-000192,TELECOM,SIM_REPLACEMENT,2026-07-12T00:00:00,DEV-000192-01,,,telecom,SUCCESS,,,synthetic,LEGITIMATE_SIM_REPLACEMENT,0,,,,,,,,,,
EVT-000192-02,USR-000192,ACC-000192,AUTHENTICATION,LOGIN,2026-07-12T00:10:00,DEV-000192-01,,,authentication,SUCCESS,,,synthetic,LEGITIMATE_SIM_REPLACEMENT,0,,,,,,,,,,
EVT-000192-03,USR-000192,ACC-000192,TRANSACTION,TRANSACTION,2026-07-12T00:30:00,DEV-000192-01,,,transaction,SUCCESS,69.24,,paysim,LEGITIMATE_SIM_REPLACEMENT,0,PAYMENT,15905.0,15835.76,0.0,0.0,20,C655379197,M392230017,0,0
EVT-000193-01,USR-000193,ACC-000193,TELECOM,ESIM_CHANGE,2026-07-13T00:00:00,DEV-000193-01,,,telecom,SUCCESS,,,synthetic,LEGITIMATE_ESIM_CHANGE,0,,,,,,,,,,
EVT-000193-02,USR-000193,ACC-000193,AUTHENTICATION,LOGIN,2026-07-13T00:10:00,DEV-000193-01,,,authentication,SUCCESS,,,synthetic,LEGITIMATE_ESIM_CHANGE,0,,,,,,,,,,
EVT-000194-01,USR-000194,ACC-000194,TELECOM,SIM_REPLACEMENT,2026-07-14T00:00:00,DEV-000194-01,,,telecom,SUCCESS,,,synthetic,SUSPICIOUS_SIM_REPLACEMENT,1,,,,,,,,,,
EVT-000194-02,USR-000194,ACC-000194,DEVICE,NEW_DEVICE,2026-07-14T00:05:00,DEV-000194-02,,,device,UNRECOGNIZED,,,synthetic,SUSPICIOUS_SIM_REPLACEMENT,1,,,,,,,,,,
EVT-000194-03,USR-000194,ACC-000194,AUTHENTICATION,FAILED_LOGIN,2026-07-14T00:10:00,DEV-000194-02,,,authentication,FAILURE,,,synthetic,SUSPICIOUS_SIM_REPLACEMENT,1,,,,,,,,,,
EVT-000194-04,USR-000194,ACC-000194,RECOVERY,PASSWORD_RESET,2026-07-14T00:15:00,DEV-000194-02,,,recovery,SUCCESS,,,synthetic,SUSPICIOUS_SIM_REPLACEMENT,1,,,,,,,,,,
EVT-000194-05,USR-000194,ACC-000194,ACCOUNT,NEW_BENEFICIARY,2026-07-14T00:20:00,DEV-000194-02,,,account,SUCCESS,,BEN-000194-01,synthetic,SUSPICIOUS_SIM_REPLACEMENT,1,,,,,,,,,,
EVT-000194-06,USR-000194,ACC-000194,TRANSACTION,TRANSACTION,2026-07-14T00:30:00,DEV-000194-02,,,transaction,SUCCESS,5011.87,,paysim,SUSPICIOUS_SIM_REPLACEMENT,1,PAYMENT,48935.0,43923.13,0.0,0.0,209,C441283537,M844121959,0,0
EVT-000195-01,USR-000195,ACC-000195,TELECOM,SIM_REPLACEMENT,2026-07-15T00:00:00,DEV-000195-01,,,telecom,SUCCESS,,,synthetic,SUSPICIOUS_SIM_REPLACEMENT,1,,,,,,,,,,
EVT-000195-02,USR-000195,ACC-000195,DEVICE,NEW_DEVICE,2026-07-15T00:05:00,DEV-000195-02,,,device,UNRECOGNIZED,,,synthetic,SUSPICIOUS_SIM_REPLACEMENT,1,,,,,,,,,,
EVT-000195-03,USR-000195,ACC-000195,AUTHENTICATION,FAILED_LOGIN,2026-07-15T00:10:00,DEV-000195-02,,,authentication,FAILURE,,,synthetic,SUSPICIOUS_SIM_REPLACEMENT,1,,,,,,,,,,
EVT-000195-04,USR-000195,ACC-000195,RECOVERY,PASSWORD_RESET,2026-07-15T00:15:00,DEV-000195-02,,,recovery,SUCCESS,,,synthetic,SUSPICIOUS_SIM_REPLACEMENT,1,,,,,,,,,,
EVT-000195-05,USR-000195,ACC-000195,ACCOUNT,NEW_BENEFICIARY,2026-07-15T00:20:00,DEV-000195-02,,,account,SUCCESS,,BEN-000195-01,synthetic,SUSPICIOUS_SIM_REPLACEMENT,1,,,,,,,,,,
EVT-000195-06,USR-000195,ACC-000195,TRANSACTION,TRANSACTION,2026-07-15T00:30:00,DEV-000195-02,,,transaction,SUCCESS,490646.33,,paysim,SUSPICIOUS_SIM_REPLACEMENT,1,CASH_OUT,0.0,0.0,985030.29,1475676.63,286,C310585856,C780358720,0,0
EVT-000196-01,USR-000196,ACC-000196,TELECOM,ESIM_CHANGE,2026-07-16T00:00:00,DEV-000196-01,,,telecom,SUCCESS,,,synthetic,SUSPICIOUS_ESIM_CHANGE,1,,,,,,,,,,
EVT-000196-02,USR-000196,ACC-000196,DEVICE,NEW_DEVICE,2026-07-16T00:05:00,DEV-000196-02,,,device,UNRECOGNIZED,,,synthetic,SUSPICIOUS_ESIM_CHANGE,1,,,,,,,,,,
EVT-000196-03,USR-000196,ACC-000196,DEVICE,DEVICE_CHANGE,2026-07-16T00:08:00,DEV-000196-02,,,device,DEVIATION,,,synthetic,SUSPICIOUS_ESIM_CHANGE,1,,,,,,,,,,
EVT-000196-04,USR-000196,ACC-000196,AUTHENTICATION,FAILED_LOGIN,2026-07-16T00:10:00,DEV-000196-02,,,authentication,FAILURE,,,synthetic,SUSPICIOUS_ESIM_CHANGE,1,,,,,,,,,,
EVT-000196-05,USR-000196,ACC-000196,BEHAVIOUR,DEVICE_DEVIATION,2026-07-16T00:15:00,DEV-000196-02,,,behaviour,DEVIATION,,,synthetic,SUSPICIOUS_ESIM_CHANGE,1,,,,,,,,,,
EVT-000196-06,USR-000196,ACC-000196,TRANSACTION,TRANSACTION,2026-07-16T00:30:00,DEV-000196-02,,,transaction,SUCCESS,12837.84,,paysim,SUSPICIOUS_ESIM_CHANGE,1,PAYMENT,0.0,0.0,0.0,0.0,518,C359268195,M460770059,0,0
EVT-000197-01,USR-000197,ACC-000197,TELECOM,ESIM_CHANGE,2026-07-17T00:00:00,DEV-000197-01,,,telecom,SUCCESS,,,synthetic,SUSPICIOUS_ESIM_CHANGE,1,,,,,,,,,,
EVT-000197-02,USR-000197,ACC-000197,DEVICE,NEW_DEVICE,2026-07-17T00:05:00,DEV-000197-02,,,device,UNRECOGNIZED,,,synthetic,SUSPICIOUS_ESIM_CHANGE,1,,,,,,,,,,
EVT-000197-03,USR-000197,ACC-000197,DEVICE,DEVICE_CHANGE,2026-07-17T00:08:00,DEV-000197-02,,,device,DEVIATION,,,synthetic,SUSPICIOUS_ESIM_CHANGE,1,,,,,,,,,,
EVT-000197-04,USR-000197,ACC-000197,AUTHENTICATION,FAILED_LOGIN,2026-07-17T00:10:00,DEV-000197-02,,,authentication,FAILURE,,,synthetic,SUSPICIOUS_ESIM_CHANGE,1,,,,,,,,,,
EVT-000197-05,USR-000197,ACC-000197,BEHAVIOUR,DEVICE_DEVIATION,2026-07-17T00:15:00,DEV-000197-02,,,behaviour,DEVIATION,,,synthetic,SUSPICIOUS_ESIM_CHANGE,1,,,,,,,,,,
EVT-000197-06,USR-000197,ACC-000197,TRANSACTION,TRANSACTION,2026-07-17T00:30:00,DEV-000197-02,,,transaction,SUCCESS,232811.08,,paysim,SUSPICIOUS_ESIM_CHANGE,1,CASH_OUT,156633.0,0.0,133178.2,365989.28,187,C270962994,C371827957,0,0
EVT-000198-01,USR-000198,ACC-000198,TELECOM,SIM_REPLACEMENT,2026-07-18T00:00:00,DEV-000198-01,,,telecom,SUCCESS,,,synthetic,LEGITIMATE_SIM_REPLACEMENT,0,,,,,,,,,,
EVT-000198-02,USR-000198,ACC-000198,AUTHENTICATION,LOGIN,2026-07-18T00:10:00,DEV-000198-01,,,authentication,SUCCESS,,,synthetic,LEGITIMATE_SIM_REPLACEMENT,0,,,,,,,,,,
EVT-000198-03,USR-000198,ACC-000198,TRANSACTION,TRANSACTION,2026-07-18T00:30:00,DEV-000198-01,,,transaction,SUCCESS,49591.46,,paysim,LEGITIMATE_SIM_REPLACEMENT,0,CASH_OUT,0.0,0.0,1223525.23,776371.23,252,C2134131728,C1947047951,0,0
EVT-000199-01,USR-000199,ACC-000199,TELECOM,ESIM_CHANGE,2026-07-19T00:00:00,DEV-000199-01,,,telecom,SUCCESS,,,synthetic,LEGITIMATE_ESIM_CHANGE,0,,,,,,,,,,
EVT-000199-02,USR-000199,ACC-000199,AUTHENTICATION,LOGIN,2026-07-19T00:10:00,DEV-000199-01,,,authentication,SUCCESS,,,synthetic,LEGITIMATE_ESIM_CHANGE,0,,,,,,,,,,
EVT-000200-01,USR-000200,ACC-000200,TELECOM,ESIM_CHANGE,2026-07-20T00:00:00,DEV-000200-01,,,telecom,SUCCESS,,,synthetic,LEGITIMATE_ESIM_CHANGE,0,,,,,,,,,,
EVT-000200-02,USR-000200,ACC-000200,AUTHENTICATION,LOGIN,2026-07-20T00:10:00,DEV-000200-01,,,authentication,SUCCESS,,,synthetic,LEGITIMATE_ESIM_CHANGE,0,,,,,,,,,,
EVT-000201-01,USR-000201,ACC-000201,TELECOM,SIM_SWAP,2026-07-21T00:00:00,DEV-000201-01,,,telecom,SUCCESS,,,synthetic,SIM_ESIM_AUTH_ANOMALY,1,,,,,,,,,,
EVT-000201-02,USR-000201,ACC-000201,DEVICE,NEW_DEVICE,2026-07-21T00:05:00,DEV-000201-02,,,device,UNRECOGNIZED,,,synthetic,SIM_ESIM_AUTH_ANOMALY,1,,,,,,,,,,
EVT-000201-03,USR-000201,ACC-000201,AUTHENTICATION,FAILED_LOGIN,2026-07-21T00:10:00,DEV-000201-02,,,authentication,FAILURE,,,synthetic,SIM_ESIM_AUTH_ANOMALY,1,,,,,,,,,,
EVT-000201-04,USR-000201,ACC-000201,AUTHENTICATION,FAILED_LOGIN,2026-07-21T00:12:00,DEV-000201-02,,,authentication,FAILURE,,,synthetic,SIM_ESIM_AUTH_ANOMALY,1,,,,,,,,,,
EVT-000201-05,USR-000201,ACC-000201,BEHAVIOUR,DEVICE_DEVIATION,2026-07-21T00:15:00,DEV-000201-02,,,behaviour,DEVIATION,,,synthetic,SIM_ESIM_AUTH_ANOMALY,1,,,,,,,,,,
EVT-000202-01,USR-000202,ACC-000202,TELECOM,SIM_REPLACEMENT,2026-07-22T00:00:00,DEV-000202-01,,,telecom,SUCCESS,,,synthetic,LEGITIMATE_SIM_REPLACEMENT,0,,,,,,,,,,
EVT-000202-02,USR-000202,ACC-000202,AUTHENTICATION,LOGIN,2026-07-22T00:10:00,DEV-000202-01,,,authentication,SUCCESS,,,synthetic,LEGITIMATE_SIM_REPLACEMENT,0,,,,,,,,,,
EVT-000202-03,USR-000202,ACC-000202,TRANSACTION,TRANSACTION,2026-07-22T00:30:00,DEV-000202-01,,,transaction,SUCCESS,7263.77,,paysim,LEGITIMATE_SIM_REPLACEMENT,0,PAYMENT,0.0,0.0,0.0,0.0,277,C22941581,M1178642230,0,0
EVT-000203-01,USR-000203,ACC-000203,TELECOM,SIM_REPLACEMENT,2026-07-23T00:00:00,DEV-000203-01,,,telecom,SUCCESS,,,synthetic,LEGITIMATE_SIM_REPLACEMENT,0,,,,,,,,,,
EVT-000203-02,USR-000203,ACC-000203,AUTHENTICATION,LOGIN,2026-07-23T00:10:00,DEV-000203-01,,,authentication,SUCCESS,,,synthetic,LEGITIMATE_SIM_REPLACEMENT,0,,,,,,,,,,
EVT-000203-03,USR-000203,ACC-000203,TRANSACTION,TRANSACTION,2026-07-23T00:30:00,DEV-000203-01,,,transaction,SUCCESS,14720.79,,paysim,LEGITIMATE_SIM_REPLACEMENT,0,PAYMENT,0.0,0.0,0.0,0.0,356,C2041891965,M1877395973,0,0
EVT-000204-01,USR-000204,ACC-000204,TELECOM,SIM_REPLACEMENT,2026-07-24T00:00:00,DEV-000204-01,,,telecom,SUCCESS,,,synthetic,SUSPICIOUS_SIM_REPLACEMENT,1,,,,,,,,,,
EVT-000204-02,USR-000204,ACC-000204,DEVICE,NEW_DEVICE,2026-07-24T00:05:00,DEV-000204-02,,,device,UNRECOGNIZED,,,synthetic,SUSPICIOUS_SIM_REPLACEMENT,1,,,,,,,,,,
EVT-000204-03,USR-000204,ACC-000204,AUTHENTICATION,FAILED_LOGIN,2026-07-24T00:10:00,DEV-000204-02,,,authentication,FAILURE,,,synthetic,SUSPICIOUS_SIM_REPLACEMENT,1,,,,,,,,,,
EVT-000204-04,USR-000204,ACC-000204,RECOVERY,PASSWORD_RESET,2026-07-24T00:15:00,DEV-000204-02,,,recovery,SUCCESS,,,synthetic,SUSPICIOUS_SIM_REPLACEMENT,1,,,,,,,,,,
EVT-000204-05,USR-000204,ACC-000204,ACCOUNT,NEW_BENEFICIARY,2026-07-24T00:20:00,DEV-000204-02,,,account,SUCCESS,,BEN-000204-01,synthetic,SUSPICIOUS_SIM_REPLACEMENT,1,,,,,,,,,,
EVT-000204-06,USR-000204,ACC-000204,TRANSACTION,TRANSACTION,2026-07-24T00:30:00,DEV-000204-02,,,transaction,SUCCESS,395882.02,,paysim,SUSPICIOUS_SIM_REPLACEMENT,1,CASH_OUT,151016.0,0.0,0.0,395882.02,403,C972404421,C1932622984,0,0
EVT-000205-01,USR-000205,ACC-000205,TELECOM,SIM_SWAP,2026-07-25T00:00:00,DEV-000205-01,,,telecom,SUCCESS,,,synthetic,SIM_ESIM_AUTH_ANOMALY,1,,,,,,,,,,
EVT-000205-02,USR-000205,ACC-000205,DEVICE,NEW_DEVICE,2026-07-25T00:05:00,DEV-000205-02,,,device,UNRECOGNIZED,,,synthetic,SIM_ESIM_AUTH_ANOMALY,1,,,,,,,,,,
EVT-000205-03,USR-000205,ACC-000205,AUTHENTICATION,FAILED_LOGIN,2026-07-25T00:10:00,DEV-000205-02,,,authentication,FAILURE,,,synthetic,SIM_ESIM_AUTH_ANOMALY,1,,,,,,,,,,
EVT-000205-04,USR-000205,ACC-000205,AUTHENTICATION,FAILED_LOGIN,2026-07-25T00:12:00,DEV-000205-02,,,authentication,FAILURE,,,synthetic,SIM_ESIM_AUTH_ANOMALY,1,,,,,,,,,,
EVT-000205-05,USR-000205,ACC-000205,BEHAVIOUR,DEVICE_DEVIATION,2026-07-25T00:15:00,DEV-000205-02,,,behaviour,DEVIATION,,,synthetic,SIM_ESIM_AUTH_ANOMALY,1,,,,,,,,,,
EVT-000206-01,USR-000206,ACC-000206,TELECOM,SIM_REPLACEMENT,2026-07-26T00:00:00,DEV-000206-01,,,telecom,SUCCESS,,,synthetic,LEGITIMATE_SIM_REPLACEMENT,0,,,,,,,,,,
EVT-000206-02,USR-000206,ACC-000206,AUTHENTICATION,LOGIN,2026-07-26T00:10:00,DEV-000206-01,,,authentication,SUCCESS,,,synthetic,LEGITIMATE_SIM_REPLACEMENT,0,,,,,,,,,,
EVT-000206-03,USR-000206,ACC-000206,TRANSACTION,TRANSACTION,2026-07-26T00:30:00,DEV-000206-01,,,transaction,SUCCESS,14065.22,,paysim,LEGITIMATE_SIM_REPLACEMENT,0,PAYMENT,43244.98,29179.76,0.0,0.0,164,C1604387795,M1492227013,0,0
EVT-000207-01,USR-000207,ACC-000207,TELECOM,SIM_SWAP,2026-07-27T00:00:00,DEV-000207-01,,,telecom,SUCCESS,,,synthetic,SIM_ESIM_AUTH_ANOMALY,1,,,,,,,,,,
EVT-000207-02,USR-000207,ACC-000207,DEVICE,NEW_DEVICE,2026-07-27T00:05:00,DEV-000207-02,,,device,UNRECOGNIZED,,,synthetic,SIM_ESIM_AUTH_ANOMALY,1,,,,,,,,,,
EVT-000207-03,USR-000207,ACC-000207,AUTHENTICATION,FAILED_LOGIN,2026-07-27T00:10:00,DEV-000207-02,,,authentication,FAILURE,,,synthetic,SIM_ESIM_AUTH_ANOMALY,1,,,,,,,,,,
EVT-000207-04,USR-000207,ACC-000207,AUTHENTICATION,FAILED_LOGIN,2026-07-27T00:12:00,DEV-000207-02,,,authentication,FAILURE,,,synthetic,SIM_ESIM_AUTH_ANOMALY,1,,,,,,,,,,
EVT-000207-05,USR-000207,ACC-000207,BEHAVIOUR,DEVICE_DEVIATION,2026-07-27T00:15:00,DEV-000207-02,,,behaviour,DEVIATION,,,synthetic,SIM_ESIM_AUTH_ANOMALY,1,,,,,,,,,,
EVT-000208-01,USR-000208,ACC-000208,TELECOM,SIM_REPLACEMENT,2026-07-28T00:00:00,DEV-000208-01,,,telecom,SUCCESS,,,synthetic,LEGITIMATE_SIM_REPLACEMENT,0,,,,,,,,,,
EVT-000208-02,USR-000208,ACC-000208,AUTHENTICATION,LOGIN,2026-07-28T00:10:00,DEV-000208-01,,,authentication,SUCCESS,,,synthetic,LEGITIMATE_SIM_REPLACEMENT,0,,,,,,,,,,
EVT-000208-03,USR-000208,ACC-000208,TRANSACTION,TRANSACTION,2026-07-28T00:30:00,DEV-000208-01,,,transaction,SUCCESS,164615.48,,paysim,LEGITIMATE_SIM_REPLACEMENT,0,CASH_OUT,0.0,0.0,206761.89,371377.36,331,C1136903627,C15387840,0,0
EVT-000209-01,USR-000209,ACC-000209,TELECOM,ESIM_CHANGE,2026-07-29T00:00:00,DEV-000209-01,,,telecom,SUCCESS,,,synthetic,SUSPICIOUS_ESIM_CHANGE,1,,,,,,,,,,
EVT-000209-02,USR-000209,ACC-000209,DEVICE,NEW_DEVICE,2026-07-29T00:05:00,DEV-000209-02,,,device,UNRECOGNIZED,,,synthetic,SUSPICIOUS_ESIM_CHANGE,1,,,,,,,,,,
EVT-000209-03,USR-000209,ACC-000209,DEVICE,DEVICE_CHANGE,2026-07-29T00:08:00,DEV-000209-02,,,device,DEVIATION,,,synthetic,SUSPICIOUS_ESIM_CHANGE,1,,,,,,,,,,
EVT-000209-04,USR-000209,ACC-000209,AUTHENTICATION,FAILED_LOGIN,2026-07-29T00:10:00,DEV-000209-02,,,authentication,FAILURE,,,synthetic,SUSPICIOUS_ESIM_CHANGE,1,,,,,,,,,,
EVT-000209-05,USR-000209,ACC-000209,BEHAVIOUR,DEVICE_DEVIATION,2026-07-29T00:15:00,DEV-000209-02,,,behaviour,DEVIATION,,,synthetic,SUSPICIOUS_ESIM_CHANGE,1,,,,,,,,,,
EVT-000209-06,USR-000209,ACC-000209,TRANSACTION,TRANSACTION,2026-07-29T00:30:00,DEV-000209-02,,,transaction,SUCCESS,5150.86,,paysim,SUSPICIOUS_ESIM_CHANGE,1,PAYMENT,594913.0,589762.14,0.0,0.0,383,C1330234031,M513862356,0,0
EVT-000210-01,USR-000210,ACC-000210,TELECOM,ESIM_CHANGE,2026-07-30T00:00:00,DEV-000210-01,,,telecom,SUCCESS,,,synthetic,LEGITIMATE_ESIM_CHANGE,0,,,,,,,,,,
EVT-000210-02,USR-000210,ACC-000210,AUTHENTICATION,LOGIN,2026-07-30T00:10:00,DEV-000210-01,,,authentication,SUCCESS,,,synthetic,LEGITIMATE_ESIM_CHANGE,0,,,,,,,,,,
EVT-000211-01,USR-000211,ACC-000211,TELECOM,SIM_SWAP,2026-07-31T00:00:00,DEV-000211-01,,,telecom,SUCCESS,,,synthetic,SIM_ESIM_AUTH_ANOMALY,1,,,,,,,,,,
EVT-000211-02,USR-000211,ACC-000211,DEVICE,NEW_DEVICE,2026-07-31T00:05:00,DEV-000211-02,,,device,UNRECOGNIZED,,,synthetic,SIM_ESIM_AUTH_ANOMALY,1,,,,,,,,,,
EVT-000211-03,USR-000211,ACC-000211,AUTHENTICATION,FAILED_LOGIN,2026-07-31T00:10:00,DEV-000211-02,,,authentication,FAILURE,,,synthetic,SIM_ESIM_AUTH_ANOMALY,1,,,,,,,,,,
EVT-000211-04,USR-000211,ACC-000211,AUTHENTICATION,FAILED_LOGIN,2026-07-31T00:12:00,DEV-000211-02,,,authentication,FAILURE,,,synthetic,SIM_ESIM_AUTH_ANOMALY,1,,,,,,,,,,
EVT-000211-05,USR-000211,ACC-000211,BEHAVIOUR,DEVICE_DEVIATION,2026-07-31T00:15:00,DEV-000211-02,,,behaviour,DEVIATION,,,synthetic,SIM_ESIM_AUTH_ANOMALY,1,,,,,,,,,,
EVT-000212-01,USR-000212,ACC-000212,TELECOM,SIM_REPLACEMENT,2026-08-01T00:00:00,DEV-000212-01,,,telecom,SUCCESS,,,synthetic,SUSPICIOUS_SIM_REPLACEMENT,1,,,,,,,,,,
EVT-000212-02,USR-000212,ACC-000212,DEVICE,NEW_DEVICE,2026-08-01T00:05:00,DEV-000212-02,,,device,UNRECOGNIZED,,,synthetic,SUSPICIOUS_SIM_REPLACEMENT,1,,,,,,,,,,
EVT-000212-03,USR-000212,ACC-000212,AUTHENTICATION,FAILED_LOGIN,2026-08-01T00:10:00,DEV-000212-02,,,authentication,FAILURE,,,synthetic,SUSPICIOUS_SIM_REPLACEMENT,1,,,,,,,,,,
EVT-000212-04,USR-000212,ACC-000212,RECOVERY,PASSWORD_RESET,2026-08-01T00:15:00,DEV-000212-02,,,recovery,SUCCESS,,,synthetic,SUSPICIOUS_SIM_REPLACEMENT,1,,,,,,,,,,
EVT-000212-05,USR-000212,ACC-000212,ACCOUNT,NEW_BENEFICIARY,2026-08-01T00:20:00,DEV-000212-02,,,account,SUCCESS,,BEN-000212-01,synthetic,SUSPICIOUS_SIM_REPLACEMENT,1,,,,,,,,,,
EVT-000212-06,USR-000212,ACC-000212,TRANSACTION,TRANSACTION,2026-08-01T00:30:00,DEV-000212-02,,,transaction,SUCCESS,90905.55,,paysim,SUSPICIOUS_SIM_REPLACEMENT,1,CASH_OUT,346.0,0.0,17487.79,108393.34,327,C1946777800,C415210891,0,0
EVT-000213-01,USR-000213,ACC-000213,TELECOM,ESIM_CHANGE,2026-08-02T00:00:00,DEV-000213-01,,,telecom,SUCCESS,,,synthetic,SUSPICIOUS_ESIM_CHANGE,1,,,,,,,,,,
EVT-000213-02,USR-000213,ACC-000213,DEVICE,NEW_DEVICE,2026-08-02T00:05:00,DEV-000213-02,,,device,UNRECOGNIZED,,,synthetic,SUSPICIOUS_ESIM_CHANGE,1,,,,,,,,,,
EVT-000213-03,USR-000213,ACC-000213,DEVICE,DEVICE_CHANGE,2026-08-02T00:08:00,DEV-000213-02,,,device,DEVIATION,,,synthetic,SUSPICIOUS_ESIM_CHANGE,1,,,,,,,,,,
EVT-000213-04,USR-000213,ACC-000213,AUTHENTICATION,FAILED_LOGIN,2026-08-02T00:10:00,DEV-000213-02,,,authentication,FAILURE,,,synthetic,SUSPICIOUS_ESIM_CHANGE,1,,,,,,,,,,
EVT-000213-05,USR-000213,ACC-000213,BEHAVIOUR,DEVICE_DEVIATION,2026-08-02T00:15:00,DEV-000213-02,,,behaviour,DEVIATION,,,synthetic,SUSPICIOUS_ESIM_CHANGE,1,,,,,,,,,,
EVT-000213-06,USR-000213,ACC-000213,TRANSACTION,TRANSACTION,2026-08-02T00:30:00,DEV-000213-02,,,transaction,SUCCESS,60839.9,,paysim,SUSPICIOUS_ESIM_CHANGE,1,CASH_OUT,10940.0,0.0,576838.85,637678.76,206,C425610483,C1457611551,0,0
EVT-000214-01,USR-000214,ACC-000214,TELECOM,ESIM_CHANGE,2026-08-03T00:00:00,DEV-000214-01,,,telecom,SUCCESS,,,synthetic,LEGITIMATE_ESIM_CHANGE,0,,,,,,,,,,
EVT-000214-02,USR-000214,ACC-000214,AUTHENTICATION,LOGIN,2026-08-03T00:10:00,DEV-000214-01,,,authentication,SUCCESS,,,synthetic,LEGITIMATE_ESIM_CHANGE,0,,,,,,,,,,
EVT-000215-01,USR-000215,ACC-000215,TELECOM,ESIM_CHANGE,2026-08-04T00:00:00,DEV-000215-01,,,telecom,SUCCESS,,,synthetic,SUSPICIOUS_ESIM_CHANGE,1,,,,,,,,,,
EVT-000215-02,USR-000215,ACC-000215,DEVICE,NEW_DEVICE,2026-08-04T00:05:00,DEV-000215-02,,,device,UNRECOGNIZED,,,synthetic,SUSPICIOUS_ESIM_CHANGE,1,,,,,,,,,,
EVT-000215-03,USR-000215,ACC-000215,DEVICE,DEVICE_CHANGE,2026-08-04T00:08:00,DEV-000215-02,,,device,DEVIATION,,,synthetic,SUSPICIOUS_ESIM_CHANGE,1,,,,,,,,,,
EVT-000215-04,USR-000215,ACC-000215,AUTHENTICATION,FAILED_LOGIN,2026-08-04T00:10:00,DEV-000215-02,,,authentication,FAILURE,,,synthetic,SUSPICIOUS_ESIM_CHANGE,1,,,,,,,,,,
EVT-000215-05,USR-000215,ACC-000215,BEHAVIOUR,DEVICE_DEVIATION,2026-08-04T00:15:00,DEV-000215-02,,,behaviour,DEVIATION,,,synthetic,SUSPICIOUS_ESIM_CHANGE,1,,,,,,,,,,
EVT-000215-06,USR-000215,ACC-000215,TRANSACTION,TRANSACTION,2026-08-04T00:30:00,DEV-000215-02,,,transaction,SUCCESS,3678.6,,paysim,SUSPICIOUS_ESIM_CHANGE,1,PAYMENT,145054.0,141375.4,0.0,0.0,11,C391981950,M1430120633,0,0
EVT-000216-01,USR-000216,ACC-000216,TELECOM,SIM_SWAP,2026-08-05T00:00:00,DEV-000216-01,,,telecom,SUCCESS,,,synthetic,SIM_ESIM_AUTH_ANOMALY,1,,,,,,,,,,
EVT-000216-02,USR-000216,ACC-000216,DEVICE,NEW_DEVICE,2026-08-05T00:05:00,DEV-000216-02,,,device,UNRECOGNIZED,,,synthetic,SIM_ESIM_AUTH_ANOMALY,1,,,,,,,,,,
EVT-000216-03,USR-000216,ACC-000216,AUTHENTICATION,FAILED_LOGIN,2026-08-05T00:10:00,DEV-000216-02,,,authentication,FAILURE,,,synthetic,SIM_ESIM_AUTH_ANOMALY,1,,,,,,,,,,
EVT-000216-04,USR-000216,ACC-000216,AUTHENTICATION,FAILED_LOGIN,2026-08-05T00:12:00,DEV-000216-02,,,authentication,FAILURE,,,synthetic,SIM_ESIM_AUTH_ANOMALY,1,,,,,,,,,,
EVT-000216-05,USR-000216,ACC-000216,BEHAVIOUR,DEVICE_DEVIATION,2026-08-05T00:15:00,DEV-000216-02,,,behaviour,DEVIATION,,,synthetic,SIM_ESIM_AUTH_ANOMALY,1,,,,,,,,,,
EVT-000217-01,USR-000217,ACC-000217,TELECOM,SIM_REPLACEMENT,2026-08-06T00:00:00,DEV-000217-01,,,telecom,SUCCESS,,,synthetic,SUSPICIOUS_SIM_REPLACEMENT,1,,,,,,,,,,
EVT-000217-02,USR-000217,ACC-000217,DEVICE,NEW_DEVICE,2026-08-06T00:05:00,DEV-000217-02,,,device,UNRECOGNIZED,,,synthetic,SUSPICIOUS_SIM_REPLACEMENT,1,,,,,,,,,,
EVT-000217-03,USR-000217,ACC-000217,AUTHENTICATION,FAILED_LOGIN,2026-08-06T00:10:00,DEV-000217-02,,,authentication,FAILURE,,,synthetic,SUSPICIOUS_SIM_REPLACEMENT,1,,,,,,,,,,
EVT-000217-04,USR-000217,ACC-000217,RECOVERY,PASSWORD_RESET,2026-08-06T00:15:00,DEV-000217-02,,,recovery,SUCCESS,,,synthetic,SUSPICIOUS_SIM_REPLACEMENT,1,,,,,,,,,,
EVT-000217-05,USR-000217,ACC-000217,ACCOUNT,NEW_BENEFICIARY,2026-08-06T00:20:00,DEV-000217-02,,,account,SUCCESS,,BEN-000217-01,synthetic,SUSPICIOUS_SIM_REPLACEMENT,1,,,,,,,,,,
EVT-000217-06,USR-000217,ACC-000217,TRANSACTION,TRANSACTION,2026-08-06T00:30:00,DEV-000217-02,,,transaction,SUCCESS,15539.27,,paysim,SUSPICIOUS_SIM_REPLACEMENT,1,PAYMENT,51582.0,36042.73,0.0,0.0,360,C437380330,M66176519,0,0
EVT-000218-01,USR-000218,ACC-000218,TELECOM,SIM_REPLACEMENT,2026-08-07T00:00:00,DEV-000218-01,,,telecom,SUCCESS,,,synthetic,SUSPICIOUS_SIM_REPLACEMENT,1,,,,,,,,,,
EVT-000218-02,USR-000218,ACC-000218,DEVICE,NEW_DEVICE,2026-08-07T00:05:00,DEV-000218-02,,,device,UNRECOGNIZED,,,synthetic,SUSPICIOUS_SIM_REPLACEMENT,1,,,,,,,,,,
EVT-000218-03,USR-000218,ACC-000218,AUTHENTICATION,FAILED_LOGIN,2026-08-07T00:10:00,DEV-000218-02,,,authentication,FAILURE,,,synthetic,SUSPICIOUS_SIM_REPLACEMENT,1,,,,,,,,,,
EVT-000218-04,USR-000218,ACC-000218,RECOVERY,PASSWORD_RESET,2026-08-07T00:15:00,DEV-000218-02,,,recovery,SUCCESS,,,synthetic,SUSPICIOUS_SIM_REPLACEMENT,1,,,,,,,,,,
EVT-000218-05,USR-000218,ACC-000218,ACCOUNT,NEW_BENEFICIARY,2026-08-07T00:20:00,DEV-000218-02,,,account,SUCCESS,,BEN-000218-01,synthetic,SUSPICIOUS_SIM_REPLACEMENT,1,,,,,,,,,,
EVT-000218-06,USR-000218,ACC-000218,TRANSACTION,TRANSACTION,2026-08-07T00:30:00,DEV-000218-02,,,transaction,SUCCESS,359444.95,,paysim,SUSPICIOUS_SIM_REPLACEMENT,1,CASH_IN,7974801.29,8334246.23,632255.89,272810.94,380,C1577805714,C1376904837,0,0
EVT-000219-01,USR-000219,ACC-000219,TELECOM,SIM_SWAP,2026-08-08T00:00:00,DEV-000219-01,,,telecom,SUCCESS,,,synthetic,SIM_ESIM_AUTH_ANOMALY,1,,,,,,,,,,
EVT-000219-02,USR-000219,ACC-000219,DEVICE,NEW_DEVICE,2026-08-08T00:05:00,DEV-000219-02,,,device,UNRECOGNIZED,,,synthetic,SIM_ESIM_AUTH_ANOMALY,1,,,,,,,,,,
EVT-000219-03,USR-000219,ACC-000219,AUTHENTICATION,FAILED_LOGIN,2026-08-08T00:10:00,DEV-000219-02,,,authentication,FAILURE,,,synthetic,SIM_ESIM_AUTH_ANOMALY,1,,,,,,,,,,
EVT-000219-04,USR-000219,ACC-000219,AUTHENTICATION,FAILED_LOGIN,2026-08-08T00:12:00,DEV-000219-02,,,authentication,FAILURE,,,synthetic,SIM_ESIM_AUTH_ANOMALY,1,,,,,,,,,,
EVT-000219-05,USR-000219,ACC-000219,BEHAVIOUR,DEVICE_DEVIATION,2026-08-08T00:15:00,DEV-000219-02,,,behaviour,DEVIATION,,,synthetic,SIM_ESIM_AUTH_ANOMALY,1,,,,,,,,,,
EVT-000220-01,USR-000220,ACC-000220,TELECOM,SIM_REPLACEMENT,2026-08-09T00:00:00,DEV-000220-01,,,telecom,SUCCESS,,,synthetic,SUSPICIOUS_SIM_REPLACEMENT,1,,,,,,,,,,
EVT-000220-02,USR-000220,ACC-000220,DEVICE,NEW_DEVICE,2026-08-09T00:05:00,DEV-000220-02,,,device,UNRECOGNIZED,,,synthetic,SUSPICIOUS_SIM_REPLACEMENT,1,,,,,,,,,,
EVT-000220-03,USR-000220,ACC-000220,AUTHENTICATION,FAILED_LOGIN,2026-08-09T00:10:00,DEV-000220-02,,,authentication,FAILURE,,,synthetic,SUSPICIOUS_SIM_REPLACEMENT,1,,,,,,,,,,
EVT-000220-04,USR-000220,ACC-000220,RECOVERY,PASSWORD_RESET,2026-08-09T00:15:00,DEV-000220-02,,,recovery,SUCCESS,,,synthetic,SUSPICIOUS_SIM_REPLACEMENT,1,,,,,,,,,,
EVT-000220-05,USR-000220,ACC-000220,ACCOUNT,NEW_BENEFICIARY,2026-08-09T00:20:00,DEV-000220-02,,,account,SUCCESS,,BEN-000220-01,synthetic,SUSPICIOUS_SIM_REPLACEMENT,1,,,,,,,,,,
EVT-000220-06,USR-000220,ACC-000220,TRANSACTION,TRANSACTION,2026-08-09T00:30:00,DEV-000220-02,,,transaction,SUCCESS,403677.32,,paysim,SUSPICIOUS_SIM_REPLACEMENT,1,CASH_OUT,218.0,0.0,825572.98,1229250.3,184,C947634787,C1354539748,0,0
EVT-000221-01,USR-000221,ACC-000221,TELECOM,SIM_REPLACEMENT,2026-08-10T00:00:00,DEV-000221-01,,,telecom,SUCCESS,,,synthetic,LEGITIMATE_SIM_REPLACEMENT,0,,,,,,,,,,
EVT-000221-02,USR-000221,ACC-000221,AUTHENTICATION,LOGIN,2026-08-10T00:10:00,DEV-000221-01,,,authentication,SUCCESS,,,synthetic,LEGITIMATE_SIM_REPLACEMENT,0,,,,,,,,,,
EVT-000221-03,USR-000221,ACC-000221,TRANSACTION,TRANSACTION,2026-08-10T00:30:00,DEV-000221-01,,,transaction,SUCCESS,1142.06,,paysim,LEGITIMATE_SIM_REPLACEMENT,0,CASH_OUT,0.0,0.0,1715141.01,1716283.07,258,C1308577071,C2046080828,0,0
EVT-000222-01,USR-000222,ACC-000222,TELECOM,SIM_REPLACEMENT,2026-08-11T00:00:00,DEV-000222-01,,,telecom,SUCCESS,,,synthetic,SUSPICIOUS_SIM_REPLACEMENT,1,,,,,,,,,,
EVT-000222-02,USR-000222,ACC-000222,DEVICE,NEW_DEVICE,2026-08-11T00:05:00,DEV-000222-02,,,device,UNRECOGNIZED,,,synthetic,SUSPICIOUS_SIM_REPLACEMENT,1,,,,,,,,,,
EVT-000222-03,USR-000222,ACC-000222,AUTHENTICATION,FAILED_LOGIN,2026-08-11T00:10:00,DEV-000222-02,,,authentication,FAILURE,,,synthetic,SUSPICIOUS_SIM_REPLACEMENT,1,,,,,,,,,,
EVT-000222-04,USR-000222,ACC-000222,RECOVERY,PASSWORD_RESET,2026-08-11T00:15:00,DEV-000222-02,,,recovery,SUCCESS,,,synthetic,SUSPICIOUS_SIM_REPLACEMENT,1,,,,,,,,,,
EVT-000222-05,USR-000222,ACC-000222,ACCOUNT,NEW_BENEFICIARY,2026-08-11T00:20:00,DEV-000222-02,,,account,SUCCESS,,BEN-000222-01,synthetic,SUSPICIOUS_SIM_REPLACEMENT,1,,,,,,,,,,
EVT-000222-06,USR-000222,ACC-000222,TRANSACTION,TRANSACTION,2026-08-11T00:30:00,DEV-000222-02,,,transaction,SUCCESS,165948.08,,paysim,SUSPICIOUS_SIM_REPLACEMENT,1,CASH_OUT,1198.0,0.0,0.0,880105.48,19,C876084239,C1451766778,0,0
EVT-000223-01,USR-000223,ACC-000223,TELECOM,SIM_REPLACEMENT,2026-08-12T00:00:00,DEV-000223-01,,,telecom,SUCCESS,,,synthetic,LEGITIMATE_SIM_REPLACEMENT,0,,,,,,,,,,
EVT-000223-02,USR-000223,ACC-000223,AUTHENTICATION,LOGIN,2026-08-12T00:10:00,DEV-000223-01,,,authentication,SUCCESS,,,synthetic,LEGITIMATE_SIM_REPLACEMENT,0,,,,,,,,,,
EVT-000223-03,USR-000223,ACC-000223,TRANSACTION,TRANSACTION,2026-08-12T00:30:00,DEV-000223-01,,,transaction,SUCCESS,24135.88,,paysim,LEGITIMATE_SIM_REPLACEMENT,0,CASH_IN,1.171010187E7,1.173423775E7,469135.05,444999.17,13,C458451250,C9916873,0,0
EVT-000224-01,USR-000224,ACC-000224,TELECOM,SIM_REPLACEMENT,2026-08-13T00:00:00,DEV-000224-01,,,telecom,SUCCESS,,,synthetic,LEGITIMATE_SIM_REPLACEMENT,0,,,,,,,,,,
EVT-000224-02,USR-000224,ACC-000224,AUTHENTICATION,LOGIN,2026-08-13T00:10:00,DEV-000224-01,,,authentication,SUCCESS,,,synthetic,LEGITIMATE_SIM_REPLACEMENT,0,,,,,,,,,,
EVT-000224-03,USR-000224,ACC-000224,TRANSACTION,TRANSACTION,2026-08-13T00:30:00,DEV-000224-01,,,transaction,SUCCESS,49105.18,,paysim,LEGITIMATE_SIM_REPLACEMENT,0,CASH_OUT,158284.0,109178.82,46570.25,95675.43,273,C802060140,C431780129,0,0
EVT-000225-01,USR-000225,ACC-000225,TELECOM,SIM_SWAP,2026-08-14T00:00:00,DEV-000225-01,,,telecom,SUCCESS,,,synthetic,SIM_ESIM_AUTH_ANOMALY,1,,,,,,,,,,
EVT-000225-02,USR-000225,ACC-000225,DEVICE,NEW_DEVICE,2026-08-14T00:05:00,DEV-000225-02,,,device,UNRECOGNIZED,,,synthetic,SIM_ESIM_AUTH_ANOMALY,1,,,,,,,,,,
EVT-000225-03,USR-000225,ACC-000225,AUTHENTICATION,FAILED_LOGIN,2026-08-14T00:10:00,DEV-000225-02,,,authentication,FAILURE,,,synthetic,SIM_ESIM_AUTH_ANOMALY,1,,,,,,,,,,
EVT-000225-04,USR-000225,ACC-000225,AUTHENTICATION,FAILED_LOGIN,2026-08-14T00:12:00,DEV-000225-02,,,authentication,FAILURE,,,synthetic,SIM_ESIM_AUTH_ANOMALY,1,,,,,,,,,,
EVT-000225-05,USR-000225,ACC-000225,BEHAVIOUR,DEVICE_DEVIATION,2026-08-14T00:15:00,DEV-000225-02,,,behaviour,DEVIATION,,,synthetic,SIM_ESIM_AUTH_ANOMALY,1,,,,,,,,,,
EVT-000226-01,USR-000226,ACC-000226,TELECOM,SIM_REPLACEMENT,2026-08-15T00:00:00,DEV-000226-01,,,telecom,SUCCESS,,,synthetic,LEGITIMATE_SIM_REPLACEMENT,0,,,,,,,,,,
EVT-000226-02,USR-000226,ACC-000226,AUTHENTICATION,LOGIN,2026-08-15T00:10:00,DEV-000226-01,,,authentication,SUCCESS,,,synthetic,LEGITIMATE_SIM_REPLACEMENT,0,,,,,,,,,,
EVT-000226-03,USR-000226,ACC-000226,TRANSACTION,TRANSACTION,2026-08-15T00:30:00,DEV-000226-01,,,transaction,SUCCESS,193515.87,,paysim,LEGITIMATE_SIM_REPLACEMENT,0,CASH_IN,746.0,194261.87,8282901.1,7789883.86,44,C1915542604,C1049795740,0,0
EVT-000227-01,USR-000227,ACC-000227,TELECOM,ESIM_CHANGE,2026-08-16T00:00:00,DEV-000227-01,,,telecom,SUCCESS,,,synthetic,SUSPICIOUS_ESIM_CHANGE,1,,,,,,,,,,
EVT-000227-02,USR-000227,ACC-000227,DEVICE,NEW_DEVICE,2026-08-16T00:05:00,DEV-000227-02,,,device,UNRECOGNIZED,,,synthetic,SUSPICIOUS_ESIM_CHANGE,1,,,,,,,,,,
EVT-000227-03,USR-000227,ACC-000227,DEVICE,DEVICE_CHANGE,2026-08-16T00:08:00,DEV-000227-02,,,device,DEVIATION,,,synthetic,SUSPICIOUS_ESIM_CHANGE,1,,,,,,,,,,
EVT-000227-04,USR-000227,ACC-000227,AUTHENTICATION,FAILED_LOGIN,2026-08-16T00:10:00,DEV-000227-02,,,authentication,FAILURE,,,synthetic,SUSPICIOUS_ESIM_CHANGE,1,,,,,,,,,,
EVT-000227-05,USR-000227,ACC-000227,BEHAVIOUR,DEVICE_DEVIATION,2026-08-16T00:15:00,DEV-000227-02,,,behaviour,DEVIATION,,,synthetic,SUSPICIOUS_ESIM_CHANGE,1,,,,,,,,,,
EVT-000227-06,USR-000227,ACC-000227,TRANSACTION,TRANSACTION,2026-08-16T00:30:00,DEV-000227-02,,,transaction,SUCCESS,323290.34,,paysim,SUSPICIOUS_ESIM_CHANGE,1,CASH_OUT,105541.0,0.0,16555.11,339845.45,469,C767193982,C1803427476,0,0
EVT-000228-01,USR-000228,ACC-000228,TELECOM,SIM_REPLACEMENT,2026-08-17T00:00:00,DEV-000228-01,,,telecom,SUCCESS,,,synthetic,LEGITIMATE_SIM_REPLACEMENT,0,,,,,,,,,,
EVT-000228-02,USR-000228,ACC-000228,AUTHENTICATION,LOGIN,2026-08-17T00:10:00,DEV-000228-01,,,authentication,SUCCESS,,,synthetic,LEGITIMATE_SIM_REPLACEMENT,0,,,,,,,,,,
EVT-000228-03,USR-000228,ACC-000228,TRANSACTION,TRANSACTION,2026-08-17T00:30:00,DEV-000228-01,,,transaction,SUCCESS,29383.29,,paysim,LEGITIMATE_SIM_REPLACEMENT,0,TRANSFER,168.0,0.0,485617.39,515000.68,211,C229631778,C1563992177,0,0
EVT-000229-01,USR-000229,ACC-000229,TELECOM,SIM_SWAP,2026-08-18T00:00:00,DEV-000229-01,,,telecom,SUCCESS,,,synthetic,SIM_ESIM_AUTH_ANOMALY,1,,,,,,,,,,
EVT-000229-02,USR-000229,ACC-000229,DEVICE,NEW_DEVICE,2026-08-18T00:05:00,DEV-000229-02,,,device,UNRECOGNIZED,,,synthetic,SIM_ESIM_AUTH_ANOMALY,1,,,,,,,,,,
EVT-000229-03,USR-000229,ACC-000229,AUTHENTICATION,FAILED_LOGIN,2026-08-18T00:10:00,DEV-000229-02,,,authentication,FAILURE,,,synthetic,SIM_ESIM_AUTH_ANOMALY,1,,,,,,,,,,
EVT-000229-04,USR-000229,ACC-000229,AUTHENTICATION,FAILED_LOGIN,2026-08-18T00:12:00,DEV-000229-02,,,authentication,FAILURE,,,synthetic,SIM_ESIM_AUTH_ANOMALY,1,,,,,,,,,,
EVT-000229-05,USR-000229,ACC-000229,BEHAVIOUR,DEVICE_DEVIATION,2026-08-18T00:15:00,DEV-000229-02,,,behaviour,DEVIATION,,,synthetic,SIM_ESIM_AUTH_ANOMALY,1,,,,,,,,,,
EVT-000230-01,USR-000230,ACC-000230,TELECOM,SIM_REPLACEMENT,2026-08-19T00:00:00,DEV-000230-01,,,telecom,SUCCESS,,,synthetic,SUSPICIOUS_SIM_REPLACEMENT,1,,,,,,,,,,
EVT-000230-02,USR-000230,ACC-000230,DEVICE,NEW_DEVICE,2026-08-19T00:05:00,DEV-000230-02,,,device,UNRECOGNIZED,,,synthetic,SUSPICIOUS_SIM_REPLACEMENT,1,,,,,,,,,,
EVT-000230-03,USR-000230,ACC-000230,AUTHENTICATION,FAILED_LOGIN,2026-08-19T00:10:00,DEV-000230-02,,,authentication,FAILURE,,,synthetic,SUSPICIOUS_SIM_REPLACEMENT,1,,,,,,,,,,
EVT-000230-04,USR-000230,ACC-000230,RECOVERY,PASSWORD_RESET,2026-08-19T00:15:00,DEV-000230-02,,,recovery,SUCCESS,,,synthetic,SUSPICIOUS_SIM_REPLACEMENT,1,,,,,,,,,,
EVT-000230-05,USR-000230,ACC-000230,ACCOUNT,NEW_BENEFICIARY,2026-08-19T00:20:00,DEV-000230-02,,,account,SUCCESS,,BEN-000230-01,synthetic,SUSPICIOUS_SIM_REPLACEMENT,1,,,,,,,,,,
EVT-000230-06,USR-000230,ACC-000230,TRANSACTION,TRANSACTION,2026-08-19T00:30:00,DEV-000230-02,,,transaction,SUCCESS,421171.42,,paysim,SUSPICIOUS_SIM_REPLACEMENT,1,CASH_IN,55044.0,476215.42,1122963.89,701792.47,350,C167382674,C396460819,0,0
EVT-000231-01,USR-000231,ACC-000231,TELECOM,SIM_REPLACEMENT,2026-08-20T00:00:00,DEV-000231-01,,,telecom,SUCCESS,,,synthetic,LEGITIMATE_SIM_REPLACEMENT,0,,,,,,,,,,
EVT-000231-02,USR-000231,ACC-000231,AUTHENTICATION,LOGIN,2026-08-20T00:10:00,DEV-000231-01,,,authentication,SUCCESS,,,synthetic,LEGITIMATE_SIM_REPLACEMENT,0,,,,,,,,,,
EVT-000231-03,USR-000231,ACC-000231,TRANSACTION,TRANSACTION,2026-08-20T00:30:00,DEV-000231-01,,,transaction,SUCCESS,99441.96,,paysim,LEGITIMATE_SIM_REPLACEMENT,0,CASH_IN,224777.99,324219.95,319938.08,220496.12,355,C1235756924,C617864168,0,0
EVT-000232-01,USR-000232,ACC-000232,TELECOM,SIM_SWAP,2026-08-21T00:00:00,DEV-000232-01,,,telecom,SUCCESS,,,synthetic,SIM_ESIM_AUTH_ANOMALY,1,,,,,,,,,,
EVT-000232-02,USR-000232,ACC-000232,DEVICE,NEW_DEVICE,2026-08-21T00:05:00,DEV-000232-02,,,device,UNRECOGNIZED,,,synthetic,SIM_ESIM_AUTH_ANOMALY,1,,,,,,,,,,
EVT-000232-03,USR-000232,ACC-000232,AUTHENTICATION,FAILED_LOGIN,2026-08-21T00:10:00,DEV-000232-02,,,authentication,FAILURE,,,synthetic,SIM_ESIM_AUTH_ANOMALY,1,,,,,,,,,,
EVT-000232-04,USR-000232,ACC-000232,AUTHENTICATION,FAILED_LOGIN,2026-08-21T00:12:00,DEV-000232-02,,,authentication,FAILURE,,,synthetic,SIM_ESIM_AUTH_ANOMALY,1,,,,,,,,,,
EVT-000232-05,USR-000232,ACC-000232,BEHAVIOUR,DEVICE_DEVIATION,2026-08-21T00:15:00,DEV-000232-02,,,behaviour,DEVIATION,,,synthetic,SIM_ESIM_AUTH_ANOMALY,1,,,,,,,,,,
EVT-000233-01,USR-000233,ACC-000233,TELECOM,ESIM_CHANGE,2026-08-22T00:00:00,DEV-000233-01,,,telecom,SUCCESS,,,synthetic,SUSPICIOUS_ESIM_CHANGE,1,,,,,,,,,,
EVT-000233-02,USR-000233,ACC-000233,DEVICE,NEW_DEVICE,2026-08-22T00:05:00,DEV-000233-02,,,device,UNRECOGNIZED,,,synthetic,SUSPICIOUS_ESIM_CHANGE,1,,,,,,,,,,
EVT-000233-03,USR-000233,ACC-000233,DEVICE,DEVICE_CHANGE,2026-08-22T00:08:00,DEV-000233-02,,,device,DEVIATION,,,synthetic,SUSPICIOUS_ESIM_CHANGE,1,,,,,,,,,,
EVT-000233-04,USR-000233,ACC-000233,AUTHENTICATION,FAILED_LOGIN,2026-08-22T00:10:00,DEV-000233-02,,,authentication,FAILURE,,,synthetic,SUSPICIOUS_ESIM_CHANGE,1,,,,,,,,,,
EVT-000233-05,USR-000233,ACC-000233,BEHAVIOUR,DEVICE_DEVIATION,2026-08-22T00:15:00,DEV-000233-02,,,behaviour,DEVIATION,,,synthetic,SUSPICIOUS_ESIM_CHANGE,1,,,,,,,,,,
EVT-000233-06,USR-000233,ACC-000233,TRANSACTION,TRANSACTION,2026-08-22T00:30:00,DEV-000233-02,,,transaction,SUCCESS,366902.16,,paysim,SUSPICIOUS_ESIM_CHANGE,1,CASH_OUT,0.0,0.0,2413387.73,2780289.89,164,C227380811,C723033747,0,0
EVT-000234-01,USR-000234,ACC-000234,TELECOM,SIM_REPLACEMENT,2026-08-23T00:00:00,DEV-000234-01,,,telecom,SUCCESS,,,synthetic,SUSPICIOUS_SIM_REPLACEMENT,1,,,,,,,,,,
EVT-000234-02,USR-000234,ACC-000234,DEVICE,NEW_DEVICE,2026-08-23T00:05:00,DEV-000234-02,,,device,UNRECOGNIZED,,,synthetic,SUSPICIOUS_SIM_REPLACEMENT,1,,,,,,,,,,
EVT-000234-03,USR-000234,ACC-000234,AUTHENTICATION,FAILED_LOGIN,2026-08-23T00:10:00,DEV-000234-02,,,authentication,FAILURE,,,synthetic,SUSPICIOUS_SIM_REPLACEMENT,1,,,,,,,,,,
EVT-000234-04,USR-000234,ACC-000234,RECOVERY,PASSWORD_RESET,2026-08-23T00:15:00,DEV-000234-02,,,recovery,SUCCESS,,,synthetic,SUSPICIOUS_SIM_REPLACEMENT,1,,,,,,,,,,
EVT-000234-05,USR-000234,ACC-000234,ACCOUNT,NEW_BENEFICIARY,2026-08-23T00:20:00,DEV-000234-02,,,account,SUCCESS,,BEN-000234-01,synthetic,SUSPICIOUS_SIM_REPLACEMENT,1,,,,,,,,,,
EVT-000234-06,USR-000234,ACC-000234,TRANSACTION,TRANSACTION,2026-08-23T00:30:00,DEV-000234-02,,,transaction,SUCCESS,186674.37,,paysim,SUSPICIOUS_SIM_REPLACEMENT,1,CASH_OUT,20100.0,0.0,3320248.77,3506923.14,399,C528405780,C2041146872,0,0
EVT-000235-01,USR-000235,ACC-000235,TELECOM,ESIM_CHANGE,2026-08-24T00:00:00,DEV-000235-01,,,telecom,SUCCESS,,,synthetic,SUSPICIOUS_ESIM_CHANGE,1,,,,,,,,,,
EVT-000235-02,USR-000235,ACC-000235,DEVICE,NEW_DEVICE,2026-08-24T00:05:00,DEV-000235-02,,,device,UNRECOGNIZED,,,synthetic,SUSPICIOUS_ESIM_CHANGE,1,,,,,,,,,,
EVT-000235-03,USR-000235,ACC-000235,DEVICE,DEVICE_CHANGE,2026-08-24T00:08:00,DEV-000235-02,,,device,DEVIATION,,,synthetic,SUSPICIOUS_ESIM_CHANGE,1,,,,,,,,,,
EVT-000235-04,USR-000235,ACC-000235,AUTHENTICATION,FAILED_LOGIN,2026-08-24T00:10:00,DEV-000235-02,,,authentication,FAILURE,,,synthetic,SUSPICIOUS_ESIM_CHANGE,1,,,,,,,,,,
EVT-000235-05,USR-000235,ACC-000235,BEHAVIOUR,DEVICE_DEVIATION,2026-08-24T00:15:00,DEV-000235-02,,,behaviour,DEVIATION,,,synthetic,SUSPICIOUS_ESIM_CHANGE,1,,,,,,,,,,
EVT-000235-06,USR-000235,ACC-000235,TRANSACTION,TRANSACTION,2026-08-24T00:30:00,DEV-000235-02,,,transaction,SUCCESS,99794.04,,paysim,SUSPICIOUS_ESIM_CHANGE,1,CASH_OUT,0.0,0.0,188466.35,288260.39,400,C2145202352,C313528704,0,0
EVT-000236-01,USR-000236,ACC-000236,TELECOM,SIM_REPLACEMENT,2026-08-25T00:00:00,DEV-000236-01,,,telecom,SUCCESS,,,synthetic,LEGITIMATE_SIM_REPLACEMENT,0,,,,,,,,,,
EVT-000236-02,USR-000236,ACC-000236,AUTHENTICATION,LOGIN,2026-08-25T00:10:00,DEV-000236-01,,,authentication,SUCCESS,,,synthetic,LEGITIMATE_SIM_REPLACEMENT,0,,,,,,,,,,
EVT-000236-03,USR-000236,ACC-000236,TRANSACTION,TRANSACTION,2026-08-25T00:30:00,DEV-000236-01,,,transaction,SUCCESS,223415.46,,paysim,LEGITIMATE_SIM_REPLACEMENT,0,TRANSFER,0.0,0.0,457751.07,681166.54,305,C2011388446,C1871876008,0,0
EVT-000237-01,USR-000237,ACC-000237,TELECOM,ESIM_CHANGE,2026-08-26T00:00:00,DEV-000237-01,,,telecom,SUCCESS,,,synthetic,SUSPICIOUS_ESIM_CHANGE,1,,,,,,,,,,
EVT-000237-02,USR-000237,ACC-000237,DEVICE,NEW_DEVICE,2026-08-26T00:05:00,DEV-000237-02,,,device,UNRECOGNIZED,,,synthetic,SUSPICIOUS_ESIM_CHANGE,1,,,,,,,,,,
EVT-000237-03,USR-000237,ACC-000237,DEVICE,DEVICE_CHANGE,2026-08-26T00:08:00,DEV-000237-02,,,device,DEVIATION,,,synthetic,SUSPICIOUS_ESIM_CHANGE,1,,,,,,,,,,
EVT-000237-04,USR-000237,ACC-000237,AUTHENTICATION,FAILED_LOGIN,2026-08-26T00:10:00,DEV-000237-02,,,authentication,FAILURE,,,synthetic,SUSPICIOUS_ESIM_CHANGE,1,,,,,,,,,,
EVT-000237-05,USR-000237,ACC-000237,BEHAVIOUR,DEVICE_DEVIATION,2026-08-26T00:15:00,DEV-000237-02,,,behaviour,DEVIATION,,,synthetic,SUSPICIOUS_ESIM_CHANGE,1,,,,,,,,,,
EVT-000237-06,USR-000237,ACC-000237,TRANSACTION,TRANSACTION,2026-08-26T00:30:00,DEV-000237-02,,,transaction,SUCCESS,252201.63,,paysim,SUSPICIOUS_ESIM_CHANGE,1,CASH_OUT,0.0,0.0,1509679.51,1761881.14,311,C1700161405,C598408750,0,0
EVT-000238-01,USR-000238,ACC-000238,TELECOM,ESIM_CHANGE,2026-08-27T00:00:00,DEV-000238-01,,,telecom,SUCCESS,,,synthetic,SUSPICIOUS_ESIM_CHANGE,1,,,,,,,,,,
EVT-000238-02,USR-000238,ACC-000238,DEVICE,NEW_DEVICE,2026-08-27T00:05:00,DEV-000238-02,,,device,UNRECOGNIZED,,,synthetic,SUSPICIOUS_ESIM_CHANGE,1,,,,,,,,,,
EVT-000238-03,USR-000238,ACC-000238,DEVICE,DEVICE_CHANGE,2026-08-27T00:08:00,DEV-000238-02,,,device,DEVIATION,,,synthetic,SUSPICIOUS_ESIM_CHANGE,1,,,,,,,,,,
EVT-000238-04,USR-000238,ACC-000238,AUTHENTICATION,FAILED_LOGIN,2026-08-27T00:10:00,DEV-000238-02,,,authentication,FAILURE,,,synthetic,SUSPICIOUS_ESIM_CHANGE,1,,,,,,,,,,
EVT-000238-05,USR-000238,ACC-000238,BEHAVIOUR,DEVICE_DEVIATION,2026-08-27T00:15:00,DEV-000238-02,,,behaviour,DEVIATION,,,synthetic,SUSPICIOUS_ESIM_CHANGE,1,,,,,,,,,,
EVT-000238-06,USR-000238,ACC-000238,TRANSACTION,TRANSACTION,2026-08-27T00:30:00,DEV-000238-02,,,transaction,SUCCESS,15775.2,,paysim,SUSPICIOUS_ESIM_CHANGE,1,PAYMENT,14781.83,0.0,0.0,0.0,231,C85694352,M249320837,0,0
EVT-000239-01,USR-000239,ACC-000239,TELECOM,SIM_REPLACEMENT,2026-08-28T00:00:00,DEV-000239-01,,,telecom,SUCCESS,,,synthetic,SUSPICIOUS_SIM_REPLACEMENT,1,,,,,,,,,,
EVT-000239-02,USR-000239,ACC-000239,DEVICE,NEW_DEVICE,2026-08-28T00:05:00,DEV-000239-02,,,device,UNRECOGNIZED,,,synthetic,SUSPICIOUS_SIM_REPLACEMENT,1,,,,,,,,,,
EVT-000239-03,USR-000239,ACC-000239,AUTHENTICATION,FAILED_LOGIN,2026-08-28T00:10:00,DEV-000239-02,,,authentication,FAILURE,,,synthetic,SUSPICIOUS_SIM_REPLACEMENT,1,,,,,,,,,,
EVT-000239-04,USR-000239,ACC-000239,RECOVERY,PASSWORD_RESET,2026-08-28T00:15:00,DEV-000239-02,,,recovery,SUCCESS,,,synthetic,SUSPICIOUS_SIM_REPLACEMENT,1,,,,,,,,,,
EVT-000239-05,USR-000239,ACC-000239,ACCOUNT,NEW_BENEFICIARY,2026-08-28T00:20:00,DEV-000239-02,,,account,SUCCESS,,BEN-000239-01,synthetic,SUSPICIOUS_SIM_REPLACEMENT,1,,,,,,,,,,
EVT-000239-06,USR-000239,ACC-000239,TRANSACTION,TRANSACTION,2026-08-28T00:30:00,DEV-000239-02,,,transaction,SUCCESS,409759.91,,paysim,SUSPICIOUS_SIM_REPLACEMENT,1,CASH_OUT,0.0,0.0,1245268.04,1655027.94,190,C670742730,C846511826,0,0
EVT-000240-01,USR-000240,ACC-000240,TELECOM,SIM_REPLACEMENT,2026-08-29T00:00:00,DEV-000240-01,,,telecom,SUCCESS,,,synthetic,LEGITIMATE_SIM_REPLACEMENT,0,,,,,,,,,,
EVT-000240-02,USR-000240,ACC-000240,AUTHENTICATION,LOGIN,2026-08-29T00:10:00,DEV-000240-01,,,authentication,SUCCESS,,,synthetic,LEGITIMATE_SIM_REPLACEMENT,0,,,,,,,,,,
EVT-000240-03,USR-000240,ACC-000240,TRANSACTION,TRANSACTION,2026-08-29T00:30:00,DEV-000240-01,,,transaction,SUCCESS,187934.3,,paysim,LEGITIMATE_SIM_REPLACEMENT,0,CASH_IN,8722531.95,8910466.25,193256.86,5322.57,302,C1653261226,C1742284187,0,0
EVT-000241-01,USR-000241,ACC-000241,TELECOM,ESIM_CHANGE,2026-08-30T00:00:00,DEV-000241-01,,,telecom,SUCCESS,,,synthetic,SUSPICIOUS_ESIM_CHANGE,1,,,,,,,,,,
EVT-000241-02,USR-000241,ACC-000241,DEVICE,NEW_DEVICE,2026-08-30T00:05:00,DEV-000241-02,,,device,UNRECOGNIZED,,,synthetic,SUSPICIOUS_ESIM_CHANGE,1,,,,,,,,,,
EVT-000241-03,USR-000241,ACC-000241,DEVICE,DEVICE_CHANGE,2026-08-30T00:08:00,DEV-000241-02,,,device,DEVIATION,,,synthetic,SUSPICIOUS_ESIM_CHANGE,1,,,,,,,,,,
EVT-000241-04,USR-000241,ACC-000241,AUTHENTICATION,FAILED_LOGIN,2026-08-30T00:10:00,DEV-000241-02,,,authentication,FAILURE,,,synthetic,SUSPICIOUS_ESIM_CHANGE,1,,,,,,,,,,
EVT-000241-05,USR-000241,ACC-000241,BEHAVIOUR,DEVICE_DEVIATION,2026-08-30T00:15:00,DEV-000241-02,,,behaviour,DEVIATION,,,synthetic,SUSPICIOUS_ESIM_CHANGE,1,,,,,,,,,,
EVT-000241-06,USR-000241,ACC-000241,TRANSACTION,TRANSACTION,2026-08-30T00:30:00,DEV-000241-02,,,transaction,SUCCESS,5137.73,,paysim,SUSPICIOUS_ESIM_CHANGE,1,PAYMENT,1169.0,0.0,0.0,0.0,254,C1208633564,M676114893,0,0
EVT-000242-01,USR-000242,ACC-000242,TELECOM,SIM_SWAP,2026-08-31T00:00:00,DEV-000242-01,,,telecom,SUCCESS,,,synthetic,SIM_ESIM_AUTH_ANOMALY,1,,,,,,,,,,
EVT-000242-02,USR-000242,ACC-000242,DEVICE,NEW_DEVICE,2026-08-31T00:05:00,DEV-000242-02,,,device,UNRECOGNIZED,,,synthetic,SIM_ESIM_AUTH_ANOMALY,1,,,,,,,,,,
EVT-000242-03,USR-000242,ACC-000242,AUTHENTICATION,FAILED_LOGIN,2026-08-31T00:10:00,DEV-000242-02,,,authentication,FAILURE,,,synthetic,SIM_ESIM_AUTH_ANOMALY,1,,,,,,,,,,
EVT-000242-04,USR-000242,ACC-000242,AUTHENTICATION,FAILED_LOGIN,2026-08-31T00:12:00,DEV-000242-02,,,authentication,FAILURE,,,synthetic,SIM_ESIM_AUTH_ANOMALY,1,,,,,,,,,,
EVT-000242-05,USR-000242,ACC-000242,BEHAVIOUR,DEVICE_DEVIATION,2026-08-31T00:15:00,DEV-000242-02,,,behaviour,DEVIATION,,,synthetic,SIM_ESIM_AUTH_ANOMALY,1,,,,,,,,,,
EVT-000243-01,USR-000243,ACC-000243,TELECOM,SIM_REPLACEMENT,2026-09-01T00:00:00,DEV-000243-01,,,telecom,SUCCESS,,,synthetic,SUSPICIOUS_SIM_REPLACEMENT,1,,,,,,,,,,
EVT-000243-02,USR-000243,ACC-000243,DEVICE,NEW_DEVICE,2026-09-01T00:05:00,DEV-000243-02,,,device,UNRECOGNIZED,,,synthetic,SUSPICIOUS_SIM_REPLACEMENT,1,,,,,,,,,,
EVT-000243-03,USR-000243,ACC-000243,AUTHENTICATION,FAILED_LOGIN,2026-09-01T00:10:00,DEV-000243-02,,,authentication,FAILURE,,,synthetic,SUSPICIOUS_SIM_REPLACEMENT,1,,,,,,,,,,
EVT-000243-04,USR-000243,ACC-000243,RECOVERY,PASSWORD_RESET,2026-09-01T00:15:00,DEV-000243-02,,,recovery,SUCCESS,,,synthetic,SUSPICIOUS_SIM_REPLACEMENT,1,,,,,,,,,,
EVT-000243-05,USR-000243,ACC-000243,ACCOUNT,NEW_BENEFICIARY,2026-09-01T00:20:00,DEV-000243-02,,,account,SUCCESS,,BEN-000243-01,synthetic,SUSPICIOUS_SIM_REPLACEMENT,1,,,,,,,,,,
EVT-000243-06,USR-000243,ACC-000243,TRANSACTION,TRANSACTION,2026-09-01T00:30:00,DEV-000243-02,,,transaction,SUCCESS,4838207.92,,paysim,SUSPICIOUS_SIM_REPLACEMENT,1,TRANSFER,11259.0,0.0,0.0,4838207.92,348,C1708365136,C814349062,0,0
EVT-000244-01,USR-000244,ACC-000244,TELECOM,SIM_REPLACEMENT,2026-09-02T00:00:00,DEV-000244-01,,,telecom,SUCCESS,,,synthetic,SUSPICIOUS_SIM_REPLACEMENT,1,,,,,,,,,,
EVT-000244-02,USR-000244,ACC-000244,DEVICE,NEW_DEVICE,2026-09-02T00:05:00,DEV-000244-02,,,device,UNRECOGNIZED,,,synthetic,SUSPICIOUS_SIM_REPLACEMENT,1,,,,,,,,,,
EVT-000244-03,USR-000244,ACC-000244,AUTHENTICATION,FAILED_LOGIN,2026-09-02T00:10:00,DEV-000244-02,,,authentication,FAILURE,,,synthetic,SUSPICIOUS_SIM_REPLACEMENT,1,,,,,,,,,,
EVT-000244-04,USR-000244,ACC-000244,RECOVERY,PASSWORD_RESET,2026-09-02T00:15:00,DEV-000244-02,,,recovery,SUCCESS,,,synthetic,SUSPICIOUS_SIM_REPLACEMENT,1,,,,,,,,,,
EVT-000244-05,USR-000244,ACC-000244,ACCOUNT,NEW_BENEFICIARY,2026-09-02T00:20:00,DEV-000244-02,,,account,SUCCESS,,BEN-000244-01,synthetic,SUSPICIOUS_SIM_REPLACEMENT,1,,,,,,,,,,
EVT-000244-06,USR-000244,ACC-000244,TRANSACTION,TRANSACTION,2026-09-02T00:30:00,DEV-000244-02,,,transaction,SUCCESS,27245.13,,paysim,SUSPICIOUS_SIM_REPLACEMENT,1,CASH_IN,3884520.39,3911765.52,3333527.72,3306282.59,355,C1391378645,C1313240822,0,0
EVT-000245-01,USR-000245,ACC-000245,TELECOM,SIM_REPLACEMENT,2026-09-03T00:00:00,DEV-000245-01,,,telecom,SUCCESS,,,synthetic,LEGITIMATE_SIM_REPLACEMENT,0,,,,,,,,,,
EVT-000245-02,USR-000245,ACC-000245,AUTHENTICATION,LOGIN,2026-09-03T00:10:00,DEV-000245-01,,,authentication,SUCCESS,,,synthetic,LEGITIMATE_SIM_REPLACEMENT,0,,,,,,,,,,
EVT-000245-03,USR-000245,ACC-000245,TRANSACTION,TRANSACTION,2026-09-03T00:30:00,DEV-000245-01,,,transaction,SUCCESS,5221.11,,paysim,LEGITIMATE_SIM_REPLACEMENT,0,PAYMENT,331941.0,326719.89,0.0,0.0,279,C182611147,M46946,0,0
EVT-000246-01,USR-000246,ACC-000246,TELECOM,SIM_REPLACEMENT,2026-09-04T00:00:00,DEV-000246-01,,,telecom,SUCCESS,,,synthetic,LEGITIMATE_SIM_REPLACEMENT,0,,,,,,,,,,
EVT-000246-02,USR-000246,ACC-000246,AUTHENTICATION,LOGIN,2026-09-04T00:10:00,DEV-000246-01,,,authentication,SUCCESS,,,synthetic,LEGITIMATE_SIM_REPLACEMENT,0,,,,,,,,,,
EVT-000246-03,USR-000246,ACC-000246,TRANSACTION,TRANSACTION,2026-09-04T00:30:00,DEV-000246-01,,,transaction,SUCCESS,18935.7,,paysim,LEGITIMATE_SIM_REPLACEMENT,0,PAYMENT,21490.0,2554.3,0.0,0.0,184,C644839600,M487498198,0,0
EVT-000247-01,USR-000247,ACC-000247,TELECOM,SIM_REPLACEMENT,2026-09-05T00:00:00,DEV-000247-01,,,telecom,SUCCESS,,,synthetic,LEGITIMATE_SIM_REPLACEMENT,0,,,,,,,,,,
EVT-000247-02,USR-000247,ACC-000247,AUTHENTICATION,LOGIN,2026-09-05T00:10:00,DEV-000247-01,,,authentication,SUCCESS,,,synthetic,LEGITIMATE_SIM_REPLACEMENT,0,,,,,,,,,,
EVT-000247-03,USR-000247,ACC-000247,TRANSACTION,TRANSACTION,2026-09-05T00:30:00,DEV-000247-01,,,transaction,SUCCESS,38878.43,,paysim,LEGITIMATE_SIM_REPLACEMENT,0,CASH_OUT,2052.49,0.0,860344.31,899222.74,277,C1980521763,C309905210,0,0
EVT-000248-01,USR-000248,ACC-000248,TELECOM,SIM_REPLACEMENT,2026-09-06T00:00:00,DEV-000248-01,,,telecom,SUCCESS,,,synthetic,SUSPICIOUS_SIM_REPLACEMENT,1,,,,,,,,,,
EVT-000248-02,USR-000248,ACC-000248,DEVICE,NEW_DEVICE,2026-09-06T00:05:00,DEV-000248-02,,,device,UNRECOGNIZED,,,synthetic,SUSPICIOUS_SIM_REPLACEMENT,1,,,,,,,,,,
EVT-000248-03,USR-000248,ACC-000248,AUTHENTICATION,FAILED_LOGIN,2026-09-06T00:10:00,DEV-000248-02,,,authentication,FAILURE,,,synthetic,SUSPICIOUS_SIM_REPLACEMENT,1,,,,,,,,,,
EVT-000248-04,USR-000248,ACC-000248,RECOVERY,PASSWORD_RESET,2026-09-06T00:15:00,DEV-000248-02,,,recovery,SUCCESS,,,synthetic,SUSPICIOUS_SIM_REPLACEMENT,1,,,,,,,,,,
EVT-000248-05,USR-000248,ACC-000248,ACCOUNT,NEW_BENEFICIARY,2026-09-06T00:20:00,DEV-000248-02,,,account,SUCCESS,,BEN-000248-01,synthetic,SUSPICIOUS_SIM_REPLACEMENT,1,,,,,,,,,,
EVT-000248-06,USR-000248,ACC-000248,TRANSACTION,TRANSACTION,2026-09-06T00:30:00,DEV-000248-02,,,transaction,SUCCESS,1682.73,,paysim,SUSPICIOUS_SIM_REPLACEMENT,1,PAYMENT,95149.97,93467.23,0.0,0.0,162,C1724104845,M825027813,0,0
EVT-000249-01,USR-000249,ACC-000249,TELECOM,SIM_REPLACEMENT,2026-09-07T00:00:00,DEV-000249-01,,,telecom,SUCCESS,,,synthetic,LEGITIMATE_SIM_REPLACEMENT,0,,,,,,,,,,
EVT-000249-02,USR-000249,ACC-000249,AUTHENTICATION,LOGIN,2026-09-07T00:10:00,DEV-000249-01,,,authentication,SUCCESS,,,synthetic,LEGITIMATE_SIM_REPLACEMENT,0,,,,,,,,,,
EVT-000249-03,USR-000249,ACC-000249,TRANSACTION,TRANSACTION,2026-09-07T00:30:00,DEV-000249-01,,,transaction,SUCCESS,93462.92,,paysim,LEGITIMATE_SIM_REPLACEMENT,0,CASH_IN,289.0,93751.92,57351.96,0.0,348,C1427897187,C1791157762,0,0
EVT-000250-01,USR-000250,ACC-000250,TELECOM,ESIM_CHANGE,2026-09-08T00:00:00,DEV-000250-01,,,telecom,SUCCESS,,,synthetic,LEGITIMATE_ESIM_CHANGE,0,,,,,,,,,,
EVT-000250-02,USR-000250,ACC-000250,AUTHENTICATION,LOGIN,2026-09-08T00:10:00,DEV-000250-01,,,authentication,SUCCESS,,,synthetic,LEGITIMATE_ESIM_CHANGE,0,,,,,,,,,,
EVT-000251-01,USR-000251,ACC-000251,TELECOM,SIM_REPLACEMENT,2026-09-09T00:00:00,DEV-000251-01,,,telecom,SUCCESS,,,synthetic,LEGITIMATE_SIM_REPLACEMENT,0,,,,,,,,,,
EVT-000251-02,USR-000251,ACC-000251,AUTHENTICATION,LOGIN,2026-09-09T00:10:00,DEV-000251-01,,,authentication,SUCCESS,,,synthetic,LEGITIMATE_SIM_REPLACEMENT,0,,,,,,,,,,
EVT-000251-03,USR-000251,ACC-000251,TRANSACTION,TRANSACTION,2026-09-09T00:30:00,DEV-000251-01,,,transaction,SUCCESS,25300.39,,paysim,LEGITIMATE_SIM_REPLACEMENT,0,PAYMENT,160769.43,135469.05,0.0,0.0,153,C28387499,M1155428261,0,0
EVT-000252-01,USR-000252,ACC-000252,TELECOM,SIM_REPLACEMENT,2026-09-10T00:00:00,DEV-000252-01,,,telecom,SUCCESS,,,synthetic,SUSPICIOUS_SIM_REPLACEMENT,1,,,,,,,,,,
EVT-000252-02,USR-000252,ACC-000252,DEVICE,NEW_DEVICE,2026-09-10T00:05:00,DEV-000252-02,,,device,UNRECOGNIZED,,,synthetic,SUSPICIOUS_SIM_REPLACEMENT,1,,,,,,,,,,
EVT-000252-03,USR-000252,ACC-000252,AUTHENTICATION,FAILED_LOGIN,2026-09-10T00:10:00,DEV-000252-02,,,authentication,FAILURE,,,synthetic,SUSPICIOUS_SIM_REPLACEMENT,1,,,,,,,,,,
EVT-000252-04,USR-000252,ACC-000252,RECOVERY,PASSWORD_RESET,2026-09-10T00:15:00,DEV-000252-02,,,recovery,SUCCESS,,,synthetic,SUSPICIOUS_SIM_REPLACEMENT,1,,,,,,,,,,
EVT-000252-05,USR-000252,ACC-000252,ACCOUNT,NEW_BENEFICIARY,2026-09-10T00:20:00,DEV-000252-02,,,account,SUCCESS,,BEN-000252-01,synthetic,SUSPICIOUS_SIM_REPLACEMENT,1,,,,,,,,,,
EVT-000252-06,USR-000252,ACC-000252,TRANSACTION,TRANSACTION,2026-09-10T00:30:00,DEV-000252-02,,,transaction,SUCCESS,1902.85,,paysim,SUSPICIOUS_SIM_REPLACEMENT,1,PAYMENT,0.0,0.0,0.0,0.0,183,C1834876966,M910070246,0,0
EVT-000253-01,USR-000253,ACC-000253,TELECOM,ESIM_CHANGE,2026-09-11T00:00:00,DEV-000253-01,,,telecom,SUCCESS,,,synthetic,LEGITIMATE_ESIM_CHANGE,0,,,,,,,,,,
EVT-000253-02,USR-000253,ACC-000253,AUTHENTICATION,LOGIN,2026-09-11T00:10:00,DEV-000253-01,,,authentication,SUCCESS,,,synthetic,LEGITIMATE_ESIM_CHANGE,0,,,,,,,,,,
EVT-000254-01,USR-000254,ACC-000254,TELECOM,ESIM_CHANGE,2026-09-12T00:00:00,DEV-000254-01,,,telecom,SUCCESS,,,synthetic,LEGITIMATE_ESIM_CHANGE,0,,,,,,,,,,
EVT-000254-02,USR-000254,ACC-000254,AUTHENTICATION,LOGIN,2026-09-12T00:10:00,DEV-000254-01,,,authentication,SUCCESS,,,synthetic,LEGITIMATE_ESIM_CHANGE,0,,,,,,,,,,
EVT-000255-01,USR-000255,ACC-000255,TELECOM,SIM_REPLACEMENT,2026-09-13T00:00:00,DEV-000255-01,,,telecom,SUCCESS,,,synthetic,LEGITIMATE_SIM_REPLACEMENT,0,,,,,,,,,,
EVT-000255-02,USR-000255,ACC-000255,AUTHENTICATION,LOGIN,2026-09-13T00:10:00,DEV-000255-01,,,authentication,SUCCESS,,,synthetic,LEGITIMATE_SIM_REPLACEMENT,0,,,,,,,,,,
EVT-000255-03,USR-000255,ACC-000255,TRANSACTION,TRANSACTION,2026-09-13T00:30:00,DEV-000255-01,,,transaction,SUCCESS,8343.49,,paysim,LEGITIMATE_SIM_REPLACEMENT,0,PAYMENT,637473.86,629130.36,0.0,0.0,10,C530803891,M720188546,0,0
EVT-000256-01,USR-000256,ACC-000256,TELECOM,ESIM_CHANGE,2026-09-14T00:00:00,DEV-000256-01,,,telecom,SUCCESS,,,synthetic,SUSPICIOUS_ESIM_CHANGE,1,,,,,,,,,,
EVT-000256-02,USR-000256,ACC-000256,DEVICE,NEW_DEVICE,2026-09-14T00:05:00,DEV-000256-02,,,device,UNRECOGNIZED,,,synthetic,SUSPICIOUS_ESIM_CHANGE,1,,,,,,,,,,
EVT-000256-03,USR-000256,ACC-000256,DEVICE,DEVICE_CHANGE,2026-09-14T00:08:00,DEV-000256-02,,,device,DEVIATION,,,synthetic,SUSPICIOUS_ESIM_CHANGE,1,,,,,,,,,,
EVT-000256-04,USR-000256,ACC-000256,AUTHENTICATION,FAILED_LOGIN,2026-09-14T00:10:00,DEV-000256-02,,,authentication,FAILURE,,,synthetic,SUSPICIOUS_ESIM_CHANGE,1,,,,,,,,,,
EVT-000256-05,USR-000256,ACC-000256,BEHAVIOUR,DEVICE_DEVIATION,2026-09-14T00:15:00,DEV-000256-02,,,behaviour,DEVIATION,,,synthetic,SUSPICIOUS_ESIM_CHANGE,1,,,,,,,,,,
EVT-000256-06,USR-000256,ACC-000256,TRANSACTION,TRANSACTION,2026-09-14T00:30:00,DEV-000256-02,,,transaction,SUCCESS,65786.29,,paysim,SUSPICIOUS_ESIM_CHANGE,1,CASH_OUT,3052.0,0.0,1063103.67,1128889.97,162,C464766644,C99858514,0,0
EVT-000257-01,USR-000257,ACC-000257,TELECOM,ESIM_CHANGE,2026-09-15T00:00:00,DEV-000257-01,,,telecom,SUCCESS,,,synthetic,LEGITIMATE_ESIM_CHANGE,0,,,,,,,,,,
EVT-000257-02,USR-000257,ACC-000257,AUTHENTICATION,LOGIN,2026-09-15T00:10:00,DEV-000257-01,,,authentication,SUCCESS,,,synthetic,LEGITIMATE_ESIM_CHANGE,0,,,,,,,,,,
EVT-000258-01,USR-000258,ACC-000258,TELECOM,ESIM_CHANGE,2026-09-16T00:00:00,DEV-000258-01,,,telecom,SUCCESS,,,synthetic,SUSPICIOUS_ESIM_CHANGE,1,,,,,,,,,,
EVT-000258-02,USR-000258,ACC-000258,DEVICE,NEW_DEVICE,2026-09-16T00:05:00,DEV-000258-02,,,device,UNRECOGNIZED,,,synthetic,SUSPICIOUS_ESIM_CHANGE,1,,,,,,,,,,
EVT-000258-03,USR-000258,ACC-000258,DEVICE,DEVICE_CHANGE,2026-09-16T00:08:00,DEV-000258-02,,,device,DEVIATION,,,synthetic,SUSPICIOUS_ESIM_CHANGE,1,,,,,,,,,,
EVT-000258-04,USR-000258,ACC-000258,AUTHENTICATION,FAILED_LOGIN,2026-09-16T00:10:00,DEV-000258-02,,,authentication,FAILURE,,,synthetic,SUSPICIOUS_ESIM_CHANGE,1,,,,,,,,,,
EVT-000258-05,USR-000258,ACC-000258,BEHAVIOUR,DEVICE_DEVIATION,2026-09-16T00:15:00,DEV-000258-02,,,behaviour,DEVIATION,,,synthetic,SUSPICIOUS_ESIM_CHANGE,1,,,,,,,,,,
EVT-000258-06,USR-000258,ACC-000258,TRANSACTION,TRANSACTION,2026-09-16T00:30:00,DEV-000258-02,,,transaction,SUCCESS,228975.76,,paysim,SUSPICIOUS_ESIM_CHANGE,1,CASH_OUT,0.0,0.0,439310.76,668286.52,525,C282741526,C1439666594,0,0
EVT-000259-01,USR-000259,ACC-000259,TELECOM,SIM_SWAP,2026-09-17T00:00:00,DEV-000259-01,,,telecom,SUCCESS,,,synthetic,SIM_ESIM_AUTH_ANOMALY,1,,,,,,,,,,
EVT-000259-02,USR-000259,ACC-000259,DEVICE,NEW_DEVICE,2026-09-17T00:05:00,DEV-000259-02,,,device,UNRECOGNIZED,,,synthetic,SIM_ESIM_AUTH_ANOMALY,1,,,,,,,,,,
EVT-000259-03,USR-000259,ACC-000259,AUTHENTICATION,FAILED_LOGIN,2026-09-17T00:10:00,DEV-000259-02,,,authentication,FAILURE,,,synthetic,SIM_ESIM_AUTH_ANOMALY,1,,,,,,,,,,
EVT-000259-04,USR-000259,ACC-000259,AUTHENTICATION,FAILED_LOGIN,2026-09-17T00:12:00,DEV-000259-02,,,authentication,FAILURE,,,synthetic,SIM_ESIM_AUTH_ANOMALY,1,,,,,,,,,,
EVT-000259-05,USR-000259,ACC-000259,BEHAVIOUR,DEVICE_DEVIATION,2026-09-17T00:15:00,DEV-000259-02,,,behaviour,DEVIATION,,,synthetic,SIM_ESIM_AUTH_ANOMALY,1,,,,,,,,,,
EVT-000260-01,USR-000260,ACC-000260,TELECOM,ESIM_CHANGE,2026-09-18T00:00:00,DEV-000260-01,,,telecom,SUCCESS,,,synthetic,LEGITIMATE_ESIM_CHANGE,0,,,,,,,,,,
EVT-000260-02,USR-000260,ACC-000260,AUTHENTICATION,LOGIN,2026-09-18T00:10:00,DEV-000260-01,,,authentication,SUCCESS,,,synthetic,LEGITIMATE_ESIM_CHANGE,0,,,,,,,,,,
EVT-000261-01,USR-000261,ACC-000261,TELECOM,ESIM_CHANGE,2026-09-19T00:00:00,DEV-000261-01,,,telecom,SUCCESS,,,synthetic,SUSPICIOUS_ESIM_CHANGE,1,,,,,,,,,,
EVT-000261-02,USR-000261,ACC-000261,DEVICE,NEW_DEVICE,2026-09-19T00:05:00,DEV-000261-02,,,device,UNRECOGNIZED,,,synthetic,SUSPICIOUS_ESIM_CHANGE,1,,,,,,,,,,
EVT-000261-03,USR-000261,ACC-000261,DEVICE,DEVICE_CHANGE,2026-09-19T00:08:00,DEV-000261-02,,,device,DEVIATION,,,synthetic,SUSPICIOUS_ESIM_CHANGE,1,,,,,,,,,,
EVT-000261-04,USR-000261,ACC-000261,AUTHENTICATION,FAILED_LOGIN,2026-09-19T00:10:00,DEV-000261-02,,,authentication,FAILURE,,,synthetic,SUSPICIOUS_ESIM_CHANGE,1,,,,,,,,,,
EVT-000261-05,USR-000261,ACC-000261,BEHAVIOUR,DEVICE_DEVIATION,2026-09-19T00:15:00,DEV-000261-02,,,behaviour,DEVIATION,,,synthetic,SUSPICIOUS_ESIM_CHANGE,1,,,,,,,,,,
EVT-000261-06,USR-000261,ACC-000261,TRANSACTION,TRANSACTION,2026-09-19T00:30:00,DEV-000261-02,,,transaction,SUCCESS,221856.44,,paysim,SUSPICIOUS_ESIM_CHANGE,1,CASH_OUT,0.0,0.0,1082908.98,1304765.42,254,C1030876991,C1497658947,0,0
EVT-000262-01,USR-000262,ACC-000262,TELECOM,ESIM_CHANGE,2026-09-20T00:00:00,DEV-000262-01,,,telecom,SUCCESS,,,synthetic,SUSPICIOUS_ESIM_CHANGE,1,,,,,,,,,,
EVT-000262-02,USR-000262,ACC-000262,DEVICE,NEW_DEVICE,2026-09-20T00:05:00,DEV-000262-02,,,device,UNRECOGNIZED,,,synthetic,SUSPICIOUS_ESIM_CHANGE,1,,,,,,,,,,
EVT-000262-03,USR-000262,ACC-000262,DEVICE,DEVICE_CHANGE,2026-09-20T00:08:00,DEV-000262-02,,,device,DEVIATION,,,synthetic,SUSPICIOUS_ESIM_CHANGE,1,,,,,,,,,,
EVT-000262-04,USR-000262,ACC-000262,AUTHENTICATION,FAILED_LOGIN,2026-09-20T00:10:00,DEV-000262-02,,,authentication,FAILURE,,,synthetic,SUSPICIOUS_ESIM_CHANGE,1,,,,,,,,,,
EVT-000262-05,USR-000262,ACC-000262,BEHAVIOUR,DEVICE_DEVIATION,2026-09-20T00:15:00,DEV-000262-02,,,behaviour,DEVIATION,,,synthetic,SUSPICIOUS_ESIM_CHANGE,1,,,,,,,,,,
EVT-000262-06,USR-000262,ACC-000262,TRANSACTION,TRANSACTION,2026-09-20T00:30:00,DEV-000262-02,,,transaction,SUCCESS,163317.7,,paysim,SUSPICIOUS_ESIM_CHANGE,1,CASH_OUT,20667.0,0.0,0.0,560336.39,14,C268280851,C1964340993,0,0
EVT-000263-01,USR-000263,ACC-000263,TELECOM,SIM_SWAP,2026-09-21T00:00:00,DEV-000263-01,,,telecom,SUCCESS,,,synthetic,SIM_ESIM_AUTH_ANOMALY,1,,,,,,,,,,
EVT-000263-02,USR-000263,ACC-000263,DEVICE,NEW_DEVICE,2026-09-21T00:05:00,DEV-000263-02,,,device,UNRECOGNIZED,,,synthetic,SIM_ESIM_AUTH_ANOMALY,1,,,,,,,,,,
EVT-000263-03,USR-000263,ACC-000263,AUTHENTICATION,FAILED_LOGIN,2026-09-21T00:10:00,DEV-000263-02,,,authentication,FAILURE,,,synthetic,SIM_ESIM_AUTH_ANOMALY,1,,,,,,,,,,
EVT-000263-04,USR-000263,ACC-000263,AUTHENTICATION,FAILED_LOGIN,2026-09-21T00:12:00,DEV-000263-02,,,authentication,FAILURE,,,synthetic,SIM_ESIM_AUTH_ANOMALY,1,,,,,,,,,,
EVT-000263-05,USR-000263,ACC-000263,BEHAVIOUR,DEVICE_DEVIATION,2026-09-21T00:15:00,DEV-000263-02,,,behaviour,DEVIATION,,,synthetic,SIM_ESIM_AUTH_ANOMALY,1,,,,,,,,,,
EVT-000264-01,USR-000264,ACC-000264,TELECOM,SIM_REPLACEMENT,2026-09-22T00:00:00,DEV-000264-01,,,telecom,SUCCESS,,,synthetic,SUSPICIOUS_SIM_REPLACEMENT,1,,,,,,,,,,
EVT-000264-02,USR-000264,ACC-000264,DEVICE,NEW_DEVICE,2026-09-22T00:05:00,DEV-000264-02,,,device,UNRECOGNIZED,,,synthetic,SUSPICIOUS_SIM_REPLACEMENT,1,,,,,,,,,,
EVT-000264-03,USR-000264,ACC-000264,AUTHENTICATION,FAILED_LOGIN,2026-09-22T00:10:00,DEV-000264-02,,,authentication,FAILURE,,,synthetic,SUSPICIOUS_SIM_REPLACEMENT,1,,,,,,,,,,
EVT-000264-04,USR-000264,ACC-000264,RECOVERY,PASSWORD_RESET,2026-09-22T00:15:00,DEV-000264-02,,,recovery,SUCCESS,,,synthetic,SUSPICIOUS_SIM_REPLACEMENT,1,,,,,,,,,,
EVT-000264-05,USR-000264,ACC-000264,ACCOUNT,NEW_BENEFICIARY,2026-09-22T00:20:00,DEV-000264-02,,,account,SUCCESS,,BEN-000264-01,synthetic,SUSPICIOUS_SIM_REPLACEMENT,1,,,,,,,,,,
EVT-000264-06,USR-000264,ACC-000264,TRANSACTION,TRANSACTION,2026-09-22T00:30:00,DEV-000264-02,,,transaction,SUCCESS,14098.47,,paysim,SUSPICIOUS_SIM_REPLACEMENT,1,PAYMENT,501.0,0.0,0.0,0.0,378,C996839913,M609897464,0,0
EVT-000265-01,USR-000265,ACC-000265,TELECOM,ESIM_CHANGE,2026-09-23T00:00:00,DEV-000265-01,,,telecom,SUCCESS,,,synthetic,LEGITIMATE_ESIM_CHANGE,0,,,,,,,,,,
EVT-000265-02,USR-000265,ACC-000265,AUTHENTICATION,LOGIN,2026-09-23T00:10:00,DEV-000265-01,,,authentication,SUCCESS,,,synthetic,LEGITIMATE_ESIM_CHANGE,0,,,,,,,,,,
EVT-000266-01,USR-000266,ACC-000266,TELECOM,SIM_SWAP,2026-09-24T00:00:00,DEV-000266-01,,,telecom,SUCCESS,,,synthetic,SIM_ESIM_AUTH_ANOMALY,1,,,,,,,,,,
EVT-000266-02,USR-000266,ACC-000266,DEVICE,NEW_DEVICE,2026-09-24T00:05:00,DEV-000266-02,,,device,UNRECOGNIZED,,,synthetic,SIM_ESIM_AUTH_ANOMALY,1,,,,,,,,,,
EVT-000266-03,USR-000266,ACC-000266,AUTHENTICATION,FAILED_LOGIN,2026-09-24T00:10:00,DEV-000266-02,,,authentication,FAILURE,,,synthetic,SIM_ESIM_AUTH_ANOMALY,1,,,,,,,,,,
EVT-000266-04,USR-000266,ACC-000266,AUTHENTICATION,FAILED_LOGIN,2026-09-24T00:12:00,DEV-000266-02,,,authentication,FAILURE,,,synthetic,SIM_ESIM_AUTH_ANOMALY,1,,,,,,,,,,
EVT-000266-05,USR-000266,ACC-000266,BEHAVIOUR,DEVICE_DEVIATION,2026-09-24T00:15:00,DEV-000266-02,,,behaviour,DEVIATION,,,synthetic,SIM_ESIM_AUTH_ANOMALY,1,,,,,,,,,,
EVT-000267-01,USR-000267,ACC-000267,TELECOM,ESIM_CHANGE,2026-09-25T00:00:00,DEV-000267-01,,,telecom,SUCCESS,,,synthetic,LEGITIMATE_ESIM_CHANGE,0,,,,,,,,,,
EVT-000267-02,USR-000267,ACC-000267,AUTHENTICATION,LOGIN,2026-09-25T00:10:00,DEV-000267-01,,,authentication,SUCCESS,,,synthetic,LEGITIMATE_ESIM_CHANGE,0,,,,,,,,,,
EVT-000268-01,USR-000268,ACC-000268,TELECOM,ESIM_CHANGE,2026-09-26T00:00:00,DEV-000268-01,,,telecom,SUCCESS,,,synthetic,SUSPICIOUS_ESIM_CHANGE,1,,,,,,,,,,
EVT-000268-02,USR-000268,ACC-000268,DEVICE,NEW_DEVICE,2026-09-26T00:05:00,DEV-000268-02,,,device,UNRECOGNIZED,,,synthetic,SUSPICIOUS_ESIM_CHANGE,1,,,,,,,,,,
EVT-000268-03,USR-000268,ACC-000268,DEVICE,DEVICE_CHANGE,2026-09-26T00:08:00,DEV-000268-02,,,device,DEVIATION,,,synthetic,SUSPICIOUS_ESIM_CHANGE,1,,,,,,,,,,
EVT-000268-04,USR-000268,ACC-000268,AUTHENTICATION,FAILED_LOGIN,2026-09-26T00:10:00,DEV-000268-02,,,authentication,FAILURE,,,synthetic,SUSPICIOUS_ESIM_CHANGE,1,,,,,,,,,,
EVT-000268-05,USR-000268,ACC-000268,BEHAVIOUR,DEVICE_DEVIATION,2026-09-26T00:15:00,DEV-000268-02,,,behaviour,DEVIATION,,,synthetic,SUSPICIOUS_ESIM_CHANGE,1,,,,,,,,,,
EVT-000268-06,USR-000268,ACC-000268,TRANSACTION,TRANSACTION,2026-09-26T00:30:00,DEV-000268-02,,,transaction,SUCCESS,6734.85,,paysim,SUSPICIOUS_ESIM_CHANGE,1,CASH_IN,4695721.47,4702456.33,179489.19,172754.33,409,C149819517,C247459216,0,0
EVT-000269-01,USR-000269,ACC-000269,TELECOM,SIM_SWAP,2026-09-27T00:00:00,DEV-000269-01,,,telecom,SUCCESS,,,synthetic,SIM_ESIM_AUTH_ANOMALY,1,,,,,,,,,,
EVT-000269-02,USR-000269,ACC-000269,DEVICE,NEW_DEVICE,2026-09-27T00:05:00,DEV-000269-02,,,device,UNRECOGNIZED,,,synthetic,SIM_ESIM_AUTH_ANOMALY,1,,,,,,,,,,
EVT-000269-03,USR-000269,ACC-000269,AUTHENTICATION,FAILED_LOGIN,2026-09-27T00:10:00,DEV-000269-02,,,authentication,FAILURE,,,synthetic,SIM_ESIM_AUTH_ANOMALY,1,,,,,,,,,,
EVT-000269-04,USR-000269,ACC-000269,AUTHENTICATION,FAILED_LOGIN,2026-09-27T00:12:00,DEV-000269-02,,,authentication,FAILURE,,,synthetic,SIM_ESIM_AUTH_ANOMALY,1,,,,,,,,,,
EVT-000269-05,USR-000269,ACC-000269,BEHAVIOUR,DEVICE_DEVIATION,2026-09-27T00:15:00,DEV-000269-02,,,behaviour,DEVIATION,,,synthetic,SIM_ESIM_AUTH_ANOMALY,1,,,,,,,,,,
EVT-000270-01,USR-000270,ACC-000270,TELECOM,SIM_REPLACEMENT,2026-09-28T00:00:00,DEV-000270-01,,,telecom,SUCCESS,,,synthetic,SUSPICIOUS_SIM_REPLACEMENT,1,,,,,,,,,,
EVT-000270-02,USR-000270,ACC-000270,DEVICE,NEW_DEVICE,2026-09-28T00:05:00,DEV-000270-02,,,device,UNRECOGNIZED,,,synthetic,SUSPICIOUS_SIM_REPLACEMENT,1,,,,,,,,,,
EVT-000270-03,USR-000270,ACC-000270,AUTHENTICATION,FAILED_LOGIN,2026-09-28T00:10:00,DEV-000270-02,,,authentication,FAILURE,,,synthetic,SUSPICIOUS_SIM_REPLACEMENT,1,,,,,,,,,,
EVT-000270-04,USR-000270,ACC-000270,RECOVERY,PASSWORD_RESET,2026-09-28T00:15:00,DEV-000270-02,,,recovery,SUCCESS,,,synthetic,SUSPICIOUS_SIM_REPLACEMENT,1,,,,,,,,,,
EVT-000270-05,USR-000270,ACC-000270,ACCOUNT,NEW_BENEFICIARY,2026-09-28T00:20:00,DEV-000270-02,,,account,SUCCESS,,BEN-000270-01,synthetic,SUSPICIOUS_SIM_REPLACEMENT,1,,,,,,,,,,
EVT-000270-06,USR-000270,ACC-000270,TRANSACTION,TRANSACTION,2026-09-28T00:30:00,DEV-000270-02,,,transaction,SUCCESS,180254.76,,paysim,SUSPICIOUS_SIM_REPLACEMENT,1,CASH_IN,10999.0,191253.76,445878.35,265623.59,301,C446883339,C1363698387,0,0
EVT-000271-01,USR-000271,ACC-000271,TELECOM,ESIM_CHANGE,2026-09-29T00:00:00,DEV-000271-01,,,telecom,SUCCESS,,,synthetic,LEGITIMATE_ESIM_CHANGE,0,,,,,,,,,,
EVT-000271-02,USR-000271,ACC-000271,AUTHENTICATION,LOGIN,2026-09-29T00:10:00,DEV-000271-01,,,authentication,SUCCESS,,,synthetic,LEGITIMATE_ESIM_CHANGE,0,,,,,,,,,,
EVT-000272-01,USR-000272,ACC-000272,TELECOM,ESIM_CHANGE,2026-09-30T00:00:00,DEV-000272-01,,,telecom,SUCCESS,,,synthetic,LEGITIMATE_ESIM_CHANGE,0,,,,,,,,,,
EVT-000272-02,USR-000272,ACC-000272,AUTHENTICATION,LOGIN,2026-09-30T00:10:00,DEV-000272-01,,,authentication,SUCCESS,,,synthetic,LEGITIMATE_ESIM_CHANGE,0,,,,,,,,,,
EVT-000273-01,USR-000273,ACC-000273,TELECOM,SIM_REPLACEMENT,2026-10-01T00:00:00,DEV-000273-01,,,telecom,SUCCESS,,,synthetic,LEGITIMATE_SIM_REPLACEMENT,0,,,,,,,,,,
EVT-000273-02,USR-000273,ACC-000273,AUTHENTICATION,LOGIN,2026-10-01T00:10:00,DEV-000273-01,,,authentication,SUCCESS,,,synthetic,LEGITIMATE_SIM_REPLACEMENT,0,,,,,,,,,,
EVT-000273-03,USR-000273,ACC-000273,TRANSACTION,TRANSACTION,2026-10-01T00:30:00,DEV-000273-01,,,transaction,SUCCESS,91084.31,,paysim,LEGITIMATE_SIM_REPLACEMENT,0,CASH_OUT,14904.0,0.0,3257286.3,3348370.61,550,C1400607967,C946182886,0,0
EVT-000274-01,USR-000274,ACC-000274,TELECOM,SIM_REPLACEMENT,2026-10-02T00:00:00,DEV-000274-01,,,telecom,SUCCESS,,,synthetic,SUSPICIOUS_SIM_REPLACEMENT,1,,,,,,,,,,
EVT-000274-02,USR-000274,ACC-000274,DEVICE,NEW_DEVICE,2026-10-02T00:05:00,DEV-000274-02,,,device,UNRECOGNIZED,,,synthetic,SUSPICIOUS_SIM_REPLACEMENT,1,,,,,,,,,,
EVT-000274-03,USR-000274,ACC-000274,AUTHENTICATION,FAILED_LOGIN,2026-10-02T00:10:00,DEV-000274-02,,,authentication,FAILURE,,,synthetic,SUSPICIOUS_SIM_REPLACEMENT,1,,,,,,,,,,
EVT-000274-04,USR-000274,ACC-000274,RECOVERY,PASSWORD_RESET,2026-10-02T00:15:00,DEV-000274-02,,,recovery,SUCCESS,,,synthetic,SUSPICIOUS_SIM_REPLACEMENT,1,,,,,,,,,,
EVT-000274-05,USR-000274,ACC-000274,ACCOUNT,NEW_BENEFICIARY,2026-10-02T00:20:00,DEV-000274-02,,,account,SUCCESS,,BEN-000274-01,synthetic,SUSPICIOUS_SIM_REPLACEMENT,1,,,,,,,,,,
EVT-000274-06,USR-000274,ACC-000274,TRANSACTION,TRANSACTION,2026-10-02T00:30:00,DEV-000274-02,,,transaction,SUCCESS,190207.92,,paysim,SUSPICIOUS_SIM_REPLACEMENT,1,TRANSFER,0.0,0.0,7064218.71,7254426.63,278,C1427104783,C966899155,0,0
EVT-000275-01,USR-000275,ACC-000275,TELECOM,ESIM_CHANGE,2026-10-03T00:00:00,DEV-000275-01,,,telecom,SUCCESS,,,synthetic,LEGITIMATE_ESIM_CHANGE,0,,,,,,,,,,
EVT-000275-02,USR-000275,ACC-000275,AUTHENTICATION,LOGIN,2026-10-03T00:10:00,DEV-000275-01,,,authentication,SUCCESS,,,synthetic,LEGITIMATE_ESIM_CHANGE,0,,,,,,,,,,
EVT-000276-01,USR-000276,ACC-000276,TELECOM,SIM_REPLACEMENT,2026-10-04T00:00:00,DEV-000276-01,,,telecom,SUCCESS,,,synthetic,LEGITIMATE_SIM_REPLACEMENT,0,,,,,,,,,,
EVT-000276-02,USR-000276,ACC-000276,AUTHENTICATION,LOGIN,2026-10-04T00:10:00,DEV-000276-01,,,authentication,SUCCESS,,,synthetic,LEGITIMATE_SIM_REPLACEMENT,0,,,,,,,,,,
EVT-000276-03,USR-000276,ACC-000276,TRANSACTION,TRANSACTION,2026-10-04T00:30:00,DEV-000276-01,,,transaction,SUCCESS,7968.16,,paysim,LEGITIMATE_SIM_REPLACEMENT,0,PAYMENT,56102.0,48133.84,0.0,0.0,351,C102063892,M219719631,0,0
EVT-000277-01,USR-000277,ACC-000277,TELECOM,SIM_REPLACEMENT,2026-10-05T00:00:00,DEV-000277-01,,,telecom,SUCCESS,,,synthetic,SUSPICIOUS_SIM_REPLACEMENT,1,,,,,,,,,,
EVT-000277-02,USR-000277,ACC-000277,DEVICE,NEW_DEVICE,2026-10-05T00:05:00,DEV-000277-02,,,device,UNRECOGNIZED,,,synthetic,SUSPICIOUS_SIM_REPLACEMENT,1,,,,,,,,,,
EVT-000277-03,USR-000277,ACC-000277,AUTHENTICATION,FAILED_LOGIN,2026-10-05T00:10:00,DEV-000277-02,,,authentication,FAILURE,,,synthetic,SUSPICIOUS_SIM_REPLACEMENT,1,,,,,,,,,,
EVT-000277-04,USR-000277,ACC-000277,RECOVERY,PASSWORD_RESET,2026-10-05T00:15:00,DEV-000277-02,,,recovery,SUCCESS,,,synthetic,SUSPICIOUS_SIM_REPLACEMENT,1,,,,,,,,,,
EVT-000277-05,USR-000277,ACC-000277,ACCOUNT,NEW_BENEFICIARY,2026-10-05T00:20:00,DEV-000277-02,,,account,SUCCESS,,BEN-000277-01,synthetic,SUSPICIOUS_SIM_REPLACEMENT,1,,,,,,,,,,
EVT-000277-06,USR-000277,ACC-000277,TRANSACTION,TRANSACTION,2026-10-05T00:30:00,DEV-000277-02,,,transaction,SUCCESS,29851.53,,paysim,SUSPICIOUS_SIM_REPLACEMENT,1,PAYMENT,0.0,0.0,0.0,0.0,350,C1659983116,M421771515,0,0
EVT-000278-01,USR-000278,ACC-000278,TELECOM,SIM_REPLACEMENT,2026-10-06T00:00:00,DEV-000278-01,,,telecom,SUCCESS,,,synthetic,LEGITIMATE_SIM_REPLACEMENT,0,,,,,,,,,,
EVT-000278-02,USR-000278,ACC-000278,AUTHENTICATION,LOGIN,2026-10-06T00:10:00,DEV-000278-01,,,authentication,SUCCESS,,,synthetic,LEGITIMATE_SIM_REPLACEMENT,0,,,,,,,,,,
EVT-000278-03,USR-000278,ACC-000278,TRANSACTION,TRANSACTION,2026-10-06T00:30:00,DEV-000278-01,,,transaction,SUCCESS,4774.17,,paysim,LEGITIMATE_SIM_REPLACEMENT,0,PAYMENT,0.0,0.0,0.0,0.0,262,C360854377,M1629530239,0,0
EVT-000279-01,USR-000279,ACC-000279,TELECOM,ESIM_CHANGE,2026-10-07T00:00:00,DEV-000279-01,,,telecom,SUCCESS,,,synthetic,LEGITIMATE_ESIM_CHANGE,0,,,,,,,,,,
EVT-000279-02,USR-000279,ACC-000279,AUTHENTICATION,LOGIN,2026-10-07T00:10:00,DEV-000279-01,,,authentication,SUCCESS,,,synthetic,LEGITIMATE_ESIM_CHANGE,0,,,,,,,,,,
EVT-000280-01,USR-000280,ACC-000280,TELECOM,SIM_REPLACEMENT,2026-10-08T00:00:00,DEV-000280-01,,,telecom,SUCCESS,,,synthetic,SUSPICIOUS_SIM_REPLACEMENT,1,,,,,,,,,,
EVT-000280-02,USR-000280,ACC-000280,DEVICE,NEW_DEVICE,2026-10-08T00:05:00,DEV-000280-02,,,device,UNRECOGNIZED,,,synthetic,SUSPICIOUS_SIM_REPLACEMENT,1,,,,,,,,,,
EVT-000280-03,USR-000280,ACC-000280,AUTHENTICATION,FAILED_LOGIN,2026-10-08T00:10:00,DEV-000280-02,,,authentication,FAILURE,,,synthetic,SUSPICIOUS_SIM_REPLACEMENT,1,,,,,,,,,,
EVT-000280-04,USR-000280,ACC-000280,RECOVERY,PASSWORD_RESET,2026-10-08T00:15:00,DEV-000280-02,,,recovery,SUCCESS,,,synthetic,SUSPICIOUS_SIM_REPLACEMENT,1,,,,,,,,,,
EVT-000280-05,USR-000280,ACC-000280,ACCOUNT,NEW_BENEFICIARY,2026-10-08T00:20:00,DEV-000280-02,,,account,SUCCESS,,BEN-000280-01,synthetic,SUSPICIOUS_SIM_REPLACEMENT,1,,,,,,,,,,
EVT-000280-06,USR-000280,ACC-000280,TRANSACTION,TRANSACTION,2026-10-08T00:30:00,DEV-000280-02,,,transaction,SUCCESS,26304.84,,paysim,SUSPICIOUS_SIM_REPLACEMENT,1,PAYMENT,189675.38,163370.53,0.0,0.0,184,C659648275,M652156433,0,0
EVT-000281-01,USR-000281,ACC-000281,TELECOM,ESIM_CHANGE,2026-10-09T00:00:00,DEV-000281-01,,,telecom,SUCCESS,,,synthetic,LEGITIMATE_ESIM_CHANGE,0,,,,,,,,,,
EVT-000281-02,USR-000281,ACC-000281,AUTHENTICATION,LOGIN,2026-10-09T00:10:00,DEV-000281-01,,,authentication,SUCCESS,,,synthetic,LEGITIMATE_ESIM_CHANGE,0,,,,,,,,,,
EVT-000282-01,USR-000282,ACC-000282,TELECOM,ESIM_CHANGE,2026-10-10T00:00:00,DEV-000282-01,,,telecom,SUCCESS,,,synthetic,SUSPICIOUS_ESIM_CHANGE,1,,,,,,,,,,
EVT-000282-02,USR-000282,ACC-000282,DEVICE,NEW_DEVICE,2026-10-10T00:05:00,DEV-000282-02,,,device,UNRECOGNIZED,,,synthetic,SUSPICIOUS_ESIM_CHANGE,1,,,,,,,,,,
EVT-000282-03,USR-000282,ACC-000282,DEVICE,DEVICE_CHANGE,2026-10-10T00:08:00,DEV-000282-02,,,device,DEVIATION,,,synthetic,SUSPICIOUS_ESIM_CHANGE,1,,,,,,,,,,
EVT-000282-04,USR-000282,ACC-000282,AUTHENTICATION,FAILED_LOGIN,2026-10-10T00:10:00,DEV-000282-02,,,authentication,FAILURE,,,synthetic,SUSPICIOUS_ESIM_CHANGE,1,,,,,,,,,,
EVT-000282-05,USR-000282,ACC-000282,BEHAVIOUR,DEVICE_DEVIATION,2026-10-10T00:15:00,DEV-000282-02,,,behaviour,DEVIATION,,,synthetic,SUSPICIOUS_ESIM_CHANGE,1,,,,,,,,,,
EVT-000282-06,USR-000282,ACC-000282,TRANSACTION,TRANSACTION,2026-10-10T00:30:00,DEV-000282-02,,,transaction,SUCCESS,33522.58,,paysim,SUSPICIOUS_ESIM_CHANGE,1,CASH_IN,10710.0,44232.58,0.0,0.0,377,C24189086,C985867622,0,0
EVT-000283-01,USR-000283,ACC-000283,TELECOM,ESIM_CHANGE,2026-10-11T00:00:00,DEV-000283-01,,,telecom,SUCCESS,,,synthetic,LEGITIMATE_ESIM_CHANGE,0,,,,,,,,,,
EVT-000283-02,USR-000283,ACC-000283,AUTHENTICATION,LOGIN,2026-10-11T00:10:00,DEV-000283-01,,,authentication,SUCCESS,,,synthetic,LEGITIMATE_ESIM_CHANGE,0,,,,,,,,,,
EVT-000284-01,USR-000284,ACC-000284,TELECOM,SIM_REPLACEMENT,2026-10-12T00:00:00,DEV-000284-01,,,telecom,SUCCESS,,,synthetic,SUSPICIOUS_SIM_REPLACEMENT,1,,,,,,,,,,
EVT-000284-02,USR-000284,ACC-000284,DEVICE,NEW_DEVICE,2026-10-12T00:05:00,DEV-000284-02,,,device,UNRECOGNIZED,,,synthetic,SUSPICIOUS_SIM_REPLACEMENT,1,,,,,,,,,,
EVT-000284-03,USR-000284,ACC-000284,AUTHENTICATION,FAILED_LOGIN,2026-10-12T00:10:00,DEV-000284-02,,,authentication,FAILURE,,,synthetic,SUSPICIOUS_SIM_REPLACEMENT,1,,,,,,,,,,
EVT-000284-04,USR-000284,ACC-000284,RECOVERY,PASSWORD_RESET,2026-10-12T00:15:00,DEV-000284-02,,,recovery,SUCCESS,,,synthetic,SUSPICIOUS_SIM_REPLACEMENT,1,,,,,,,,,,
EVT-000284-05,USR-000284,ACC-000284,ACCOUNT,NEW_BENEFICIARY,2026-10-12T00:20:00,DEV-000284-02,,,account,SUCCESS,,BEN-000284-01,synthetic,SUSPICIOUS_SIM_REPLACEMENT,1,,,,,,,,,,
EVT-000284-06,USR-000284,ACC-000284,TRANSACTION,TRANSACTION,2026-10-12T00:30:00,DEV-000284-02,,,transaction,SUCCESS,6402.27,,paysim,SUSPICIOUS_SIM_REPLACEMENT,1,PAYMENT,41360.42,34958.15,0.0,0.0,275,C519151668,M500323824,0,0
EVT-000285-01,USR-000285,ACC-000285,TELECOM,ESIM_CHANGE,2026-10-13T00:00:00,DEV-000285-01,,,telecom,SUCCESS,,,synthetic,LEGITIMATE_ESIM_CHANGE,0,,,,,,,,,,
EVT-000285-02,USR-000285,ACC-000285,AUTHENTICATION,LOGIN,2026-10-13T00:10:00,DEV-000285-01,,,authentication,SUCCESS,,,synthetic,LEGITIMATE_ESIM_CHANGE,0,,,,,,,,,,
EVT-000286-01,USR-000286,ACC-000286,TELECOM,SIM_SWAP,2026-10-14T00:00:00,DEV-000286-01,,,telecom,SUCCESS,,,synthetic,SIM_ESIM_AUTH_ANOMALY,1,,,,,,,,,,
EVT-000286-02,USR-000286,ACC-000286,DEVICE,NEW_DEVICE,2026-10-14T00:05:00,DEV-000286-02,,,device,UNRECOGNIZED,,,synthetic,SIM_ESIM_AUTH_ANOMALY,1,,,,,,,,,,
EVT-000286-03,USR-000286,ACC-000286,AUTHENTICATION,FAILED_LOGIN,2026-10-14T00:10:00,DEV-000286-02,,,authentication,FAILURE,,,synthetic,SIM_ESIM_AUTH_ANOMALY,1,,,,,,,,,,
EVT-000286-04,USR-000286,ACC-000286,AUTHENTICATION,FAILED_LOGIN,2026-10-14T00:12:00,DEV-000286-02,,,authentication,FAILURE,,,synthetic,SIM_ESIM_AUTH_ANOMALY,1,,,,,,,,,,
EVT-000286-05,USR-000286,ACC-000286,BEHAVIOUR,DEVICE_DEVIATION,2026-10-14T00:15:00,DEV-000286-02,,,behaviour,DEVIATION,,,synthetic,SIM_ESIM_AUTH_ANOMALY,1,,,,,,,,,,
EVT-000287-01,USR-000287,ACC-000287,TELECOM,ESIM_CHANGE,2026-10-15T00:00:00,DEV-000287-01,,,telecom,SUCCESS,,,synthetic,LEGITIMATE_ESIM_CHANGE,0,,,,,,,,,,
EVT-000287-02,USR-000287,ACC-000287,AUTHENTICATION,LOGIN,2026-10-15T00:10:00,DEV-000287-01,,,authentication,SUCCESS,,,synthetic,LEGITIMATE_ESIM_CHANGE,0,,,,,,,,,,
EVT-000288-01,USR-000288,ACC-000288,TELECOM,SIM_REPLACEMENT,2026-10-16T00:00:00,DEV-000288-01,,,telecom,SUCCESS,,,synthetic,SUSPICIOUS_SIM_REPLACEMENT,1,,,,,,,,,,
EVT-000288-02,USR-000288,ACC-000288,DEVICE,NEW_DEVICE,2026-10-16T00:05:00,DEV-000288-02,,,device,UNRECOGNIZED,,,synthetic,SUSPICIOUS_SIM_REPLACEMENT,1,,,,,,,,,,
EVT-000288-03,USR-000288,ACC-000288,AUTHENTICATION,FAILED_LOGIN,2026-10-16T00:10:00,DEV-000288-02,,,authentication,FAILURE,,,synthetic,SUSPICIOUS_SIM_REPLACEMENT,1,,,,,,,,,,
EVT-000288-04,USR-000288,ACC-000288,RECOVERY,PASSWORD_RESET,2026-10-16T00:15:00,DEV-000288-02,,,recovery,SUCCESS,,,synthetic,SUSPICIOUS_SIM_REPLACEMENT,1,,,,,,,,,,
EVT-000288-05,USR-000288,ACC-000288,ACCOUNT,NEW_BENEFICIARY,2026-10-16T00:20:00,DEV-000288-02,,,account,SUCCESS,,BEN-000288-01,synthetic,SUSPICIOUS_SIM_REPLACEMENT,1,,,,,,,,,,
EVT-000288-06,USR-000288,ACC-000288,TRANSACTION,TRANSACTION,2026-10-16T00:30:00,DEV-000288-02,,,transaction,SUCCESS,3449.58,,paysim,SUSPICIOUS_SIM_REPLACEMENT,1,PAYMENT,239110.0,235660.42,0.0,0.0,215,C621932334,M830563289,0,0
EVT-000289-01,USR-000289,ACC-000289,TELECOM,SIM_SWAP,2026-10-17T00:00:00,DEV-000289-01,,,telecom,SUCCESS,,,synthetic,SIM_ESIM_AUTH_ANOMALY,1,,,,,,,,,,
EVT-000289-02,USR-000289,ACC-000289,DEVICE,NEW_DEVICE,2026-10-17T00:05:00,DEV-000289-02,,,device,UNRECOGNIZED,,,synthetic,SIM_ESIM_AUTH_ANOMALY,1,,,,,,,,,,
EVT-000289-03,USR-000289,ACC-000289,AUTHENTICATION,FAILED_LOGIN,2026-10-17T00:10:00,DEV-000289-02,,,authentication,FAILURE,,,synthetic,SIM_ESIM_AUTH_ANOMALY,1,,,,,,,,,,
EVT-000289-04,USR-000289,ACC-000289,AUTHENTICATION,FAILED_LOGIN,2026-10-17T00:12:00,DEV-000289-02,,,authentication,FAILURE,,,synthetic,SIM_ESIM_AUTH_ANOMALY,1,,,,,,,,,,
EVT-000289-05,USR-000289,ACC-000289,BEHAVIOUR,DEVICE_DEVIATION,2026-10-17T00:15:00,DEV-000289-02,,,behaviour,DEVIATION,,,synthetic,SIM_ESIM_AUTH_ANOMALY,1,,,,,,,,,,
EVT-000290-01,USR-000290,ACC-000290,TELECOM,ESIM_CHANGE,2026-10-18T00:00:00,DEV-000290-01,,,telecom,SUCCESS,,,synthetic,SUSPICIOUS_ESIM_CHANGE,1,,,,,,,,,,
EVT-000290-02,USR-000290,ACC-000290,DEVICE,NEW_DEVICE,2026-10-18T00:05:00,DEV-000290-02,,,device,UNRECOGNIZED,,,synthetic,SUSPICIOUS_ESIM_CHANGE,1,,,,,,,,,,
EVT-000290-03,USR-000290,ACC-000290,DEVICE,DEVICE_CHANGE,2026-10-18T00:08:00,DEV-000290-02,,,device,DEVIATION,,,synthetic,SUSPICIOUS_ESIM_CHANGE,1,,,,,,,,,,
EVT-000290-04,USR-000290,ACC-000290,AUTHENTICATION,FAILED_LOGIN,2026-10-18T00:10:00,DEV-000290-02,,,authentication,FAILURE,,,synthetic,SUSPICIOUS_ESIM_CHANGE,1,,,,,,,,,,
EVT-000290-05,USR-000290,ACC-000290,BEHAVIOUR,DEVICE_DEVIATION,2026-10-18T00:15:00,DEV-000290-02,,,behaviour,DEVIATION,,,synthetic,SUSPICIOUS_ESIM_CHANGE,1,,,,,,,,,,
EVT-000290-06,USR-000290,ACC-000290,TRANSACTION,TRANSACTION,2026-10-18T00:30:00,DEV-000290-02,,,transaction,SUCCESS,168191.62,,paysim,SUSPICIOUS_ESIM_CHANGE,1,CASH_OUT,0.0,0.0,224987.73,393179.35,232,C264234592,C414690879,0,0
EVT-000291-01,USR-000291,ACC-000291,TELECOM,SIM_REPLACEMENT,2026-10-19T00:00:00,DEV-000291-01,,,telecom,SUCCESS,,,synthetic,SUSPICIOUS_SIM_REPLACEMENT,1,,,,,,,,,,
EVT-000291-02,USR-000291,ACC-000291,DEVICE,NEW_DEVICE,2026-10-19T00:05:00,DEV-000291-02,,,device,UNRECOGNIZED,,,synthetic,SUSPICIOUS_SIM_REPLACEMENT,1,,,,,,,,,,
EVT-000291-03,USR-000291,ACC-000291,AUTHENTICATION,FAILED_LOGIN,2026-10-19T00:10:00,DEV-000291-02,,,authentication,FAILURE,,,synthetic,SUSPICIOUS_SIM_REPLACEMENT,1,,,,,,,,,,
EVT-000291-04,USR-000291,ACC-000291,RECOVERY,PASSWORD_RESET,2026-10-19T00:15:00,DEV-000291-02,,,recovery,SUCCESS,,,synthetic,SUSPICIOUS_SIM_REPLACEMENT,1,,,,,,,,,,
EVT-000291-05,USR-000291,ACC-000291,ACCOUNT,NEW_BENEFICIARY,2026-10-19T00:20:00,DEV-000291-02,,,account,SUCCESS,,BEN-000291-01,synthetic,SUSPICIOUS_SIM_REPLACEMENT,1,,,,,,,,,,
EVT-000291-06,USR-000291,ACC-000291,TRANSACTION,TRANSACTION,2026-10-19T00:30:00,DEV-000291-02,,,transaction,SUCCESS,346755.52,,paysim,SUSPICIOUS_SIM_REPLACEMENT,1,CASH_OUT,37986.0,0.0,0.0,346755.52,348,C1540708705,C798097461,0,0
EVT-000292-01,USR-000292,ACC-000292,TELECOM,SIM_REPLACEMENT,2026-10-20T00:00:00,DEV-000292-01,,,telecom,SUCCESS,,,synthetic,LEGITIMATE_SIM_REPLACEMENT,0,,,,,,,,,,
EVT-000292-02,USR-000292,ACC-000292,AUTHENTICATION,LOGIN,2026-10-20T00:10:00,DEV-000292-01,,,authentication,SUCCESS,,,synthetic,LEGITIMATE_SIM_REPLACEMENT,0,,,,,,,,,,
EVT-000292-03,USR-000292,ACC-000292,TRANSACTION,TRANSACTION,2026-10-20T00:30:00,DEV-000292-01,,,transaction,SUCCESS,121408.72,,paysim,LEGITIMATE_SIM_REPLACEMENT,0,CASH_IN,15228.0,136636.72,995343.6,873934.88,226,C1150081859,C729942809,0,0
EVT-000293-01,USR-000293,ACC-000293,TELECOM,SIM_REPLACEMENT,2026-10-21T00:00:00,DEV-000293-01,,,telecom,SUCCESS,,,synthetic,SUSPICIOUS_SIM_REPLACEMENT,1,,,,,,,,,,
EVT-000293-02,USR-000293,ACC-000293,DEVICE,NEW_DEVICE,2026-10-21T00:05:00,DEV-000293-02,,,device,UNRECOGNIZED,,,synthetic,SUSPICIOUS_SIM_REPLACEMENT,1,,,,,,,,,,
EVT-000293-03,USR-000293,ACC-000293,AUTHENTICATION,FAILED_LOGIN,2026-10-21T00:10:00,DEV-000293-02,,,authentication,FAILURE,,,synthetic,SUSPICIOUS_SIM_REPLACEMENT,1,,,,,,,,,,
EVT-000293-04,USR-000293,ACC-000293,RECOVERY,PASSWORD_RESET,2026-10-21T00:15:00,DEV-000293-02,,,recovery,SUCCESS,,,synthetic,SUSPICIOUS_SIM_REPLACEMENT,1,,,,,,,,,,
EVT-000293-05,USR-000293,ACC-000293,ACCOUNT,NEW_BENEFICIARY,2026-10-21T00:20:00,DEV-000293-02,,,account,SUCCESS,,BEN-000293-01,synthetic,SUSPICIOUS_SIM_REPLACEMENT,1,,,,,,,,,,
EVT-000293-06,USR-000293,ACC-000293,TRANSACTION,TRANSACTION,2026-10-21T00:30:00,DEV-000293-02,,,transaction,SUCCESS,309258.68,,paysim,SUSPICIOUS_SIM_REPLACEMENT,1,CASH_OUT,0.0,0.0,339159.82,648418.5,400,C688514304,C882217742,0,0
EVT-000294-01,USR-000294,ACC-000294,TELECOM,ESIM_CHANGE,2026-10-22T00:00:00,DEV-000294-01,,,telecom,SUCCESS,,,synthetic,SUSPICIOUS_ESIM_CHANGE,1,,,,,,,,,,
EVT-000294-02,USR-000294,ACC-000294,DEVICE,NEW_DEVICE,2026-10-22T00:05:00,DEV-000294-02,,,device,UNRECOGNIZED,,,synthetic,SUSPICIOUS_ESIM_CHANGE,1,,,,,,,,,,
EVT-000294-03,USR-000294,ACC-000294,DEVICE,DEVICE_CHANGE,2026-10-22T00:08:00,DEV-000294-02,,,device,DEVIATION,,,synthetic,SUSPICIOUS_ESIM_CHANGE,1,,,,,,,,,,
EVT-000294-04,USR-000294,ACC-000294,AUTHENTICATION,FAILED_LOGIN,2026-10-22T00:10:00,DEV-000294-02,,,authentication,FAILURE,,,synthetic,SUSPICIOUS_ESIM_CHANGE,1,,,,,,,,,,
EVT-000294-05,USR-000294,ACC-000294,BEHAVIOUR,DEVICE_DEVIATION,2026-10-22T00:15:00,DEV-000294-02,,,behaviour,DEVIATION,,,synthetic,SUSPICIOUS_ESIM_CHANGE,1,,,,,,,,,,
EVT-000294-06,USR-000294,ACC-000294,TRANSACTION,TRANSACTION,2026-10-22T00:30:00,DEV-000294-02,,,transaction,SUCCESS,220462.12,,paysim,SUSPICIOUS_ESIM_CHANGE,1,CASH_OUT,0.0,0.0,1381657.22,1602119.35,18,C932641459,C63243575,0,0
EVT-000295-01,USR-000295,ACC-000295,TELECOM,SIM_REPLACEMENT,2026-10-23T00:00:00,DEV-000295-01,,,telecom,SUCCESS,,,synthetic,SUSPICIOUS_SIM_REPLACEMENT,1,,,,,,,,,,
EVT-000295-02,USR-000295,ACC-000295,DEVICE,NEW_DEVICE,2026-10-23T00:05:00,DEV-000295-02,,,device,UNRECOGNIZED,,,synthetic,SUSPICIOUS_SIM_REPLACEMENT,1,,,,,,,,,,
EVT-000295-03,USR-000295,ACC-000295,AUTHENTICATION,FAILED_LOGIN,2026-10-23T00:10:00,DEV-000295-02,,,authentication,FAILURE,,,synthetic,SUSPICIOUS_SIM_REPLACEMENT,1,,,,,,,,,,
EVT-000295-04,USR-000295,ACC-000295,RECOVERY,PASSWORD_RESET,2026-10-23T00:15:00,DEV-000295-02,,,recovery,SUCCESS,,,synthetic,SUSPICIOUS_SIM_REPLACEMENT,1,,,,,,,,,,
EVT-000295-05,USR-000295,ACC-000295,ACCOUNT,NEW_BENEFICIARY,2026-10-23T00:20:00,DEV-000295-02,,,account,SUCCESS,,BEN-000295-01,synthetic,SUSPICIOUS_SIM_REPLACEMENT,1,,,,,,,,,,
EVT-000295-06,USR-000295,ACC-000295,TRANSACTION,TRANSACTION,2026-10-23T00:30:00,DEV-000295-02,,,transaction,SUCCESS,2084.87,,paysim,SUSPICIOUS_SIM_REPLACEMENT,1,PAYMENT,0.0,0.0,0.0,0.0,201,C525896891,M545091375,0,0
EVT-000296-01,USR-000296,ACC-000296,TELECOM,SIM_SWAP,2026-10-24T00:00:00,DEV-000296-01,,,telecom,SUCCESS,,,synthetic,SIM_ESIM_AUTH_ANOMALY,1,,,,,,,,,,
EVT-000296-02,USR-000296,ACC-000296,DEVICE,NEW_DEVICE,2026-10-24T00:05:00,DEV-000296-02,,,device,UNRECOGNIZED,,,synthetic,SIM_ESIM_AUTH_ANOMALY,1,,,,,,,,,,
EVT-000296-03,USR-000296,ACC-000296,AUTHENTICATION,FAILED_LOGIN,2026-10-24T00:10:00,DEV-000296-02,,,authentication,FAILURE,,,synthetic,SIM_ESIM_AUTH_ANOMALY,1,,,,,,,,,,
EVT-000296-04,USR-000296,ACC-000296,AUTHENTICATION,FAILED_LOGIN,2026-10-24T00:12:00,DEV-000296-02,,,authentication,FAILURE,,,synthetic,SIM_ESIM_AUTH_ANOMALY,1,,,,,,,,,,
EVT-000296-05,USR-000296,ACC-000296,BEHAVIOUR,DEVICE_DEVIATION,2026-10-24T00:15:00,DEV-000296-02,,,behaviour,DEVIATION,,,synthetic,SIM_ESIM_AUTH_ANOMALY,1,,,,,,,,,,
EVT-000297-01,USR-000297,ACC-000297,TELECOM,SIM_REPLACEMENT,2026-10-25T00:00:00,DEV-000297-01,,,telecom,SUCCESS,,,synthetic,LEGITIMATE_SIM_REPLACEMENT,0,,,,,,,,,,
EVT-000297-02,USR-000297,ACC-000297,AUTHENTICATION,LOGIN,2026-10-25T00:10:00,DEV-000297-01,,,authentication,SUCCESS,,,synthetic,LEGITIMATE_SIM_REPLACEMENT,0,,,,,,,,,,
EVT-000297-03,USR-000297,ACC-000297,TRANSACTION,TRANSACTION,2026-10-25T00:30:00,DEV-000297-01,,,transaction,SUCCESS,37764.22,,paysim,LEGITIMATE_SIM_REPLACEMENT,0,CASH_OUT,64.0,0.0,1.009671535E7,1.013447958E7,14,C2134320505,C16485504,0,0
EVT-000298-01,USR-000298,ACC-000298,TELECOM,SIM_REPLACEMENT,2026-10-26T00:00:00,DEV-000298-01,,,telecom,SUCCESS,,,synthetic,LEGITIMATE_SIM_REPLACEMENT,0,,,,,,,,,,
EVT-000298-02,USR-000298,ACC-000298,AUTHENTICATION,LOGIN,2026-10-26T00:10:00,DEV-000298-01,,,authentication,SUCCESS,,,synthetic,LEGITIMATE_SIM_REPLACEMENT,0,,,,,,,,,,
EVT-000298-03,USR-000298,ACC-000298,TRANSACTION,TRANSACTION,2026-10-26T00:30:00,DEV-000298-01,,,transaction,SUCCESS,12156.3,,paysim,LEGITIMATE_SIM_REPLACEMENT,0,PAYMENT,0.0,0.0,0.0,0.0,332,C627360466,M1066642157,0,0
EVT-000299-01,USR-000299,ACC-000299,TELECOM,SIM_REPLACEMENT,2026-10-27T00:00:00,DEV-000299-01,,,telecom,SUCCESS,,,synthetic,SUSPICIOUS_SIM_REPLACEMENT,1,,,,,,,,,,
EVT-000299-02,USR-000299,ACC-000299,DEVICE,NEW_DEVICE,2026-10-27T00:05:00,DEV-000299-02,,,device,UNRECOGNIZED,,,synthetic,SUSPICIOUS_SIM_REPLACEMENT,1,,,,,,,,,,
EVT-000299-03,USR-000299,ACC-000299,AUTHENTICATION,FAILED_LOGIN,2026-10-27T00:10:00,DEV-000299-02,,,authentication,FAILURE,,,synthetic,SUSPICIOUS_SIM_REPLACEMENT,1,,,,,,,,,,
EVT-000299-04,USR-000299,ACC-000299,RECOVERY,PASSWORD_RESET,2026-10-27T00:15:00,DEV-000299-02,,,recovery,SUCCESS,,,synthetic,SUSPICIOUS_SIM_REPLACEMENT,1,,,,,,,,,,
EVT-000299-05,USR-000299,ACC-000299,ACCOUNT,NEW_BENEFICIARY,2026-10-27T00:20:00,DEV-000299-02,,,account,SUCCESS,,BEN-000299-01,synthetic,SUSPICIOUS_SIM_REPLACEMENT,1,,,,,,,,,,
EVT-000299-06,USR-000299,ACC-000299,TRANSACTION,TRANSACTION,2026-10-27T00:30:00,DEV-000299-02,,,transaction,SUCCESS,9523.04,,paysim,SUSPICIOUS_SIM_REPLACEMENT,1,PAYMENT,108034.18,98511.14,0.0,0.0,182,C849335578,M1992942674,0,0
EVT-000300-01,USR-000300,ACC-000300,TELECOM,SIM_REPLACEMENT,2026-10-28T00:00:00,DEV-000300-01,,,telecom,SUCCESS,,,synthetic,SUSPICIOUS_SIM_REPLACEMENT,1,,,,,,,,,,
EVT-000300-02,USR-000300,ACC-000300,DEVICE,NEW_DEVICE,2026-10-28T00:05:00,DEV-000300-02,,,device,UNRECOGNIZED,,,synthetic,SUSPICIOUS_SIM_REPLACEMENT,1,,,,,,,,,,
EVT-000300-03,USR-000300,ACC-000300,AUTHENTICATION,FAILED_LOGIN,2026-10-28T00:10:00,DEV-000300-02,,,authentication,FAILURE,,,synthetic,SUSPICIOUS_SIM_REPLACEMENT,1,,,,,,,,,,
EVT-000300-04,USR-000300,ACC-000300,RECOVERY,PASSWORD_RESET,2026-10-28T00:15:00,DEV-000300-02,,,recovery,SUCCESS,,,synthetic,SUSPICIOUS_SIM_REPLACEMENT,1,,,,,,,,,,
EVT-000300-05,USR-000300,ACC-000300,ACCOUNT,NEW_BENEFICIARY,2026-10-28T00:20:00,DEV-000300-02,,,account,SUCCESS,,BEN-000300-01,synthetic,SUSPICIOUS_SIM_REPLACEMENT,1,,,,,,,,,,
EVT-000300-06,USR-000300,ACC-000300,TRANSACTION,TRANSACTION,2026-10-28T00:30:00,DEV-000300-02,,,transaction,SUCCESS,12565.85,,paysim,SUSPICIOUS_SIM_REPLACEMENT,1,CASH_OUT,579877.0,567311.15,111278.13,123843.99,420,C252008480,C150820333,0,0
EVT-000301-01,USR-000301,ACC-000301,TELECOM,SIM_REPLACEMENT,2026-10-29T00:00:00,DEV-000301-01,,,telecom,SUCCESS,,,synthetic,LEGITIMATE_SIM_REPLACEMENT,0,,,,,,,,,,
EVT-000301-02,USR-000301,ACC-000301,AUTHENTICATION,LOGIN,2026-10-29T00:10:00,DEV-000301-01,,,authentication,SUCCESS,,,synthetic,LEGITIMATE_SIM_REPLACEMENT,0,,,,,,,,,,
EVT-000301-03,USR-000301,ACC-000301,TRANSACTION,TRANSACTION,2026-10-29T00:30:00,DEV-000301-01,,,transaction,SUCCESS,9084.58,,paysim,LEGITIMATE_SIM_REPLACEMENT,0,CASH_IN,2339872.25,2348956.83,509681.86,409634.09,282,C1417372707,C508992992,0,0
EVT-000302-01,USR-000302,ACC-000302,TELECOM,SIM_REPLACEMENT,2026-10-30T00:00:00,DEV-000302-01,,,telecom,SUCCESS,,,synthetic,SUSPICIOUS_SIM_REPLACEMENT,1,,,,,,,,,,
EVT-000302-02,USR-000302,ACC-000302,DEVICE,NEW_DEVICE,2026-10-30T00:05:00,DEV-000302-02,,,device,UNRECOGNIZED,,,synthetic,SUSPICIOUS_SIM_REPLACEMENT,1,,,,,,,,,,
EVT-000302-03,USR-000302,ACC-000302,AUTHENTICATION,FAILED_LOGIN,2026-10-30T00:10:00,DEV-000302-02,,,authentication,FAILURE,,,synthetic,SUSPICIOUS_SIM_REPLACEMENT,1,,,,,,,,,,
EVT-000302-04,USR-000302,ACC-000302,RECOVERY,PASSWORD_RESET,2026-10-30T00:15:00,DEV-000302-02,,,recovery,SUCCESS,,,synthetic,SUSPICIOUS_SIM_REPLACEMENT,1,,,,,,,,,,
EVT-000302-05,USR-000302,ACC-000302,ACCOUNT,NEW_BENEFICIARY,2026-10-30T00:20:00,DEV-000302-02,,,account,SUCCESS,,BEN-000302-01,synthetic,SUSPICIOUS_SIM_REPLACEMENT,1,,,,,,,,,,
EVT-000302-06,USR-000302,ACC-000302,TRANSACTION,TRANSACTION,2026-10-30T00:30:00,DEV-000302-02,,,transaction,SUCCESS,240300.69,,paysim,SUSPICIOUS_SIM_REPLACEMENT,1,CASH_OUT,15986.0,0.0,858857.39,1099158.08,327,C371728739,C1895377777,0,0
EVT-000303-01,USR-000303,ACC-000303,TELECOM,SIM_REPLACEMENT,2026-10-31T00:00:00,DEV-000303-01,,,telecom,SUCCESS,,,synthetic,SUSPICIOUS_SIM_REPLACEMENT,1,,,,,,,,,,
EVT-000303-02,USR-000303,ACC-000303,DEVICE,NEW_DEVICE,2026-10-31T00:05:00,DEV-000303-02,,,device,UNRECOGNIZED,,,synthetic,SUSPICIOUS_SIM_REPLACEMENT,1,,,,,,,,,,
EVT-000303-03,USR-000303,ACC-000303,AUTHENTICATION,FAILED_LOGIN,2026-10-31T00:10:00,DEV-000303-02,,,authentication,FAILURE,,,synthetic,SUSPICIOUS_SIM_REPLACEMENT,1,,,,,,,,,,
EVT-000303-04,USR-000303,ACC-000303,RECOVERY,PASSWORD_RESET,2026-10-31T00:15:00,DEV-000303-02,,,recovery,SUCCESS,,,synthetic,SUSPICIOUS_SIM_REPLACEMENT,1,,,,,,,,,,
EVT-000303-05,USR-000303,ACC-000303,ACCOUNT,NEW_BENEFICIARY,2026-10-31T00:20:00,DEV-000303-02,,,account,SUCCESS,,BEN-000303-01,synthetic,SUSPICIOUS_SIM_REPLACEMENT,1,,,,,,,,,,
EVT-000303-06,USR-000303,ACC-000303,TRANSACTION,TRANSACTION,2026-10-31T00:30:00,DEV-000303-02,,,transaction,SUCCESS,78429.88,,paysim,SUSPICIOUS_SIM_REPLACEMENT,1,CASH_OUT,0.0,0.0,9889816.1,9968245.98,305,C1178631501,C524099706,0,0
EVT-000304-01,USR-000304,ACC-000304,TELECOM,ESIM_CHANGE,2026-11-01T00:00:00,DEV-000304-01,,,telecom,SUCCESS,,,synthetic,LEGITIMATE_ESIM_CHANGE,0,,,,,,,,,,
EVT-000304-02,USR-000304,ACC-000304,AUTHENTICATION,LOGIN,2026-11-01T00:10:00,DEV-000304-01,,,authentication,SUCCESS,,,synthetic,LEGITIMATE_ESIM_CHANGE,0,,,,,,,,,,
EVT-000305-01,USR-000305,ACC-000305,TELECOM,SIM_REPLACEMENT,2026-11-02T00:00:00,DEV-000305-01,,,telecom,SUCCESS,,,synthetic,SUSPICIOUS_SIM_REPLACEMENT,1,,,,,,,,,,
EVT-000305-02,USR-000305,ACC-000305,DEVICE,NEW_DEVICE,2026-11-02T00:05:00,DEV-000305-02,,,device,UNRECOGNIZED,,,synthetic,SUSPICIOUS_SIM_REPLACEMENT,1,,,,,,,,,,
EVT-000305-03,USR-000305,ACC-000305,AUTHENTICATION,FAILED_LOGIN,2026-11-02T00:10:00,DEV-000305-02,,,authentication,FAILURE,,,synthetic,SUSPICIOUS_SIM_REPLACEMENT,1,,,,,,,,,,
EVT-000305-04,USR-000305,ACC-000305,RECOVERY,PASSWORD_RESET,2026-11-02T00:15:00,DEV-000305-02,,,recovery,SUCCESS,,,synthetic,SUSPICIOUS_SIM_REPLACEMENT,1,,,,,,,,,,
EVT-000305-05,USR-000305,ACC-000305,ACCOUNT,NEW_BENEFICIARY,2026-11-02T00:20:00,DEV-000305-02,,,account,SUCCESS,,BEN-000305-01,synthetic,SUSPICIOUS_SIM_REPLACEMENT,1,,,,,,,,,,
EVT-000305-06,USR-000305,ACC-000305,TRANSACTION,TRANSACTION,2026-11-02T00:30:00,DEV-000305-02,,,transaction,SUCCESS,27323.06,,paysim,SUSPICIOUS_SIM_REPLACEMENT,1,PAYMENT,166160.37,138837.31,0.0,0.0,374,C1995361545,M2084579206,0,0
EVT-000306-01,USR-000306,ACC-000306,TELECOM,ESIM_CHANGE,2026-11-03T00:00:00,DEV-000306-01,,,telecom,SUCCESS,,,synthetic,SUSPICIOUS_ESIM_CHANGE,1,,,,,,,,,,
EVT-000306-02,USR-000306,ACC-000306,DEVICE,NEW_DEVICE,2026-11-03T00:05:00,DEV-000306-02,,,device,UNRECOGNIZED,,,synthetic,SUSPICIOUS_ESIM_CHANGE,1,,,,,,,,,,
EVT-000306-03,USR-000306,ACC-000306,DEVICE,DEVICE_CHANGE,2026-11-03T00:08:00,DEV-000306-02,,,device,DEVIATION,,,synthetic,SUSPICIOUS_ESIM_CHANGE,1,,,,,,,,,,
EVT-000306-04,USR-000306,ACC-000306,AUTHENTICATION,FAILED_LOGIN,2026-11-03T00:10:00,DEV-000306-02,,,authentication,FAILURE,,,synthetic,SUSPICIOUS_ESIM_CHANGE,1,,,,,,,,,,
EVT-000306-05,USR-000306,ACC-000306,BEHAVIOUR,DEVICE_DEVIATION,2026-11-03T00:15:00,DEV-000306-02,,,behaviour,DEVIATION,,,synthetic,SUSPICIOUS_ESIM_CHANGE,1,,,,,,,,,,
EVT-000306-06,USR-000306,ACC-000306,TRANSACTION,TRANSACTION,2026-11-03T00:30:00,DEV-000306-02,,,transaction,SUCCESS,55863.09,,paysim,SUSPICIOUS_ESIM_CHANGE,1,CASH_OUT,78411.0,22547.91,0.0,55863.09,275,C1719163852,C31785545,0,0
EVT-000307-01,USR-000307,ACC-000307,TELECOM,ESIM_CHANGE,2026-11-04T00:00:00,DEV-000307-01,,,telecom,SUCCESS,,,synthetic,LEGITIMATE_ESIM_CHANGE,0,,,,,,,,,,
EVT-000307-02,USR-000307,ACC-000307,AUTHENTICATION,LOGIN,2026-11-04T00:10:00,DEV-000307-01,,,authentication,SUCCESS,,,synthetic,LEGITIMATE_ESIM_CHANGE,0,,,,,,,,,,
EVT-000308-01,USR-000308,ACC-000308,TELECOM,ESIM_CHANGE,2026-11-05T00:00:00,DEV-000308-01,,,telecom,SUCCESS,,,synthetic,SUSPICIOUS_ESIM_CHANGE,1,,,,,,,,,,
EVT-000308-02,USR-000308,ACC-000308,DEVICE,NEW_DEVICE,2026-11-05T00:05:00,DEV-000308-02,,,device,UNRECOGNIZED,,,synthetic,SUSPICIOUS_ESIM_CHANGE,1,,,,,,,,,,
EVT-000308-03,USR-000308,ACC-000308,DEVICE,DEVICE_CHANGE,2026-11-05T00:08:00,DEV-000308-02,,,device,DEVIATION,,,synthetic,SUSPICIOUS_ESIM_CHANGE,1,,,,,,,,,,
EVT-000308-04,USR-000308,ACC-000308,AUTHENTICATION,FAILED_LOGIN,2026-11-05T00:10:00,DEV-000308-02,,,authentication,FAILURE,,,synthetic,SUSPICIOUS_ESIM_CHANGE,1,,,,,,,,,,
EVT-000308-05,USR-000308,ACC-000308,BEHAVIOUR,DEVICE_DEVIATION,2026-11-05T00:15:00,DEV-000308-02,,,behaviour,DEVIATION,,,synthetic,SUSPICIOUS_ESIM_CHANGE,1,,,,,,,,,,
EVT-000308-06,USR-000308,ACC-000308,TRANSACTION,TRANSACTION,2026-11-05T00:30:00,DEV-000308-02,,,transaction,SUCCESS,217174.65,,paysim,SUSPICIOUS_ESIM_CHANGE,1,CASH_OUT,52139.0,0.0,0.0,217174.65,48,C2040761950,C1426710143,0,0
EVT-000309-01,USR-000309,ACC-000309,TELECOM,SIM_REPLACEMENT,2026-11-06T00:00:00,DEV-000309-01,,,telecom,SUCCESS,,,synthetic,SUSPICIOUS_SIM_REPLACEMENT,1,,,,,,,,,,
EVT-000309-02,USR-000309,ACC-000309,DEVICE,NEW_DEVICE,2026-11-06T00:05:00,DEV-000309-02,,,device,UNRECOGNIZED,,,synthetic,SUSPICIOUS_SIM_REPLACEMENT,1,,,,,,,,,,
EVT-000309-03,USR-000309,ACC-000309,AUTHENTICATION,FAILED_LOGIN,2026-11-06T00:10:00,DEV-000309-02,,,authentication,FAILURE,,,synthetic,SUSPICIOUS_SIM_REPLACEMENT,1,,,,,,,,,,
EVT-000309-04,USR-000309,ACC-000309,RECOVERY,PASSWORD_RESET,2026-11-06T00:15:00,DEV-000309-02,,,recovery,SUCCESS,,,synthetic,SUSPICIOUS_SIM_REPLACEMENT,1,,,,,,,,,,
EVT-000309-05,USR-000309,ACC-000309,ACCOUNT,NEW_BENEFICIARY,2026-11-06T00:20:00,DEV-000309-02,,,account,SUCCESS,,BEN-000309-01,synthetic,SUSPICIOUS_SIM_REPLACEMENT,1,,,,,,,,,,
EVT-000309-06,USR-000309,ACC-000309,TRANSACTION,TRANSACTION,2026-11-06T00:30:00,DEV-000309-02,,,transaction,SUCCESS,167606.02,,paysim,SUSPICIOUS_SIM_REPLACEMENT,1,CASH_OUT,0.0,0.0,2755177.03,2922783.04,399,C769689881,C1942053558,0,0
EVT-000310-01,USR-000310,ACC-000310,TELECOM,SIM_REPLACEMENT,2026-11-07T00:00:00,DEV-000310-01,,,telecom,SUCCESS,,,synthetic,LEGITIMATE_SIM_REPLACEMENT,0,,,,,,,,,,
EVT-000310-02,USR-000310,ACC-000310,AUTHENTICATION,LOGIN,2026-11-07T00:10:00,DEV-000310-01,,,authentication,SUCCESS,,,synthetic,LEGITIMATE_SIM_REPLACEMENT,0,,,,,,,,,,
EVT-000310-03,USR-000310,ACC-000310,TRANSACTION,TRANSACTION,2026-11-07T00:30:00,DEV-000310-01,,,transaction,SUCCESS,454263.44,,paysim,LEGITIMATE_SIM_REPLACEMENT,0,CASH_IN,173063.62,627327.06,889059.39,434795.95,161,C26242864,C1076201508,0,0
EVT-000311-01,USR-000311,ACC-000311,TELECOM,SIM_REPLACEMENT,2026-11-08T00:00:00,DEV-000311-01,,,telecom,SUCCESS,,,synthetic,SUSPICIOUS_SIM_REPLACEMENT,1,,,,,,,,,,
EVT-000311-02,USR-000311,ACC-000311,DEVICE,NEW_DEVICE,2026-11-08T00:05:00,DEV-000311-02,,,device,UNRECOGNIZED,,,synthetic,SUSPICIOUS_SIM_REPLACEMENT,1,,,,,,,,,,
EVT-000311-03,USR-000311,ACC-000311,AUTHENTICATION,FAILED_LOGIN,2026-11-08T00:10:00,DEV-000311-02,,,authentication,FAILURE,,,synthetic,SUSPICIOUS_SIM_REPLACEMENT,1,,,,,,,,,,
EVT-000311-04,USR-000311,ACC-000311,RECOVERY,PASSWORD_RESET,2026-11-08T00:15:00,DEV-000311-02,,,recovery,SUCCESS,,,synthetic,SUSPICIOUS_SIM_REPLACEMENT,1,,,,,,,,,,
EVT-000311-05,USR-000311,ACC-000311,ACCOUNT,NEW_BENEFICIARY,2026-11-08T00:20:00,DEV-000311-02,,,account,SUCCESS,,BEN-000311-01,synthetic,SUSPICIOUS_SIM_REPLACEMENT,1,,,,,,,,,,
EVT-000311-06,USR-000311,ACC-000311,TRANSACTION,TRANSACTION,2026-11-08T00:30:00,DEV-000311-02,,,transaction,SUCCESS,8416.27,,paysim,SUSPICIOUS_SIM_REPLACEMENT,1,PAYMENT,145637.25,137220.97,0.0,0.0,357,C82298588,M1720024581,0,0
EVT-000312-01,USR-000312,ACC-000312,TELECOM,SIM_REPLACEMENT,2026-11-09T00:00:00,DEV-000312-01,,,telecom,SUCCESS,,,synthetic,SUSPICIOUS_SIM_REPLACEMENT,1,,,,,,,,,,
EVT-000312-02,USR-000312,ACC-000312,DEVICE,NEW_DEVICE,2026-11-09T00:05:00,DEV-000312-02,,,device,UNRECOGNIZED,,,synthetic,SUSPICIOUS_SIM_REPLACEMENT,1,,,,,,,,,,
EVT-000312-03,USR-000312,ACC-000312,AUTHENTICATION,FAILED_LOGIN,2026-11-09T00:10:00,DEV-000312-02,,,authentication,FAILURE,,,synthetic,SUSPICIOUS_SIM_REPLACEMENT,1,,,,,,,,,,
EVT-000312-04,USR-000312,ACC-000312,RECOVERY,PASSWORD_RESET,2026-11-09T00:15:00,DEV-000312-02,,,recovery,SUCCESS,,,synthetic,SUSPICIOUS_SIM_REPLACEMENT,1,,,,,,,,,,
EVT-000312-05,USR-000312,ACC-000312,ACCOUNT,NEW_BENEFICIARY,2026-11-09T00:20:00,DEV-000312-02,,,account,SUCCESS,,BEN-000312-01,synthetic,SUSPICIOUS_SIM_REPLACEMENT,1,,,,,,,,,,
EVT-000312-06,USR-000312,ACC-000312,TRANSACTION,TRANSACTION,2026-11-09T00:30:00,DEV-000312-02,,,transaction,SUCCESS,716.25,,paysim,SUSPICIOUS_SIM_REPLACEMENT,1,PAYMENT,10956.0,10239.75,0.0,0.0,276,C393667296,M756785506,0,0
EVT-000313-01,USR-000313,ACC-000313,TELECOM,SIM_REPLACEMENT,2026-11-10T00:00:00,DEV-000313-01,,,telecom,SUCCESS,,,synthetic,SUSPICIOUS_SIM_REPLACEMENT,1,,,,,,,,,,
EVT-000313-02,USR-000313,ACC-000313,DEVICE,NEW_DEVICE,2026-11-10T00:05:00,DEV-000313-02,,,device,UNRECOGNIZED,,,synthetic,SUSPICIOUS_SIM_REPLACEMENT,1,,,,,,,,,,
EVT-000313-03,USR-000313,ACC-000313,AUTHENTICATION,FAILED_LOGIN,2026-11-10T00:10:00,DEV-000313-02,,,authentication,FAILURE,,,synthetic,SUSPICIOUS_SIM_REPLACEMENT,1,,,,,,,,,,
EVT-000313-04,USR-000313,ACC-000313,RECOVERY,PASSWORD_RESET,2026-11-10T00:15:00,DEV-000313-02,,,recovery,SUCCESS,,,synthetic,SUSPICIOUS_SIM_REPLACEMENT,1,,,,,,,,,,
EVT-000313-05,USR-000313,ACC-000313,ACCOUNT,NEW_BENEFICIARY,2026-11-10T00:20:00,DEV-000313-02,,,account,SUCCESS,,BEN-000313-01,synthetic,SUSPICIOUS_SIM_REPLACEMENT,1,,,,,,,,,,
EVT-000313-06,USR-000313,ACC-000313,TRANSACTION,TRANSACTION,2026-11-10T00:30:00,DEV-000313-02,,,transaction,SUCCESS,13952.85,,paysim,SUSPICIOUS_SIM_REPLACEMENT,1,PAYMENT,26041.67,12088.81,0.0,0.0,279,C1040587695,M778323103,0,0
EVT-000314-01,USR-000314,ACC-000314,TELECOM,ESIM_CHANGE,2026-11-11T00:00:00,DEV-000314-01,,,telecom,SUCCESS,,,synthetic,SUSPICIOUS_ESIM_CHANGE,1,,,,,,,,,,
EVT-000314-02,USR-000314,ACC-000314,DEVICE,NEW_DEVICE,2026-11-11T00:05:00,DEV-000314-02,,,device,UNRECOGNIZED,,,synthetic,SUSPICIOUS_ESIM_CHANGE,1,,,,,,,,,,
EVT-000314-03,USR-000314,ACC-000314,DEVICE,DEVICE_CHANGE,2026-11-11T00:08:00,DEV-000314-02,,,device,DEVIATION,,,synthetic,SUSPICIOUS_ESIM_CHANGE,1,,,,,,,,,,
EVT-000314-04,USR-000314,ACC-000314,AUTHENTICATION,FAILED_LOGIN,2026-11-11T00:10:00,DEV-000314-02,,,authentication,FAILURE,,,synthetic,SUSPICIOUS_ESIM_CHANGE,1,,,,,,,,,,
EVT-000314-05,USR-000314,ACC-000314,BEHAVIOUR,DEVICE_DEVIATION,2026-11-11T00:15:00,DEV-000314-02,,,behaviour,DEVIATION,,,synthetic,SUSPICIOUS_ESIM_CHANGE,1,,,,,,,,,,
EVT-000314-06,USR-000314,ACC-000314,TRANSACTION,TRANSACTION,2026-11-11T00:30:00,DEV-000314-02,,,transaction,SUCCESS,9635.06,,paysim,SUSPICIOUS_ESIM_CHANGE,1,CASH_OUT,0.0,0.0,60229.54,69864.61,155,C916901141,C2070109599,0,0
EVT-000315-01,USR-000315,ACC-000315,TELECOM,SIM_REPLACEMENT,2026-11-12T00:00:00,DEV-000315-01,,,telecom,SUCCESS,,,synthetic,LEGITIMATE_SIM_REPLACEMENT,0,,,,,,,,,,
EVT-000315-02,USR-000315,ACC-000315,AUTHENTICATION,LOGIN,2026-11-12T00:10:00,DEV-000315-01,,,authentication,SUCCESS,,,synthetic,LEGITIMATE_SIM_REPLACEMENT,0,,,,,,,,,,
EVT-000315-03,USR-000315,ACC-000315,TRANSACTION,TRANSACTION,2026-11-12T00:30:00,DEV-000315-01,,,transaction,SUCCESS,189645.55,,paysim,LEGITIMATE_SIM_REPLACEMENT,0,CASH_OUT,0.0,0.0,625170.24,814815.79,308,C605990293,C1307996782,0,0
EVT-000316-01,USR-000316,ACC-000316,TELECOM,SIM_SWAP,2026-11-13T00:00:00,DEV-000316-01,,,telecom,SUCCESS,,,synthetic,SIM_ESIM_AUTH_ANOMALY,1,,,,,,,,,,
EVT-000316-02,USR-000316,ACC-000316,DEVICE,NEW_DEVICE,2026-11-13T00:05:00,DEV-000316-02,,,device,UNRECOGNIZED,,,synthetic,SIM_ESIM_AUTH_ANOMALY,1,,,,,,,,,,
EVT-000316-03,USR-000316,ACC-000316,AUTHENTICATION,FAILED_LOGIN,2026-11-13T00:10:00,DEV-000316-02,,,authentication,FAILURE,,,synthetic,SIM_ESIM_AUTH_ANOMALY,1,,,,,,,,,,
EVT-000316-04,USR-000316,ACC-000316,AUTHENTICATION,FAILED_LOGIN,2026-11-13T00:12:00,DEV-000316-02,,,authentication,FAILURE,,,synthetic,SIM_ESIM_AUTH_ANOMALY,1,,,,,,,,,,
EVT-000316-05,USR-000316,ACC-000316,BEHAVIOUR,DEVICE_DEVIATION,2026-11-13T00:15:00,DEV-000316-02,,,behaviour,DEVIATION,,,synthetic,SIM_ESIM_AUTH_ANOMALY,1,,,,,,,,,,
EVT-000317-01,USR-000317,ACC-000317,TELECOM,ESIM_CHANGE,2026-11-14T00:00:00,DEV-000317-01,,,telecom,SUCCESS,,,synthetic,SUSPICIOUS_ESIM_CHANGE,1,,,,,,,,,,
EVT-000317-02,USR-000317,ACC-000317,DEVICE,NEW_DEVICE,2026-11-14T00:05:00,DEV-000317-02,,,device,UNRECOGNIZED,,,synthetic,SUSPICIOUS_ESIM_CHANGE,1,,,,,,,,,,
EVT-000317-03,USR-000317,ACC-000317,DEVICE,DEVICE_CHANGE,2026-11-14T00:08:00,DEV-000317-02,,,device,DEVIATION,,,synthetic,SUSPICIOUS_ESIM_CHANGE,1,,,,,,,,,,
EVT-000317-04,USR-000317,ACC-000317,AUTHENTICATION,FAILED_LOGIN,2026-11-14T00:10:00,DEV-000317-02,,,authentication,FAILURE,,,synthetic,SUSPICIOUS_ESIM_CHANGE,1,,,,,,,,,,
EVT-000317-05,USR-000317,ACC-000317,BEHAVIOUR,DEVICE_DEVIATION,2026-11-14T00:15:00,DEV-000317-02,,,behaviour,DEVIATION,,,synthetic,SUSPICIOUS_ESIM_CHANGE,1,,,,,,,,,,
EVT-000317-06,USR-000317,ACC-000317,TRANSACTION,TRANSACTION,2026-11-14T00:30:00,DEV-000317-02,,,transaction,SUCCESS,46198.27,,paysim,SUSPICIOUS_ESIM_CHANGE,1,PAYMENT,296.0,0.0,0.0,0.0,137,C1798062661,M1875910310,0,0
EVT-000318-01,USR-000318,ACC-000318,TELECOM,SIM_SWAP,2026-11-15T00:00:00,DEV-000318-01,,,telecom,SUCCESS,,,synthetic,SIM_ESIM_AUTH_ANOMALY,1,,,,,,,,,,
EVT-000318-02,USR-000318,ACC-000318,DEVICE,NEW_DEVICE,2026-11-15T00:05:00,DEV-000318-02,,,device,UNRECOGNIZED,,,synthetic,SIM_ESIM_AUTH_ANOMALY,1,,,,,,,,,,
EVT-000318-03,USR-000318,ACC-000318,AUTHENTICATION,FAILED_LOGIN,2026-11-15T00:10:00,DEV-000318-02,,,authentication,FAILURE,,,synthetic,SIM_ESIM_AUTH_ANOMALY,1,,,,,,,,,,
EVT-000318-04,USR-000318,ACC-000318,AUTHENTICATION,FAILED_LOGIN,2026-11-15T00:12:00,DEV-000318-02,,,authentication,FAILURE,,,synthetic,SIM_ESIM_AUTH_ANOMALY,1,,,,,,,,,,
EVT-000318-05,USR-000318,ACC-000318,BEHAVIOUR,DEVICE_DEVIATION,2026-11-15T00:15:00,DEV-000318-02,,,behaviour,DEVIATION,,,synthetic,SIM_ESIM_AUTH_ANOMALY,1,,,,,,,,,,
EVT-000319-01,USR-000319,ACC-000319,TELECOM,SIM_REPLACEMENT,2026-11-16T00:00:00,DEV-000319-01,,,telecom,SUCCESS,,,synthetic,LEGITIMATE_SIM_REPLACEMENT,0,,,,,,,,,,
EVT-000319-02,USR-000319,ACC-000319,AUTHENTICATION,LOGIN,2026-11-16T00:10:00,DEV-000319-01,,,authentication,SUCCESS,,,synthetic,LEGITIMATE_SIM_REPLACEMENT,0,,,,,,,,,,
EVT-000319-03,USR-000319,ACC-000319,TRANSACTION,TRANSACTION,2026-11-16T00:30:00,DEV-000319-01,,,transaction,SUCCESS,7457.25,,paysim,LEGITIMATE_SIM_REPLACEMENT,0,PAYMENT,26024.73,18567.48,0.0,0.0,39,C1039678109,M1001215121,0,0
EVT-000320-01,USR-000320,ACC-000320,TELECOM,ESIM_CHANGE,2026-11-17T00:00:00,DEV-000320-01,,,telecom,SUCCESS,,,synthetic,LEGITIMATE_ESIM_CHANGE,0,,,,,,,,,,
EVT-000320-02,USR-000320,ACC-000320,AUTHENTICATION,LOGIN,2026-11-17T00:10:00,DEV-000320-01,,,authentication,SUCCESS,,,synthetic,LEGITIMATE_ESIM_CHANGE,0,,,,,,,,,,
EVT-000321-01,USR-000321,ACC-000321,TELECOM,SIM_REPLACEMENT,2026-11-18T00:00:00,DEV-000321-01,,,telecom,SUCCESS,,,synthetic,SUSPICIOUS_SIM_REPLACEMENT,1,,,,,,,,,,
EVT-000321-02,USR-000321,ACC-000321,DEVICE,NEW_DEVICE,2026-11-18T00:05:00,DEV-000321-02,,,device,UNRECOGNIZED,,,synthetic,SUSPICIOUS_SIM_REPLACEMENT,1,,,,,,,,,,
EVT-000321-03,USR-000321,ACC-000321,AUTHENTICATION,FAILED_LOGIN,2026-11-18T00:10:00,DEV-000321-02,,,authentication,FAILURE,,,synthetic,SUSPICIOUS_SIM_REPLACEMENT,1,,,,,,,,,,
EVT-000321-04,USR-000321,ACC-000321,RECOVERY,PASSWORD_RESET,2026-11-18T00:15:00,DEV-000321-02,,,recovery,SUCCESS,,,synthetic,SUSPICIOUS_SIM_REPLACEMENT,1,,,,,,,,,,
EVT-000321-05,USR-000321,ACC-000321,ACCOUNT,NEW_BENEFICIARY,2026-11-18T00:20:00,DEV-000321-02,,,account,SUCCESS,,BEN-000321-01,synthetic,SUSPICIOUS_SIM_REPLACEMENT,1,,,,,,,,,,
EVT-000321-06,USR-000321,ACC-000321,TRANSACTION,TRANSACTION,2026-11-18T00:30:00,DEV-000321-02,,,transaction,SUCCESS,5609.7,,paysim,SUSPICIOUS_SIM_REPLACEMENT,1,PAYMENT,105263.0,99653.3,0.0,0.0,334,C17670737,M543279626,0,0
EVT-000322-01,USR-000322,ACC-000322,TELECOM,SIM_SWAP,2026-11-19T00:00:00,DEV-000322-01,,,telecom,SUCCESS,,,synthetic,SIM_ESIM_AUTH_ANOMALY,1,,,,,,,,,,
EVT-000322-02,USR-000322,ACC-000322,DEVICE,NEW_DEVICE,2026-11-19T00:05:00,DEV-000322-02,,,device,UNRECOGNIZED,,,synthetic,SIM_ESIM_AUTH_ANOMALY,1,,,,,,,,,,
EVT-000322-03,USR-000322,ACC-000322,AUTHENTICATION,FAILED_LOGIN,2026-11-19T00:10:00,DEV-000322-02,,,authentication,FAILURE,,,synthetic,SIM_ESIM_AUTH_ANOMALY,1,,,,,,,,,,
EVT-000322-04,USR-000322,ACC-000322,AUTHENTICATION,FAILED_LOGIN,2026-11-19T00:12:00,DEV-000322-02,,,authentication,FAILURE,,,synthetic,SIM_ESIM_AUTH_ANOMALY,1,,,,,,,,,,
EVT-000322-05,USR-000322,ACC-000322,BEHAVIOUR,DEVICE_DEVIATION,2026-11-19T00:15:00,DEV-000322-02,,,behaviour,DEVIATION,,,synthetic,SIM_ESIM_AUTH_ANOMALY,1,,,,,,,,,,
EVT-000323-01,USR-000323,ACC-000323,TELECOM,SIM_SWAP,2026-11-20T00:00:00,DEV-000323-01,,,telecom,SUCCESS,,,synthetic,SIM_ESIM_AUTH_ANOMALY,1,,,,,,,,,,
EVT-000323-02,USR-000323,ACC-000323,DEVICE,NEW_DEVICE,2026-11-20T00:05:00,DEV-000323-02,,,device,UNRECOGNIZED,,,synthetic,SIM_ESIM_AUTH_ANOMALY,1,,,,,,,,,,
EVT-000323-03,USR-000323,ACC-000323,AUTHENTICATION,FAILED_LOGIN,2026-11-20T00:10:00,DEV-000323-02,,,authentication,FAILURE,,,synthetic,SIM_ESIM_AUTH_ANOMALY,1,,,,,,,,,,
EVT-000323-04,USR-000323,ACC-000323,AUTHENTICATION,FAILED_LOGIN,2026-11-20T00:12:00,DEV-000323-02,,,authentication,FAILURE,,,synthetic,SIM_ESIM_AUTH_ANOMALY,1,,,,,,,,,,
EVT-000323-05,USR-000323,ACC-000323,BEHAVIOUR,DEVICE_DEVIATION,2026-11-20T00:15:00,DEV-000323-02,,,behaviour,DEVIATION,,,synthetic,SIM_ESIM_AUTH_ANOMALY,1,,,,,,,,,,
EVT-000324-01,USR-000324,ACC-000324,TELECOM,SIM_REPLACEMENT,2026-11-21T00:00:00,DEV-000324-01,,,telecom,SUCCESS,,,synthetic,LEGITIMATE_SIM_REPLACEMENT,0,,,,,,,,,,
EVT-000324-02,USR-000324,ACC-000324,AUTHENTICATION,LOGIN,2026-11-21T00:10:00,DEV-000324-01,,,authentication,SUCCESS,,,synthetic,LEGITIMATE_SIM_REPLACEMENT,0,,,,,,,,,,
EVT-000324-03,USR-000324,ACC-000324,TRANSACTION,TRANSACTION,2026-11-21T00:30:00,DEV-000324-01,,,transaction,SUCCESS,1431.27,,paysim,LEGITIMATE_SIM_REPLACEMENT,0,PAYMENT,0.0,0.0,0.0,0.0,185,C521734057,M140436133,0,0
EVT-000325-01,USR-000325,ACC-000325,TELECOM,ESIM_CHANGE,2026-11-22T00:00:00,DEV-000325-01,,,telecom,SUCCESS,,,synthetic,SUSPICIOUS_ESIM_CHANGE,1,,,,,,,,,,
EVT-000325-02,USR-000325,ACC-000325,DEVICE,NEW_DEVICE,2026-11-22T00:05:00,DEV-000325-02,,,device,UNRECOGNIZED,,,synthetic,SUSPICIOUS_ESIM_CHANGE,1,,,,,,,,,,
EVT-000325-03,USR-000325,ACC-000325,DEVICE,DEVICE_CHANGE,2026-11-22T00:08:00,DEV-000325-02,,,device,DEVIATION,,,synthetic,SUSPICIOUS_ESIM_CHANGE,1,,,,,,,,,,
EVT-000325-04,USR-000325,ACC-000325,AUTHENTICATION,FAILED_LOGIN,2026-11-22T00:10:00,DEV-000325-02,,,authentication,FAILURE,,,synthetic,SUSPICIOUS_ESIM_CHANGE,1,,,,,,,,,,
EVT-000325-05,USR-000325,ACC-000325,BEHAVIOUR,DEVICE_DEVIATION,2026-11-22T00:15:00,DEV-000325-02,,,behaviour,DEVIATION,,,synthetic,SUSPICIOUS_ESIM_CHANGE,1,,,,,,,,,,
EVT-000325-06,USR-000325,ACC-000325,TRANSACTION,TRANSACTION,2026-11-22T00:30:00,DEV-000325-02,,,transaction,SUCCESS,8889.19,,paysim,SUSPICIOUS_ESIM_CHANGE,1,PAYMENT,108025.44,99136.25,0.0,0.0,236,C2105718508,M267523221,0,0
EVT-000326-01,USR-000326,ACC-000326,TELECOM,ESIM_CHANGE,2026-11-23T00:00:00,DEV-000326-01,,,telecom,SUCCESS,,,synthetic,LEGITIMATE_ESIM_CHANGE,0,,,,,,,,,,
EVT-000326-02,USR-000326,ACC-000326,AUTHENTICATION,LOGIN,2026-11-23T00:10:00,DEV-000326-01,,,authentication,SUCCESS,,,synthetic,LEGITIMATE_ESIM_CHANGE,0,,,,,,,,,,
EVT-000327-01,USR-000327,ACC-000327,TELECOM,ESIM_CHANGE,2026-11-24T00:00:00,DEV-000327-01,,,telecom,SUCCESS,,,synthetic,SUSPICIOUS_ESIM_CHANGE,1,,,,,,,,,,
EVT-000327-02,USR-000327,ACC-000327,DEVICE,NEW_DEVICE,2026-11-24T00:05:00,DEV-000327-02,,,device,UNRECOGNIZED,,,synthetic,SUSPICIOUS_ESIM_CHANGE,1,,,,,,,,,,
EVT-000327-03,USR-000327,ACC-000327,DEVICE,DEVICE_CHANGE,2026-11-24T00:08:00,DEV-000327-02,,,device,DEVIATION,,,synthetic,SUSPICIOUS_ESIM_CHANGE,1,,,,,,,,,,
EVT-000327-04,USR-000327,ACC-000327,AUTHENTICATION,FAILED_LOGIN,2026-11-24T00:10:00,DEV-000327-02,,,authentication,FAILURE,,,synthetic,SUSPICIOUS_ESIM_CHANGE,1,,,,,,,,,,
EVT-000327-05,USR-000327,ACC-000327,BEHAVIOUR,DEVICE_DEVIATION,2026-11-24T00:15:00,DEV-000327-02,,,behaviour,DEVIATION,,,synthetic,SUSPICIOUS_ESIM_CHANGE,1,,,,,,,,,,
EVT-000327-06,USR-000327,ACC-000327,TRANSACTION,TRANSACTION,2026-11-24T00:30:00,DEV-000327-02,,,transaction,SUCCESS,10827.96,,paysim,SUSPICIOUS_ESIM_CHANGE,1,PAYMENT,0.0,0.0,0.0,0.0,212,C197948067,M1693173624,0,0
EVT-000328-01,USR-000328,ACC-000328,TELECOM,SIM_REPLACEMENT,2026-11-25T00:00:00,DEV-000328-01,,,telecom,SUCCESS,,,synthetic,SUSPICIOUS_SIM_REPLACEMENT,1,,,,,,,,,,
EVT-000328-02,USR-000328,ACC-000328,DEVICE,NEW_DEVICE,2026-11-25T00:05:00,DEV-000328-02,,,device,UNRECOGNIZED,,,synthetic,SUSPICIOUS_SIM_REPLACEMENT,1,,,,,,,,,,
EVT-000328-03,USR-000328,ACC-000328,AUTHENTICATION,FAILED_LOGIN,2026-11-25T00:10:00,DEV-000328-02,,,authentication,FAILURE,,,synthetic,SUSPICIOUS_SIM_REPLACEMENT,1,,,,,,,,,,
EVT-000328-04,USR-000328,ACC-000328,RECOVERY,PASSWORD_RESET,2026-11-25T00:15:00,DEV-000328-02,,,recovery,SUCCESS,,,synthetic,SUSPICIOUS_SIM_REPLACEMENT,1,,,,,,,,,,
EVT-000328-05,USR-000328,ACC-000328,ACCOUNT,NEW_BENEFICIARY,2026-11-25T00:20:00,DEV-000328-02,,,account,SUCCESS,,BEN-000328-01,synthetic,SUSPICIOUS_SIM_REPLACEMENT,1,,,,,,,,,,
EVT-000328-06,USR-000328,ACC-000328,TRANSACTION,TRANSACTION,2026-11-25T00:30:00,DEV-000328-02,,,transaction,SUCCESS,95651.1,,paysim,SUSPICIOUS_SIM_REPLACEMENT,1,CASH_OUT,0.0,0.0,217198.91,312850.0,258,C228350104,C1157116535,0,0
EVT-000329-01,USR-000329,ACC-000329,TELECOM,SIM_SWAP,2026-11-26T00:00:00,DEV-000329-01,,,telecom,SUCCESS,,,synthetic,SIM_ESIM_AUTH_ANOMALY,1,,,,,,,,,,
EVT-000329-02,USR-000329,ACC-000329,DEVICE,NEW_DEVICE,2026-11-26T00:05:00,DEV-000329-02,,,device,UNRECOGNIZED,,,synthetic,SIM_ESIM_AUTH_ANOMALY,1,,,,,,,,,,
EVT-000329-03,USR-000329,ACC-000329,AUTHENTICATION,FAILED_LOGIN,2026-11-26T00:10:00,DEV-000329-02,,,authentication,FAILURE,,,synthetic,SIM_ESIM_AUTH_ANOMALY,1,,,,,,,,,,
EVT-000329-04,USR-000329,ACC-000329,AUTHENTICATION,FAILED_LOGIN,2026-11-26T00:12:00,DEV-000329-02,,,authentication,FAILURE,,,synthetic,SIM_ESIM_AUTH_ANOMALY,1,,,,,,,,,,
EVT-000329-05,USR-000329,ACC-000329,BEHAVIOUR,DEVICE_DEVIATION,2026-11-26T00:15:00,DEV-000329-02,,,behaviour,DEVIATION,,,synthetic,SIM_ESIM_AUTH_ANOMALY,1,,,,,,,,,,
EVT-000330-01,USR-000330,ACC-000330,TELECOM,ESIM_CHANGE,2026-11-27T00:00:00,DEV-000330-01,,,telecom,SUCCESS,,,synthetic,LEGITIMATE_ESIM_CHANGE,0,,,,,,,,,,
EVT-000330-02,USR-000330,ACC-000330,AUTHENTICATION,LOGIN,2026-11-27T00:10:00,DEV-000330-01,,,authentication,SUCCESS,,,synthetic,LEGITIMATE_ESIM_CHANGE,0,,,,,,,,,,
EVT-000331-01,USR-000331,ACC-000331,TELECOM,SIM_REPLACEMENT,2026-11-28T00:00:00,DEV-000331-01,,,telecom,SUCCESS,,,synthetic,LEGITIMATE_SIM_REPLACEMENT,0,,,,,,,,,,
EVT-000331-02,USR-000331,ACC-000331,AUTHENTICATION,LOGIN,2026-11-28T00:10:00,DEV-000331-01,,,authentication,SUCCESS,,,synthetic,LEGITIMATE_SIM_REPLACEMENT,0,,,,,,,,,,
EVT-000331-03,USR-000331,ACC-000331,TRANSACTION,TRANSACTION,2026-11-28T00:30:00,DEV-000331-01,,,transaction,SUCCESS,5157.76,,paysim,LEGITIMATE_SIM_REPLACEMENT,0,PAYMENT,214980.83,209823.07,0.0,0.0,210,C1582058061,M196708666,0,0
EVT-000332-01,USR-000332,ACC-000332,TELECOM,SIM_REPLACEMENT,2026-11-29T00:00:00,DEV-000332-01,,,telecom,SUCCESS,,,synthetic,LEGITIMATE_SIM_REPLACEMENT,0,,,,,,,,,,
EVT-000332-02,USR-000332,ACC-000332,AUTHENTICATION,LOGIN,2026-11-29T00:10:00,DEV-000332-01,,,authentication,SUCCESS,,,synthetic,LEGITIMATE_SIM_REPLACEMENT,0,,,,,,,,,,
EVT-000332-03,USR-000332,ACC-000332,TRANSACTION,TRANSACTION,2026-11-29T00:30:00,DEV-000332-01,,,transaction,SUCCESS,298.28,,paysim,LEGITIMATE_SIM_REPLACEMENT,0,PAYMENT,0.0,0.0,0.0,0.0,209,C1453159503,M1159535184,0,0
EVT-000333-01,USR-000333,ACC-000333,TELECOM,SIM_SWAP,2026-11-30T00:00:00,DEV-000333-01,,,telecom,SUCCESS,,,synthetic,SIM_ESIM_AUTH_ANOMALY,1,,,,,,,,,,
EVT-000333-02,USR-000333,ACC-000333,DEVICE,NEW_DEVICE,2026-11-30T00:05:00,DEV-000333-02,,,device,UNRECOGNIZED,,,synthetic,SIM_ESIM_AUTH_ANOMALY,1,,,,,,,,,,
EVT-000333-03,USR-000333,ACC-000333,AUTHENTICATION,FAILED_LOGIN,2026-11-30T00:10:00,DEV-000333-02,,,authentication,FAILURE,,,synthetic,SIM_ESIM_AUTH_ANOMALY,1,,,,,,,,,,
EVT-000333-04,USR-000333,ACC-000333,AUTHENTICATION,FAILED_LOGIN,2026-11-30T00:12:00,DEV-000333-02,,,authentication,FAILURE,,,synthetic,SIM_ESIM_AUTH_ANOMALY,1,,,,,,,,,,
EVT-000333-05,USR-000333,ACC-000333,BEHAVIOUR,DEVICE_DEVIATION,2026-11-30T00:15:00,DEV-000333-02,,,behaviour,DEVIATION,,,synthetic,SIM_ESIM_AUTH_ANOMALY,1,,,,,,,,,,
EVT-000334-01,USR-000334,ACC-000334,TELECOM,ESIM_CHANGE,2026-12-01T00:00:00,DEV-000334-01,,,telecom,SUCCESS,,,synthetic,LEGITIMATE_ESIM_CHANGE,0,,,,,,,,,,
EVT-000334-02,USR-000334,ACC-000334,AUTHENTICATION,LOGIN,2026-12-01T00:10:00,DEV-000334-01,,,authentication,SUCCESS,,,synthetic,LEGITIMATE_ESIM_CHANGE,0,,,,,,,,,,
EVT-000335-01,USR-000335,ACC-000335,TELECOM,SIM_SWAP,2026-12-02T00:00:00,DEV-000335-01,,,telecom,SUCCESS,,,synthetic,SIM_ESIM_AUTH_ANOMALY,1,,,,,,,,,,
EVT-000335-02,USR-000335,ACC-000335,DEVICE,NEW_DEVICE,2026-12-02T00:05:00,DEV-000335-02,,,device,UNRECOGNIZED,,,synthetic,SIM_ESIM_AUTH_ANOMALY,1,,,,,,,,,,
EVT-000335-03,USR-000335,ACC-000335,AUTHENTICATION,FAILED_LOGIN,2026-12-02T00:10:00,DEV-000335-02,,,authentication,FAILURE,,,synthetic,SIM_ESIM_AUTH_ANOMALY,1,,,,,,,,,,
EVT-000335-04,USR-000335,ACC-000335,AUTHENTICATION,FAILED_LOGIN,2026-12-02T00:12:00,DEV-000335-02,,,authentication,FAILURE,,,synthetic,SIM_ESIM_AUTH_ANOMALY,1,,,,,,,,,,
EVT-000335-05,USR-000335,ACC-000335,BEHAVIOUR,DEVICE_DEVIATION,2026-12-02T00:15:00,DEV-000335-02,,,behaviour,DEVIATION,,,synthetic,SIM_ESIM_AUTH_ANOMALY,1,,,,,,,,,,
EVT-000336-01,USR-000336,ACC-000336,TELECOM,SIM_SWAP,2026-12-03T00:00:00,DEV-000336-01,,,telecom,SUCCESS,,,synthetic,SIM_ESIM_AUTH_ANOMALY,1,,,,,,,,,,
EVT-000336-02,USR-000336,ACC-000336,DEVICE,NEW_DEVICE,2026-12-03T00:05:00,DEV-000336-02,,,device,UNRECOGNIZED,,,synthetic,SIM_ESIM_AUTH_ANOMALY,1,,,,,,,,,,
EVT-000336-03,USR-000336,ACC-000336,AUTHENTICATION,FAILED_LOGIN,2026-12-03T00:10:00,DEV-000336-02,,,authentication,FAILURE,,,synthetic,SIM_ESIM_AUTH_ANOMALY,1,,,,,,,,,,
EVT-000336-04,USR-000336,ACC-000336,AUTHENTICATION,FAILED_LOGIN,2026-12-03T00:12:00,DEV-000336-02,,,authentication,FAILURE,,,synthetic,SIM_ESIM_AUTH_ANOMALY,1,,,,,,,,,,
EVT-000336-05,USR-000336,ACC-000336,BEHAVIOUR,DEVICE_DEVIATION,2026-12-03T00:15:00,DEV-000336-02,,,behaviour,DEVIATION,,,synthetic,SIM_ESIM_AUTH_ANOMALY,1,,,,,,,,,,
EVT-000337-01,USR-000337,ACC-000337,TELECOM,SIM_REPLACEMENT,2026-12-04T00:00:00,DEV-000337-01,,,telecom,SUCCESS,,,synthetic,SUSPICIOUS_SIM_REPLACEMENT,1,,,,,,,,,,
EVT-000337-02,USR-000337,ACC-000337,DEVICE,NEW_DEVICE,2026-12-04T00:05:00,DEV-000337-02,,,device,UNRECOGNIZED,,,synthetic,SUSPICIOUS_SIM_REPLACEMENT,1,,,,,,,,,,
EVT-000337-03,USR-000337,ACC-000337,AUTHENTICATION,FAILED_LOGIN,2026-12-04T00:10:00,DEV-000337-02,,,authentication,FAILURE,,,synthetic,SUSPICIOUS_SIM_REPLACEMENT,1,,,,,,,,,,
EVT-000337-04,USR-000337,ACC-000337,RECOVERY,PASSWORD_RESET,2026-12-04T00:15:00,DEV-000337-02,,,recovery,SUCCESS,,,synthetic,SUSPICIOUS_SIM_REPLACEMENT,1,,,,,,,,,,
EVT-000337-05,USR-000337,ACC-000337,ACCOUNT,NEW_BENEFICIARY,2026-12-04T00:20:00,DEV-000337-02,,,account,SUCCESS,,BEN-000337-01,synthetic,SUSPICIOUS_SIM_REPLACEMENT,1,,,,,,,,,,
EVT-000337-06,USR-000337,ACC-000337,TRANSACTION,TRANSACTION,2026-12-04T00:30:00,DEV-000337-02,,,transaction,SUCCESS,209.65,,paysim,SUSPICIOUS_SIM_REPLACEMENT,1,CASH_OUT,50756.0,50546.35,0.0,209.65,302,C625789960,C641969172,0,0
EVT-000338-01,USR-000338,ACC-000338,TELECOM,SIM_REPLACEMENT,2026-12-05T00:00:00,DEV-000338-01,,,telecom,SUCCESS,,,synthetic,SUSPICIOUS_SIM_REPLACEMENT,1,,,,,,,,,,
EVT-000338-02,USR-000338,ACC-000338,DEVICE,NEW_DEVICE,2026-12-05T00:05:00,DEV-000338-02,,,device,UNRECOGNIZED,,,synthetic,SUSPICIOUS_SIM_REPLACEMENT,1,,,,,,,,,,
EVT-000338-03,USR-000338,ACC-000338,AUTHENTICATION,FAILED_LOGIN,2026-12-05T00:10:00,DEV-000338-02,,,authentication,FAILURE,,,synthetic,SUSPICIOUS_SIM_REPLACEMENT,1,,,,,,,,,,
EVT-000338-04,USR-000338,ACC-000338,RECOVERY,PASSWORD_RESET,2026-12-05T00:15:00,DEV-000338-02,,,recovery,SUCCESS,,,synthetic,SUSPICIOUS_SIM_REPLACEMENT,1,,,,,,,,,,
EVT-000338-05,USR-000338,ACC-000338,ACCOUNT,NEW_BENEFICIARY,2026-12-05T00:20:00,DEV-000338-02,,,account,SUCCESS,,BEN-000338-01,synthetic,SUSPICIOUS_SIM_REPLACEMENT,1,,,,,,,,,,
EVT-000338-06,USR-000338,ACC-000338,TRANSACTION,TRANSACTION,2026-12-05T00:30:00,DEV-000338-02,,,transaction,SUCCESS,686060.31,,paysim,SUSPICIOUS_SIM_REPLACEMENT,1,TRANSFER,46362.45,0.0,1262311.14,1948371.46,401,C1988903492,C687296973,0,0
EVT-000339-01,USR-000339,ACC-000339,TELECOM,ESIM_CHANGE,2026-12-06T00:00:00,DEV-000339-01,,,telecom,SUCCESS,,,synthetic,LEGITIMATE_ESIM_CHANGE,0,,,,,,,,,,
EVT-000339-02,USR-000339,ACC-000339,AUTHENTICATION,LOGIN,2026-12-06T00:10:00,DEV-000339-01,,,authentication,SUCCESS,,,synthetic,LEGITIMATE_ESIM_CHANGE,0,,,,,,,,,,
EVT-000340-01,USR-000340,ACC-000340,TELECOM,ESIM_CHANGE,2026-12-07T00:00:00,DEV-000340-01,,,telecom,SUCCESS,,,synthetic,LEGITIMATE_ESIM_CHANGE,0,,,,,,,,,,
EVT-000340-02,USR-000340,ACC-000340,AUTHENTICATION,LOGIN,2026-12-07T00:10:00,DEV-000340-01,,,authentication,SUCCESS,,,synthetic,LEGITIMATE_ESIM_CHANGE,0,,,,,,,,,,
EVT-000341-01,USR-000341,ACC-000341,TELECOM,SIM_REPLACEMENT,2026-12-08T00:00:00,DEV-000341-01,,,telecom,SUCCESS,,,synthetic,SUSPICIOUS_SIM_REPLACEMENT,1,,,,,,,,,,
EVT-000341-02,USR-000341,ACC-000341,DEVICE,NEW_DEVICE,2026-12-08T00:05:00,DEV-000341-02,,,device,UNRECOGNIZED,,,synthetic,SUSPICIOUS_SIM_REPLACEMENT,1,,,,,,,,,,
EVT-000341-03,USR-000341,ACC-000341,AUTHENTICATION,FAILED_LOGIN,2026-12-08T00:10:00,DEV-000341-02,,,authentication,FAILURE,,,synthetic,SUSPICIOUS_SIM_REPLACEMENT,1,,,,,,,,,,
EVT-000341-04,USR-000341,ACC-000341,RECOVERY,PASSWORD_RESET,2026-12-08T00:15:00,DEV-000341-02,,,recovery,SUCCESS,,,synthetic,SUSPICIOUS_SIM_REPLACEMENT,1,,,,,,,,,,
EVT-000341-05,USR-000341,ACC-000341,ACCOUNT,NEW_BENEFICIARY,2026-12-08T00:20:00,DEV-000341-02,,,account,SUCCESS,,BEN-000341-01,synthetic,SUSPICIOUS_SIM_REPLACEMENT,1,,,,,,,,,,
EVT-000341-06,USR-000341,ACC-000341,TRANSACTION,TRANSACTION,2026-12-08T00:30:00,DEV-000341-02,,,transaction,SUCCESS,365027.52,,paysim,SUSPICIOUS_SIM_REPLACEMENT,1,CASH_IN,50137.0,415164.52,1129615.45,687778.64,9,C1671131054,C1554690148,0,0
EVT-000342-01,USR-000342,ACC-000342,TELECOM,SIM_REPLACEMENT,2026-12-09T00:00:00,DEV-000342-01,,,telecom,SUCCESS,,,synthetic,LEGITIMATE_SIM_REPLACEMENT,0,,,,,,,,,,
EVT-000342-02,USR-000342,ACC-000342,AUTHENTICATION,LOGIN,2026-12-09T00:10:00,DEV-000342-01,,,authentication,SUCCESS,,,synthetic,LEGITIMATE_SIM_REPLACEMENT,0,,,,,,,,,,
EVT-000342-03,USR-000342,ACC-000342,TRANSACTION,TRANSACTION,2026-12-09T00:30:00,DEV-000342-01,,,transaction,SUCCESS,5117.3,,paysim,LEGITIMATE_SIM_REPLACEMENT,0,PAYMENT,10119.0,5001.7,0.0,0.0,573,C316667039,M945308227,0,0
EVT-000343-01,USR-000343,ACC-000343,TELECOM,ESIM_CHANGE,2026-12-10T00:00:00,DEV-000343-01,,,telecom,SUCCESS,,,synthetic,LEGITIMATE_ESIM_CHANGE,0,,,,,,,,,,
EVT-000343-02,USR-000343,ACC-000343,AUTHENTICATION,LOGIN,2026-12-10T00:10:00,DEV-000343-01,,,authentication,SUCCESS,,,synthetic,LEGITIMATE_ESIM_CHANGE,0,,,,,,,,,,
EVT-000344-01,USR-000344,ACC-000344,TELECOM,ESIM_CHANGE,2026-12-11T00:00:00,DEV-000344-01,,,telecom,SUCCESS,,,synthetic,LEGITIMATE_ESIM_CHANGE,0,,,,,,,,,,
EVT-000344-02,USR-000344,ACC-000344,AUTHENTICATION,LOGIN,2026-12-11T00:10:00,DEV-000344-01,,,authentication,SUCCESS,,,synthetic,LEGITIMATE_ESIM_CHANGE,0,,,,,,,,,,
EVT-000345-01,USR-000345,ACC-000345,TELECOM,ESIM_CHANGE,2026-12-12T00:00:00,DEV-000345-01,,,telecom,SUCCESS,,,synthetic,SUSPICIOUS_ESIM_CHANGE,1,,,,,,,,,,
EVT-000345-02,USR-000345,ACC-000345,DEVICE,NEW_DEVICE,2026-12-12T00:05:00,DEV-000345-02,,,device,UNRECOGNIZED,,,synthetic,SUSPICIOUS_ESIM_CHANGE,1,,,,,,,,,,
EVT-000345-03,USR-000345,ACC-000345,DEVICE,DEVICE_CHANGE,2026-12-12T00:08:00,DEV-000345-02,,,device,DEVIATION,,,synthetic,SUSPICIOUS_ESIM_CHANGE,1,,,,,,,,,,
EVT-000345-04,USR-000345,ACC-000345,AUTHENTICATION,FAILED_LOGIN,2026-12-12T00:10:00,DEV-000345-02,,,authentication,FAILURE,,,synthetic,SUSPICIOUS_ESIM_CHANGE,1,,,,,,,,,,
EVT-000345-05,USR-000345,ACC-000345,BEHAVIOUR,DEVICE_DEVIATION,2026-12-12T00:15:00,DEV-000345-02,,,behaviour,DEVIATION,,,synthetic,SUSPICIOUS_ESIM_CHANGE,1,,,,,,,,,,
EVT-000345-06,USR-000345,ACC-000345,TRANSACTION,TRANSACTION,2026-12-12T00:30:00,DEV-000345-02,,,transaction,SUCCESS,124381.18,,paysim,SUSPICIOUS_ESIM_CHANGE,1,CASH_OUT,12243.0,0.0,290626.37,415007.56,396,C1537748543,C1703763245,0,0
EVT-000346-01,USR-000346,ACC-000346,TELECOM,ESIM_CHANGE,2026-12-13T00:00:00,DEV-000346-01,,,telecom,SUCCESS,,,synthetic,SUSPICIOUS_ESIM_CHANGE,1,,,,,,,,,,
EVT-000346-02,USR-000346,ACC-000346,DEVICE,NEW_DEVICE,2026-12-13T00:05:00,DEV-000346-02,,,device,UNRECOGNIZED,,,synthetic,SUSPICIOUS_ESIM_CHANGE,1,,,,,,,,,,
EVT-000346-03,USR-000346,ACC-000346,DEVICE,DEVICE_CHANGE,2026-12-13T00:08:00,DEV-000346-02,,,device,DEVIATION,,,synthetic,SUSPICIOUS_ESIM_CHANGE,1,,,,,,,,,,
EVT-000346-04,USR-000346,ACC-000346,AUTHENTICATION,FAILED_LOGIN,2026-12-13T00:10:00,DEV-000346-02,,,authentication,FAILURE,,,synthetic,SUSPICIOUS_ESIM_CHANGE,1,,,,,,,,,,
EVT-000346-05,USR-000346,ACC-000346,BEHAVIOUR,DEVICE_DEVIATION,2026-12-13T00:15:00,DEV-000346-02,,,behaviour,DEVIATION,,,synthetic,SUSPICIOUS_ESIM_CHANGE,1,,,,,,,,,,
EVT-000346-06,USR-000346,ACC-000346,TRANSACTION,TRANSACTION,2026-12-13T00:30:00,DEV-000346-02,,,transaction,SUCCESS,2391.47,,paysim,SUSPICIOUS_ESIM_CHANGE,1,PAYMENT,79945.0,77553.53,0.0,0.0,381,C1057566830,M356834470,0,0
EVT-000347-01,USR-000347,ACC-000347,TELECOM,ESIM_CHANGE,2026-12-14T00:00:00,DEV-000347-01,,,telecom,SUCCESS,,,synthetic,LEGITIMATE_ESIM_CHANGE,0,,,,,,,,,,
EVT-000347-02,USR-000347,ACC-000347,AUTHENTICATION,LOGIN,2026-12-14T00:10:00,DEV-000347-01,,,authentication,SUCCESS,,,synthetic,LEGITIMATE_ESIM_CHANGE,0,,,,,,,,,,
EVT-000348-01,USR-000348,ACC-000348,TELECOM,SIM_REPLACEMENT,2026-12-15T00:00:00,DEV-000348-01,,,telecom,SUCCESS,,,synthetic,LEGITIMATE_SIM_REPLACEMENT,0,,,,,,,,,,
EVT-000348-02,USR-000348,ACC-000348,AUTHENTICATION,LOGIN,2026-12-15T00:10:00,DEV-000348-01,,,authentication,SUCCESS,,,synthetic,LEGITIMATE_SIM_REPLACEMENT,0,,,,,,,,,,
EVT-000348-03,USR-000348,ACC-000348,TRANSACTION,TRANSACTION,2026-12-15T00:30:00,DEV-000348-01,,,transaction,SUCCESS,206951.92,,paysim,LEGITIMATE_SIM_REPLACEMENT,0,CASH_OUT,16669.0,0.0,441356.08,648308.0,303,C1021929523,C1443349290,0,0
EVT-000349-01,USR-000349,ACC-000349,TELECOM,ESIM_CHANGE,2026-12-16T00:00:00,DEV-000349-01,,,telecom,SUCCESS,,,synthetic,SUSPICIOUS_ESIM_CHANGE,1,,,,,,,,,,
EVT-000349-02,USR-000349,ACC-000349,DEVICE,NEW_DEVICE,2026-12-16T00:05:00,DEV-000349-02,,,device,UNRECOGNIZED,,,synthetic,SUSPICIOUS_ESIM_CHANGE,1,,,,,,,,,,
EVT-000349-03,USR-000349,ACC-000349,DEVICE,DEVICE_CHANGE,2026-12-16T00:08:00,DEV-000349-02,,,device,DEVIATION,,,synthetic,SUSPICIOUS_ESIM_CHANGE,1,,,,,,,,,,
EVT-000349-04,USR-000349,ACC-000349,AUTHENTICATION,FAILED_LOGIN,2026-12-16T00:10:00,DEV-000349-02,,,authentication,FAILURE,,,synthetic,SUSPICIOUS_ESIM_CHANGE,1,,,,,,,,,,
EVT-000349-05,USR-000349,ACC-000349,BEHAVIOUR,DEVICE_DEVIATION,2026-12-16T00:15:00,DEV-000349-02,,,behaviour,DEVIATION,,,synthetic,SUSPICIOUS_ESIM_CHANGE,1,,,,,,,,,,
EVT-000349-06,USR-000349,ACC-000349,TRANSACTION,TRANSACTION,2026-12-16T00:30:00,DEV-000349-02,,,transaction,SUCCESS,182353.98,,paysim,SUSPICIOUS_ESIM_CHANGE,1,CASH_IN,21563.0,203916.98,1.006659464E7,9884240.67,378,C11876507,C2118668780,0,0
EVT-000350-01,USR-000350,ACC-000350,TELECOM,SIM_SWAP,2026-12-17T00:00:00,DEV-000350-01,,,telecom,SUCCESS,,,synthetic,SIM_ESIM_AUTH_ANOMALY,1,,,,,,,,,,
EVT-000350-02,USR-000350,ACC-000350,DEVICE,NEW_DEVICE,2026-12-17T00:05:00,DEV-000350-02,,,device,UNRECOGNIZED,,,synthetic,SIM_ESIM_AUTH_ANOMALY,1,,,,,,,,,,
EVT-000350-03,USR-000350,ACC-000350,AUTHENTICATION,FAILED_LOGIN,2026-12-17T00:10:00,DEV-000350-02,,,authentication,FAILURE,,,synthetic,SIM_ESIM_AUTH_ANOMALY,1,,,,,,,,,,
EVT-000350-04,USR-000350,ACC-000350,AUTHENTICATION,FAILED_LOGIN,2026-12-17T00:12:00,DEV-000350-02,,,authentication,FAILURE,,,synthetic,SIM_ESIM_AUTH_ANOMALY,1,,,,,,,,,,
EVT-000350-05,USR-000350,ACC-000350,BEHAVIOUR,DEVICE_DEVIATION,2026-12-17T00:15:00,DEV-000350-02,,,behaviour,DEVIATION,,,synthetic,SIM_ESIM_AUTH_ANOMALY,1,,,,,,,,,,
EVT-000351-01,USR-000351,ACC-000351,TELECOM,SIM_SWAP,2026-12-18T00:00:00,DEV-000351-01,,,telecom,SUCCESS,,,synthetic,SIM_ESIM_AUTH_ANOMALY,1,,,,,,,,,,
EVT-000351-02,USR-000351,ACC-000351,DEVICE,NEW_DEVICE,2026-12-18T00:05:00,DEV-000351-02,,,device,UNRECOGNIZED,,,synthetic,SIM_ESIM_AUTH_ANOMALY,1,,,,,,,,,,
EVT-000351-03,USR-000351,ACC-000351,AUTHENTICATION,FAILED_LOGIN,2026-12-18T00:10:00,DEV-000351-02,,,authentication,FAILURE,,,synthetic,SIM_ESIM_AUTH_ANOMALY,1,,,,,,,,,,
EVT-000351-04,USR-000351,ACC-000351,AUTHENTICATION,FAILED_LOGIN,2026-12-18T00:12:00,DEV-000351-02,,,authentication,FAILURE,,,synthetic,SIM_ESIM_AUTH_ANOMALY,1,,,,,,,,,,
EVT-000351-05,USR-000351,ACC-000351,BEHAVIOUR,DEVICE_DEVIATION,2026-12-18T00:15:00,DEV-000351-02,,,behaviour,DEVIATION,,,synthetic,SIM_ESIM_AUTH_ANOMALY,1,,,,,,,,,,
EVT-000352-01,USR-000352,ACC-000352,TELECOM,ESIM_CHANGE,2026-12-19T00:00:00,DEV-000352-01,,,telecom,SUCCESS,,,synthetic,SUSPICIOUS_ESIM_CHANGE,1,,,,,,,,,,
EVT-000352-02,USR-000352,ACC-000352,DEVICE,NEW_DEVICE,2026-12-19T00:05:00,DEV-000352-02,,,device,UNRECOGNIZED,,,synthetic,SUSPICIOUS_ESIM_CHANGE,1,,,,,,,,,,
EVT-000352-03,USR-000352,ACC-000352,DEVICE,DEVICE_CHANGE,2026-12-19T00:08:00,DEV-000352-02,,,device,DEVIATION,,,synthetic,SUSPICIOUS_ESIM_CHANGE,1,,,,,,,,,,
EVT-000352-04,USR-000352,ACC-000352,AUTHENTICATION,FAILED_LOGIN,2026-12-19T00:10:00,DEV-000352-02,,,authentication,FAILURE,,,synthetic,SUSPICIOUS_ESIM_CHANGE,1,,,,,,,,,,
EVT-000352-05,USR-000352,ACC-000352,BEHAVIOUR,DEVICE_DEVIATION,2026-12-19T00:15:00,DEV-000352-02,,,behaviour,DEVIATION,,,synthetic,SUSPICIOUS_ESIM_CHANGE,1,,,,,,,,,,
EVT-000352-06,USR-000352,ACC-000352,TRANSACTION,TRANSACTION,2026-12-19T00:30:00,DEV-000352-02,,,transaction,SUCCESS,124185.76,,paysim,SUSPICIOUS_ESIM_CHANGE,1,CASH_IN,8295.0,132480.76,118549.31,0.0,163,C348941649,C1338523447,0,0
EVT-000353-01,USR-000353,ACC-000353,TELECOM,ESIM_CHANGE,2026-12-20T00:00:00,DEV-000353-01,,,telecom,SUCCESS,,,synthetic,SUSPICIOUS_ESIM_CHANGE,1,,,,,,,,,,
EVT-000353-02,USR-000353,ACC-000353,DEVICE,NEW_DEVICE,2026-12-20T00:05:00,DEV-000353-02,,,device,UNRECOGNIZED,,,synthetic,SUSPICIOUS_ESIM_CHANGE,1,,,,,,,,,,
EVT-000353-03,USR-000353,ACC-000353,DEVICE,DEVICE_CHANGE,2026-12-20T00:08:00,DEV-000353-02,,,device,DEVIATION,,,synthetic,SUSPICIOUS_ESIM_CHANGE,1,,,,,,,,,,
EVT-000353-04,USR-000353,ACC-000353,AUTHENTICATION,FAILED_LOGIN,2026-12-20T00:10:00,DEV-000353-02,,,authentication,FAILURE,,,synthetic,SUSPICIOUS_ESIM_CHANGE,1,,,,,,,,,,
EVT-000353-05,USR-000353,ACC-000353,BEHAVIOUR,DEVICE_DEVIATION,2026-12-20T00:15:00,DEV-000353-02,,,behaviour,DEVIATION,,,synthetic,SUSPICIOUS_ESIM_CHANGE,1,,,,,,,,,,
EVT-000353-06,USR-000353,ACC-000353,TRANSACTION,TRANSACTION,2026-12-20T00:30:00,DEV-000353-02,,,transaction,SUCCESS,434698.54,,paysim,SUSPICIOUS_ESIM_CHANGE,1,CASH_OUT,0.0,0.0,787205.1,1221903.64,310,C1267056836,C1253529320,0,0
EVT-000354-01,USR-000354,ACC-000354,TELECOM,ESIM_CHANGE,2026-12-21T00:00:00,DEV-000354-01,,,telecom,SUCCESS,,,synthetic,LEGITIMATE_ESIM_CHANGE,0,,,,,,,,,,
EVT-000354-02,USR-000354,ACC-000354,AUTHENTICATION,LOGIN,2026-12-21T00:10:00,DEV-000354-01,,,authentication,SUCCESS,,,synthetic,LEGITIMATE_ESIM_CHANGE,0,,,,,,,,,,
EVT-000355-01,USR-000355,ACC-000355,TELECOM,ESIM_CHANGE,2026-12-22T00:00:00,DEV-000355-01,,,telecom,SUCCESS,,,synthetic,LEGITIMATE_ESIM_CHANGE,0,,,,,,,,,,
EVT-000355-02,USR-000355,ACC-000355,AUTHENTICATION,LOGIN,2026-12-22T00:10:00,DEV-000355-01,,,authentication,SUCCESS,,,synthetic,LEGITIMATE_ESIM_CHANGE,0,,,,,,,,,,
EVT-000356-01,USR-000356,ACC-000356,TELECOM,SIM_REPLACEMENT,2026-12-23T00:00:00,DEV-000356-01,,,telecom,SUCCESS,,,synthetic,LEGITIMATE_SIM_REPLACEMENT,0,,,,,,,,,,
EVT-000356-02,USR-000356,ACC-000356,AUTHENTICATION,LOGIN,2026-12-23T00:10:00,DEV-000356-01,,,authentication,SUCCESS,,,synthetic,LEGITIMATE_SIM_REPLACEMENT,0,,,,,,,,,,
EVT-000356-03,USR-000356,ACC-000356,TRANSACTION,TRANSACTION,2026-12-23T00:30:00,DEV-000356-01,,,transaction,SUCCESS,328891.14,,paysim,LEGITIMATE_SIM_REPLACEMENT,0,CASH_IN,1.906877356E7,1.939766469E7,960865.19,631974.05,250,C426471928,C878611440,0,0
EVT-000357-01,USR-000357,ACC-000357,TELECOM,SIM_SWAP,2026-12-24T00:00:00,DEV-000357-01,,,telecom,SUCCESS,,,synthetic,SIM_ESIM_AUTH_ANOMALY,1,,,,,,,,,,
EVT-000357-02,USR-000357,ACC-000357,DEVICE,NEW_DEVICE,2026-12-24T00:05:00,DEV-000357-02,,,device,UNRECOGNIZED,,,synthetic,SIM_ESIM_AUTH_ANOMALY,1,,,,,,,,,,
EVT-000357-03,USR-000357,ACC-000357,AUTHENTICATION,FAILED_LOGIN,2026-12-24T00:10:00,DEV-000357-02,,,authentication,FAILURE,,,synthetic,SIM_ESIM_AUTH_ANOMALY,1,,,,,,,,,,
EVT-000357-04,USR-000357,ACC-000357,AUTHENTICATION,FAILED_LOGIN,2026-12-24T00:12:00,DEV-000357-02,,,authentication,FAILURE,,,synthetic,SIM_ESIM_AUTH_ANOMALY,1,,,,,,,,,,
EVT-000357-05,USR-000357,ACC-000357,BEHAVIOUR,DEVICE_DEVIATION,2026-12-24T00:15:00,DEV-000357-02,,,behaviour,DEVIATION,,,synthetic,SIM_ESIM_AUTH_ANOMALY,1,,,,,,,,,,
EVT-000358-01,USR-000358,ACC-000358,TELECOM,SIM_SWAP,2026-12-25T00:00:00,DEV-000358-01,,,telecom,SUCCESS,,,synthetic,SIM_ESIM_AUTH_ANOMALY,1,,,,,,,,,,
EVT-000358-02,USR-000358,ACC-000358,DEVICE,NEW_DEVICE,2026-12-25T00:05:00,DEV-000358-02,,,device,UNRECOGNIZED,,,synthetic,SIM_ESIM_AUTH_ANOMALY,1,,,,,,,,,,
EVT-000358-03,USR-000358,ACC-000358,AUTHENTICATION,FAILED_LOGIN,2026-12-25T00:10:00,DEV-000358-02,,,authentication,FAILURE,,,synthetic,SIM_ESIM_AUTH_ANOMALY,1,,,,,,,,,,
EVT-000358-04,USR-000358,ACC-000358,AUTHENTICATION,FAILED_LOGIN,2026-12-25T00:12:00,DEV-000358-02,,,authentication,FAILURE,,,synthetic,SIM_ESIM_AUTH_ANOMALY,1,,,,,,,,,,
EVT-000358-05,USR-000358,ACC-000358,BEHAVIOUR,DEVICE_DEVIATION,2026-12-25T00:15:00,DEV-000358-02,,,behaviour,DEVIATION,,,synthetic,SIM_ESIM_AUTH_ANOMALY,1,,,,,,,,,,
EVT-000359-01,USR-000359,ACC-000359,TELECOM,SIM_REPLACEMENT,2026-12-26T00:00:00,DEV-000359-01,,,telecom,SUCCESS,,,synthetic,LEGITIMATE_SIM_REPLACEMENT,0,,,,,,,,,,
EVT-000359-02,USR-000359,ACC-000359,AUTHENTICATION,LOGIN,2026-12-26T00:10:00,DEV-000359-01,,,authentication,SUCCESS,,,synthetic,LEGITIMATE_SIM_REPLACEMENT,0,,,,,,,,,,
EVT-000359-03,USR-000359,ACC-000359,TRANSACTION,TRANSACTION,2026-12-26T00:30:00,DEV-000359-01,,,transaction,SUCCESS,26920.7,,paysim,LEGITIMATE_SIM_REPLACEMENT,0,PAYMENT,25386.0,0.0,0.0,0.0,379,C1015715424,M2020703131,0,0
EVT-000360-01,USR-000360,ACC-000360,TELECOM,ESIM_CHANGE,2026-12-27T00:00:00,DEV-000360-01,,,telecom,SUCCESS,,,synthetic,SUSPICIOUS_ESIM_CHANGE,1,,,,,,,,,,
EVT-000360-02,USR-000360,ACC-000360,DEVICE,NEW_DEVICE,2026-12-27T00:05:00,DEV-000360-02,,,device,UNRECOGNIZED,,,synthetic,SUSPICIOUS_ESIM_CHANGE,1,,,,,,,,,,
EVT-000360-03,USR-000360,ACC-000360,DEVICE,DEVICE_CHANGE,2026-12-27T00:08:00,DEV-000360-02,,,device,DEVIATION,,,synthetic,SUSPICIOUS_ESIM_CHANGE,1,,,,,,,,,,
EVT-000360-04,USR-000360,ACC-000360,AUTHENTICATION,FAILED_LOGIN,2026-12-27T00:10:00,DEV-000360-02,,,authentication,FAILURE,,,synthetic,SUSPICIOUS_ESIM_CHANGE,1,,,,,,,,,,
EVT-000360-05,USR-000360,ACC-000360,BEHAVIOUR,DEVICE_DEVIATION,2026-12-27T00:15:00,DEV-000360-02,,,behaviour,DEVIATION,,,synthetic,SUSPICIOUS_ESIM_CHANGE,1,,,,,,,,,,
EVT-000360-06,USR-000360,ACC-000360,TRANSACTION,TRANSACTION,2026-12-27T00:30:00,DEV-000360-02,,,transaction,SUCCESS,367717.28,,paysim,SUSPICIOUS_ESIM_CHANGE,1,CASH_OUT,0.0,0.0,573845.37,941562.66,565,C735949335,C29126211,0,0
EVT-000361-01,USR-000361,ACC-000361,TELECOM,SIM_SWAP,2026-12-28T00:00:00,DEV-000361-01,,,telecom,SUCCESS,,,synthetic,SIM_ESIM_AUTH_ANOMALY,1,,,,,,,,,,
EVT-000361-02,USR-000361,ACC-000361,DEVICE,NEW_DEVICE,2026-12-28T00:05:00,DEV-000361-02,,,device,UNRECOGNIZED,,,synthetic,SIM_ESIM_AUTH_ANOMALY,1,,,,,,,,,,
EVT-000361-03,USR-000361,ACC-000361,AUTHENTICATION,FAILED_LOGIN,2026-12-28T00:10:00,DEV-000361-02,,,authentication,FAILURE,,,synthetic,SIM_ESIM_AUTH_ANOMALY,1,,,,,,,,,,
EVT-000361-04,USR-000361,ACC-000361,AUTHENTICATION,FAILED_LOGIN,2026-12-28T00:12:00,DEV-000361-02,,,authentication,FAILURE,,,synthetic,SIM_ESIM_AUTH_ANOMALY,1,,,,,,,,,,
EVT-000361-05,USR-000361,ACC-000361,BEHAVIOUR,DEVICE_DEVIATION,2026-12-28T00:15:00,DEV-000361-02,,,behaviour,DEVIATION,,,synthetic,SIM_ESIM_AUTH_ANOMALY,1,,,,,,,,,,
EVT-000362-01,USR-000362,ACC-000362,TELECOM,SIM_REPLACEMENT,2026-12-29T00:00:00,DEV-000362-01,,,telecom,SUCCESS,,,synthetic,SUSPICIOUS_SIM_REPLACEMENT,1,,,,,,,,,,
EVT-000362-02,USR-000362,ACC-000362,DEVICE,NEW_DEVICE,2026-12-29T00:05:00,DEV-000362-02,,,device,UNRECOGNIZED,,,synthetic,SUSPICIOUS_SIM_REPLACEMENT,1,,,,,,,,,,
EVT-000362-03,USR-000362,ACC-000362,AUTHENTICATION,FAILED_LOGIN,2026-12-29T00:10:00,DEV-000362-02,,,authentication,FAILURE,,,synthetic,SUSPICIOUS_SIM_REPLACEMENT,1,,,,,,,,,,
EVT-000362-04,USR-000362,ACC-000362,RECOVERY,PASSWORD_RESET,2026-12-29T00:15:00,DEV-000362-02,,,recovery,SUCCESS,,,synthetic,SUSPICIOUS_SIM_REPLACEMENT,1,,,,,,,,,,
EVT-000362-05,USR-000362,ACC-000362,ACCOUNT,NEW_BENEFICIARY,2026-12-29T00:20:00,DEV-000362-02,,,account,SUCCESS,,BEN-000362-01,synthetic,SUSPICIOUS_SIM_REPLACEMENT,1,,,,,,,,,,
EVT-000362-06,USR-000362,ACC-000362,TRANSACTION,TRANSACTION,2026-12-29T00:30:00,DEV-000362-02,,,transaction,SUCCESS,1205.69,,paysim,SUSPICIOUS_SIM_REPLACEMENT,1,PAYMENT,14026.0,12820.31,0.0,0.0,284,C1184939455,M2104008754,0,0
EVT-000363-01,USR-000363,ACC-000363,TELECOM,ESIM_CHANGE,2026-12-30T00:00:00,DEV-000363-01,,,telecom,SUCCESS,,,synthetic,LEGITIMATE_ESIM_CHANGE,0,,,,,,,,,,
EVT-000363-02,USR-000363,ACC-000363,AUTHENTICATION,LOGIN,2026-12-30T00:10:00,DEV-000363-01,,,authentication,SUCCESS,,,synthetic,LEGITIMATE_ESIM_CHANGE,0,,,,,,,,,,
EVT-000364-01,USR-000364,ACC-000364,TELECOM,SIM_REPLACEMENT,2026-12-31T00:00:00,DEV-000364-01,,,telecom,SUCCESS,,,synthetic,LEGITIMATE_SIM_REPLACEMENT,0,,,,,,,,,,
EVT-000364-02,USR-000364,ACC-000364,AUTHENTICATION,LOGIN,2026-12-31T00:10:00,DEV-000364-01,,,authentication,SUCCESS,,,synthetic,LEGITIMATE_SIM_REPLACEMENT,0,,,,,,,,,,
EVT-000364-03,USR-000364,ACC-000364,TRANSACTION,TRANSACTION,2026-12-31T00:30:00,DEV-000364-01,,,transaction,SUCCESS,206374.32,,paysim,LEGITIMATE_SIM_REPLACEMENT,0,CASH_IN,3933020.19,4139394.5,590085.39,383711.08,323,C1053997704,C1084094253,0,0
EVT-000365-01,USR-000365,ACC-000365,TELECOM,SIM_REPLACEMENT,2027-01-01T00:00:00,DEV-000365-01,,,telecom,SUCCESS,,,synthetic,SUSPICIOUS_SIM_REPLACEMENT,1,,,,,,,,,,
EVT-000365-02,USR-000365,ACC-000365,DEVICE,NEW_DEVICE,2027-01-01T00:05:00,DEV-000365-02,,,device,UNRECOGNIZED,,,synthetic,SUSPICIOUS_SIM_REPLACEMENT,1,,,,,,,,,,
EVT-000365-03,USR-000365,ACC-000365,AUTHENTICATION,FAILED_LOGIN,2027-01-01T00:10:00,DEV-000365-02,,,authentication,FAILURE,,,synthetic,SUSPICIOUS_SIM_REPLACEMENT,1,,,,,,,,,,
EVT-000365-04,USR-000365,ACC-000365,RECOVERY,PASSWORD_RESET,2027-01-01T00:15:00,DEV-000365-02,,,recovery,SUCCESS,,,synthetic,SUSPICIOUS_SIM_REPLACEMENT,1,,,,,,,,,,
EVT-000365-05,USR-000365,ACC-000365,ACCOUNT,NEW_BENEFICIARY,2027-01-01T00:20:00,DEV-000365-02,,,account,SUCCESS,,BEN-000365-01,synthetic,SUSPICIOUS_SIM_REPLACEMENT,1,,,,,,,,,,
EVT-000365-06,USR-000365,ACC-000365,TRANSACTION,TRANSACTION,2027-01-01T00:30:00,DEV-000365-02,,,transaction,SUCCESS,170488.31,,paysim,SUSPICIOUS_SIM_REPLACEMENT,1,CASH_IN,2157312.36,2327800.66,509027.86,338539.56,324,C1505556206,C1164484909,0,0
EVT-000366-01,USR-000366,ACC-000366,TELECOM,SIM_SWAP,2027-01-02T00:00:00,DEV-000366-01,,,telecom,SUCCESS,,,synthetic,SIM_ESIM_AUTH_ANOMALY,1,,,,,,,,,,
EVT-000366-02,USR-000366,ACC-000366,DEVICE,NEW_DEVICE,2027-01-02T00:05:00,DEV-000366-02,,,device,UNRECOGNIZED,,,synthetic,SIM_ESIM_AUTH_ANOMALY,1,,,,,,,,,,
EVT-000366-03,USR-000366,ACC-000366,AUTHENTICATION,FAILED_LOGIN,2027-01-02T00:10:00,DEV-000366-02,,,authentication,FAILURE,,,synthetic,SIM_ESIM_AUTH_ANOMALY,1,,,,,,,,,,
EVT-000366-04,USR-000366,ACC-000366,AUTHENTICATION,FAILED_LOGIN,2027-01-02T00:12:00,DEV-000366-02,,,authentication,FAILURE,,,synthetic,SIM_ESIM_AUTH_ANOMALY,1,,,,,,,,,,
EVT-000366-05,USR-000366,ACC-000366,BEHAVIOUR,DEVICE_DEVIATION,2027-01-02T00:15:00,DEV-000366-02,,,behaviour,DEVIATION,,,synthetic,SIM_ESIM_AUTH_ANOMALY,1,,,,,,,,,,
EVT-000367-01,USR-000367,ACC-000367,TELECOM,SIM_SWAP,2027-01-03T00:00:00,DEV-000367-01,,,telecom,SUCCESS,,,synthetic,SIM_ESIM_AUTH_ANOMALY,1,,,,,,,,,,
EVT-000367-02,USR-000367,ACC-000367,DEVICE,NEW_DEVICE,2027-01-03T00:05:00,DEV-000367-02,,,device,UNRECOGNIZED,,,synthetic,SIM_ESIM_AUTH_ANOMALY,1,,,,,,,,,,
EVT-000367-03,USR-000367,ACC-000367,AUTHENTICATION,FAILED_LOGIN,2027-01-03T00:10:00,DEV-000367-02,,,authentication,FAILURE,,,synthetic,SIM_ESIM_AUTH_ANOMALY,1,,,,,,,,,,
EVT-000367-04,USR-000367,ACC-000367,AUTHENTICATION,FAILED_LOGIN,2027-01-03T00:12:00,DEV-000367-02,,,authentication,FAILURE,,,synthetic,SIM_ESIM_AUTH_ANOMALY,1,,,,,,,,,,
EVT-000367-05,USR-000367,ACC-000367,BEHAVIOUR,DEVICE_DEVIATION,2027-01-03T00:15:00,DEV-000367-02,,,behaviour,DEVIATION,,,synthetic,SIM_ESIM_AUTH_ANOMALY,1,,,,,,,,,,
EVT-000368-01,USR-000368,ACC-000368,TELECOM,SIM_REPLACEMENT,2027-01-04T00:00:00,DEV-000368-01,,,telecom,SUCCESS,,,synthetic,SUSPICIOUS_SIM_REPLACEMENT,1,,,,,,,,,,
EVT-000368-02,USR-000368,ACC-000368,DEVICE,NEW_DEVICE,2027-01-04T00:05:00,DEV-000368-02,,,device,UNRECOGNIZED,,,synthetic,SUSPICIOUS_SIM_REPLACEMENT,1,,,,,,,,,,
EVT-000368-03,USR-000368,ACC-000368,AUTHENTICATION,FAILED_LOGIN,2027-01-04T00:10:00,DEV-000368-02,,,authentication,FAILURE,,,synthetic,SUSPICIOUS_SIM_REPLACEMENT,1,,,,,,,,,,
EVT-000368-04,USR-000368,ACC-000368,RECOVERY,PASSWORD_RESET,2027-01-04T00:15:00,DEV-000368-02,,,recovery,SUCCESS,,,synthetic,SUSPICIOUS_SIM_REPLACEMENT,1,,,,,,,,,,
EVT-000368-05,USR-000368,ACC-000368,ACCOUNT,NEW_BENEFICIARY,2027-01-04T00:20:00,DEV-000368-02,,,account,SUCCESS,,BEN-000368-01,synthetic,SUSPICIOUS_SIM_REPLACEMENT,1,,,,,,,,,,
EVT-000368-06,USR-000368,ACC-000368,TRANSACTION,TRANSACTION,2027-01-04T00:30:00,DEV-000368-02,,,transaction,SUCCESS,26428.7,,paysim,SUSPICIOUS_SIM_REPLACEMENT,1,PAYMENT,49911.0,23482.3,0.0,0.0,398,C1252789849,M40397965,0,0
EVT-000369-01,USR-000369,ACC-000369,TELECOM,SIM_SWAP,2027-01-05T00:00:00,DEV-000369-01,,,telecom,SUCCESS,,,synthetic,SIM_ESIM_AUTH_ANOMALY,1,,,,,,,,,,
EVT-000369-02,USR-000369,ACC-000369,DEVICE,NEW_DEVICE,2027-01-05T00:05:00,DEV-000369-02,,,device,UNRECOGNIZED,,,synthetic,SIM_ESIM_AUTH_ANOMALY,1,,,,,,,,,,
EVT-000369-03,USR-000369,ACC-000369,AUTHENTICATION,FAILED_LOGIN,2027-01-05T00:10:00,DEV-000369-02,,,authentication,FAILURE,,,synthetic,SIM_ESIM_AUTH_ANOMALY,1,,,,,,,,,,
EVT-000369-04,USR-000369,ACC-000369,AUTHENTICATION,FAILED_LOGIN,2027-01-05T00:12:00,DEV-000369-02,,,authentication,FAILURE,,,synthetic,SIM_ESIM_AUTH_ANOMALY,1,,,,,,,,,,
EVT-000369-05,USR-000369,ACC-000369,BEHAVIOUR,DEVICE_DEVIATION,2027-01-05T00:15:00,DEV-000369-02,,,behaviour,DEVIATION,,,synthetic,SIM_ESIM_AUTH_ANOMALY,1,,,,,,,,,,
EVT-000370-01,USR-000370,ACC-000370,TELECOM,ESIM_CHANGE,2027-01-06T00:00:00,DEV-000370-01,,,telecom,SUCCESS,,,synthetic,SUSPICIOUS_ESIM_CHANGE,1,,,,,,,,,,
EVT-000370-02,USR-000370,ACC-000370,DEVICE,NEW_DEVICE,2027-01-06T00:05:00,DEV-000370-02,,,device,UNRECOGNIZED,,,synthetic,SUSPICIOUS_ESIM_CHANGE,1,,,,,,,,,,
EVT-000370-03,USR-000370,ACC-000370,DEVICE,DEVICE_CHANGE,2027-01-06T00:08:00,DEV-000370-02,,,device,DEVIATION,,,synthetic,SUSPICIOUS_ESIM_CHANGE,1,,,,,,,,,,
EVT-000370-04,USR-000370,ACC-000370,AUTHENTICATION,FAILED_LOGIN,2027-01-06T00:10:00,DEV-000370-02,,,authentication,FAILURE,,,synthetic,SUSPICIOUS_ESIM_CHANGE,1,,,,,,,,,,
EVT-000370-05,USR-000370,ACC-000370,BEHAVIOUR,DEVICE_DEVIATION,2027-01-06T00:15:00,DEV-000370-02,,,behaviour,DEVIATION,,,synthetic,SUSPICIOUS_ESIM_CHANGE,1,,,,,,,,,,
EVT-000370-06,USR-000370,ACC-000370,TRANSACTION,TRANSACTION,2027-01-06T00:30:00,DEV-000370-02,,,transaction,SUCCESS,2771.76,,paysim,SUSPICIOUS_ESIM_CHANGE,1,PAYMENT,0.0,0.0,0.0,0.0,354,C2034426674,M1725430206,0,0
EVT-000371-01,USR-000371,ACC-000371,TELECOM,ESIM_CHANGE,2027-01-07T00:00:00,DEV-000371-01,,,telecom,SUCCESS,,,synthetic,LEGITIMATE_ESIM_CHANGE,0,,,,,,,,,,
EVT-000371-02,USR-000371,ACC-000371,AUTHENTICATION,LOGIN,2027-01-07T00:10:00,DEV-000371-01,,,authentication,SUCCESS,,,synthetic,LEGITIMATE_ESIM_CHANGE,0,,,,,,,,,,
EVT-000372-01,USR-000372,ACC-000372,TELECOM,SIM_SWAP,2027-01-08T00:00:00,DEV-000372-01,,,telecom,SUCCESS,,,synthetic,SIM_ESIM_AUTH_ANOMALY,1,,,,,,,,,,
EVT-000372-02,USR-000372,ACC-000372,DEVICE,NEW_DEVICE,2027-01-08T00:05:00,DEV-000372-02,,,device,UNRECOGNIZED,,,synthetic,SIM_ESIM_AUTH_ANOMALY,1,,,,,,,,,,
EVT-000372-03,USR-000372,ACC-000372,AUTHENTICATION,FAILED_LOGIN,2027-01-08T00:10:00,DEV-000372-02,,,authentication,FAILURE,,,synthetic,SIM_ESIM_AUTH_ANOMALY,1,,,,,,,,,,
EVT-000372-04,USR-000372,ACC-000372,AUTHENTICATION,FAILED_LOGIN,2027-01-08T00:12:00,DEV-000372-02,,,authentication,FAILURE,,,synthetic,SIM_ESIM_AUTH_ANOMALY,1,,,,,,,,,,
EVT-000372-05,USR-000372,ACC-000372,BEHAVIOUR,DEVICE_DEVIATION,2027-01-08T00:15:00,DEV-000372-02,,,behaviour,DEVIATION,,,synthetic,SIM_ESIM_AUTH_ANOMALY,1,,,,,,,,,,
EVT-000373-01,USR-000373,ACC-000373,TELECOM,ESIM_CHANGE,2027-01-09T00:00:00,DEV-000373-01,,,telecom,SUCCESS,,,synthetic,LEGITIMATE_ESIM_CHANGE,0,,,,,,,,,,
EVT-000373-02,USR-000373,ACC-000373,AUTHENTICATION,LOGIN,2027-01-09T00:10:00,DEV-000373-01,,,authentication,SUCCESS,,,synthetic,LEGITIMATE_ESIM_CHANGE,0,,,,,,,,,,
EVT-000374-01,USR-000374,ACC-000374,TELECOM,SIM_SWAP,2027-01-10T00:00:00,DEV-000374-01,,,telecom,SUCCESS,,,synthetic,SIM_ESIM_AUTH_ANOMALY,1,,,,,,,,,,
EVT-000374-02,USR-000374,ACC-000374,DEVICE,NEW_DEVICE,2027-01-10T00:05:00,DEV-000374-02,,,device,UNRECOGNIZED,,,synthetic,SIM_ESIM_AUTH_ANOMALY,1,,,,,,,,,,
EVT-000374-03,USR-000374,ACC-000374,AUTHENTICATION,FAILED_LOGIN,2027-01-10T00:10:00,DEV-000374-02,,,authentication,FAILURE,,,synthetic,SIM_ESIM_AUTH_ANOMALY,1,,,,,,,,,,
EVT-000374-04,USR-000374,ACC-000374,AUTHENTICATION,FAILED_LOGIN,2027-01-10T00:12:00,DEV-000374-02,,,authentication,FAILURE,,,synthetic,SIM_ESIM_AUTH_ANOMALY,1,,,,,,,,,,
EVT-000374-05,USR-000374,ACC-000374,BEHAVIOUR,DEVICE_DEVIATION,2027-01-10T00:15:00,DEV-000374-02,,,behaviour,DEVIATION,,,synthetic,SIM_ESIM_AUTH_ANOMALY,1,,,,,,,,,,
EVT-000375-01,USR-000375,ACC-000375,TELECOM,SIM_REPLACEMENT,2027-01-11T00:00:00,DEV-000375-01,,,telecom,SUCCESS,,,synthetic,LEGITIMATE_SIM_REPLACEMENT,0,,,,,,,,,,
EVT-000375-02,USR-000375,ACC-000375,AUTHENTICATION,LOGIN,2027-01-11T00:10:00,DEV-000375-01,,,authentication,SUCCESS,,,synthetic,LEGITIMATE_SIM_REPLACEMENT,0,,,,,,,,,,
EVT-000375-03,USR-000375,ACC-000375,TRANSACTION,TRANSACTION,2027-01-11T00:30:00,DEV-000375-01,,,transaction,SUCCESS,1310.59,,paysim,LEGITIMATE_SIM_REPLACEMENT,0,PAYMENT,0.0,0.0,0.0,0.0,279,C916946313,M566876023,0,0
EVT-000376-01,USR-000376,ACC-000376,TELECOM,SIM_SWAP,2027-01-12T00:00:00,DEV-000376-01,,,telecom,SUCCESS,,,synthetic,SIM_ESIM_AUTH_ANOMALY,1,,,,,,,,,,
EVT-000376-02,USR-000376,ACC-000376,DEVICE,NEW_DEVICE,2027-01-12T00:05:00,DEV-000376-02,,,device,UNRECOGNIZED,,,synthetic,SIM_ESIM_AUTH_ANOMALY,1,,,,,,,,,,
EVT-000376-03,USR-000376,ACC-000376,AUTHENTICATION,FAILED_LOGIN,2027-01-12T00:10:00,DEV-000376-02,,,authentication,FAILURE,,,synthetic,SIM_ESIM_AUTH_ANOMALY,1,,,,,,,,,,
EVT-000376-04,USR-000376,ACC-000376,AUTHENTICATION,FAILED_LOGIN,2027-01-12T00:12:00,DEV-000376-02,,,authentication,FAILURE,,,synthetic,SIM_ESIM_AUTH_ANOMALY,1,,,,,,,,,,
EVT-000376-05,USR-000376,ACC-000376,BEHAVIOUR,DEVICE_DEVIATION,2027-01-12T00:15:00,DEV-000376-02,,,behaviour,DEVIATION,,,synthetic,SIM_ESIM_AUTH_ANOMALY,1,,,,,,,,,,
EVT-000377-01,USR-000377,ACC-000377,TELECOM,SIM_SWAP,2027-01-13T00:00:00,DEV-000377-01,,,telecom,SUCCESS,,,synthetic,SIM_ESIM_AUTH_ANOMALY,1,,,,,,,,,,
EVT-000377-02,USR-000377,ACC-000377,DEVICE,NEW_DEVICE,2027-01-13T00:05:00,DEV-000377-02,,,device,UNRECOGNIZED,,,synthetic,SIM_ESIM_AUTH_ANOMALY,1,,,,,,,,,,
EVT-000377-03,USR-000377,ACC-000377,AUTHENTICATION,FAILED_LOGIN,2027-01-13T00:10:00,DEV-000377-02,,,authentication,FAILURE,,,synthetic,SIM_ESIM_AUTH_ANOMALY,1,,,,,,,,,,
EVT-000377-04,USR-000377,ACC-000377,AUTHENTICATION,FAILED_LOGIN,2027-01-13T00:12:00,DEV-000377-02,,,authentication,FAILURE,,,synthetic,SIM_ESIM_AUTH_ANOMALY,1,,,,,,,,,,
EVT-000377-05,USR-000377,ACC-000377,BEHAVIOUR,DEVICE_DEVIATION,2027-01-13T00:15:00,DEV-000377-02,,,behaviour,DEVIATION,,,synthetic,SIM_ESIM_AUTH_ANOMALY,1,,,,,,,,,,
EVT-000378-01,USR-000378,ACC-000378,TELECOM,SIM_REPLACEMENT,2027-01-14T00:00:00,DEV-000378-01,,,telecom,SUCCESS,,,synthetic,LEGITIMATE_SIM_REPLACEMENT,0,,,,,,,,,,
EVT-000378-02,USR-000378,ACC-000378,AUTHENTICATION,LOGIN,2027-01-14T00:10:00,DEV-000378-01,,,authentication,SUCCESS,,,synthetic,LEGITIMATE_SIM_REPLACEMENT,0,,,,,,,,,,
EVT-000378-03,USR-000378,ACC-000378,TRANSACTION,TRANSACTION,2027-01-14T00:30:00,DEV-000378-01,,,transaction,SUCCESS,6046.78,,paysim,LEGITIMATE_SIM_REPLACEMENT,0,PAYMENT,46465.24,40418.46,0.0,0.0,187,C1577641082,M1295308064,0,0
EVT-000379-01,USR-000379,ACC-000379,TELECOM,SIM_REPLACEMENT,2027-01-15T00:00:00,DEV-000379-01,,,telecom,SUCCESS,,,synthetic,LEGITIMATE_SIM_REPLACEMENT,0,,,,,,,,,,
EVT-000379-02,USR-000379,ACC-000379,AUTHENTICATION,LOGIN,2027-01-15T00:10:00,DEV-000379-01,,,authentication,SUCCESS,,,synthetic,LEGITIMATE_SIM_REPLACEMENT,0,,,,,,,,,,
EVT-000379-03,USR-000379,ACC-000379,TRANSACTION,TRANSACTION,2027-01-15T00:30:00,DEV-000379-01,,,transaction,SUCCESS,149265.82,,paysim,LEGITIMATE_SIM_REPLACEMENT,0,CASH_OUT,0.0,0.0,422175.81,355587.64,14,C1409315708,C1551771589,0,0
EVT-000380-01,USR-000380,ACC-000380,TELECOM,SIM_SWAP,2027-01-16T00:00:00,DEV-000380-01,,,telecom,SUCCESS,,,synthetic,SIM_ESIM_AUTH_ANOMALY,1,,,,,,,,,,
EVT-000380-02,USR-000380,ACC-000380,DEVICE,NEW_DEVICE,2027-01-16T00:05:00,DEV-000380-02,,,device,UNRECOGNIZED,,,synthetic,SIM_ESIM_AUTH_ANOMALY,1,,,,,,,,,,
EVT-000380-03,USR-000380,ACC-000380,AUTHENTICATION,FAILED_LOGIN,2027-01-16T00:10:00,DEV-000380-02,,,authentication,FAILURE,,,synthetic,SIM_ESIM_AUTH_ANOMALY,1,,,,,,,,,,
EVT-000380-04,USR-000380,ACC-000380,AUTHENTICATION,FAILED_LOGIN,2027-01-16T00:12:00,DEV-000380-02,,,authentication,FAILURE,,,synthetic,SIM_ESIM_AUTH_ANOMALY,1,,,,,,,,,,
EVT-000380-05,USR-000380,ACC-000380,BEHAVIOUR,DEVICE_DEVIATION,2027-01-16T00:15:00,DEV-000380-02,,,behaviour,DEVIATION,,,synthetic,SIM_ESIM_AUTH_ANOMALY,1,,,,,,,,,,
EVT-000381-01,USR-000381,ACC-000381,TELECOM,SIM_SWAP,2027-01-17T00:00:00,DEV-000381-01,,,telecom,SUCCESS,,,synthetic,SIM_ESIM_AUTH_ANOMALY,1,,,,,,,,,,
EVT-000381-02,USR-000381,ACC-000381,DEVICE,NEW_DEVICE,2027-01-17T00:05:00,DEV-000381-02,,,device,UNRECOGNIZED,,,synthetic,SIM_ESIM_AUTH_ANOMALY,1,,,,,,,,,,
EVT-000381-03,USR-000381,ACC-000381,AUTHENTICATION,FAILED_LOGIN,2027-01-17T00:10:00,DEV-000381-02,,,authentication,FAILURE,,,synthetic,SIM_ESIM_AUTH_ANOMALY,1,,,,,,,,,,
EVT-000381-04,USR-000381,ACC-000381,AUTHENTICATION,FAILED_LOGIN,2027-01-17T00:12:00,DEV-000381-02,,,authentication,FAILURE,,,synthetic,SIM_ESIM_AUTH_ANOMALY,1,,,,,,,,,,
EVT-000381-05,USR-000381,ACC-000381,BEHAVIOUR,DEVICE_DEVIATION,2027-01-17T00:15:00,DEV-000381-02,,,behaviour,DEVIATION,,,synthetic,SIM_ESIM_AUTH_ANOMALY,1,,,,,,,,,,
EVT-000382-01,USR-000382,ACC-000382,TELECOM,SIM_REPLACEMENT,2027-01-18T00:00:00,DEV-000382-01,,,telecom,SUCCESS,,,synthetic,LEGITIMATE_SIM_REPLACEMENT,0,,,,,,,,,,
EVT-000382-02,USR-000382,ACC-000382,AUTHENTICATION,LOGIN,2027-01-18T00:10:00,DEV-000382-01,,,authentication,SUCCESS,,,synthetic,LEGITIMATE_SIM_REPLACEMENT,0,,,,,,,,,,
EVT-000382-03,USR-000382,ACC-000382,TRANSACTION,TRANSACTION,2027-01-18T00:30:00,DEV-000382-01,,,transaction,SUCCESS,103767.15,,paysim,LEGITIMATE_SIM_REPLACEMENT,0,CASH_IN,21192.0,124959.15,981283.3,877516.15,143,C12244841,C1306128743,0,0
EVT-000383-01,USR-000383,ACC-000383,TELECOM,SIM_REPLACEMENT,2027-01-19T00:00:00,DEV-000383-01,,,telecom,SUCCESS,,,synthetic,LEGITIMATE_SIM_REPLACEMENT,0,,,,,,,,,,
EVT-000383-02,USR-000383,ACC-000383,AUTHENTICATION,LOGIN,2027-01-19T00:10:00,DEV-000383-01,,,authentication,SUCCESS,,,synthetic,LEGITIMATE_SIM_REPLACEMENT,0,,,,,,,,,,
EVT-000383-03,USR-000383,ACC-000383,TRANSACTION,TRANSACTION,2027-01-19T00:30:00,DEV-000383-01,,,transaction,SUCCESS,230977.61,,paysim,LEGITIMATE_SIM_REPLACEMENT,0,TRANSFER,0.0,0.0,3054978.08,3285955.68,302,C453619659,C24897688,0,0
EVT-000384-01,USR-000384,ACC-000384,TELECOM,SIM_REPLACEMENT,2027-01-20T00:00:00,DEV-000384-01,,,telecom,SUCCESS,,,synthetic,SUSPICIOUS_SIM_REPLACEMENT,1,,,,,,,,,,
EVT-000384-02,USR-000384,ACC-000384,DEVICE,NEW_DEVICE,2027-01-20T00:05:00,DEV-000384-02,,,device,UNRECOGNIZED,,,synthetic,SUSPICIOUS_SIM_REPLACEMENT,1,,,,,,,,,,
EVT-000384-03,USR-000384,ACC-000384,AUTHENTICATION,FAILED_LOGIN,2027-01-20T00:10:00,DEV-000384-02,,,authentication,FAILURE,,,synthetic,SUSPICIOUS_SIM_REPLACEMENT,1,,,,,,,,,,
EVT-000384-04,USR-000384,ACC-000384,RECOVERY,PASSWORD_RESET,2027-01-20T00:15:00,DEV-000384-02,,,recovery,SUCCESS,,,synthetic,SUSPICIOUS_SIM_REPLACEMENT,1,,,,,,,,,,
EVT-000384-05,USR-000384,ACC-000384,ACCOUNT,NEW_BENEFICIARY,2027-01-20T00:20:00,DEV-000384-02,,,account,SUCCESS,,BEN-000384-01,synthetic,SUSPICIOUS_SIM_REPLACEMENT,1,,,,,,,,,,
EVT-000384-06,USR-000384,ACC-000384,TRANSACTION,TRANSACTION,2027-01-20T00:30:00,DEV-000384-02,,,transaction,SUCCESS,6528.4,,paysim,SUSPICIOUS_SIM_REPLACEMENT,1,PAYMENT,0.0,0.0,0.0,0.0,162,C1102304864,M904428428,0,0
EVT-000385-01,USR-000385,ACC-000385,TELECOM,SIM_SWAP,2027-01-21T00:00:00,DEV-000385-01,,,telecom,SUCCESS,,,synthetic,SIM_ESIM_AUTH_ANOMALY,1,,,,,,,,,,
EVT-000385-02,USR-000385,ACC-000385,DEVICE,NEW_DEVICE,2027-01-21T00:05:00,DEV-000385-02,,,device,UNRECOGNIZED,,,synthetic,SIM_ESIM_AUTH_ANOMALY,1,,,,,,,,,,
EVT-000385-03,USR-000385,ACC-000385,AUTHENTICATION,FAILED_LOGIN,2027-01-21T00:10:00,DEV-000385-02,,,authentication,FAILURE,,,synthetic,SIM_ESIM_AUTH_ANOMALY,1,,,,,,,,,,
EVT-000385-04,USR-000385,ACC-000385,AUTHENTICATION,FAILED_LOGIN,2027-01-21T00:12:00,DEV-000385-02,,,authentication,FAILURE,,,synthetic,SIM_ESIM_AUTH_ANOMALY,1,,,,,,,,,,
EVT-000385-05,USR-000385,ACC-000385,BEHAVIOUR,DEVICE_DEVIATION,2027-01-21T00:15:00,DEV-000385-02,,,behaviour,DEVIATION,,,synthetic,SIM_ESIM_AUTH_ANOMALY,1,,,,,,,,,,
EVT-000386-01,USR-000386,ACC-000386,TELECOM,SIM_REPLACEMENT,2027-01-22T00:00:00,DEV-000386-01,,,telecom,SUCCESS,,,synthetic,LEGITIMATE_SIM_REPLACEMENT,0,,,,,,,,,,
EVT-000386-02,USR-000386,ACC-000386,AUTHENTICATION,LOGIN,2027-01-22T00:10:00,DEV-000386-01,,,authentication,SUCCESS,,,synthetic,LEGITIMATE_SIM_REPLACEMENT,0,,,,,,,,,,
EVT-000386-03,USR-000386,ACC-000386,TRANSACTION,TRANSACTION,2027-01-22T00:30:00,DEV-000386-01,,,transaction,SUCCESS,260576.0,,paysim,LEGITIMATE_SIM_REPLACEMENT,0,CASH_IN,759723.55,1020299.54,966852.05,706276.05,273,C1569287346,C950073385,0,0
EVT-000387-01,USR-000387,ACC-000387,TELECOM,ESIM_CHANGE,2027-01-23T00:00:00,DEV-000387-01,,,telecom,SUCCESS,,,synthetic,LEGITIMATE_ESIM_CHANGE,0,,,,,,,,,,
EVT-000387-02,USR-000387,ACC-000387,AUTHENTICATION,LOGIN,2027-01-23T00:10:00,DEV-000387-01,,,authentication,SUCCESS,,,synthetic,LEGITIMATE_ESIM_CHANGE,0,,,,,,,,,,
EVT-000388-01,USR-000388,ACC-000388,TELECOM,SIM_REPLACEMENT,2027-01-24T00:00:00,DEV-000388-01,,,telecom,SUCCESS,,,synthetic,LEGITIMATE_SIM_REPLACEMENT,0,,,,,,,,,,
EVT-000388-02,USR-000388,ACC-000388,AUTHENTICATION,LOGIN,2027-01-24T00:10:00,DEV-000388-01,,,authentication,SUCCESS,,,synthetic,LEGITIMATE_SIM_REPLACEMENT,0,,,,,,,,,,
EVT-000388-03,USR-000388,ACC-000388,TRANSACTION,TRANSACTION,2027-01-24T00:30:00,DEV-000388-01,,,transaction,SUCCESS,73930.02,,paysim,LEGITIMATE_SIM_REPLACEMENT,0,CASH_IN,20166.0,94096.02,5247290.29,5173360.27,144,C636946530,C225707519,0,0
EVT-000389-01,USR-000389,ACC-000389,TELECOM,SIM_REPLACEMENT,2027-01-25T00:00:00,DEV-000389-01,,,telecom,SUCCESS,,,synthetic,LEGITIMATE_SIM_REPLACEMENT,0,,,,,,,,,,
EVT-000389-02,USR-000389,ACC-000389,AUTHENTICATION,LOGIN,2027-01-25T00:10:00,DEV-000389-01,,,authentication,SUCCESS,,,synthetic,LEGITIMATE_SIM_REPLACEMENT,0,,,,,,,,,,
EVT-000389-03,USR-000389,ACC-000389,TRANSACTION,TRANSACTION,2027-01-25T00:30:00,DEV-000389-01,,,transaction,SUCCESS,576220.42,,paysim,LEGITIMATE_SIM_REPLACEMENT,0,CASH_OUT,0.0,0.0,1147210.66,1723431.08,162,C152966209,C368088435,0,0
EVT-000390-01,USR-000390,ACC-000390,TELECOM,ESIM_CHANGE,2027-01-26T00:00:00,DEV-000390-01,,,telecom,SUCCESS,,,synthetic,LEGITIMATE_ESIM_CHANGE,0,,,,,,,,,,
EVT-000390-02,USR-000390,ACC-000390,AUTHENTICATION,LOGIN,2027-01-26T00:10:00,DEV-000390-01,,,authentication,SUCCESS,,,synthetic,LEGITIMATE_ESIM_CHANGE,0,,,,,,,,,,
EVT-000391-01,USR-000391,ACC-000391,TELECOM,ESIM_CHANGE,2027-01-27T00:00:00,DEV-000391-01,,,telecom,SUCCESS,,,synthetic,LEGITIMATE_ESIM_CHANGE,0,,,,,,,,,,
EVT-000391-02,USR-000391,ACC-000391,AUTHENTICATION,LOGIN,2027-01-27T00:10:00,DEV-000391-01,,,authentication,SUCCESS,,,synthetic,LEGITIMATE_ESIM_CHANGE,0,,,,,,,,,,
EVT-000392-01,USR-000392,ACC-000392,TELECOM,SIM_SWAP,2027-01-28T00:00:00,DEV-000392-01,,,telecom,SUCCESS,,,synthetic,SIM_ESIM_AUTH_ANOMALY,1,,,,,,,,,,
EVT-000392-02,USR-000392,ACC-000392,DEVICE,NEW_DEVICE,2027-01-28T00:05:00,DEV-000392-02,,,device,UNRECOGNIZED,,,synthetic,SIM_ESIM_AUTH_ANOMALY,1,,,,,,,,,,
EVT-000392-03,USR-000392,ACC-000392,AUTHENTICATION,FAILED_LOGIN,2027-01-28T00:10:00,DEV-000392-02,,,authentication,FAILURE,,,synthetic,SIM_ESIM_AUTH_ANOMALY,1,,,,,,,,,,
EVT-000392-04,USR-000392,ACC-000392,AUTHENTICATION,FAILED_LOGIN,2027-01-28T00:12:00,DEV-000392-02,,,authentication,FAILURE,,,synthetic,SIM_ESIM_AUTH_ANOMALY,1,,,,,,,,,,
EVT-000392-05,USR-000392,ACC-000392,BEHAVIOUR,DEVICE_DEVIATION,2027-01-28T00:15:00,DEV-000392-02,,,behaviour,DEVIATION,,,synthetic,SIM_ESIM_AUTH_ANOMALY,1,,,,,,,,,,
EVT-000393-01,USR-000393,ACC-000393,TELECOM,ESIM_CHANGE,2027-01-29T00:00:00,DEV-000393-01,,,telecom,SUCCESS,,,synthetic,LEGITIMATE_ESIM_CHANGE,0,,,,,,,,,,
EVT-000393-02,USR-000393,ACC-000393,AUTHENTICATION,LOGIN,2027-01-29T00:10:00,DEV-000393-01,,,authentication,SUCCESS,,,synthetic,LEGITIMATE_ESIM_CHANGE,0,,,,,,,,,,
EVT-000394-01,USR-000394,ACC-000394,TELECOM,SIM_REPLACEMENT,2027-01-30T00:00:00,DEV-000394-01,,,telecom,SUCCESS,,,synthetic,LEGITIMATE_SIM_REPLACEMENT,0,,,,,,,,,,
EVT-000394-02,USR-000394,ACC-000394,AUTHENTICATION,LOGIN,2027-01-30T00:10:00,DEV-000394-01,,,authentication,SUCCESS,,,synthetic,LEGITIMATE_SIM_REPLACEMENT,0,,,,,,,,,,
EVT-000394-03,USR-000394,ACC-000394,TRANSACTION,TRANSACTION,2027-01-30T00:30:00,DEV-000394-01,,,transaction,SUCCESS,1699.39,,paysim,LEGITIMATE_SIM_REPLACEMENT,0,PAYMENT,0.0,0.0,0.0,0.0,17,C307495722,M1310865197,0,0
EVT-000395-01,USR-000395,ACC-000395,TELECOM,SIM_REPLACEMENT,2027-01-31T00:00:00,DEV-000395-01,,,telecom,SUCCESS,,,synthetic,LEGITIMATE_SIM_REPLACEMENT,0,,,,,,,,,,
EVT-000395-02,USR-000395,ACC-000395,AUTHENTICATION,LOGIN,2027-01-31T00:10:00,DEV-000395-01,,,authentication,SUCCESS,,,synthetic,LEGITIMATE_SIM_REPLACEMENT,0,,,,,,,,,,
EVT-000395-03,USR-000395,ACC-000395,TRANSACTION,TRANSACTION,2027-01-31T00:30:00,DEV-000395-01,,,transaction,SUCCESS,25192.43,,paysim,LEGITIMATE_SIM_REPLACEMENT,0,PAYMENT,353392.0,328199.57,0.0,0.0,374,C1781279294,M135299367,0,0
EVT-000396-01,USR-000396,ACC-000396,TELECOM,SIM_REPLACEMENT,2027-02-01T00:00:00,DEV-000396-01,,,telecom,SUCCESS,,,synthetic,SUSPICIOUS_SIM_REPLACEMENT,1,,,,,,,,,,
EVT-000396-02,USR-000396,ACC-000396,DEVICE,NEW_DEVICE,2027-02-01T00:05:00,DEV-000396-02,,,device,UNRECOGNIZED,,,synthetic,SUSPICIOUS_SIM_REPLACEMENT,1,,,,,,,,,,
EVT-000396-03,USR-000396,ACC-000396,AUTHENTICATION,FAILED_LOGIN,2027-02-01T00:10:00,DEV-000396-02,,,authentication,FAILURE,,,synthetic,SUSPICIOUS_SIM_REPLACEMENT,1,,,,,,,,,,
EVT-000396-04,USR-000396,ACC-000396,RECOVERY,PASSWORD_RESET,2027-02-01T00:15:00,DEV-000396-02,,,recovery,SUCCESS,,,synthetic,SUSPICIOUS_SIM_REPLACEMENT,1,,,,,,,,,,
EVT-000396-05,USR-000396,ACC-000396,ACCOUNT,NEW_BENEFICIARY,2027-02-01T00:20:00,DEV-000396-02,,,account,SUCCESS,,BEN-000396-01,synthetic,SUSPICIOUS_SIM_REPLACEMENT,1,,,,,,,,,,
EVT-000396-06,USR-000396,ACC-000396,TRANSACTION,TRANSACTION,2027-02-01T00:30:00,DEV-000396-02,,,transaction,SUCCESS,2053.58,,paysim,SUSPICIOUS_SIM_REPLACEMENT,1,PAYMENT,339602.0,337548.42,0.0,0.0,514,C852909709,M1415147631,0,0
EVT-000397-01,USR-000397,ACC-000397,TELECOM,SIM_REPLACEMENT,2027-02-02T00:00:00,DEV-000397-01,,,telecom,SUCCESS,,,synthetic,LEGITIMATE_SIM_REPLACEMENT,0,,,,,,,,,,
EVT-000397-02,USR-000397,ACC-000397,AUTHENTICATION,LOGIN,2027-02-02T00:10:00,DEV-000397-01,,,authentication,SUCCESS,,,synthetic,LEGITIMATE_SIM_REPLACEMENT,0,,,,,,,,,,
EVT-000397-03,USR-000397,ACC-000397,TRANSACTION,TRANSACTION,2027-02-02T00:30:00,DEV-000397-01,,,transaction,SUCCESS,9364.71,,paysim,LEGITIMATE_SIM_REPLACEMENT,0,PAYMENT,10805.0,1440.29,0.0,0.0,189,C651543220,M628578276,0,0
EVT-000398-01,USR-000398,ACC-000398,TELECOM,ESIM_CHANGE,2027-02-03T00:00:00,DEV-000398-01,,,telecom,SUCCESS,,,synthetic,LEGITIMATE_ESIM_CHANGE,0,,,,,,,,,,
EVT-000398-02,USR-000398,ACC-000398,AUTHENTICATION,LOGIN,2027-02-03T00:10:00,DEV-000398-01,,,authentication,SUCCESS,,,synthetic,LEGITIMATE_ESIM_CHANGE,0,,,,,,,,,,
EVT-000399-01,USR-000399,ACC-000399,TELECOM,SIM_REPLACEMENT,2027-02-04T00:00:00,DEV-000399-01,,,telecom,SUCCESS,,,synthetic,SUSPICIOUS_SIM_REPLACEMENT,1,,,,,,,,,,
EVT-000399-02,USR-000399,ACC-000399,DEVICE,NEW_DEVICE,2027-02-04T00:05:00,DEV-000399-02,,,device,UNRECOGNIZED,,,synthetic,SUSPICIOUS_SIM_REPLACEMENT,1,,,,,,,,,,
EVT-000399-03,USR-000399,ACC-000399,AUTHENTICATION,FAILED_LOGIN,2027-02-04T00:10:00,DEV-000399-02,,,authentication,FAILURE,,,synthetic,SUSPICIOUS_SIM_REPLACEMENT,1,,,,,,,,,,
EVT-000399-04,USR-000399,ACC-000399,RECOVERY,PASSWORD_RESET,2027-02-04T00:15:00,DEV-000399-02,,,recovery,SUCCESS,,,synthetic,SUSPICIOUS_SIM_REPLACEMENT,1,,,,,,,,,,
EVT-000399-05,USR-000399,ACC-000399,ACCOUNT,NEW_BENEFICIARY,2027-02-04T00:20:00,DEV-000399-02,,,account,SUCCESS,,BEN-000399-01,synthetic,SUSPICIOUS_SIM_REPLACEMENT,1,,,,,,,,,,
EVT-000399-06,USR-000399,ACC-000399,TRANSACTION,TRANSACTION,2027-02-04T00:30:00,DEV-000399-02,,,transaction,SUCCESS,105863.62,,paysim,SUSPICIOUS_SIM_REPLACEMENT,1,CASH_IN,445700.87,551564.49,1656277.81,1550414.2,249,C401128773,C806305094,0,0
EVT-000400-01,USR-000400,ACC-000400,TELECOM,SIM_SWAP,2027-02-05T00:00:00,DEV-000400-01,,,telecom,SUCCESS,,,synthetic,SIM_ESIM_AUTH_ANOMALY,1,,,,,,,,,,
EVT-000400-02,USR-000400,ACC-000400,DEVICE,NEW_DEVICE,2027-02-05T00:05:00,DEV-000400-02,,,device,UNRECOGNIZED,,,synthetic,SIM_ESIM_AUTH_ANOMALY,1,,,,,,,,,,
EVT-000400-03,USR-000400,ACC-000400,AUTHENTICATION,FAILED_LOGIN,2027-02-05T00:10:00,DEV-000400-02,,,authentication,FAILURE,,,synthetic,SIM_ESIM_AUTH_ANOMALY,1,,,,,,,,,,
EVT-000400-04,USR-000400,ACC-000400,AUTHENTICATION,FAILED_LOGIN,2027-02-05T00:12:00,DEV-000400-02,,,authentication,FAILURE,,,synthetic,SIM_ESIM_AUTH_ANOMALY,1,,,,,,,,,,
EVT-000400-05,USR-000400,ACC-000400,BEHAVIOUR,DEVICE_DEVIATION,2027-02-05T00:15:00,DEV-000400-02,,,behaviour,DEVIATION,,,synthetic,SIM_ESIM_AUTH_ANOMALY,1,,,,,,,,,,
EVT-000401-01,USR-000401,ACC-000401,TELECOM,SIM_SWAP,2027-02-06T00:00:00,DEV-000401-01,,,telecom,SUCCESS,,,synthetic,SIM_ESIM_AUTH_ANOMALY,1,,,,,,,,,,
EVT-000401-02,USR-000401,ACC-000401,DEVICE,NEW_DEVICE,2027-02-06T00:05:00,DEV-000401-02,,,device,UNRECOGNIZED,,,synthetic,SIM_ESIM_AUTH_ANOMALY,1,,,,,,,,,,
EVT-000401-03,USR-000401,ACC-000401,AUTHENTICATION,FAILED_LOGIN,2027-02-06T00:10:00,DEV-000401-02,,,authentication,FAILURE,,,synthetic,SIM_ESIM_AUTH_ANOMALY,1,,,,,,,,,,
EVT-000401-04,USR-000401,ACC-000401,AUTHENTICATION,FAILED_LOGIN,2027-02-06T00:12:00,DEV-000401-02,,,authentication,FAILURE,,,synthetic,SIM_ESIM_AUTH_ANOMALY,1,,,,,,,,,,
EVT-000401-05,USR-000401,ACC-000401,BEHAVIOUR,DEVICE_DEVIATION,2027-02-06T00:15:00,DEV-000401-02,,,behaviour,DEVIATION,,,synthetic,SIM_ESIM_AUTH_ANOMALY,1,,,,,,,,,,
EVT-000402-01,USR-000402,ACC-000402,TELECOM,ESIM_CHANGE,2027-02-07T00:00:00,DEV-000402-01,,,telecom,SUCCESS,,,synthetic,LEGITIMATE_ESIM_CHANGE,0,,,,,,,,,,
EVT-000402-02,USR-000402,ACC-000402,AUTHENTICATION,LOGIN,2027-02-07T00:10:00,DEV-000402-01,,,authentication,SUCCESS,,,synthetic,LEGITIMATE_ESIM_CHANGE,0,,,,,,,,,,
EVT-000403-01,USR-000403,ACC-000403,TELECOM,SIM_REPLACEMENT,2027-02-08T00:00:00,DEV-000403-01,,,telecom,SUCCESS,,,synthetic,SUSPICIOUS_SIM_REPLACEMENT,1,,,,,,,,,,
EVT-000403-02,USR-000403,ACC-000403,DEVICE,NEW_DEVICE,2027-02-08T00:05:00,DEV-000403-02,,,device,UNRECOGNIZED,,,synthetic,SUSPICIOUS_SIM_REPLACEMENT,1,,,,,,,,,,
EVT-000403-03,USR-000403,ACC-000403,AUTHENTICATION,FAILED_LOGIN,2027-02-08T00:10:00,DEV-000403-02,,,authentication,FAILURE,,,synthetic,SUSPICIOUS_SIM_REPLACEMENT,1,,,,,,,,,,
EVT-000403-04,USR-000403,ACC-000403,RECOVERY,PASSWORD_RESET,2027-02-08T00:15:00,DEV-000403-02,,,recovery,SUCCESS,,,synthetic,SUSPICIOUS_SIM_REPLACEMENT,1,,,,,,,,,,
EVT-000403-05,USR-000403,ACC-000403,ACCOUNT,NEW_BENEFICIARY,2027-02-08T00:20:00,DEV-000403-02,,,account,SUCCESS,,BEN-000403-01,synthetic,SUSPICIOUS_SIM_REPLACEMENT,1,,,,,,,,,,
EVT-000403-06,USR-000403,ACC-000403,TRANSACTION,TRANSACTION,2027-02-08T00:30:00,DEV-000403-02,,,transaction,SUCCESS,163848.37,,paysim,SUSPICIOUS_SIM_REPLACEMENT,1,CASH_IN,340.0,164188.37,946328.16,782479.79,348,C48424881,C1648401216,0,0
EVT-000404-01,USR-000404,ACC-000404,TELECOM,ESIM_CHANGE,2027-02-09T00:00:00,DEV-000404-01,,,telecom,SUCCESS,,,synthetic,LEGITIMATE_ESIM_CHANGE,0,,,,,,,,,,
EVT-000404-02,USR-000404,ACC-000404,AUTHENTICATION,LOGIN,2027-02-09T00:10:00,DEV-000404-01,,,authentication,SUCCESS,,,synthetic,LEGITIMATE_ESIM_CHANGE,0,,,,,,,,,,
EVT-000405-01,USR-000405,ACC-000405,TELECOM,SIM_SWAP,2027-02-10T00:00:00,DEV-000405-01,,,telecom,SUCCESS,,,synthetic,SIM_ESIM_AUTH_ANOMALY,1,,,,,,,,,,
EVT-000405-02,USR-000405,ACC-000405,DEVICE,NEW_DEVICE,2027-02-10T00:05:00,DEV-000405-02,,,device,UNRECOGNIZED,,,synthetic,SIM_ESIM_AUTH_ANOMALY,1,,,,,,,,,,
EVT-000405-03,USR-000405,ACC-000405,AUTHENTICATION,FAILED_LOGIN,2027-02-10T00:10:00,DEV-000405-02,,,authentication,FAILURE,,,synthetic,SIM_ESIM_AUTH_ANOMALY,1,,,,,,,,,,
EVT-000405-04,USR-000405,ACC-000405,AUTHENTICATION,FAILED_LOGIN,2027-02-10T00:12:00,DEV-000405-02,,,authentication,FAILURE,,,synthetic,SIM_ESIM_AUTH_ANOMALY,1,,,,,,,,,,
EVT-000405-05,USR-000405,ACC-000405,BEHAVIOUR,DEVICE_DEVIATION,2027-02-10T00:15:00,DEV-000405-02,,,behaviour,DEVIATION,,,synthetic,SIM_ESIM_AUTH_ANOMALY,1,,,,,,,,,,
EVT-000406-01,USR-000406,ACC-000406,TELECOM,SIM_REPLACEMENT,2027-02-11T00:00:00,DEV-000406-01,,,telecom,SUCCESS,,,synthetic,LEGITIMATE_SIM_REPLACEMENT,0,,,,,,,,,,
EVT-000406-02,USR-000406,ACC-000406,AUTHENTICATION,LOGIN,2027-02-11T00:10:00,DEV-000406-01,,,authentication,SUCCESS,,,synthetic,LEGITIMATE_SIM_REPLACEMENT,0,,,,,,,,,,
EVT-000406-03,USR-000406,ACC-000406,TRANSACTION,TRANSACTION,2027-02-11T00:30:00,DEV-000406-01,,,transaction,SUCCESS,8358.72,,paysim,LEGITIMATE_SIM_REPLACEMENT,0,PAYMENT,259489.6,251130.88,0.0,0.0,203,C1016300377,M1633835268,0,0
EVT-000407-01,USR-000407,ACC-000407,TELECOM,ESIM_CHANGE,2027-02-12T00:00:00,DEV-000407-01,,,telecom,SUCCESS,,,synthetic,LEGITIMATE_ESIM_CHANGE,0,,,,,,,,,,
EVT-000407-02,USR-000407,ACC-000407,AUTHENTICATION,LOGIN,2027-02-12T00:10:00,DEV-000407-01,,,authentication,SUCCESS,,,synthetic,LEGITIMATE_ESIM_CHANGE,0,,,,,,,,,,
EVT-000408-01,USR-000408,ACC-000408,TELECOM,ESIM_CHANGE,2027-02-13T00:00:00,DEV-000408-01,,,telecom,SUCCESS,,,synthetic,SUSPICIOUS_ESIM_CHANGE,1,,,,,,,,,,
EVT-000408-02,USR-000408,ACC-000408,DEVICE,NEW_DEVICE,2027-02-13T00:05:00,DEV-000408-02,,,device,UNRECOGNIZED,,,synthetic,SUSPICIOUS_ESIM_CHANGE,1,,,,,,,,,,
EVT-000408-03,USR-000408,ACC-000408,DEVICE,DEVICE_CHANGE,2027-02-13T00:08:00,DEV-000408-02,,,device,DEVIATION,,,synthetic,SUSPICIOUS_ESIM_CHANGE,1,,,,,,,,,,
EVT-000408-04,USR-000408,ACC-000408,AUTHENTICATION,FAILED_LOGIN,2027-02-13T00:10:00,DEV-000408-02,,,authentication,FAILURE,,,synthetic,SUSPICIOUS_ESIM_CHANGE,1,,,,,,,,,,
EVT-000408-05,USR-000408,ACC-000408,BEHAVIOUR,DEVICE_DEVIATION,2027-02-13T00:15:00,DEV-000408-02,,,behaviour,DEVIATION,,,synthetic,SUSPICIOUS_ESIM_CHANGE,1,,,,,,,,,,
EVT-000408-06,USR-000408,ACC-000408,TRANSACTION,TRANSACTION,2027-02-13T00:30:00,DEV-000408-02,,,transaction,SUCCESS,107276.64,,paysim,SUSPICIOUS_ESIM_CHANGE,1,CASH_OUT,196701.0,89424.36,2843780.33,2951056.96,381,C2144239148,C1103958583,0,0
EVT-000409-01,USR-000409,ACC-000409,TELECOM,SIM_SWAP,2027-02-14T00:00:00,DEV-000409-01,,,telecom,SUCCESS,,,synthetic,SIM_ESIM_AUTH_ANOMALY,1,,,,,,,,,,
EVT-000409-02,USR-000409,ACC-000409,DEVICE,NEW_DEVICE,2027-02-14T00:05:00,DEV-000409-02,,,device,UNRECOGNIZED,,,synthetic,SIM_ESIM_AUTH_ANOMALY,1,,,,,,,,,,
EVT-000409-03,USR-000409,ACC-000409,AUTHENTICATION,FAILED_LOGIN,2027-02-14T00:10:00,DEV-000409-02,,,authentication,FAILURE,,,synthetic,SIM_ESIM_AUTH_ANOMALY,1,,,,,,,,,,
EVT-000409-04,USR-000409,ACC-000409,AUTHENTICATION,FAILED_LOGIN,2027-02-14T00:12:00,DEV-000409-02,,,authentication,FAILURE,,,synthetic,SIM_ESIM_AUTH_ANOMALY,1,,,,,,,,,,
EVT-000409-05,USR-000409,ACC-000409,BEHAVIOUR,DEVICE_DEVIATION,2027-02-14T00:15:00,DEV-000409-02,,,behaviour,DEVIATION,,,synthetic,SIM_ESIM_AUTH_ANOMALY,1,,,,,,,,,,
EVT-000410-01,USR-000410,ACC-000410,TELECOM,SIM_REPLACEMENT,2027-02-15T00:00:00,DEV-000410-01,,,telecom,SUCCESS,,,synthetic,SUSPICIOUS_SIM_REPLACEMENT,1,,,,,,,,,,
EVT-000410-02,USR-000410,ACC-000410,DEVICE,NEW_DEVICE,2027-02-15T00:05:00,DEV-000410-02,,,device,UNRECOGNIZED,,,synthetic,SUSPICIOUS_SIM_REPLACEMENT,1,,,,,,,,,,
EVT-000410-03,USR-000410,ACC-000410,AUTHENTICATION,FAILED_LOGIN,2027-02-15T00:10:00,DEV-000410-02,,,authentication,FAILURE,,,synthetic,SUSPICIOUS_SIM_REPLACEMENT,1,,,,,,,,,,
EVT-000410-04,USR-000410,ACC-000410,RECOVERY,PASSWORD_RESET,2027-02-15T00:15:00,DEV-000410-02,,,recovery,SUCCESS,,,synthetic,SUSPICIOUS_SIM_REPLACEMENT,1,,,,,,,,,,
EVT-000410-05,USR-000410,ACC-000410,ACCOUNT,NEW_BENEFICIARY,2027-02-15T00:20:00,DEV-000410-02,,,account,SUCCESS,,BEN-000410-01,synthetic,SUSPICIOUS_SIM_REPLACEMENT,1,,,,,,,,,,
EVT-000410-06,USR-000410,ACC-000410,TRANSACTION,TRANSACTION,2027-02-15T00:30:00,DEV-000410-02,,,transaction,SUCCESS,289317.79,,paysim,SUSPICIOUS_SIM_REPLACEMENT,1,CASH_OUT,0.0,0.0,1318078.39,1607396.18,206,C589224355,C1469941771,0,0
EVT-000411-01,USR-000411,ACC-000411,TELECOM,SIM_REPLACEMENT,2027-02-16T00:00:00,DEV-000411-01,,,telecom,SUCCESS,,,synthetic,SUSPICIOUS_SIM_REPLACEMENT,1,,,,,,,,,,
EVT-000411-02,USR-000411,ACC-000411,DEVICE,NEW_DEVICE,2027-02-16T00:05:00,DEV-000411-02,,,device,UNRECOGNIZED,,,synthetic,SUSPICIOUS_SIM_REPLACEMENT,1,,,,,,,,,,
EVT-000411-03,USR-000411,ACC-000411,AUTHENTICATION,FAILED_LOGIN,2027-02-16T00:10:00,DEV-000411-02,,,authentication,FAILURE,,,synthetic,SUSPICIOUS_SIM_REPLACEMENT,1,,,,,,,,,,
EVT-000411-04,USR-000411,ACC-000411,RECOVERY,PASSWORD_RESET,2027-02-16T00:15:00,DEV-000411-02,,,recovery,SUCCESS,,,synthetic,SUSPICIOUS_SIM_REPLACEMENT,1,,,,,,,,,,
EVT-000411-05,USR-000411,ACC-000411,ACCOUNT,NEW_BENEFICIARY,2027-02-16T00:20:00,DEV-000411-02,,,account,SUCCESS,,BEN-000411-01,synthetic,SUSPICIOUS_SIM_REPLACEMENT,1,,,,,,,,,,
EVT-000411-06,USR-000411,ACC-000411,TRANSACTION,TRANSACTION,2027-02-16T00:30:00,DEV-000411-02,,,transaction,SUCCESS,158972.81,,paysim,SUSPICIOUS_SIM_REPLACEMENT,1,CASH_IN,570.0,159542.81,0.0,0.0,226,C653254731,C957498230,0,0
EVT-000412-01,USR-000412,ACC-000412,TELECOM,SIM_REPLACEMENT,2027-02-17T00:00:00,DEV-000412-01,,,telecom,SUCCESS,,,synthetic,LEGITIMATE_SIM_REPLACEMENT,0,,,,,,,,,,
EVT-000412-02,USR-000412,ACC-000412,AUTHENTICATION,LOGIN,2027-02-17T00:10:00,DEV-000412-01,,,authentication,SUCCESS,,,synthetic,LEGITIMATE_SIM_REPLACEMENT,0,,,,,,,,,,
EVT-000412-03,USR-000412,ACC-000412,TRANSACTION,TRANSACTION,2027-02-17T00:30:00,DEV-000412-01,,,transaction,SUCCESS,31882.52,,paysim,LEGITIMATE_SIM_REPLACEMENT,0,CASH_OUT,7687.0,0.0,1151957.54,1183840.06,163,C755442207,C2135865961,0,0
EVT-000413-01,USR-000413,ACC-000413,TELECOM,SIM_SWAP,2027-02-18T00:00:00,DEV-000413-01,,,telecom,SUCCESS,,,synthetic,SIM_ESIM_AUTH_ANOMALY,1,,,,,,,,,,
EVT-000413-02,USR-000413,ACC-000413,DEVICE,NEW_DEVICE,2027-02-18T00:05:00,DEV-000413-02,,,device,UNRECOGNIZED,,,synthetic,SIM_ESIM_AUTH_ANOMALY,1,,,,,,,,,,
EVT-000413-03,USR-000413,ACC-000413,AUTHENTICATION,FAILED_LOGIN,2027-02-18T00:10:00,DEV-000413-02,,,authentication,FAILURE,,,synthetic,SIM_ESIM_AUTH_ANOMALY,1,,,,,,,,,,
EVT-000413-04,USR-000413,ACC-000413,AUTHENTICATION,FAILED_LOGIN,2027-02-18T00:12:00,DEV-000413-02,,,authentication,FAILURE,,,synthetic,SIM_ESIM_AUTH_ANOMALY,1,,,,,,,,,,
EVT-000413-05,USR-000413,ACC-000413,BEHAVIOUR,DEVICE_DEVIATION,2027-02-18T00:15:00,DEV-000413-02,,,behaviour,DEVIATION,,,synthetic,SIM_ESIM_AUTH_ANOMALY,1,,,,,,,,,,
EVT-000414-01,USR-000414,ACC-000414,TELECOM,SIM_REPLACEMENT,2027-02-19T00:00:00,DEV-000414-01,,,telecom,SUCCESS,,,synthetic,LEGITIMATE_SIM_REPLACEMENT,0,,,,,,,,,,
EVT-000414-02,USR-000414,ACC-000414,AUTHENTICATION,LOGIN,2027-02-19T00:10:00,DEV-000414-01,,,authentication,SUCCESS,,,synthetic,LEGITIMATE_SIM_REPLACEMENT,0,,,,,,,,,,
EVT-000414-03,USR-000414,ACC-000414,TRANSACTION,TRANSACTION,2027-02-19T00:30:00,DEV-000414-01,,,transaction,SUCCESS,21912.73,,paysim,LEGITIMATE_SIM_REPLACEMENT,0,PAYMENT,0.0,0.0,0.0,0.0,331,C1518240426,M193167893,0,0
EVT-000415-01,USR-000415,ACC-000415,TELECOM,SIM_REPLACEMENT,2027-02-20T00:00:00,DEV-000415-01,,,telecom,SUCCESS,,,synthetic,SUSPICIOUS_SIM_REPLACEMENT,1,,,,,,,,,,
EVT-000415-02,USR-000415,ACC-000415,DEVICE,NEW_DEVICE,2027-02-20T00:05:00,DEV-000415-02,,,device,UNRECOGNIZED,,,synthetic,SUSPICIOUS_SIM_REPLACEMENT,1,,,,,,,,,,
EVT-000415-03,USR-000415,ACC-000415,AUTHENTICATION,FAILED_LOGIN,2027-02-20T00:10:00,DEV-000415-02,,,authentication,FAILURE,,,synthetic,SUSPICIOUS_SIM_REPLACEMENT,1,,,,,,,,,,
EVT-000415-04,USR-000415,ACC-000415,RECOVERY,PASSWORD_RESET,2027-02-20T00:15:00,DEV-000415-02,,,recovery,SUCCESS,,,synthetic,SUSPICIOUS_SIM_REPLACEMENT,1,,,,,,,,,,
EVT-000415-05,USR-000415,ACC-000415,ACCOUNT,NEW_BENEFICIARY,2027-02-20T00:20:00,DEV-000415-02,,,account,SUCCESS,,BEN-000415-01,synthetic,SUSPICIOUS_SIM_REPLACEMENT,1,,,,,,,,,,
EVT-000415-06,USR-000415,ACC-000415,TRANSACTION,TRANSACTION,2027-02-20T00:30:00,DEV-000415-02,,,transaction,SUCCESS,2753.01,,paysim,SUSPICIOUS_SIM_REPLACEMENT,1,CASH_OUT,0.0,0.0,1.371577455E7,1.511910776E7,203,C132212578,C467454506,0,0
EVT-000416-01,USR-000416,ACC-000416,TELECOM,ESIM_CHANGE,2027-02-21T00:00:00,DEV-000416-01,,,telecom,SUCCESS,,,synthetic,LEGITIMATE_ESIM_CHANGE,0,,,,,,,,,,
EVT-000416-02,USR-000416,ACC-000416,AUTHENTICATION,LOGIN,2027-02-21T00:10:00,DEV-000416-01,,,authentication,SUCCESS,,,synthetic,LEGITIMATE_ESIM_CHANGE,0,,,,,,,,,,
EVT-000417-01,USR-000417,ACC-000417,TELECOM,ESIM_CHANGE,2027-02-22T00:00:00,DEV-000417-01,,,telecom,SUCCESS,,,synthetic,LEGITIMATE_ESIM_CHANGE,0,,,,,,,,,,
EVT-000417-02,USR-000417,ACC-000417,AUTHENTICATION,LOGIN,2027-02-22T00:10:00,DEV-000417-01,,,authentication,SUCCESS,,,synthetic,LEGITIMATE_ESIM_CHANGE,0,,,,,,,,,,
EVT-000418-01,USR-000418,ACC-000418,TELECOM,SIM_REPLACEMENT,2027-02-23T00:00:00,DEV-000418-01,,,telecom,SUCCESS,,,synthetic,LEGITIMATE_SIM_REPLACEMENT,0,,,,,,,,,,
EVT-000418-02,USR-000418,ACC-000418,AUTHENTICATION,LOGIN,2027-02-23T00:10:00,DEV-000418-01,,,authentication,SUCCESS,,,synthetic,LEGITIMATE_SIM_REPLACEMENT,0,,,,,,,,,,
EVT-000418-03,USR-000418,ACC-000418,TRANSACTION,TRANSACTION,2027-02-23T00:30:00,DEV-000418-01,,,transaction,SUCCESS,5942.41,,paysim,LEGITIMATE_SIM_REPLACEMENT,0,PAYMENT,0.0,0.0,0.0,0.0,17,C1094141109,M831145753,0,0
EVT-000419-01,USR-000419,ACC-000419,TELECOM,SIM_REPLACEMENT,2027-02-24T00:00:00,DEV-000419-01,,,telecom,SUCCESS,,,synthetic,SUSPICIOUS_SIM_REPLACEMENT,1,,,,,,,,,,
EVT-000419-02,USR-000419,ACC-000419,DEVICE,NEW_DEVICE,2027-02-24T00:05:00,DEV-000419-02,,,device,UNRECOGNIZED,,,synthetic,SUSPICIOUS_SIM_REPLACEMENT,1,,,,,,,,,,
EVT-000419-03,USR-000419,ACC-000419,AUTHENTICATION,FAILED_LOGIN,2027-02-24T00:10:00,DEV-000419-02,,,authentication,FAILURE,,,synthetic,SUSPICIOUS_SIM_REPLACEMENT,1,,,,,,,,,,
EVT-000419-04,USR-000419,ACC-000419,RECOVERY,PASSWORD_RESET,2027-02-24T00:15:00,DEV-000419-02,,,recovery,SUCCESS,,,synthetic,SUSPICIOUS_SIM_REPLACEMENT,1,,,,,,,,,,
EVT-000419-05,USR-000419,ACC-000419,ACCOUNT,NEW_BENEFICIARY,2027-02-24T00:20:00,DEV-000419-02,,,account,SUCCESS,,BEN-000419-01,synthetic,SUSPICIOUS_SIM_REPLACEMENT,1,,,,,,,,,,
EVT-000419-06,USR-000419,ACC-000419,TRANSACTION,TRANSACTION,2027-02-24T00:30:00,DEV-000419-02,,,transaction,SUCCESS,219192.88,,paysim,SUSPICIOUS_SIM_REPLACEMENT,1,CASH_OUT,41891.0,0.0,3093949.69,3313142.57,323,C1613988417,C903992703,0,0
EVT-000420-01,USR-000420,ACC-000420,TELECOM,ESIM_CHANGE,2027-02-25T00:00:00,DEV-000420-01,,,telecom,SUCCESS,,,synthetic,SUSPICIOUS_ESIM_CHANGE,1,,,,,,,,,,
EVT-000420-02,USR-000420,ACC-000420,DEVICE,NEW_DEVICE,2027-02-25T00:05:00,DEV-000420-02,,,device,UNRECOGNIZED,,,synthetic,SUSPICIOUS_ESIM_CHANGE,1,,,,,,,,,,
EVT-000420-03,USR-000420,ACC-000420,DEVICE,DEVICE_CHANGE,2027-02-25T00:08:00,DEV-000420-02,,,device,DEVIATION,,,synthetic,SUSPICIOUS_ESIM_CHANGE,1,,,,,,,,,,
EVT-000420-04,USR-000420,ACC-000420,AUTHENTICATION,FAILED_LOGIN,2027-02-25T00:10:00,DEV-000420-02,,,authentication,FAILURE,,,synthetic,SUSPICIOUS_ESIM_CHANGE,1,,,,,,,,,,
EVT-000420-05,USR-000420,ACC-000420,BEHAVIOUR,DEVICE_DEVIATION,2027-02-25T00:15:00,DEV-000420-02,,,behaviour,DEVIATION,,,synthetic,SUSPICIOUS_ESIM_CHANGE,1,,,,,,,,,,
EVT-000420-06,USR-000420,ACC-000420,TRANSACTION,TRANSACTION,2027-02-25T00:30:00,DEV-000420-02,,,transaction,SUCCESS,3453.49,,paysim,SUSPICIOUS_ESIM_CHANGE,1,PAYMENT,10923.0,7469.51,0.0,0.0,180,C321395436,M2021561147,0,0
EVT-000421-01,USR-000421,ACC-000421,TELECOM,SIM_SWAP,2027-02-26T00:00:00,DEV-000421-01,,,telecom,SUCCESS,,,synthetic,SIM_ESIM_AUTH_ANOMALY,1,,,,,,,,,,
EVT-000421-02,USR-000421,ACC-000421,DEVICE,NEW_DEVICE,2027-02-26T00:05:00,DEV-000421-02,,,device,UNRECOGNIZED,,,synthetic,SIM_ESIM_AUTH_ANOMALY,1,,,,,,,,,,
EVT-000421-03,USR-000421,ACC-000421,AUTHENTICATION,FAILED_LOGIN,2027-02-26T00:10:00,DEV-000421-02,,,authentication,FAILURE,,,synthetic,SIM_ESIM_AUTH_ANOMALY,1,,,,,,,,,,
EVT-000421-04,USR-000421,ACC-000421,AUTHENTICATION,FAILED_LOGIN,2027-02-26T00:12:00,DEV-000421-02,,,authentication,FAILURE,,,synthetic,SIM_ESIM_AUTH_ANOMALY,1,,,,,,,,,,
EVT-000421-05,USR-000421,ACC-000421,BEHAVIOUR,DEVICE_DEVIATION,2027-02-26T00:15:00,DEV-000421-02,,,behaviour,DEVIATION,,,synthetic,SIM_ESIM_AUTH_ANOMALY,1,,,,,,,,,,
EVT-000422-01,USR-000422,ACC-000422,TELECOM,ESIM_CHANGE,2027-02-27T00:00:00,DEV-000422-01,,,telecom,SUCCESS,,,synthetic,LEGITIMATE_ESIM_CHANGE,0,,,,,,,,,,
EVT-000422-02,USR-000422,ACC-000422,AUTHENTICATION,LOGIN,2027-02-27T00:10:00,DEV-000422-01,,,authentication,SUCCESS,,,synthetic,LEGITIMATE_ESIM_CHANGE,0,,,,,,,,,,
EVT-000423-01,USR-000423,ACC-000423,TELECOM,SIM_SWAP,2027-02-28T00:00:00,DEV-000423-01,,,telecom,SUCCESS,,,synthetic,SIM_ESIM_AUTH_ANOMALY,1,,,,,,,,,,
EVT-000423-02,USR-000423,ACC-000423,DEVICE,NEW_DEVICE,2027-02-28T00:05:00,DEV-000423-02,,,device,UNRECOGNIZED,,,synthetic,SIM_ESIM_AUTH_ANOMALY,1,,,,,,,,,,
EVT-000423-03,USR-000423,ACC-000423,AUTHENTICATION,FAILED_LOGIN,2027-02-28T00:10:00,DEV-000423-02,,,authentication,FAILURE,,,synthetic,SIM_ESIM_AUTH_ANOMALY,1,,,,,,,,,,
EVT-000423-04,USR-000423,ACC-000423,AUTHENTICATION,FAILED_LOGIN,2027-02-28T00:12:00,DEV-000423-02,,,authentication,FAILURE,,,synthetic,SIM_ESIM_AUTH_ANOMALY,1,,,,,,,,,,
EVT-000423-05,USR-000423,ACC-000423,BEHAVIOUR,DEVICE_DEVIATION,2027-02-28T00:15:00,DEV-000423-02,,,behaviour,DEVIATION,,,synthetic,SIM_ESIM_AUTH_ANOMALY,1,,,,,,,,,,
EVT-000424-01,USR-000424,ACC-000424,TELECOM,ESIM_CHANGE,2027-03-01T00:00:00,DEV-000424-01,,,telecom,SUCCESS,,,synthetic,SUSPICIOUS_ESIM_CHANGE,1,,,,,,,,,,
EVT-000424-02,USR-000424,ACC-000424,DEVICE,NEW_DEVICE,2027-03-01T00:05:00,DEV-000424-02,,,device,UNRECOGNIZED,,,synthetic,SUSPICIOUS_ESIM_CHANGE,1,,,,,,,,,,
EVT-000424-03,USR-000424,ACC-000424,DEVICE,DEVICE_CHANGE,2027-03-01T00:08:00,DEV-000424-02,,,device,DEVIATION,,,synthetic,SUSPICIOUS_ESIM_CHANGE,1,,,,,,,,,,
EVT-000424-04,USR-000424,ACC-000424,AUTHENTICATION,FAILED_LOGIN,2027-03-01T00:10:00,DEV-000424-02,,,authentication,FAILURE,,,synthetic,SUSPICIOUS_ESIM_CHANGE,1,,,,,,,,,,
EVT-000424-05,USR-000424,ACC-000424,BEHAVIOUR,DEVICE_DEVIATION,2027-03-01T00:15:00,DEV-000424-02,,,behaviour,DEVIATION,,,synthetic,SUSPICIOUS_ESIM_CHANGE,1,,,,,,,,,,
EVT-000424-06,USR-000424,ACC-000424,TRANSACTION,TRANSACTION,2027-03-01T00:30:00,DEV-000424-02,,,transaction,SUCCESS,153027.29,,paysim,SUSPICIOUS_ESIM_CHANGE,1,CASH_OUT,384027.61,231000.32,377088.93,530116.22,231,C931962569,C85765978,0,0
EVT-000425-01,USR-000425,ACC-000425,TELECOM,SIM_SWAP,2027-03-02T00:00:00,DEV-000425-01,,,telecom,SUCCESS,,,synthetic,SIM_ESIM_AUTH_ANOMALY,1,,,,,,,,,,
EVT-000425-02,USR-000425,ACC-000425,DEVICE,NEW_DEVICE,2027-03-02T00:05:00,DEV-000425-02,,,device,UNRECOGNIZED,,,synthetic,SIM_ESIM_AUTH_ANOMALY,1,,,,,,,,,,
EVT-000425-03,USR-000425,ACC-000425,AUTHENTICATION,FAILED_LOGIN,2027-03-02T00:10:00,DEV-000425-02,,,authentication,FAILURE,,,synthetic,SIM_ESIM_AUTH_ANOMALY,1,,,,,,,,,,
EVT-000425-04,USR-000425,ACC-000425,AUTHENTICATION,FAILED_LOGIN,2027-03-02T00:12:00,DEV-000425-02,,,authentication,FAILURE,,,synthetic,SIM_ESIM_AUTH_ANOMALY,1,,,,,,,,,,
EVT-000425-05,USR-000425,ACC-000425,BEHAVIOUR,DEVICE_DEVIATION,2027-03-02T00:15:00,DEV-000425-02,,,behaviour,DEVIATION,,,synthetic,SIM_ESIM_AUTH_ANOMALY,1,,,,,,,,,,
EVT-000426-01,USR-000426,ACC-000426,TELECOM,SIM_REPLACEMENT,2027-03-03T00:00:00,DEV-000426-01,,,telecom,SUCCESS,,,synthetic,SUSPICIOUS_SIM_REPLACEMENT,1,,,,,,,,,,
EVT-000426-02,USR-000426,ACC-000426,DEVICE,NEW_DEVICE,2027-03-03T00:05:00,DEV-000426-02,,,device,UNRECOGNIZED,,,synthetic,SUSPICIOUS_SIM_REPLACEMENT,1,,,,,,,,,,
EVT-000426-03,USR-000426,ACC-000426,AUTHENTICATION,FAILED_LOGIN,2027-03-03T00:10:00,DEV-000426-02,,,authentication,FAILURE,,,synthetic,SUSPICIOUS_SIM_REPLACEMENT,1,,,,,,,,,,
EVT-000426-04,USR-000426,ACC-000426,RECOVERY,PASSWORD_RESET,2027-03-03T00:15:00,DEV-000426-02,,,recovery,SUCCESS,,,synthetic,SUSPICIOUS_SIM_REPLACEMENT,1,,,,,,,,,,
EVT-000426-05,USR-000426,ACC-000426,ACCOUNT,NEW_BENEFICIARY,2027-03-03T00:20:00,DEV-000426-02,,,account,SUCCESS,,BEN-000426-01,synthetic,SUSPICIOUS_SIM_REPLACEMENT,1,,,,,,,,,,
EVT-000426-06,USR-000426,ACC-000426,TRANSACTION,TRANSACTION,2027-03-03T00:30:00,DEV-000426-02,,,transaction,SUCCESS,172306.86,,paysim,SUSPICIOUS_SIM_REPLACEMENT,1,CASH_IN,1217430.53,1389737.39,3407377.03,3235070.17,301,C1294844332,C129622839,0,0
EVT-000427-01,USR-000427,ACC-000427,TELECOM,SIM_REPLACEMENT,2027-03-04T00:00:00,DEV-000427-01,,,telecom,SUCCESS,,,synthetic,SUSPICIOUS_SIM_REPLACEMENT,1,,,,,,,,,,
EVT-000427-02,USR-000427,ACC-000427,DEVICE,NEW_DEVICE,2027-03-04T00:05:00,DEV-000427-02,,,device,UNRECOGNIZED,,,synthetic,SUSPICIOUS_SIM_REPLACEMENT,1,,,,,,,,,,
EVT-000427-03,USR-000427,ACC-000427,AUTHENTICATION,FAILED_LOGIN,2027-03-04T00:10:00,DEV-000427-02,,,authentication,FAILURE,,,synthetic,SUSPICIOUS_SIM_REPLACEMENT,1,,,,,,,,,,
EVT-000427-04,USR-000427,ACC-000427,RECOVERY,PASSWORD_RESET,2027-03-04T00:15:00,DEV-000427-02,,,recovery,SUCCESS,,,synthetic,SUSPICIOUS_SIM_REPLACEMENT,1,,,,,,,,,,
EVT-000427-05,USR-000427,ACC-000427,ACCOUNT,NEW_BENEFICIARY,2027-03-04T00:20:00,DEV-000427-02,,,account,SUCCESS,,BEN-000427-01,synthetic,SUSPICIOUS_SIM_REPLACEMENT,1,,,,,,,,,,
EVT-000427-06,USR-000427,ACC-000427,TRANSACTION,TRANSACTION,2027-03-04T00:30:00,DEV-000427-02,,,transaction,SUCCESS,3172.26,,paysim,SUSPICIOUS_SIM_REPLACEMENT,1,CASH_OUT,0.0,0.0,20572.0,41986.14,9,C1519739977,C681078805,0,0
EVT-000428-01,USR-000428,ACC-000428,TELECOM,ESIM_CHANGE,2027-03-05T00:00:00,DEV-000428-01,,,telecom,SUCCESS,,,synthetic,SUSPICIOUS_ESIM_CHANGE,1,,,,,,,,,,
EVT-000428-02,USR-000428,ACC-000428,DEVICE,NEW_DEVICE,2027-03-05T00:05:00,DEV-000428-02,,,device,UNRECOGNIZED,,,synthetic,SUSPICIOUS_ESIM_CHANGE,1,,,,,,,,,,
EVT-000428-03,USR-000428,ACC-000428,DEVICE,DEVICE_CHANGE,2027-03-05T00:08:00,DEV-000428-02,,,device,DEVIATION,,,synthetic,SUSPICIOUS_ESIM_CHANGE,1,,,,,,,,,,
EVT-000428-04,USR-000428,ACC-000428,AUTHENTICATION,FAILED_LOGIN,2027-03-05T00:10:00,DEV-000428-02,,,authentication,FAILURE,,,synthetic,SUSPICIOUS_ESIM_CHANGE,1,,,,,,,,,,
EVT-000428-05,USR-000428,ACC-000428,BEHAVIOUR,DEVICE_DEVIATION,2027-03-05T00:15:00,DEV-000428-02,,,behaviour,DEVIATION,,,synthetic,SUSPICIOUS_ESIM_CHANGE,1,,,,,,,,,,
EVT-000428-06,USR-000428,ACC-000428,TRANSACTION,TRANSACTION,2027-03-05T00:30:00,DEV-000428-02,,,transaction,SUCCESS,210357.18,,paysim,SUSPICIOUS_ESIM_CHANGE,1,CASH_OUT,0.0,0.0,1442633.89,1652991.07,191,C309732529,C801045461,0,0
EVT-000429-01,USR-000429,ACC-000429,TELECOM,SIM_REPLACEMENT,2027-03-06T00:00:00,DEV-000429-01,,,telecom,SUCCESS,,,synthetic,SUSPICIOUS_SIM_REPLACEMENT,1,,,,,,,,,,
EVT-000429-02,USR-000429,ACC-000429,DEVICE,NEW_DEVICE,2027-03-06T00:05:00,DEV-000429-02,,,device,UNRECOGNIZED,,,synthetic,SUSPICIOUS_SIM_REPLACEMENT,1,,,,,,,,,,
EVT-000429-03,USR-000429,ACC-000429,AUTHENTICATION,FAILED_LOGIN,2027-03-06T00:10:00,DEV-000429-02,,,authentication,FAILURE,,,synthetic,SUSPICIOUS_SIM_REPLACEMENT,1,,,,,,,,,,
EVT-000429-04,USR-000429,ACC-000429,RECOVERY,PASSWORD_RESET,2027-03-06T00:15:00,DEV-000429-02,,,recovery,SUCCESS,,,synthetic,SUSPICIOUS_SIM_REPLACEMENT,1,,,,,,,,,,
EVT-000429-05,USR-000429,ACC-000429,ACCOUNT,NEW_BENEFICIARY,2027-03-06T00:20:00,DEV-000429-02,,,account,SUCCESS,,BEN-000429-01,synthetic,SUSPICIOUS_SIM_REPLACEMENT,1,,,,,,,,,,
EVT-000429-06,USR-000429,ACC-000429,TRANSACTION,TRANSACTION,2027-03-06T00:30:00,DEV-000429-02,,,transaction,SUCCESS,206323.68,,paysim,SUSPICIOUS_SIM_REPLACEMENT,1,CASH_OUT,0.0,0.0,959771.27,1166094.95,369,C1131006234,C1747166875,0,0
EVT-000430-01,USR-000430,ACC-000430,TELECOM,SIM_REPLACEMENT,2027-03-07T00:00:00,DEV-000430-01,,,telecom,SUCCESS,,,synthetic,SUSPICIOUS_SIM_REPLACEMENT,1,,,,,,,,,,
EVT-000430-02,USR-000430,ACC-000430,DEVICE,NEW_DEVICE,2027-03-07T00:05:00,DEV-000430-02,,,device,UNRECOGNIZED,,,synthetic,SUSPICIOUS_SIM_REPLACEMENT,1,,,,,,,,,,
EVT-000430-03,USR-000430,ACC-000430,AUTHENTICATION,FAILED_LOGIN,2027-03-07T00:10:00,DEV-000430-02,,,authentication,FAILURE,,,synthetic,SUSPICIOUS_SIM_REPLACEMENT,1,,,,,,,,,,
EVT-000430-04,USR-000430,ACC-000430,RECOVERY,PASSWORD_RESET,2027-03-07T00:15:00,DEV-000430-02,,,recovery,SUCCESS,,,synthetic,SUSPICIOUS_SIM_REPLACEMENT,1,,,,,,,,,,
EVT-000430-05,USR-000430,ACC-000430,ACCOUNT,NEW_BENEFICIARY,2027-03-07T00:20:00,DEV-000430-02,,,account,SUCCESS,,BEN-000430-01,synthetic,SUSPICIOUS_SIM_REPLACEMENT,1,,,,,,,,,,
EVT-000430-06,USR-000430,ACC-000430,TRANSACTION,TRANSACTION,2027-03-07T00:30:00,DEV-000430-02,,,transaction,SUCCESS,13710.76,,paysim,SUSPICIOUS_SIM_REPLACEMENT,1,PAYMENT,1274195.46,1260484.7,0.0,0.0,9,C663046963,M114242399,0,0
EVT-000431-01,USR-000431,ACC-000431,TELECOM,ESIM_CHANGE,2027-03-08T00:00:00,DEV-000431-01,,,telecom,SUCCESS,,,synthetic,LEGITIMATE_ESIM_CHANGE,0,,,,,,,,,,
EVT-000431-02,USR-000431,ACC-000431,AUTHENTICATION,LOGIN,2027-03-08T00:10:00,DEV-000431-01,,,authentication,SUCCESS,,,synthetic,LEGITIMATE_ESIM_CHANGE,0,,,,,,,,,,
EVT-000432-01,USR-000432,ACC-000432,TELECOM,ESIM_CHANGE,2027-03-09T00:00:00,DEV-000432-01,,,telecom,SUCCESS,,,synthetic,LEGITIMATE_ESIM_CHANGE,0,,,,,,,,,,
EVT-000432-02,USR-000432,ACC-000432,AUTHENTICATION,LOGIN,2027-03-09T00:10:00,DEV-000432-01,,,authentication,SUCCESS,,,synthetic,LEGITIMATE_ESIM_CHANGE,0,,,,,,,,,,
EVT-000433-01,USR-000433,ACC-000433,TELECOM,SIM_SWAP,2027-03-10T00:00:00,DEV-000433-01,,,telecom,SUCCESS,,,synthetic,SIM_ESIM_AUTH_ANOMALY,1,,,,,,,,,,
EVT-000433-02,USR-000433,ACC-000433,DEVICE,NEW_DEVICE,2027-03-10T00:05:00,DEV-000433-02,,,device,UNRECOGNIZED,,,synthetic,SIM_ESIM_AUTH_ANOMALY,1,,,,,,,,,,
EVT-000433-03,USR-000433,ACC-000433,AUTHENTICATION,FAILED_LOGIN,2027-03-10T00:10:00,DEV-000433-02,,,authentication,FAILURE,,,synthetic,SIM_ESIM_AUTH_ANOMALY,1,,,,,,,,,,
EVT-000433-04,USR-000433,ACC-000433,AUTHENTICATION,FAILED_LOGIN,2027-03-10T00:12:00,DEV-000433-02,,,authentication,FAILURE,,,synthetic,SIM_ESIM_AUTH_ANOMALY,1,,,,,,,,,,
EVT-000433-05,USR-000433,ACC-000433,BEHAVIOUR,DEVICE_DEVIATION,2027-03-10T00:15:00,DEV-000433-02,,,behaviour,DEVIATION,,,synthetic,SIM_ESIM_AUTH_ANOMALY,1,,,,,,,,,,
EVT-000434-01,USR-000434,ACC-000434,TELECOM,ESIM_CHANGE,2027-03-11T00:00:00,DEV-000434-01,,,telecom,SUCCESS,,,synthetic,SUSPICIOUS_ESIM_CHANGE,1,,,,,,,,,,
EVT-000434-02,USR-000434,ACC-000434,DEVICE,NEW_DEVICE,2027-03-11T00:05:00,DEV-000434-02,,,device,UNRECOGNIZED,,,synthetic,SUSPICIOUS_ESIM_CHANGE,1,,,,,,,,,,
EVT-000434-03,USR-000434,ACC-000434,DEVICE,DEVICE_CHANGE,2027-03-11T00:08:00,DEV-000434-02,,,device,DEVIATION,,,synthetic,SUSPICIOUS_ESIM_CHANGE,1,,,,,,,,,,
EVT-000434-04,USR-000434,ACC-000434,AUTHENTICATION,FAILED_LOGIN,2027-03-11T00:10:00,DEV-000434-02,,,authentication,FAILURE,,,synthetic,SUSPICIOUS_ESIM_CHANGE,1,,,,,,,,,,
EVT-000434-05,USR-000434,ACC-000434,BEHAVIOUR,DEVICE_DEVIATION,2027-03-11T00:15:00,DEV-000434-02,,,behaviour,DEVIATION,,,synthetic,SUSPICIOUS_ESIM_CHANGE,1,,,,,,,,,,
EVT-000434-06,USR-000434,ACC-000434,TRANSACTION,TRANSACTION,2027-03-11T00:30:00,DEV-000434-02,,,transaction,SUCCESS,10008.76,,paysim,SUSPICIOUS_ESIM_CHANGE,1,PAYMENT,0.0,0.0,0.0,0.0,181,C882282632,M1160168407,0,0
EVT-000435-01,USR-000435,ACC-000435,TELECOM,ESIM_CHANGE,2027-03-12T00:00:00,DEV-000435-01,,,telecom,SUCCESS,,,synthetic,SUSPICIOUS_ESIM_CHANGE,1,,,,,,,,,,
EVT-000435-02,USR-000435,ACC-000435,DEVICE,NEW_DEVICE,2027-03-12T00:05:00,DEV-000435-02,,,device,UNRECOGNIZED,,,synthetic,SUSPICIOUS_ESIM_CHANGE,1,,,,,,,,,,
EVT-000435-03,USR-000435,ACC-000435,DEVICE,DEVICE_CHANGE,2027-03-12T00:08:00,DEV-000435-02,,,device,DEVIATION,,,synthetic,SUSPICIOUS_ESIM_CHANGE,1,,,,,,,,,,
EVT-000435-04,USR-000435,ACC-000435,AUTHENTICATION,FAILED_LOGIN,2027-03-12T00:10:00,DEV-000435-02,,,authentication,FAILURE,,,synthetic,SUSPICIOUS_ESIM_CHANGE,1,,,,,,,,,,
EVT-000435-05,USR-000435,ACC-000435,BEHAVIOUR,DEVICE_DEVIATION,2027-03-12T00:15:00,DEV-000435-02,,,behaviour,DEVIATION,,,synthetic,SUSPICIOUS_ESIM_CHANGE,1,,,,,,,,,,
EVT-000435-06,USR-000435,ACC-000435,TRANSACTION,TRANSACTION,2027-03-12T00:30:00,DEV-000435-02,,,transaction,SUCCESS,5790.28,,paysim,SUSPICIOUS_ESIM_CHANGE,1,PAYMENT,0.0,0.0,0.0,0.0,252,C2005225371,M1591324612,0,0
EVT-000436-01,USR-000436,ACC-000436,TELECOM,SIM_REPLACEMENT,2027-03-13T00:00:00,DEV-000436-01,,,telecom,SUCCESS,,,synthetic,SUSPICIOUS_SIM_REPLACEMENT,1,,,,,,,,,,
EVT-000436-02,USR-000436,ACC-000436,DEVICE,NEW_DEVICE,2027-03-13T00:05:00,DEV-000436-02,,,device,UNRECOGNIZED,,,synthetic,SUSPICIOUS_SIM_REPLACEMENT,1,,,,,,,,,,
EVT-000436-03,USR-000436,ACC-000436,AUTHENTICATION,FAILED_LOGIN,2027-03-13T00:10:00,DEV-000436-02,,,authentication,FAILURE,,,synthetic,SUSPICIOUS_SIM_REPLACEMENT,1,,,,,,,,,,
EVT-000436-04,USR-000436,ACC-000436,RECOVERY,PASSWORD_RESET,2027-03-13T00:15:00,DEV-000436-02,,,recovery,SUCCESS,,,synthetic,SUSPICIOUS_SIM_REPLACEMENT,1,,,,,,,,,,
EVT-000436-05,USR-000436,ACC-000436,ACCOUNT,NEW_BENEFICIARY,2027-03-13T00:20:00,DEV-000436-02,,,account,SUCCESS,,BEN-000436-01,synthetic,SUSPICIOUS_SIM_REPLACEMENT,1,,,,,,,,,,
EVT-000436-06,USR-000436,ACC-000436,TRANSACTION,TRANSACTION,2027-03-13T00:30:00,DEV-000436-02,,,transaction,SUCCESS,272160.88,,paysim,SUSPICIOUS_SIM_REPLACEMENT,1,CASH_IN,2498483.69,2770644.57,6486784.75,6214623.87,371,C1951144429,C1879288167,0,0
EVT-000437-01,USR-000437,ACC-000437,TELECOM,ESIM_CHANGE,2027-03-14T00:00:00,DEV-000437-01,,,telecom,SUCCESS,,,synthetic,LEGITIMATE_ESIM_CHANGE,0,,,,,,,,,,
EVT-000437-02,USR-000437,ACC-000437,AUTHENTICATION,LOGIN,2027-03-14T00:10:00,DEV-000437-01,,,authentication,SUCCESS,,,synthetic,LEGITIMATE_ESIM_CHANGE,0,,,,,,,,,,
EVT-000438-01,USR-000438,ACC-000438,TELECOM,SIM_REPLACEMENT,2027-03-15T00:00:00,DEV-000438-01,,,telecom,SUCCESS,,,synthetic,LEGITIMATE_SIM_REPLACEMENT,0,,,,,,,,,,
EVT-000438-02,USR-000438,ACC-000438,AUTHENTICATION,LOGIN,2027-03-15T00:10:00,DEV-000438-01,,,authentication,SUCCESS,,,synthetic,LEGITIMATE_SIM_REPLACEMENT,0,,,,,,,,,,
EVT-000438-03,USR-000438,ACC-000438,TRANSACTION,TRANSACTION,2027-03-15T00:30:00,DEV-000438-01,,,transaction,SUCCESS,134774.06,,paysim,LEGITIMATE_SIM_REPLACEMENT,0,CASH_OUT,9002.0,0.0,350495.82,485269.88,163,C344656036,C1936725250,0,0
EVT-000439-01,USR-000439,ACC-000439,TELECOM,SIM_SWAP,2027-03-16T00:00:00,DEV-000439-01,,,telecom,SUCCESS,,,synthetic,SIM_ESIM_AUTH_ANOMALY,1,,,,,,,,,,
EVT-000439-02,USR-000439,ACC-000439,DEVICE,NEW_DEVICE,2027-03-16T00:05:00,DEV-000439-02,,,device,UNRECOGNIZED,,,synthetic,SIM_ESIM_AUTH_ANOMALY,1,,,,,,,,,,
EVT-000439-03,USR-000439,ACC-000439,AUTHENTICATION,FAILED_LOGIN,2027-03-16T00:10:00,DEV-000439-02,,,authentication,FAILURE,,,synthetic,SIM_ESIM_AUTH_ANOMALY,1,,,,,,,,,,
EVT-000439-04,USR-000439,ACC-000439,AUTHENTICATION,FAILED_LOGIN,2027-03-16T00:12:00,DEV-000439-02,,,authentication,FAILURE,,,synthetic,SIM_ESIM_AUTH_ANOMALY,1,,,,,,,,,,
EVT-000439-05,USR-000439,ACC-000439,BEHAVIOUR,DEVICE_DEVIATION,2027-03-16T00:15:00,DEV-000439-02,,,behaviour,DEVIATION,,,synthetic,SIM_ESIM_AUTH_ANOMALY,1,,,,,,,,,,
EVT-000440-01,USR-000440,ACC-000440,TELECOM,SIM_REPLACEMENT,2027-03-17T00:00:00,DEV-000440-01,,,telecom,SUCCESS,,,synthetic,LEGITIMATE_SIM_REPLACEMENT,0,,,,,,,,,,
EVT-000440-02,USR-000440,ACC-000440,AUTHENTICATION,LOGIN,2027-03-17T00:10:00,DEV-000440-01,,,authentication,SUCCESS,,,synthetic,LEGITIMATE_SIM_REPLACEMENT,0,,,,,,,,,,
EVT-000440-03,USR-000440,ACC-000440,TRANSACTION,TRANSACTION,2027-03-17T00:30:00,DEV-000440-01,,,transaction,SUCCESS,4225.92,,paysim,LEGITIMATE_SIM_REPLACEMENT,0,PAYMENT,417.0,0.0,0.0,0.0,236,C1391930266,M1162022639,0,0
EVT-000441-01,USR-000441,ACC-000441,TELECOM,SIM_REPLACEMENT,2027-03-18T00:00:00,DEV-000441-01,,,telecom,SUCCESS,,,synthetic,SUSPICIOUS_SIM_REPLACEMENT,1,,,,,,,,,,
EVT-000441-02,USR-000441,ACC-000441,DEVICE,NEW_DEVICE,2027-03-18T00:05:00,DEV-000441-02,,,device,UNRECOGNIZED,,,synthetic,SUSPICIOUS_SIM_REPLACEMENT,1,,,,,,,,,,
EVT-000441-03,USR-000441,ACC-000441,AUTHENTICATION,FAILED_LOGIN,2027-03-18T00:10:00,DEV-000441-02,,,authentication,FAILURE,,,synthetic,SUSPICIOUS_SIM_REPLACEMENT,1,,,,,,,,,,
EVT-000441-04,USR-000441,ACC-000441,RECOVERY,PASSWORD_RESET,2027-03-18T00:15:00,DEV-000441-02,,,recovery,SUCCESS,,,synthetic,SUSPICIOUS_SIM_REPLACEMENT,1,,,,,,,,,,
EVT-000441-05,USR-000441,ACC-000441,ACCOUNT,NEW_BENEFICIARY,2027-03-18T00:20:00,DEV-000441-02,,,account,SUCCESS,,BEN-000441-01,synthetic,SUSPICIOUS_SIM_REPLACEMENT,1,,,,,,,,,,
EVT-000441-06,USR-000441,ACC-000441,TRANSACTION,TRANSACTION,2027-03-18T00:30:00,DEV-000441-02,,,transaction,SUCCESS,5776.99,,paysim,SUSPICIOUS_SIM_REPLACEMENT,1,PAYMENT,241.0,0.0,0.0,0.0,326,C411533325,M948692954,0,0
EVT-000442-01,USR-000442,ACC-000442,TELECOM,ESIM_CHANGE,2027-03-19T00:00:00,DEV-000442-01,,,telecom,SUCCESS,,,synthetic,LEGITIMATE_ESIM_CHANGE,0,,,,,,,,,,
EVT-000442-02,USR-000442,ACC-000442,AUTHENTICATION,LOGIN,2027-03-19T00:10:00,DEV-000442-01,,,authentication,SUCCESS,,,synthetic,LEGITIMATE_ESIM_CHANGE,0,,,,,,,,,,
EVT-000443-01,USR-000443,ACC-000443,TELECOM,SIM_REPLACEMENT,2027-03-20T00:00:00,DEV-000443-01,,,telecom,SUCCESS,,,synthetic,SUSPICIOUS_SIM_REPLACEMENT,1,,,,,,,,,,
EVT-000443-02,USR-000443,ACC-000443,DEVICE,NEW_DEVICE,2027-03-20T00:05:00,DEV-000443-02,,,device,UNRECOGNIZED,,,synthetic,SUSPICIOUS_SIM_REPLACEMENT,1,,,,,,,,,,
EVT-000443-03,USR-000443,ACC-000443,AUTHENTICATION,FAILED_LOGIN,2027-03-20T00:10:00,DEV-000443-02,,,authentication,FAILURE,,,synthetic,SUSPICIOUS_SIM_REPLACEMENT,1,,,,,,,,,,
EVT-000443-04,USR-000443,ACC-000443,RECOVERY,PASSWORD_RESET,2027-03-20T00:15:00,DEV-000443-02,,,recovery,SUCCESS,,,synthetic,SUSPICIOUS_SIM_REPLACEMENT,1,,,,,,,,,,
EVT-000443-05,USR-000443,ACC-000443,ACCOUNT,NEW_BENEFICIARY,2027-03-20T00:20:00,DEV-000443-02,,,account,SUCCESS,,BEN-000443-01,synthetic,SUSPICIOUS_SIM_REPLACEMENT,1,,,,,,,,,,
EVT-000443-06,USR-000443,ACC-000443,TRANSACTION,TRANSACTION,2027-03-20T00:30:00,DEV-000443-02,,,transaction,SUCCESS,34601.8,,paysim,SUSPICIOUS_SIM_REPLACEMENT,1,CASH_IN,2846010.73,2880612.52,1464863.8,1430262.01,207,C1770240789,C408769352,0,0
EVT-000444-01,USR-000444,ACC-000444,TELECOM,ESIM_CHANGE,2027-03-21T00:00:00,DEV-000444-01,,,telecom,SUCCESS,,,synthetic,SUSPICIOUS_ESIM_CHANGE,1,,,,,,,,,,
EVT-000444-02,USR-000444,ACC-000444,DEVICE,NEW_DEVICE,2027-03-21T00:05:00,DEV-000444-02,,,device,UNRECOGNIZED,,,synthetic,SUSPICIOUS_ESIM_CHANGE,1,,,,,,,,,,
EVT-000444-03,USR-000444,ACC-000444,DEVICE,DEVICE_CHANGE,2027-03-21T00:08:00,DEV-000444-02,,,device,DEVIATION,,,synthetic,SUSPICIOUS_ESIM_CHANGE,1,,,,,,,,,,
EVT-000444-04,USR-000444,ACC-000444,AUTHENTICATION,FAILED_LOGIN,2027-03-21T00:10:00,DEV-000444-02,,,authentication,FAILURE,,,synthetic,SUSPICIOUS_ESIM_CHANGE,1,,,,,,,,,,
EVT-000444-05,USR-000444,ACC-000444,BEHAVIOUR,DEVICE_DEVIATION,2027-03-21T00:15:00,DEV-000444-02,,,behaviour,DEVIATION,,,synthetic,SUSPICIOUS_ESIM_CHANGE,1,,,,,,,,,,
EVT-000444-06,USR-000444,ACC-000444,TRANSACTION,TRANSACTION,2027-03-21T00:30:00,DEV-000444-02,,,transaction,SUCCESS,281050.89,,paysim,SUSPICIOUS_ESIM_CHANGE,1,CASH_IN,1.282181034E7,1.310286122E7,597803.95,316753.06,371,C1404506713,C2113992148,0,0
EVT-000445-01,USR-000445,ACC-000445,TELECOM,SIM_REPLACEMENT,2027-03-22T00:00:00,DEV-000445-01,,,telecom,SUCCESS,,,synthetic,SUSPICIOUS_SIM_REPLACEMENT,1,,,,,,,,,,
EVT-000445-02,USR-000445,ACC-000445,DEVICE,NEW_DEVICE,2027-03-22T00:05:00,DEV-000445-02,,,device,UNRECOGNIZED,,,synthetic,SUSPICIOUS_SIM_REPLACEMENT,1,,,,,,,,,,
EVT-000445-03,USR-000445,ACC-000445,AUTHENTICATION,FAILED_LOGIN,2027-03-22T00:10:00,DEV-000445-02,,,authentication,FAILURE,,,synthetic,SUSPICIOUS_SIM_REPLACEMENT,1,,,,,,,,,,
EVT-000445-04,USR-000445,ACC-000445,RECOVERY,PASSWORD_RESET,2027-03-22T00:15:00,DEV-000445-02,,,recovery,SUCCESS,,,synthetic,SUSPICIOUS_SIM_REPLACEMENT,1,,,,,,,,,,
EVT-000445-05,USR-000445,ACC-000445,ACCOUNT,NEW_BENEFICIARY,2027-03-22T00:20:00,DEV-000445-02,,,account,SUCCESS,,BEN-000445-01,synthetic,SUSPICIOUS_SIM_REPLACEMENT,1,,,,,,,,,,
EVT-000445-06,USR-000445,ACC-000445,TRANSACTION,TRANSACTION,2027-03-22T00:30:00,DEV-000445-02,,,transaction,SUCCESS,261682.86,,paysim,SUSPICIOUS_SIM_REPLACEMENT,1,CASH_OUT,0.0,0.0,6158230.99,6419913.85,378,C720761371,C498065163,0,0
EVT-000446-01,USR-000446,ACC-000446,TELECOM,SIM_REPLACEMENT,2027-03-23T00:00:00,DEV-000446-01,,,telecom,SUCCESS,,,synthetic,SUSPICIOUS_SIM_REPLACEMENT,1,,,,,,,,,,
EVT-000446-02,USR-000446,ACC-000446,DEVICE,NEW_DEVICE,2027-03-23T00:05:00,DEV-000446-02,,,device,UNRECOGNIZED,,,synthetic,SUSPICIOUS_SIM_REPLACEMENT,1,,,,,,,,,,
EVT-000446-03,USR-000446,ACC-000446,AUTHENTICATION,FAILED_LOGIN,2027-03-23T00:10:00,DEV-000446-02,,,authentication,FAILURE,,,synthetic,SUSPICIOUS_SIM_REPLACEMENT,1,,,,,,,,,,
EVT-000446-04,USR-000446,ACC-000446,RECOVERY,PASSWORD_RESET,2027-03-23T00:15:00,DEV-000446-02,,,recovery,SUCCESS,,,synthetic,SUSPICIOUS_SIM_REPLACEMENT,1,,,,,,,,,,
EVT-000446-05,USR-000446,ACC-000446,ACCOUNT,NEW_BENEFICIARY,2027-03-23T00:20:00,DEV-000446-02,,,account,SUCCESS,,BEN-000446-01,synthetic,SUSPICIOUS_SIM_REPLACEMENT,1,,,,,,,,,,
EVT-000446-06,USR-000446,ACC-000446,TRANSACTION,TRANSACTION,2027-03-23T00:30:00,DEV-000446-02,,,transaction,SUCCESS,159233.88,,paysim,SUSPICIOUS_SIM_REPLACEMENT,1,CASH_OUT,10435.0,0.0,0.0,159233.88,164,C135964947,C1889983428,0,0
EVT-000447-01,USR-000447,ACC-000447,TELECOM,SIM_SWAP,2027-03-24T00:00:00,DEV-000447-01,,,telecom,SUCCESS,,,synthetic,SIM_ESIM_AUTH_ANOMALY,1,,,,,,,,,,
EVT-000447-02,USR-000447,ACC-000447,DEVICE,NEW_DEVICE,2027-03-24T00:05:00,DEV-000447-02,,,device,UNRECOGNIZED,,,synthetic,SIM_ESIM_AUTH_ANOMALY,1,,,,,,,,,,
EVT-000447-03,USR-000447,ACC-000447,AUTHENTICATION,FAILED_LOGIN,2027-03-24T00:10:00,DEV-000447-02,,,authentication,FAILURE,,,synthetic,SIM_ESIM_AUTH_ANOMALY,1,,,,,,,,,,
EVT-000447-04,USR-000447,ACC-000447,AUTHENTICATION,FAILED_LOGIN,2027-03-24T00:12:00,DEV-000447-02,,,authentication,FAILURE,,,synthetic,SIM_ESIM_AUTH_ANOMALY,1,,,,,,,,,,
EVT-000447-05,USR-000447,ACC-000447,BEHAVIOUR,DEVICE_DEVIATION,2027-03-24T00:15:00,DEV-000447-02,,,behaviour,DEVIATION,,,synthetic,SIM_ESIM_AUTH_ANOMALY,1,,,,,,,,,,
EVT-000448-01,USR-000448,ACC-000448,TELECOM,SIM_SWAP,2027-03-25T00:00:00,DEV-000448-01,,,telecom,SUCCESS,,,synthetic,SIM_ESIM_AUTH_ANOMALY,1,,,,,,,,,,
EVT-000448-02,USR-000448,ACC-000448,DEVICE,NEW_DEVICE,2027-03-25T00:05:00,DEV-000448-02,,,device,UNRECOGNIZED,,,synthetic,SIM_ESIM_AUTH_ANOMALY,1,,,,,,,,,,
EVT-000448-03,USR-000448,ACC-000448,AUTHENTICATION,FAILED_LOGIN,2027-03-25T00:10:00,DEV-000448-02,,,authentication,FAILURE,,,synthetic,SIM_ESIM_AUTH_ANOMALY,1,,,,,,,,,,
EVT-000448-04,USR-000448,ACC-000448,AUTHENTICATION,FAILED_LOGIN,2027-03-25T00:12:00,DEV-000448-02,,,authentication,FAILURE,,,synthetic,SIM_ESIM_AUTH_ANOMALY,1,,,,,,,,,,
EVT-000448-05,USR-000448,ACC-000448,BEHAVIOUR,DEVICE_DEVIATION,2027-03-25T00:15:00,DEV-000448-02,,,behaviour,DEVIATION,,,synthetic,SIM_ESIM_AUTH_ANOMALY,1,,,,,,,,,,
EVT-000449-01,USR-000449,ACC-000449,TELECOM,SIM_REPLACEMENT,2027-03-26T00:00:00,DEV-000449-01,,,telecom,SUCCESS,,,synthetic,LEGITIMATE_SIM_REPLACEMENT,0,,,,,,,,,,
EVT-000449-02,USR-000449,ACC-000449,AUTHENTICATION,LOGIN,2027-03-26T00:10:00,DEV-000449-01,,,authentication,SUCCESS,,,synthetic,LEGITIMATE_SIM_REPLACEMENT,0,,,,,,,,,,
EVT-000449-03,USR-000449,ACC-000449,TRANSACTION,TRANSACTION,2027-03-26T00:30:00,DEV-000449-01,,,transaction,SUCCESS,444985.93,,paysim,LEGITIMATE_SIM_REPLACEMENT,0,CASH_IN,6754717.86,7199703.79,1022436.12,577450.19,351,C1031000919,C315877900,0,0
EVT-000450-01,USR-000450,ACC-000450,TELECOM,ESIM_CHANGE,2027-03-27T00:00:00,DEV-000450-01,,,telecom,SUCCESS,,,synthetic,SUSPICIOUS_ESIM_CHANGE,1,,,,,,,,,,
EVT-000450-02,USR-000450,ACC-000450,DEVICE,NEW_DEVICE,2027-03-27T00:05:00,DEV-000450-02,,,device,UNRECOGNIZED,,,synthetic,SUSPICIOUS_ESIM_CHANGE,1,,,,,,,,,,
EVT-000450-03,USR-000450,ACC-000450,DEVICE,DEVICE_CHANGE,2027-03-27T00:08:00,DEV-000450-02,,,device,DEVIATION,,,synthetic,SUSPICIOUS_ESIM_CHANGE,1,,,,,,,,,,
EVT-000450-04,USR-000450,ACC-000450,AUTHENTICATION,FAILED_LOGIN,2027-03-27T00:10:00,DEV-000450-02,,,authentication,FAILURE,,,synthetic,SUSPICIOUS_ESIM_CHANGE,1,,,,,,,,,,
EVT-000450-05,USR-000450,ACC-000450,BEHAVIOUR,DEVICE_DEVIATION,2027-03-27T00:15:00,DEV-000450-02,,,behaviour,DEVIATION,,,synthetic,SUSPICIOUS_ESIM_CHANGE,1,,,,,,,,,,
EVT-000450-06,USR-000450,ACC-000450,TRANSACTION,TRANSACTION,2027-03-27T00:30:00,DEV-000450-02,,,transaction,SUCCESS,25712.0,,paysim,SUSPICIOUS_ESIM_CHANGE,1,CASH_IN,2548461.33,2574173.33,45276.42,19564.42,260,C1711999475,C1684011229,0,0
EVT-000451-01,USR-000451,ACC-000451,TELECOM,ESIM_CHANGE,2027-03-28T00:00:00,DEV-000451-01,,,telecom,SUCCESS,,,synthetic,LEGITIMATE_ESIM_CHANGE,0,,,,,,,,,,
EVT-000451-02,USR-000451,ACC-000451,AUTHENTICATION,LOGIN,2027-03-28T00:10:00,DEV-000451-01,,,authentication,SUCCESS,,,synthetic,LEGITIMATE_ESIM_CHANGE,0,,,,,,,,,,
EVT-000452-01,USR-000452,ACC-000452,TELECOM,ESIM_CHANGE,2027-03-29T00:00:00,DEV-000452-01,,,telecom,SUCCESS,,,synthetic,LEGITIMATE_ESIM_CHANGE,0,,,,,,,,,,
EVT-000452-02,USR-000452,ACC-000452,AUTHENTICATION,LOGIN,2027-03-29T00:10:00,DEV-000452-01,,,authentication,SUCCESS,,,synthetic,LEGITIMATE_ESIM_CHANGE,0,,,,,,,,,,
EVT-000453-01,USR-000453,ACC-000453,TELECOM,SIM_SWAP,2027-03-30T00:00:00,DEV-000453-01,,,telecom,SUCCESS,,,synthetic,SIM_ESIM_AUTH_ANOMALY,1,,,,,,,,,,
EVT-000453-02,USR-000453,ACC-000453,DEVICE,NEW_DEVICE,2027-03-30T00:05:00,DEV-000453-02,,,device,UNRECOGNIZED,,,synthetic,SIM_ESIM_AUTH_ANOMALY,1,,,,,,,,,,
EVT-000453-03,USR-000453,ACC-000453,AUTHENTICATION,FAILED_LOGIN,2027-03-30T00:10:00,DEV-000453-02,,,authentication,FAILURE,,,synthetic,SIM_ESIM_AUTH_ANOMALY,1,,,,,,,,,,
EVT-000453-04,USR-000453,ACC-000453,AUTHENTICATION,FAILED_LOGIN,2027-03-30T00:12:00,DEV-000453-02,,,authentication,FAILURE,,,synthetic,SIM_ESIM_AUTH_ANOMALY,1,,,,,,,,,,
EVT-000453-05,USR-000453,ACC-000453,BEHAVIOUR,DEVICE_DEVIATION,2027-03-30T00:15:00,DEV-000453-02,,,behaviour,DEVIATION,,,synthetic,SIM_ESIM_AUTH_ANOMALY,1,,,,,,,,,,
EVT-000454-01,USR-000454,ACC-000454,TELECOM,ESIM_CHANGE,2027-03-31T00:00:00,DEV-000454-01,,,telecom,SUCCESS,,,synthetic,LEGITIMATE_ESIM_CHANGE,0,,,,,,,,,,
EVT-000454-02,USR-000454,ACC-000454,AUTHENTICATION,LOGIN,2027-03-31T00:10:00,DEV-000454-01,,,authentication,SUCCESS,,,synthetic,LEGITIMATE_ESIM_CHANGE,0,,,,,,,,,,
EVT-000455-01,USR-000455,ACC-000455,TELECOM,SIM_REPLACEMENT,2027-04-01T00:00:00,DEV-000455-01,,,telecom,SUCCESS,,,synthetic,SUSPICIOUS_SIM_REPLACEMENT,1,,,,,,,,,,
EVT-000455-02,USR-000455,ACC-000455,DEVICE,NEW_DEVICE,2027-04-01T00:05:00,DEV-000455-02,,,device,UNRECOGNIZED,,,synthetic,SUSPICIOUS_SIM_REPLACEMENT,1,,,,,,,,,,
EVT-000455-03,USR-000455,ACC-000455,AUTHENTICATION,FAILED_LOGIN,2027-04-01T00:10:00,DEV-000455-02,,,authentication,FAILURE,,,synthetic,SUSPICIOUS_SIM_REPLACEMENT,1,,,,,,,,,,
EVT-000455-04,USR-000455,ACC-000455,RECOVERY,PASSWORD_RESET,2027-04-01T00:15:00,DEV-000455-02,,,recovery,SUCCESS,,,synthetic,SUSPICIOUS_SIM_REPLACEMENT,1,,,,,,,,,,
EVT-000455-05,USR-000455,ACC-000455,ACCOUNT,NEW_BENEFICIARY,2027-04-01T00:20:00,DEV-000455-02,,,account,SUCCESS,,BEN-000455-01,synthetic,SUSPICIOUS_SIM_REPLACEMENT,1,,,,,,,,,,
EVT-000455-06,USR-000455,ACC-000455,TRANSACTION,TRANSACTION,2027-04-01T00:30:00,DEV-000455-02,,,transaction,SUCCESS,10850.43,,paysim,SUSPICIOUS_SIM_REPLACEMENT,1,PAYMENT,142.0,0.0,0.0,0.0,208,C526050651,M1772286486,0,0
EVT-000456-01,USR-000456,ACC-000456,TELECOM,ESIM_CHANGE,2027-04-02T00:00:00,DEV-000456-01,,,telecom,SUCCESS,,,synthetic,LEGITIMATE_ESIM_CHANGE,0,,,,,,,,,,
EVT-000456-02,USR-000456,ACC-000456,AUTHENTICATION,LOGIN,2027-04-02T00:10:00,DEV-000456-01,,,authentication,SUCCESS,,,synthetic,LEGITIMATE_ESIM_CHANGE,0,,,,,,,,,,
EVT-000457-01,USR-000457,ACC-000457,TELECOM,ESIM_CHANGE,2027-04-03T00:00:00,DEV-000457-01,,,telecom,SUCCESS,,,synthetic,SUSPICIOUS_ESIM_CHANGE,1,,,,,,,,,,
EVT-000457-02,USR-000457,ACC-000457,DEVICE,NEW_DEVICE,2027-04-03T00:05:00,DEV-000457-02,,,device,UNRECOGNIZED,,,synthetic,SUSPICIOUS_ESIM_CHANGE,1,,,,,,,,,,
EVT-000457-03,USR-000457,ACC-000457,DEVICE,DEVICE_CHANGE,2027-04-03T00:08:00,DEV-000457-02,,,device,DEVIATION,,,synthetic,SUSPICIOUS_ESIM_CHANGE,1,,,,,,,,,,
EVT-000457-04,USR-000457,ACC-000457,AUTHENTICATION,FAILED_LOGIN,2027-04-03T00:10:00,DEV-000457-02,,,authentication,FAILURE,,,synthetic,SUSPICIOUS_ESIM_CHANGE,1,,,,,,,,,,
EVT-000457-05,USR-000457,ACC-000457,BEHAVIOUR,DEVICE_DEVIATION,2027-04-03T00:15:00,DEV-000457-02,,,behaviour,DEVIATION,,,synthetic,SUSPICIOUS_ESIM_CHANGE,1,,,,,,,,,,
EVT-000457-06,USR-000457,ACC-000457,TRANSACTION,TRANSACTION,2027-04-03T00:30:00,DEV-000457-02,,,transaction,SUCCESS,228016.14,,paysim,SUSPICIOUS_ESIM_CHANGE,1,CASH_IN,32.0,228048.14,5314442.91,5086426.77,379,C621807790,C475388725,0,0
EVT-000458-01,USR-000458,ACC-000458,TELECOM,ESIM_CHANGE,2027-04-04T00:00:00,DEV-000458-01,,,telecom,SUCCESS,,,synthetic,LEGITIMATE_ESIM_CHANGE,0,,,,,,,,,,
EVT-000458-02,USR-000458,ACC-000458,AUTHENTICATION,LOGIN,2027-04-04T00:10:00,DEV-000458-01,,,authentication,SUCCESS,,,synthetic,LEGITIMATE_ESIM_CHANGE,0,,,,,,,,,,
EVT-000459-01,USR-000459,ACC-000459,TELECOM,ESIM_CHANGE,2027-04-05T00:00:00,DEV-000459-01,,,telecom,SUCCESS,,,synthetic,SUSPICIOUS_ESIM_CHANGE,1,,,,,,,,,,
EVT-000459-02,USR-000459,ACC-000459,DEVICE,NEW_DEVICE,2027-04-05T00:05:00,DEV-000459-02,,,device,UNRECOGNIZED,,,synthetic,SUSPICIOUS_ESIM_CHANGE,1,,,,,,,,,,
EVT-000459-03,USR-000459,ACC-000459,DEVICE,DEVICE_CHANGE,2027-04-05T00:08:00,DEV-000459-02,,,device,DEVIATION,,,synthetic,SUSPICIOUS_ESIM_CHANGE,1,,,,,,,,,,
EVT-000459-04,USR-000459,ACC-000459,AUTHENTICATION,FAILED_LOGIN,2027-04-05T00:10:00,DEV-000459-02,,,authentication,FAILURE,,,synthetic,SUSPICIOUS_ESIM_CHANGE,1,,,,,,,,,,
EVT-000459-05,USR-000459,ACC-000459,BEHAVIOUR,DEVICE_DEVIATION,2027-04-05T00:15:00,DEV-000459-02,,,behaviour,DEVIATION,,,synthetic,SUSPICIOUS_ESIM_CHANGE,1,,,,,,,,,,
EVT-000459-06,USR-000459,ACC-000459,TRANSACTION,TRANSACTION,2027-04-05T00:30:00,DEV-000459-02,,,transaction,SUCCESS,248653.31,,paysim,SUSPICIOUS_ESIM_CHANGE,1,CASH_IN,1.921402801E7,1.946268132E7,769148.12,520494.81,34,C783659865,C180570503,0,0
EVT-000460-01,USR-000460,ACC-000460,TELECOM,SIM_SWAP,2027-04-06T00:00:00,DEV-000460-01,,,telecom,SUCCESS,,,synthetic,SIM_ESIM_AUTH_ANOMALY,1,,,,,,,,,,
EVT-000460-02,USR-000460,ACC-000460,DEVICE,NEW_DEVICE,2027-04-06T00:05:00,DEV-000460-02,,,device,UNRECOGNIZED,,,synthetic,SIM_ESIM_AUTH_ANOMALY,1,,,,,,,,,,
EVT-000460-03,USR-000460,ACC-000460,AUTHENTICATION,FAILED_LOGIN,2027-04-06T00:10:00,DEV-000460-02,,,authentication,FAILURE,,,synthetic,SIM_ESIM_AUTH_ANOMALY,1,,,,,,,,,,
EVT-000460-04,USR-000460,ACC-000460,AUTHENTICATION,FAILED_LOGIN,2027-04-06T00:12:00,DEV-000460-02,,,authentication,FAILURE,,,synthetic,SIM_ESIM_AUTH_ANOMALY,1,,,,,,,,,,
EVT-000460-05,USR-000460,ACC-000460,BEHAVIOUR,DEVICE_DEVIATION,2027-04-06T00:15:00,DEV-000460-02,,,behaviour,DEVIATION,,,synthetic,SIM_ESIM_AUTH_ANOMALY,1,,,,,,,,,,
EVT-000461-01,USR-000461,ACC-000461,TELECOM,SIM_REPLACEMENT,2027-04-07T00:00:00,DEV-000461-01,,,telecom,SUCCESS,,,synthetic,SUSPICIOUS_SIM_REPLACEMENT,1,,,,,,,,,,
EVT-000461-02,USR-000461,ACC-000461,DEVICE,NEW_DEVICE,2027-04-07T00:05:00,DEV-000461-02,,,device,UNRECOGNIZED,,,synthetic,SUSPICIOUS_SIM_REPLACEMENT,1,,,,,,,,,,
EVT-000461-03,USR-000461,ACC-000461,AUTHENTICATION,FAILED_LOGIN,2027-04-07T00:10:00,DEV-000461-02,,,authentication,FAILURE,,,synthetic,SUSPICIOUS_SIM_REPLACEMENT,1,,,,,,,,,,
EVT-000461-04,USR-000461,ACC-000461,RECOVERY,PASSWORD_RESET,2027-04-07T00:15:00,DEV-000461-02,,,recovery,SUCCESS,,,synthetic,SUSPICIOUS_SIM_REPLACEMENT,1,,,,,,,,,,
EVT-000461-05,USR-000461,ACC-000461,ACCOUNT,NEW_BENEFICIARY,2027-04-07T00:20:00,DEV-000461-02,,,account,SUCCESS,,BEN-000461-01,synthetic,SUSPICIOUS_SIM_REPLACEMENT,1,,,,,,,,,,
EVT-000461-06,USR-000461,ACC-000461,TRANSACTION,TRANSACTION,2027-04-07T00:30:00,DEV-000461-02,,,transaction,SUCCESS,130503.29,,paysim,SUSPICIOUS_SIM_REPLACEMENT,1,CASH_OUT,0.0,0.0,804952.12,935455.41,405,C1246022342,C1594293839,0,0
EVT-000462-01,USR-000462,ACC-000462,TELECOM,SIM_REPLACEMENT,2027-04-08T00:00:00,DEV-000462-01,,,telecom,SUCCESS,,,synthetic,LEGITIMATE_SIM_REPLACEMENT,0,,,,,,,,,,
EVT-000462-02,USR-000462,ACC-000462,AUTHENTICATION,LOGIN,2027-04-08T00:10:00,DEV-000462-01,,,authentication,SUCCESS,,,synthetic,LEGITIMATE_SIM_REPLACEMENT,0,,,,,,,,,,
EVT-000462-03,USR-000462,ACC-000462,TRANSACTION,TRANSACTION,2027-04-08T00:30:00,DEV-000462-01,,,transaction,SUCCESS,858702.96,,paysim,LEGITIMATE_SIM_REPLACEMENT,0,TRANSFER,394.0,0.0,24845.15,883548.11,159,C399482640,C1903894299,0,0
EVT-000463-01,USR-000463,ACC-000463,TELECOM,SIM_REPLACEMENT,2027-04-09T00:00:00,DEV-000463-01,,,telecom,SUCCESS,,,synthetic,SUSPICIOUS_SIM_REPLACEMENT,1,,,,,,,,,,
EVT-000463-02,USR-000463,ACC-000463,DEVICE,NEW_DEVICE,2027-04-09T00:05:00,DEV-000463-02,,,device,UNRECOGNIZED,,,synthetic,SUSPICIOUS_SIM_REPLACEMENT,1,,,,,,,,,,
EVT-000463-03,USR-000463,ACC-000463,AUTHENTICATION,FAILED_LOGIN,2027-04-09T00:10:00,DEV-000463-02,,,authentication,FAILURE,,,synthetic,SUSPICIOUS_SIM_REPLACEMENT,1,,,,,,,,,,
EVT-000463-04,USR-000463,ACC-000463,RECOVERY,PASSWORD_RESET,2027-04-09T00:15:00,DEV-000463-02,,,recovery,SUCCESS,,,synthetic,SUSPICIOUS_SIM_REPLACEMENT,1,,,,,,,,,,
EVT-000463-05,USR-000463,ACC-000463,ACCOUNT,NEW_BENEFICIARY,2027-04-09T00:20:00,DEV-000463-02,,,account,SUCCESS,,BEN-000463-01,synthetic,SUSPICIOUS_SIM_REPLACEMENT,1,,,,,,,,,,
EVT-000463-06,USR-000463,ACC-000463,TRANSACTION,TRANSACTION,2027-04-09T00:30:00,DEV-000463-02,,,transaction,SUCCESS,432001.4,,paysim,SUSPICIOUS_SIM_REPLACEMENT,1,CASH_OUT,5501.0,0.0,898830.55,1330831.96,301,C76479618,C1612726335,0,0
EVT-000464-01,USR-000464,ACC-000464,TELECOM,SIM_REPLACEMENT,2027-04-10T00:00:00,DEV-000464-01,,,telecom,SUCCESS,,,synthetic,LEGITIMATE_SIM_REPLACEMENT,0,,,,,,,,,,
EVT-000464-02,USR-000464,ACC-000464,AUTHENTICATION,LOGIN,2027-04-10T00:10:00,DEV-000464-01,,,authentication,SUCCESS,,,synthetic,LEGITIMATE_SIM_REPLACEMENT,0,,,,,,,,,,
EVT-000464-03,USR-000464,ACC-000464,TRANSACTION,TRANSACTION,2027-04-10T00:30:00,DEV-000464-01,,,transaction,SUCCESS,9278.08,,paysim,LEGITIMATE_SIM_REPLACEMENT,0,PAYMENT,0.0,0.0,0.0,0.0,206,C289459849,M1263910427,0,0
EVT-000465-01,USR-000465,ACC-000465,TELECOM,ESIM_CHANGE,2027-04-11T00:00:00,DEV-000465-01,,,telecom,SUCCESS,,,synthetic,LEGITIMATE_ESIM_CHANGE,0,,,,,,,,,,
EVT-000465-02,USR-000465,ACC-000465,AUTHENTICATION,LOGIN,2027-04-11T00:10:00,DEV-000465-01,,,authentication,SUCCESS,,,synthetic,LEGITIMATE_ESIM_CHANGE,0,,,,,,,,,,
EVT-000466-01,USR-000466,ACC-000466,TELECOM,SIM_REPLACEMENT,2027-04-12T00:00:00,DEV-000466-01,,,telecom,SUCCESS,,,synthetic,SUSPICIOUS_SIM_REPLACEMENT,1,,,,,,,,,,
EVT-000466-02,USR-000466,ACC-000466,DEVICE,NEW_DEVICE,2027-04-12T00:05:00,DEV-000466-02,,,device,UNRECOGNIZED,,,synthetic,SUSPICIOUS_SIM_REPLACEMENT,1,,,,,,,,,,
EVT-000466-03,USR-000466,ACC-000466,AUTHENTICATION,FAILED_LOGIN,2027-04-12T00:10:00,DEV-000466-02,,,authentication,FAILURE,,,synthetic,SUSPICIOUS_SIM_REPLACEMENT,1,,,,,,,,,,
EVT-000466-04,USR-000466,ACC-000466,RECOVERY,PASSWORD_RESET,2027-04-12T00:15:00,DEV-000466-02,,,recovery,SUCCESS,,,synthetic,SUSPICIOUS_SIM_REPLACEMENT,1,,,,,,,,,,
EVT-000466-05,USR-000466,ACC-000466,ACCOUNT,NEW_BENEFICIARY,2027-04-12T00:20:00,DEV-000466-02,,,account,SUCCESS,,BEN-000466-01,synthetic,SUSPICIOUS_SIM_REPLACEMENT,1,,,,,,,,,,
EVT-000466-06,USR-000466,ACC-000466,TRANSACTION,TRANSACTION,2027-04-12T00:30:00,DEV-000466-02,,,transaction,SUCCESS,115512.53,,paysim,SUSPICIOUS_SIM_REPLACEMENT,1,CASH_OUT,192246.0,76733.47,1331754.82,1447267.35,182,C1516259915,C1871636563,0,0
EVT-000467-01,USR-000467,ACC-000467,TELECOM,SIM_REPLACEMENT,2027-04-13T00:00:00,DEV-000467-01,,,telecom,SUCCESS,,,synthetic,LEGITIMATE_SIM_REPLACEMENT,0,,,,,,,,,,
EVT-000467-02,USR-000467,ACC-000467,AUTHENTICATION,LOGIN,2027-04-13T00:10:00,DEV-000467-01,,,authentication,SUCCESS,,,synthetic,LEGITIMATE_SIM_REPLACEMENT,0,,,,,,,,,,
EVT-000467-03,USR-000467,ACC-000467,TRANSACTION,TRANSACTION,2027-04-13T00:30:00,DEV-000467-01,,,transaction,SUCCESS,138614.58,,paysim,LEGITIMATE_SIM_REPLACEMENT,0,CASH_IN,993884.81,1132499.39,6943924.51,6805309.94,377,C924403826,C624248735,0,0
EVT-000468-01,USR-000468,ACC-000468,TELECOM,ESIM_CHANGE,2027-04-14T00:00:00,DEV-000468-01,,,telecom,SUCCESS,,,synthetic,SUSPICIOUS_ESIM_CHANGE,1,,,,,,,,,,
EVT-000468-02,USR-000468,ACC-000468,DEVICE,NEW_DEVICE,2027-04-14T00:05:00,DEV-000468-02,,,device,UNRECOGNIZED,,,synthetic,SUSPICIOUS_ESIM_CHANGE,1,,,,,,,,,,
EVT-000468-03,USR-000468,ACC-000468,DEVICE,DEVICE_CHANGE,2027-04-14T00:08:00,DEV-000468-02,,,device,DEVIATION,,,synthetic,SUSPICIOUS_ESIM_CHANGE,1,,,,,,,,,,
EVT-000468-04,USR-000468,ACC-000468,AUTHENTICATION,FAILED_LOGIN,2027-04-14T00:10:00,DEV-000468-02,,,authentication,FAILURE,,,synthetic,SUSPICIOUS_ESIM_CHANGE,1,,,,,,,,,,
EVT-000468-05,USR-000468,ACC-000468,BEHAVIOUR,DEVICE_DEVIATION,2027-04-14T00:15:00,DEV-000468-02,,,behaviour,DEVIATION,,,synthetic,SUSPICIOUS_ESIM_CHANGE,1,,,,,,,,,,
EVT-000468-06,USR-000468,ACC-000468,TRANSACTION,TRANSACTION,2027-04-14T00:30:00,DEV-000468-02,,,transaction,SUCCESS,18010.87,,paysim,SUSPICIOUS_ESIM_CHANGE,1,PAYMENT,0.0,0.0,0.0,0.0,16,C1013766410,M173220609,0,0
EVT-000469-01,USR-000469,ACC-000469,TELECOM,ESIM_CHANGE,2027-04-15T00:00:00,DEV-000469-01,,,telecom,SUCCESS,,,synthetic,LEGITIMATE_ESIM_CHANGE,0,,,,,,,,,,
EVT-000469-02,USR-000469,ACC-000469,AUTHENTICATION,LOGIN,2027-04-15T00:10:00,DEV-000469-01,,,authentication,SUCCESS,,,synthetic,LEGITIMATE_ESIM_CHANGE,0,,,,,,,,,,
EVT-000470-01,USR-000470,ACC-000470,TELECOM,ESIM_CHANGE,2027-04-16T00:00:00,DEV-000470-01,,,telecom,SUCCESS,,,synthetic,LEGITIMATE_ESIM_CHANGE,0,,,,,,,,,,
EVT-000470-02,USR-000470,ACC-000470,AUTHENTICATION,LOGIN,2027-04-16T00:10:00,DEV-000470-01,,,authentication,SUCCESS,,,synthetic,LEGITIMATE_ESIM_CHANGE,0,,,,,,,,,,
EVT-000471-01,USR-000471,ACC-000471,TELECOM,SIM_SWAP,2027-04-17T00:00:00,DEV-000471-01,,,telecom,SUCCESS,,,synthetic,SIM_ESIM_AUTH_ANOMALY,1,,,,,,,,,,
EVT-000471-02,USR-000471,ACC-000471,DEVICE,NEW_DEVICE,2027-04-17T00:05:00,DEV-000471-02,,,device,UNRECOGNIZED,,,synthetic,SIM_ESIM_AUTH_ANOMALY,1,,,,,,,,,,
EVT-000471-03,USR-000471,ACC-000471,AUTHENTICATION,FAILED_LOGIN,2027-04-17T00:10:00,DEV-000471-02,,,authentication,FAILURE,,,synthetic,SIM_ESIM_AUTH_ANOMALY,1,,,,,,,,,,
EVT-000471-04,USR-000471,ACC-000471,AUTHENTICATION,FAILED_LOGIN,2027-04-17T00:12:00,DEV-000471-02,,,authentication,FAILURE,,,synthetic,SIM_ESIM_AUTH_ANOMALY,1,,,,,,,,,,
EVT-000471-05,USR-000471,ACC-000471,BEHAVIOUR,DEVICE_DEVIATION,2027-04-17T00:15:00,DEV-000471-02,,,behaviour,DEVIATION,,,synthetic,SIM_ESIM_AUTH_ANOMALY,1,,,,,,,,,,
EVT-000472-01,USR-000472,ACC-000472,TELECOM,SIM_REPLACEMENT,2027-04-18T00:00:00,DEV-000472-01,,,telecom,SUCCESS,,,synthetic,LEGITIMATE_SIM_REPLACEMENT,0,,,,,,,,,,
EVT-000472-02,USR-000472,ACC-000472,AUTHENTICATION,LOGIN,2027-04-18T00:10:00,DEV-000472-01,,,authentication,SUCCESS,,,synthetic,LEGITIMATE_SIM_REPLACEMENT,0,,,,,,,,,,
EVT-000472-03,USR-000472,ACC-000472,TRANSACTION,TRANSACTION,2027-04-18T00:30:00,DEV-000472-01,,,transaction,SUCCESS,125607.54,,paysim,LEGITIMATE_SIM_REPLACEMENT,0,TRANSFER,0.0,0.0,2030415.5,2156023.04,253,C1596358610,C1034795408,0,0
EVT-000473-01,USR-000473,ACC-000473,TELECOM,SIM_REPLACEMENT,2027-04-19T00:00:00,DEV-000473-01,,,telecom,SUCCESS,,,synthetic,SUSPICIOUS_SIM_REPLACEMENT,1,,,,,,,,,,
EVT-000473-02,USR-000473,ACC-000473,DEVICE,NEW_DEVICE,2027-04-19T00:05:00,DEV-000473-02,,,device,UNRECOGNIZED,,,synthetic,SUSPICIOUS_SIM_REPLACEMENT,1,,,,,,,,,,
EVT-000473-03,USR-000473,ACC-000473,AUTHENTICATION,FAILED_LOGIN,2027-04-19T00:10:00,DEV-000473-02,,,authentication,FAILURE,,,synthetic,SUSPICIOUS_SIM_REPLACEMENT,1,,,,,,,,,,
EVT-000473-04,USR-000473,ACC-000473,RECOVERY,PASSWORD_RESET,2027-04-19T00:15:00,DEV-000473-02,,,recovery,SUCCESS,,,synthetic,SUSPICIOUS_SIM_REPLACEMENT,1,,,,,,,,,,
EVT-000473-05,USR-000473,ACC-000473,ACCOUNT,NEW_BENEFICIARY,2027-04-19T00:20:00,DEV-000473-02,,,account,SUCCESS,,BEN-000473-01,synthetic,SUSPICIOUS_SIM_REPLACEMENT,1,,,,,,,,,,
EVT-000473-06,USR-000473,ACC-000473,TRANSACTION,TRANSACTION,2027-04-19T00:30:00,DEV-000473-02,,,transaction,SUCCESS,480519.23,,paysim,SUSPICIOUS_SIM_REPLACEMENT,1,CASH_IN,11044.0,491563.23,5395.52,0.0,372,C660596452,C579585854,0,0
EVT-000474-01,USR-000474,ACC-000474,TELECOM,SIM_REPLACEMENT,2027-04-20T00:00:00,DEV-000474-01,,,telecom,SUCCESS,,,synthetic,SUSPICIOUS_SIM_REPLACEMENT,1,,,,,,,,,,
EVT-000474-02,USR-000474,ACC-000474,DEVICE,NEW_DEVICE,2027-04-20T00:05:00,DEV-000474-02,,,device,UNRECOGNIZED,,,synthetic,SUSPICIOUS_SIM_REPLACEMENT,1,,,,,,,,,,
EVT-000474-03,USR-000474,ACC-000474,AUTHENTICATION,FAILED_LOGIN,2027-04-20T00:10:00,DEV-000474-02,,,authentication,FAILURE,,,synthetic,SUSPICIOUS_SIM_REPLACEMENT,1,,,,,,,,,,
EVT-000474-04,USR-000474,ACC-000474,RECOVERY,PASSWORD_RESET,2027-04-20T00:15:00,DEV-000474-02,,,recovery,SUCCESS,,,synthetic,SUSPICIOUS_SIM_REPLACEMENT,1,,,,,,,,,,
EVT-000474-05,USR-000474,ACC-000474,ACCOUNT,NEW_BENEFICIARY,2027-04-20T00:20:00,DEV-000474-02,,,account,SUCCESS,,BEN-000474-01,synthetic,SUSPICIOUS_SIM_REPLACEMENT,1,,,,,,,,,,
EVT-000474-06,USR-000474,ACC-000474,TRANSACTION,TRANSACTION,2027-04-20T00:30:00,DEV-000474-02,,,transaction,SUCCESS,81026.85,,paysim,SUSPICIOUS_SIM_REPLACEMENT,1,CASH_OUT,0.0,0.0,317917.8,398944.64,234,C80581338,C132040072,0,0
EVT-000475-01,USR-000475,ACC-000475,TELECOM,SIM_REPLACEMENT,2027-04-21T00:00:00,DEV-000475-01,,,telecom,SUCCESS,,,synthetic,LEGITIMATE_SIM_REPLACEMENT,0,,,,,,,,,,
EVT-000475-02,USR-000475,ACC-000475,AUTHENTICATION,LOGIN,2027-04-21T00:10:00,DEV-000475-01,,,authentication,SUCCESS,,,synthetic,LEGITIMATE_SIM_REPLACEMENT,0,,,,,,,,,,
EVT-000475-03,USR-000475,ACC-000475,TRANSACTION,TRANSACTION,2027-04-21T00:30:00,DEV-000475-01,,,transaction,SUCCESS,24927.08,,paysim,LEGITIMATE_SIM_REPLACEMENT,0,PAYMENT,219.0,0.0,0.0,0.0,251,C994869762,M395472429,0,0
EVT-000476-01,USR-000476,ACC-000476,TELECOM,ESIM_CHANGE,2027-04-22T00:00:00,DEV-000476-01,,,telecom,SUCCESS,,,synthetic,SUSPICIOUS_ESIM_CHANGE,1,,,,,,,,,,
EVT-000476-02,USR-000476,ACC-000476,DEVICE,NEW_DEVICE,2027-04-22T00:05:00,DEV-000476-02,,,device,UNRECOGNIZED,,,synthetic,SUSPICIOUS_ESIM_CHANGE,1,,,,,,,,,,
EVT-000476-03,USR-000476,ACC-000476,DEVICE,DEVICE_CHANGE,2027-04-22T00:08:00,DEV-000476-02,,,device,DEVIATION,,,synthetic,SUSPICIOUS_ESIM_CHANGE,1,,,,,,,,,,
EVT-000476-04,USR-000476,ACC-000476,AUTHENTICATION,FAILED_LOGIN,2027-04-22T00:10:00,DEV-000476-02,,,authentication,FAILURE,,,synthetic,SUSPICIOUS_ESIM_CHANGE,1,,,,,,,,,,
EVT-000476-05,USR-000476,ACC-000476,BEHAVIOUR,DEVICE_DEVIATION,2027-04-22T00:15:00,DEV-000476-02,,,behaviour,DEVIATION,,,synthetic,SUSPICIOUS_ESIM_CHANGE,1,,,,,,,,,,
EVT-000476-06,USR-000476,ACC-000476,TRANSACTION,TRANSACTION,2027-04-22T00:30:00,DEV-000476-02,,,transaction,SUCCESS,12172.17,,paysim,SUSPICIOUS_ESIM_CHANGE,1,PAYMENT,0.0,0.0,0.0,0.0,304,C697387581,M644566592,0,0
EVT-000477-01,USR-000477,ACC-000477,TELECOM,ESIM_CHANGE,2027-04-23T00:00:00,DEV-000477-01,,,telecom,SUCCESS,,,synthetic,SUSPICIOUS_ESIM_CHANGE,1,,,,,,,,,,
EVT-000477-02,USR-000477,ACC-000477,DEVICE,NEW_DEVICE,2027-04-23T00:05:00,DEV-000477-02,,,device,UNRECOGNIZED,,,synthetic,SUSPICIOUS_ESIM_CHANGE,1,,,,,,,,,,
EVT-000477-03,USR-000477,ACC-000477,DEVICE,DEVICE_CHANGE,2027-04-23T00:08:00,DEV-000477-02,,,device,DEVIATION,,,synthetic,SUSPICIOUS_ESIM_CHANGE,1,,,,,,,,,,
EVT-000477-04,USR-000477,ACC-000477,AUTHENTICATION,FAILED_LOGIN,2027-04-23T00:10:00,DEV-000477-02,,,authentication,FAILURE,,,synthetic,SUSPICIOUS_ESIM_CHANGE,1,,,,,,,,,,
EVT-000477-05,USR-000477,ACC-000477,BEHAVIOUR,DEVICE_DEVIATION,2027-04-23T00:15:00,DEV-000477-02,,,behaviour,DEVIATION,,,synthetic,SUSPICIOUS_ESIM_CHANGE,1,,,,,,,,,,
EVT-000477-06,USR-000477,ACC-000477,TRANSACTION,TRANSACTION,2027-04-23T00:30:00,DEV-000477-02,,,transaction,SUCCESS,8185.59,,paysim,SUSPICIOUS_ESIM_CHANGE,1,PAYMENT,79818.0,71632.41,0.0,0.0,359,C458403907,M29111628,0,0
EVT-000478-01,USR-000478,ACC-000478,TELECOM,SIM_SWAP,2027-04-24T00:00:00,DEV-000478-01,,,telecom,SUCCESS,,,synthetic,SIM_ESIM_AUTH_ANOMALY,1,,,,,,,,,,
EVT-000478-02,USR-000478,ACC-000478,DEVICE,NEW_DEVICE,2027-04-24T00:05:00,DEV-000478-02,,,device,UNRECOGNIZED,,,synthetic,SIM_ESIM_AUTH_ANOMALY,1,,,,,,,,,,
EVT-000478-03,USR-000478,ACC-000478,AUTHENTICATION,FAILED_LOGIN,2027-04-24T00:10:00,DEV-000478-02,,,authentication,FAILURE,,,synthetic,SIM_ESIM_AUTH_ANOMALY,1,,,,,,,,,,
EVT-000478-04,USR-000478,ACC-000478,AUTHENTICATION,FAILED_LOGIN,2027-04-24T00:12:00,DEV-000478-02,,,authentication,FAILURE,,,synthetic,SIM_ESIM_AUTH_ANOMALY,1,,,,,,,,,,
EVT-000478-05,USR-000478,ACC-000478,BEHAVIOUR,DEVICE_DEVIATION,2027-04-24T00:15:00,DEV-000478-02,,,behaviour,DEVIATION,,,synthetic,SIM_ESIM_AUTH_ANOMALY,1,,,,,,,,,,
EVT-000479-01,USR-000479,ACC-000479,TELECOM,ESIM_CHANGE,2027-04-25T00:00:00,DEV-000479-01,,,telecom,SUCCESS,,,synthetic,SUSPICIOUS_ESIM_CHANGE,1,,,,,,,,,,
EVT-000479-02,USR-000479,ACC-000479,DEVICE,NEW_DEVICE,2027-04-25T00:05:00,DEV-000479-02,,,device,UNRECOGNIZED,,,synthetic,SUSPICIOUS_ESIM_CHANGE,1,,,,,,,,,,
EVT-000479-03,USR-000479,ACC-000479,DEVICE,DEVICE_CHANGE,2027-04-25T00:08:00,DEV-000479-02,,,device,DEVIATION,,,synthetic,SUSPICIOUS_ESIM_CHANGE,1,,,,,,,,,,
EVT-000479-04,USR-000479,ACC-000479,AUTHENTICATION,FAILED_LOGIN,2027-04-25T00:10:00,DEV-000479-02,,,authentication,FAILURE,,,synthetic,SUSPICIOUS_ESIM_CHANGE,1,,,,,,,,,,
EVT-000479-05,USR-000479,ACC-000479,BEHAVIOUR,DEVICE_DEVIATION,2027-04-25T00:15:00,DEV-000479-02,,,behaviour,DEVIATION,,,synthetic,SUSPICIOUS_ESIM_CHANGE,1,,,,,,,,,,
EVT-000479-06,USR-000479,ACC-000479,TRANSACTION,TRANSACTION,2027-04-25T00:30:00,DEV-000479-02,,,transaction,SUCCESS,25203.77,,paysim,SUSPICIOUS_ESIM_CHANGE,1,PAYMENT,0.0,0.0,0.0,0.0,350,C808754957,M767047205,0,0
EVT-000480-01,USR-000480,ACC-000480,TELECOM,ESIM_CHANGE,2027-04-26T00:00:00,DEV-000480-01,,,telecom,SUCCESS,,,synthetic,SUSPICIOUS_ESIM_CHANGE,1,,,,,,,,,,
EVT-000480-02,USR-000480,ACC-000480,DEVICE,NEW_DEVICE,2027-04-26T00:05:00,DEV-000480-02,,,device,UNRECOGNIZED,,,synthetic,SUSPICIOUS_ESIM_CHANGE,1,,,,,,,,,,
EVT-000480-03,USR-000480,ACC-000480,DEVICE,DEVICE_CHANGE,2027-04-26T00:08:00,DEV-000480-02,,,device,DEVIATION,,,synthetic,SUSPICIOUS_ESIM_CHANGE,1,,,,,,,,,,
EVT-000480-04,USR-000480,ACC-000480,AUTHENTICATION,FAILED_LOGIN,2027-04-26T00:10:00,DEV-000480-02,,,authentication,FAILURE,,,synthetic,SUSPICIOUS_ESIM_CHANGE,1,,,,,,,,,,
EVT-000480-05,USR-000480,ACC-000480,BEHAVIOUR,DEVICE_DEVIATION,2027-04-26T00:15:00,DEV-000480-02,,,behaviour,DEVIATION,,,synthetic,SUSPICIOUS_ESIM_CHANGE,1,,,,,,,,,,
EVT-000480-06,USR-000480,ACC-000480,TRANSACTION,TRANSACTION,2027-04-26T00:30:00,DEV-000480-02,,,transaction,SUCCESS,9675.93,,paysim,SUSPICIOUS_ESIM_CHANGE,1,PAYMENT,0.0,0.0,0.0,0.0,335,C158859241,M840100496,0,0
EVT-000481-01,USR-000481,ACC-000481,TELECOM,ESIM_CHANGE,2027-04-27T00:00:00,DEV-000481-01,,,telecom,SUCCESS,,,synthetic,LEGITIMATE_ESIM_CHANGE,0,,,,,,,,,,
EVT-000481-02,USR-000481,ACC-000481,AUTHENTICATION,LOGIN,2027-04-27T00:10:00,DEV-000481-01,,,authentication,SUCCESS,,,synthetic,LEGITIMATE_ESIM_CHANGE,0,,,,,,,,,,
EVT-000482-01,USR-000482,ACC-000482,TELECOM,SIM_REPLACEMENT,2027-04-28T00:00:00,DEV-000482-01,,,telecom,SUCCESS,,,synthetic,LEGITIMATE_SIM_REPLACEMENT,0,,,,,,,,,,
EVT-000482-02,USR-000482,ACC-000482,AUTHENTICATION,LOGIN,2027-04-28T00:10:00,DEV-000482-01,,,authentication,SUCCESS,,,synthetic,LEGITIMATE_SIM_REPLACEMENT,0,,,,,,,,,,
EVT-000482-03,USR-000482,ACC-000482,TRANSACTION,TRANSACTION,2027-04-28T00:30:00,DEV-000482-01,,,transaction,SUCCESS,41981.09,,paysim,LEGITIMATE_SIM_REPLACEMENT,0,CASH_IN,5896624.98,5938606.07,146120.78,104139.7,495,C474114358,C1998046670,0,0
EVT-000483-01,USR-000483,ACC-000483,TELECOM,SIM_SWAP,2027-04-29T00:00:00,DEV-000483-01,,,telecom,SUCCESS,,,synthetic,SIM_ESIM_AUTH_ANOMALY,1,,,,,,,,,,
EVT-000483-02,USR-000483,ACC-000483,DEVICE,NEW_DEVICE,2027-04-29T00:05:00,DEV-000483-02,,,device,UNRECOGNIZED,,,synthetic,SIM_ESIM_AUTH_ANOMALY,1,,,,,,,,,,
EVT-000483-03,USR-000483,ACC-000483,AUTHENTICATION,FAILED_LOGIN,2027-04-29T00:10:00,DEV-000483-02,,,authentication,FAILURE,,,synthetic,SIM_ESIM_AUTH_ANOMALY,1,,,,,,,,,,
EVT-000483-04,USR-000483,ACC-000483,AUTHENTICATION,FAILED_LOGIN,2027-04-29T00:12:00,DEV-000483-02,,,authentication,FAILURE,,,synthetic,SIM_ESIM_AUTH_ANOMALY,1,,,,,,,,,,
EVT-000483-05,USR-000483,ACC-000483,BEHAVIOUR,DEVICE_DEVIATION,2027-04-29T00:15:00,DEV-000483-02,,,behaviour,DEVIATION,,,synthetic,SIM_ESIM_AUTH_ANOMALY,1,,,,,,,,,,
EVT-000484-01,USR-000484,ACC-000484,TELECOM,SIM_REPLACEMENT,2027-04-30T00:00:00,DEV-000484-01,,,telecom,SUCCESS,,,synthetic,SUSPICIOUS_SIM_REPLACEMENT,1,,,,,,,,,,
EVT-000484-02,USR-000484,ACC-000484,DEVICE,NEW_DEVICE,2027-04-30T00:05:00,DEV-000484-02,,,device,UNRECOGNIZED,,,synthetic,SUSPICIOUS_SIM_REPLACEMENT,1,,,,,,,,,,
EVT-000484-03,USR-000484,ACC-000484,AUTHENTICATION,FAILED_LOGIN,2027-04-30T00:10:00,DEV-000484-02,,,authentication,FAILURE,,,synthetic,SUSPICIOUS_SIM_REPLACEMENT,1,,,,,,,,,,
EVT-000484-04,USR-000484,ACC-000484,RECOVERY,PASSWORD_RESET,2027-04-30T00:15:00,DEV-000484-02,,,recovery,SUCCESS,,,synthetic,SUSPICIOUS_SIM_REPLACEMENT,1,,,,,,,,,,
EVT-000484-05,USR-000484,ACC-000484,ACCOUNT,NEW_BENEFICIARY,2027-04-30T00:20:00,DEV-000484-02,,,account,SUCCESS,,BEN-000484-01,synthetic,SUSPICIOUS_SIM_REPLACEMENT,1,,,,,,,,,,
EVT-000484-06,USR-000484,ACC-000484,TRANSACTION,TRANSACTION,2027-04-30T00:30:00,DEV-000484-02,,,transaction,SUCCESS,137242.26,,paysim,SUSPICIOUS_SIM_REPLACEMENT,1,CASH_IN,1781236.8,1918479.06,1185955.35,1048713.09,156,C764879959,C1287372957,0,0
EVT-000485-01,USR-000485,ACC-000485,TELECOM,ESIM_CHANGE,2027-05-01T00:00:00,DEV-000485-01,,,telecom,SUCCESS,,,synthetic,SUSPICIOUS_ESIM_CHANGE,1,,,,,,,,,,
EVT-000485-02,USR-000485,ACC-000485,DEVICE,NEW_DEVICE,2027-05-01T00:05:00,DEV-000485-02,,,device,UNRECOGNIZED,,,synthetic,SUSPICIOUS_ESIM_CHANGE,1,,,,,,,,,,
EVT-000485-03,USR-000485,ACC-000485,DEVICE,DEVICE_CHANGE,2027-05-01T00:08:00,DEV-000485-02,,,device,DEVIATION,,,synthetic,SUSPICIOUS_ESIM_CHANGE,1,,,,,,,,,,
EVT-000485-04,USR-000485,ACC-000485,AUTHENTICATION,FAILED_LOGIN,2027-05-01T00:10:00,DEV-000485-02,,,authentication,FAILURE,,,synthetic,SUSPICIOUS_ESIM_CHANGE,1,,,,,,,,,,
EVT-000485-05,USR-000485,ACC-000485,BEHAVIOUR,DEVICE_DEVIATION,2027-05-01T00:15:00,DEV-000485-02,,,behaviour,DEVIATION,,,synthetic,SUSPICIOUS_ESIM_CHANGE,1,,,,,,,,,,
EVT-000485-06,USR-000485,ACC-000485,TRANSACTION,TRANSACTION,2027-05-01T00:30:00,DEV-000485-02,,,transaction,SUCCESS,4408.05,,paysim,SUSPICIOUS_ESIM_CHANGE,1,PAYMENT,39034.48,34626.43,0.0,0.0,347,C1889991966,M2069485475,0,0
EVT-000486-01,USR-000486,ACC-000486,TELECOM,SIM_REPLACEMENT,2027-05-02T00:00:00,DEV-000486-01,,,telecom,SUCCESS,,,synthetic,LEGITIMATE_SIM_REPLACEMENT,0,,,,,,,,,,
EVT-000486-02,USR-000486,ACC-000486,AUTHENTICATION,LOGIN,2027-05-02T00:10:00,DEV-000486-01,,,authentication,SUCCESS,,,synthetic,LEGITIMATE_SIM_REPLACEMENT,0,,,,,,,,,,
EVT-000486-03,USR-000486,ACC-000486,TRANSACTION,TRANSACTION,2027-05-02T00:30:00,DEV-000486-01,,,transaction,SUCCESS,118948.44,,paysim,LEGITIMATE_SIM_REPLACEMENT,0,CASH_OUT,0.0,0.0,1360307.55,1577594.34,232,C132026917,C1650845260,0,0
EVT-000487-01,USR-000487,ACC-000487,TELECOM,SIM_REPLACEMENT,2027-05-03T00:00:00,DEV-000487-01,,,telecom,SUCCESS,,,synthetic,SUSPICIOUS_SIM_REPLACEMENT,1,,,,,,,,,,
EVT-000487-02,USR-000487,ACC-000487,DEVICE,NEW_DEVICE,2027-05-03T00:05:00,DEV-000487-02,,,device,UNRECOGNIZED,,,synthetic,SUSPICIOUS_SIM_REPLACEMENT,1,,,,,,,,,,
EVT-000487-03,USR-000487,ACC-000487,AUTHENTICATION,FAILED_LOGIN,2027-05-03T00:10:00,DEV-000487-02,,,authentication,FAILURE,,,synthetic,SUSPICIOUS_SIM_REPLACEMENT,1,,,,,,,,,,
EVT-000487-04,USR-000487,ACC-000487,RECOVERY,PASSWORD_RESET,2027-05-03T00:15:00,DEV-000487-02,,,recovery,SUCCESS,,,synthetic,SUSPICIOUS_SIM_REPLACEMENT,1,,,,,,,,,,
EVT-000487-05,USR-000487,ACC-000487,ACCOUNT,NEW_BENEFICIARY,2027-05-03T00:20:00,DEV-000487-02,,,account,SUCCESS,,BEN-000487-01,synthetic,SUSPICIOUS_SIM_REPLACEMENT,1,,,,,,,,,,
EVT-000487-06,USR-000487,ACC-000487,TRANSACTION,TRANSACTION,2027-05-03T00:30:00,DEV-000487-02,,,transaction,SUCCESS,20724.85,,paysim,SUSPICIOUS_SIM_REPLACEMENT,1,CASH_OUT,0.0,0.0,38552.87,59277.72,327,C372398075,C1274066790,0,0
EVT-000488-01,USR-000488,ACC-000488,TELECOM,SIM_SWAP,2027-05-04T00:00:00,DEV-000488-01,,,telecom,SUCCESS,,,synthetic,SIM_ESIM_AUTH_ANOMALY,1,,,,,,,,,,
EVT-000488-02,USR-000488,ACC-000488,DEVICE,NEW_DEVICE,2027-05-04T00:05:00,DEV-000488-02,,,device,UNRECOGNIZED,,,synthetic,SIM_ESIM_AUTH_ANOMALY,1,,,,,,,,,,
EVT-000488-03,USR-000488,ACC-000488,AUTHENTICATION,FAILED_LOGIN,2027-05-04T00:10:00,DEV-000488-02,,,authentication,FAILURE,,,synthetic,SIM_ESIM_AUTH_ANOMALY,1,,,,,,,,,,
EVT-000488-04,USR-000488,ACC-000488,AUTHENTICATION,FAILED_LOGIN,2027-05-04T00:12:00,DEV-000488-02,,,authentication,FAILURE,,,synthetic,SIM_ESIM_AUTH_ANOMALY,1,,,,,,,,,,
EVT-000488-05,USR-000488,ACC-000488,BEHAVIOUR,DEVICE_DEVIATION,2027-05-04T00:15:00,DEV-000488-02,,,behaviour,DEVIATION,,,synthetic,SIM_ESIM_AUTH_ANOMALY,1,,,,,,,,,,
EVT-000489-01,USR-000489,ACC-000489,TELECOM,SIM_SWAP,2027-05-05T00:00:00,DEV-000489-01,,,telecom,SUCCESS,,,synthetic,SIM_ESIM_AUTH_ANOMALY,1,,,,,,,,,,
EVT-000489-02,USR-000489,ACC-000489,DEVICE,NEW_DEVICE,2027-05-05T00:05:00,DEV-000489-02,,,device,UNRECOGNIZED,,,synthetic,SIM_ESIM_AUTH_ANOMALY,1,,,,,,,,,,
EVT-000489-03,USR-000489,ACC-000489,AUTHENTICATION,FAILED_LOGIN,2027-05-05T00:10:00,DEV-000489-02,,,authentication,FAILURE,,,synthetic,SIM_ESIM_AUTH_ANOMALY,1,,,,,,,,,,
EVT-000489-04,USR-000489,ACC-000489,AUTHENTICATION,FAILED_LOGIN,2027-05-05T00:12:00,DEV-000489-02,,,authentication,FAILURE,,,synthetic,SIM_ESIM_AUTH_ANOMALY,1,,,,,,,,,,
EVT-000489-05,USR-000489,ACC-000489,BEHAVIOUR,DEVICE_DEVIATION,2027-05-05T00:15:00,DEV-000489-02,,,behaviour,DEVIATION,,,synthetic,SIM_ESIM_AUTH_ANOMALY,1,,,,,,,,,,
EVT-000490-01,USR-000490,ACC-000490,TELECOM,SIM_REPLACEMENT,2027-05-06T00:00:00,DEV-000490-01,,,telecom,SUCCESS,,,synthetic,SUSPICIOUS_SIM_REPLACEMENT,1,,,,,,,,,,
EVT-000490-02,USR-000490,ACC-000490,DEVICE,NEW_DEVICE,2027-05-06T00:05:00,DEV-000490-02,,,device,UNRECOGNIZED,,,synthetic,SUSPICIOUS_SIM_REPLACEMENT,1,,,,,,,,,,
EVT-000490-03,USR-000490,ACC-000490,AUTHENTICATION,FAILED_LOGIN,2027-05-06T00:10:00,DEV-000490-02,,,authentication,FAILURE,,,synthetic,SUSPICIOUS_SIM_REPLACEMENT,1,,,,,,,,,,
EVT-000490-04,USR-000490,ACC-000490,RECOVERY,PASSWORD_RESET,2027-05-06T00:15:00,DEV-000490-02,,,recovery,SUCCESS,,,synthetic,SUSPICIOUS_SIM_REPLACEMENT,1,,,,,,,,,,
EVT-000490-05,USR-000490,ACC-000490,ACCOUNT,NEW_BENEFICIARY,2027-05-06T00:20:00,DEV-000490-02,,,account,SUCCESS,,BEN-000490-01,synthetic,SUSPICIOUS_SIM_REPLACEMENT,1,,,,,,,,,,
EVT-000490-06,USR-000490,ACC-000490,TRANSACTION,TRANSACTION,2027-05-06T00:30:00,DEV-000490-02,,,transaction,SUCCESS,1020645.6,,paysim,SUSPICIOUS_SIM_REPLACEMENT,1,TRANSFER,0.0,0.0,1851717.34,2872362.94,305,C823064264,C121946289,0,0
EVT-000491-01,USR-000491,ACC-000491,TELECOM,ESIM_CHANGE,2027-05-07T00:00:00,DEV-000491-01,,,telecom,SUCCESS,,,synthetic,SUSPICIOUS_ESIM_CHANGE,1,,,,,,,,,,
EVT-000491-02,USR-000491,ACC-000491,DEVICE,NEW_DEVICE,2027-05-07T00:05:00,DEV-000491-02,,,device,UNRECOGNIZED,,,synthetic,SUSPICIOUS_ESIM_CHANGE,1,,,,,,,,,,
EVT-000491-03,USR-000491,ACC-000491,DEVICE,DEVICE_CHANGE,2027-05-07T00:08:00,DEV-000491-02,,,device,DEVIATION,,,synthetic,SUSPICIOUS_ESIM_CHANGE,1,,,,,,,,,,
EVT-000491-04,USR-000491,ACC-000491,AUTHENTICATION,FAILED_LOGIN,2027-05-07T00:10:00,DEV-000491-02,,,authentication,FAILURE,,,synthetic,SUSPICIOUS_ESIM_CHANGE,1,,,,,,,,,,
EVT-000491-05,USR-000491,ACC-000491,BEHAVIOUR,DEVICE_DEVIATION,2027-05-07T00:15:00,DEV-000491-02,,,behaviour,DEVIATION,,,synthetic,SUSPICIOUS_ESIM_CHANGE,1,,,,,,,,,,
EVT-000491-06,USR-000491,ACC-000491,TRANSACTION,TRANSACTION,2027-05-07T00:30:00,DEV-000491-02,,,transaction,SUCCESS,201884.82,,paysim,SUSPICIOUS_ESIM_CHANGE,1,CASH_OUT,74674.0,0.0,267909.17,469793.99,372,C1669825383,C983069533,0,0
EVT-000492-01,USR-000492,ACC-000492,TELECOM,SIM_REPLACEMENT,2027-05-08T00:00:00,DEV-000492-01,,,telecom,SUCCESS,,,synthetic,SUSPICIOUS_SIM_REPLACEMENT,1,,,,,,,,,,
EVT-000492-02,USR-000492,ACC-000492,DEVICE,NEW_DEVICE,2027-05-08T00:05:00,DEV-000492-02,,,device,UNRECOGNIZED,,,synthetic,SUSPICIOUS_SIM_REPLACEMENT,1,,,,,,,,,,
EVT-000492-03,USR-000492,ACC-000492,AUTHENTICATION,FAILED_LOGIN,2027-05-08T00:10:00,DEV-000492-02,,,authentication,FAILURE,,,synthetic,SUSPICIOUS_SIM_REPLACEMENT,1,,,,,,,,,,
EVT-000492-04,USR-000492,ACC-000492,RECOVERY,PASSWORD_RESET,2027-05-08T00:15:00,DEV-000492-02,,,recovery,SUCCESS,,,synthetic,SUSPICIOUS_SIM_REPLACEMENT,1,,,,,,,,,,
EVT-000492-05,USR-000492,ACC-000492,ACCOUNT,NEW_BENEFICIARY,2027-05-08T00:20:00,DEV-000492-02,,,account,SUCCESS,,BEN-000492-01,synthetic,SUSPICIOUS_SIM_REPLACEMENT,1,,,,,,,,,,
EVT-000492-06,USR-000492,ACC-000492,TRANSACTION,TRANSACTION,2027-05-08T00:30:00,DEV-000492-02,,,transaction,SUCCESS,411933.99,,paysim,SUSPICIOUS_SIM_REPLACEMENT,1,CASH_OUT,0.0,0.0,1012783.6,1520509.31,11,C419838774,C996798674,0,0
EVT-000493-01,USR-000493,ACC-000493,TELECOM,ESIM_CHANGE,2027-05-09T00:00:00,DEV-000493-01,,,telecom,SUCCESS,,,synthetic,LEGITIMATE_ESIM_CHANGE,0,,,,,,,,,,
EVT-000493-02,USR-000493,ACC-000493,AUTHENTICATION,LOGIN,2027-05-09T00:10:00,DEV-000493-01,,,authentication,SUCCESS,,,synthetic,LEGITIMATE_ESIM_CHANGE,0,,,,,,,,,,
EVT-000494-01,USR-000494,ACC-000494,TELECOM,ESIM_CHANGE,2027-05-10T00:00:00,DEV-000494-01,,,telecom,SUCCESS,,,synthetic,LEGITIMATE_ESIM_CHANGE,0,,,,,,,,,,
EVT-000494-02,USR-000494,ACC-000494,AUTHENTICATION,LOGIN,2027-05-10T00:10:00,DEV-000494-01,,,authentication,SUCCESS,,,synthetic,LEGITIMATE_ESIM_CHANGE,0,,,,,,,,,,
EVT-000495-01,USR-000495,ACC-000495,TELECOM,SIM_REPLACEMENT,2027-05-11T00:00:00,DEV-000495-01,,,telecom,SUCCESS,,,synthetic,LEGITIMATE_SIM_REPLACEMENT,0,,,,,,,,,,
EVT-000495-02,USR-000495,ACC-000495,AUTHENTICATION,LOGIN,2027-05-11T00:10:00,DEV-000495-01,,,authentication,SUCCESS,,,synthetic,LEGITIMATE_SIM_REPLACEMENT,0,,,,,,,,,,
EVT-000495-03,USR-000495,ACC-000495,TRANSACTION,TRANSACTION,2027-05-11T00:30:00,DEV-000495-01,,,transaction,SUCCESS,197943.39,,paysim,LEGITIMATE_SIM_REPLACEMENT,0,CASH_OUT,138425.68,0.0,238781.45,436724.83,349,C1632184386,C1548692391,0,0
EVT-000496-01,USR-000496,ACC-000496,TELECOM,SIM_REPLACEMENT,2027-05-12T00:00:00,DEV-000496-01,,,telecom,SUCCESS,,,synthetic,SUSPICIOUS_SIM_REPLACEMENT,1,,,,,,,,,,
EVT-000496-02,USR-000496,ACC-000496,DEVICE,NEW_DEVICE,2027-05-12T00:05:00,DEV-000496-02,,,device,UNRECOGNIZED,,,synthetic,SUSPICIOUS_SIM_REPLACEMENT,1,,,,,,,,,,
EVT-000496-03,USR-000496,ACC-000496,AUTHENTICATION,FAILED_LOGIN,2027-05-12T00:10:00,DEV-000496-02,,,authentication,FAILURE,,,synthetic,SUSPICIOUS_SIM_REPLACEMENT,1,,,,,,,,,,
EVT-000496-04,USR-000496,ACC-000496,RECOVERY,PASSWORD_RESET,2027-05-12T00:15:00,DEV-000496-02,,,recovery,SUCCESS,,,synthetic,SUSPICIOUS_SIM_REPLACEMENT,1,,,,,,,,,,
EVT-000496-05,USR-000496,ACC-000496,ACCOUNT,NEW_BENEFICIARY,2027-05-12T00:20:00,DEV-000496-02,,,account,SUCCESS,,BEN-000496-01,synthetic,SUSPICIOUS_SIM_REPLACEMENT,1,,,,,,,,,,
EVT-000496-06,USR-000496,ACC-000496,TRANSACTION,TRANSACTION,2027-05-12T00:30:00,DEV-000496-02,,,transaction,SUCCESS,183683.45,,paysim,SUSPICIOUS_SIM_REPLACEMENT,1,CASH_OUT,51842.0,0.0,19892.95,203576.4,206,C494615620,C56473500,0,0
EVT-000497-01,USR-000497,ACC-000497,TELECOM,ESIM_CHANGE,2027-05-13T00:00:00,DEV-000497-01,,,telecom,SUCCESS,,,synthetic,LEGITIMATE_ESIM_CHANGE,0,,,,,,,,,,
EVT-000497-02,USR-000497,ACC-000497,AUTHENTICATION,LOGIN,2027-05-13T00:10:00,DEV-000497-01,,,authentication,SUCCESS,,,synthetic,LEGITIMATE_ESIM_CHANGE,0,,,,,,,,,,
EVT-000498-01,USR-000498,ACC-000498,TELECOM,SIM_REPLACEMENT,2027-05-14T00:00:00,DEV-000498-01,,,telecom,SUCCESS,,,synthetic,SUSPICIOUS_SIM_REPLACEMENT,1,,,,,,,,,,
EVT-000498-02,USR-000498,ACC-000498,DEVICE,NEW_DEVICE,2027-05-14T00:05:00,DEV-000498-02,,,device,UNRECOGNIZED,,,synthetic,SUSPICIOUS_SIM_REPLACEMENT,1,,,,,,,,,,
EVT-000498-03,USR-000498,ACC-000498,AUTHENTICATION,FAILED_LOGIN,2027-05-14T00:10:00,DEV-000498-02,,,authentication,FAILURE,,,synthetic,SUSPICIOUS_SIM_REPLACEMENT,1,,,,,,,,,,
EVT-000498-04,USR-000498,ACC-000498,RECOVERY,PASSWORD_RESET,2027-05-14T00:15:00,DEV-000498-02,,,recovery,SUCCESS,,,synthetic,SUSPICIOUS_SIM_REPLACEMENT,1,,,,,,,,,,
EVT-000498-05,USR-000498,ACC-000498,ACCOUNT,NEW_BENEFICIARY,2027-05-14T00:20:00,DEV-000498-02,,,account,SUCCESS,,BEN-000498-01,synthetic,SUSPICIOUS_SIM_REPLACEMENT,1,,,,,,,,,,
EVT-000498-06,USR-000498,ACC-000498,TRANSACTION,TRANSACTION,2027-05-14T00:30:00,DEV-000498-02,,,transaction,SUCCESS,10262.7,,paysim,SUSPICIOUS_SIM_REPLACEMENT,1,PAYMENT,0.0,0.0,0.0,0.0,281,C877173599,M233114346,0,0
EVT-000499-01,USR-000499,ACC-000499,TELECOM,SIM_REPLACEMENT,2027-05-15T00:00:00,DEV-000499-01,,,telecom,SUCCESS,,,synthetic,LEGITIMATE_SIM_REPLACEMENT,0,,,,,,,,,,
EVT-000499-02,USR-000499,ACC-000499,AUTHENTICATION,LOGIN,2027-05-15T00:10:00,DEV-000499-01,,,authentication,SUCCESS,,,synthetic,LEGITIMATE_SIM_REPLACEMENT,0,,,,,,,,,,
EVT-000499-03,USR-000499,ACC-000499,TRANSACTION,TRANSACTION,2027-05-15T00:30:00,DEV-000499-01,,,transaction,SUCCESS,136743.83,,paysim,LEGITIMATE_SIM_REPLACEMENT,0,CASH_OUT,0.0,0.0,6336829.5,6473573.33,394,C1243139965,C1456657011,0,0
EVT-000500-01,USR-000500,ACC-000500,TELECOM,SIM_REPLACEMENT,2027-05-16T00:00:00,DEV-000500-01,,,telecom,SUCCESS,,,synthetic,SUSPICIOUS_SIM_REPLACEMENT,1,,,,,,,,,,
EVT-000500-02,USR-000500,ACC-000500,DEVICE,NEW_DEVICE,2027-05-16T00:05:00,DEV-000500-02,,,device,UNRECOGNIZED,,,synthetic,SUSPICIOUS_SIM_REPLACEMENT,1,,,,,,,,,,
EVT-000500-03,USR-000500,ACC-000500,AUTHENTICATION,FAILED_LOGIN,2027-05-16T00:10:00,DEV-000500-02,,,authentication,FAILURE,,,synthetic,SUSPICIOUS_SIM_REPLACEMENT,1,,,,,,,,,,
EVT-000500-04,USR-000500,ACC-000500,RECOVERY,PASSWORD_RESET,2027-05-16T00:15:00,DEV-000500-02,,,recovery,SUCCESS,,,synthetic,SUSPICIOUS_SIM_REPLACEMENT,1,,,,,,,,,,
EVT-000500-05,USR-000500,ACC-000500,ACCOUNT,NEW_BENEFICIARY,2027-05-16T00:20:00,DEV-000500-02,,,account,SUCCESS,,BEN-000500-01,synthetic,SUSPICIOUS_SIM_REPLACEMENT,1,,,,,,,,,,
EVT-000500-06,USR-000500,ACC-000500,TRANSACTION,TRANSACTION,2027-05-16T00:30:00,DEV-000500-02,,,transaction,SUCCESS,5586.06,,paysim,SUSPICIOUS_SIM_REPLACEMENT,1,CASH_OUT,20172.0,14585.94,1225097.06,1230683.12,279,C989463183,C74217347,0,0
EVT-000501-01,USR-000501,ACC-000501,TELECOM,SIM_SWAP,2027-05-17T00:00:00,DEV-000501-01,,,telecom,SUCCESS,,,synthetic,SIM_ESIM_AUTH_ANOMALY,1,,,,,,,,,,
EVT-000501-02,USR-000501,ACC-000501,DEVICE,NEW_DEVICE,2027-05-17T00:05:00,DEV-000501-02,,,device,UNRECOGNIZED,,,synthetic,SIM_ESIM_AUTH_ANOMALY,1,,,,,,,,,,
EVT-000501-03,USR-000501,ACC-000501,AUTHENTICATION,FAILED_LOGIN,2027-05-17T00:10:00,DEV-000501-02,,,authentication,FAILURE,,,synthetic,SIM_ESIM_AUTH_ANOMALY,1,,,,,,,,,,
EVT-000501-04,USR-000501,ACC-000501,AUTHENTICATION,FAILED_LOGIN,2027-05-17T00:12:00,DEV-000501-02,,,authentication,FAILURE,,,synthetic,SIM_ESIM_AUTH_ANOMALY,1,,,,,,,,,,
EVT-000501-05,USR-000501,ACC-000501,BEHAVIOUR,DEVICE_DEVIATION,2027-05-17T00:15:00,DEV-000501-02,,,behaviour,DEVIATION,,,synthetic,SIM_ESIM_AUTH_ANOMALY,1,,,,,,,,,,
EVT-000502-01,USR-000502,ACC-000502,TELECOM,ESIM_CHANGE,2027-05-18T00:00:00,DEV-000502-01,,,telecom,SUCCESS,,,synthetic,SUSPICIOUS_ESIM_CHANGE,1,,,,,,,,,,
EVT-000502-02,USR-000502,ACC-000502,DEVICE,NEW_DEVICE,2027-05-18T00:05:00,DEV-000502-02,,,device,UNRECOGNIZED,,,synthetic,SUSPICIOUS_ESIM_CHANGE,1,,,,,,,,,,
EVT-000502-03,USR-000502,ACC-000502,DEVICE,DEVICE_CHANGE,2027-05-18T00:08:00,DEV-000502-02,,,device,DEVIATION,,,synthetic,SUSPICIOUS_ESIM_CHANGE,1,,,,,,,,,,
EVT-000502-04,USR-000502,ACC-000502,AUTHENTICATION,FAILED_LOGIN,2027-05-18T00:10:00,DEV-000502-02,,,authentication,FAILURE,,,synthetic,SUSPICIOUS_ESIM_CHANGE,1,,,,,,,,,,
EVT-000502-05,USR-000502,ACC-000502,BEHAVIOUR,DEVICE_DEVIATION,2027-05-18T00:15:00,DEV-000502-02,,,behaviour,DEVIATION,,,synthetic,SUSPICIOUS_ESIM_CHANGE,1,,,,,,,,,,
EVT-000502-06,USR-000502,ACC-000502,TRANSACTION,TRANSACTION,2027-05-18T00:30:00,DEV-000502-02,,,transaction,SUCCESS,1063.07,,paysim,SUSPICIOUS_ESIM_CHANGE,1,PAYMENT,117577.1,116514.03,0.0,0.0,34,C1421479348,M1329273140,0,0
EVT-000503-01,USR-000503,ACC-000503,TELECOM,ESIM_CHANGE,2027-05-19T00:00:00,DEV-000503-01,,,telecom,SUCCESS,,,synthetic,SUSPICIOUS_ESIM_CHANGE,1,,,,,,,,,,
EVT-000503-02,USR-000503,ACC-000503,DEVICE,NEW_DEVICE,2027-05-19T00:05:00,DEV-000503-02,,,device,UNRECOGNIZED,,,synthetic,SUSPICIOUS_ESIM_CHANGE,1,,,,,,,,,,
EVT-000503-03,USR-000503,ACC-000503,DEVICE,DEVICE_CHANGE,2027-05-19T00:08:00,DEV-000503-02,,,device,DEVIATION,,,synthetic,SUSPICIOUS_ESIM_CHANGE,1,,,,,,,,,,
EVT-000503-04,USR-000503,ACC-000503,AUTHENTICATION,FAILED_LOGIN,2027-05-19T00:10:00,DEV-000503-02,,,authentication,FAILURE,,,synthetic,SUSPICIOUS_ESIM_CHANGE,1,,,,,,,,,,
EVT-000503-05,USR-000503,ACC-000503,BEHAVIOUR,DEVICE_DEVIATION,2027-05-19T00:15:00,DEV-000503-02,,,behaviour,DEVIATION,,,synthetic,SUSPICIOUS_ESIM_CHANGE,1,,,,,,,,,,
EVT-000503-06,USR-000503,ACC-000503,TRANSACTION,TRANSACTION,2027-05-19T00:30:00,DEV-000503-02,,,transaction,SUCCESS,112619.14,,paysim,SUSPICIOUS_ESIM_CHANGE,1,CASH_OUT,37934.66,0.0,4088100.08,4200719.21,211,C278996761,C771404163,0,0
EVT-000504-01,USR-000504,ACC-000504,TELECOM,SIM_REPLACEMENT,2027-05-20T00:00:00,DEV-000504-01,,,telecom,SUCCESS,,,synthetic,LEGITIMATE_SIM_REPLACEMENT,0,,,,,,,,,,
EVT-000504-02,USR-000504,ACC-000504,AUTHENTICATION,LOGIN,2027-05-20T00:10:00,DEV-000504-01,,,authentication,SUCCESS,,,synthetic,LEGITIMATE_SIM_REPLACEMENT,0,,,,,,,,,,
EVT-000504-03,USR-000504,ACC-000504,TRANSACTION,TRANSACTION,2027-05-20T00:30:00,DEV-000504-01,,,transaction,SUCCESS,207221.19,,paysim,LEGITIMATE_SIM_REPLACEMENT,0,CASH_OUT,0.0,0.0,211954.83,419176.02,35,C1869028511,C1399739681,0,0
EVT-000505-01,USR-000505,ACC-000505,TELECOM,ESIM_CHANGE,2027-05-21T00:00:00,DEV-000505-01,,,telecom,SUCCESS,,,synthetic,LEGITIMATE_ESIM_CHANGE,0,,,,,,,,,,
EVT-000505-02,USR-000505,ACC-000505,AUTHENTICATION,LOGIN,2027-05-21T00:10:00,DEV-000505-01,,,authentication,SUCCESS,,,synthetic,LEGITIMATE_ESIM_CHANGE,0,,,,,,,,,,
EVT-000506-01,USR-000506,ACC-000506,TELECOM,SIM_REPLACEMENT,2027-05-22T00:00:00,DEV-000506-01,,,telecom,SUCCESS,,,synthetic,LEGITIMATE_SIM_REPLACEMENT,0,,,,,,,,,,
EVT-000506-02,USR-000506,ACC-000506,AUTHENTICATION,LOGIN,2027-05-22T00:10:00,DEV-000506-01,,,authentication,SUCCESS,,,synthetic,LEGITIMATE_SIM_REPLACEMENT,0,,,,,,,,,,
EVT-000506-03,USR-000506,ACC-000506,TRANSACTION,TRANSACTION,2027-05-22T00:30:00,DEV-000506-01,,,transaction,SUCCESS,137387.85,,paysim,LEGITIMATE_SIM_REPLACEMENT,0,CASH_OUT,5093.0,0.0,0.0,137387.85,38,C2054140823,C1641471260,0,0
EVT-000507-01,USR-000507,ACC-000507,TELECOM,ESIM_CHANGE,2027-05-23T00:00:00,DEV-000507-01,,,telecom,SUCCESS,,,synthetic,SUSPICIOUS_ESIM_CHANGE,1,,,,,,,,,,
EVT-000507-02,USR-000507,ACC-000507,DEVICE,NEW_DEVICE,2027-05-23T00:05:00,DEV-000507-02,,,device,UNRECOGNIZED,,,synthetic,SUSPICIOUS_ESIM_CHANGE,1,,,,,,,,,,
EVT-000507-03,USR-000507,ACC-000507,DEVICE,DEVICE_CHANGE,2027-05-23T00:08:00,DEV-000507-02,,,device,DEVIATION,,,synthetic,SUSPICIOUS_ESIM_CHANGE,1,,,,,,,,,,
EVT-000507-04,USR-000507,ACC-000507,AUTHENTICATION,FAILED_LOGIN,2027-05-23T00:10:00,DEV-000507-02,,,authentication,FAILURE,,,synthetic,SUSPICIOUS_ESIM_CHANGE,1,,,,,,,,,,
EVT-000507-05,USR-000507,ACC-000507,BEHAVIOUR,DEVICE_DEVIATION,2027-05-23T00:15:00,DEV-000507-02,,,behaviour,DEVIATION,,,synthetic,SUSPICIOUS_ESIM_CHANGE,1,,,,,,,,,,
EVT-000507-06,USR-000507,ACC-000507,TRANSACTION,TRANSACTION,2027-05-23T00:30:00,DEV-000507-02,,,transaction,SUCCESS,252.92,,paysim,SUSPICIOUS_ESIM_CHANGE,1,PAYMENT,30438.24,30185.33,0.0,0.0,133,C1940881000,M497227845,0,0
EVT-000508-01,USR-000508,ACC-000508,TELECOM,SIM_REPLACEMENT,2027-05-24T00:00:00,DEV-000508-01,,,telecom,SUCCESS,,,synthetic,LEGITIMATE_SIM_REPLACEMENT,0,,,,,,,,,,
EVT-000508-02,USR-000508,ACC-000508,AUTHENTICATION,LOGIN,2027-05-24T00:10:00,DEV-000508-01,,,authentication,SUCCESS,,,synthetic,LEGITIMATE_SIM_REPLACEMENT,0,,,,,,,,,,
EVT-000508-03,USR-000508,ACC-000508,TRANSACTION,TRANSACTION,2027-05-24T00:30:00,DEV-000508-01,,,transaction,SUCCESS,21287.36,,paysim,LEGITIMATE_SIM_REPLACEMENT,0,CASH_OUT,234493.0,213205.64,0.0,21287.36,520,C2112837784,C786054703,0,0
EVT-000509-01,USR-000509,ACC-000509,TELECOM,SIM_REPLACEMENT,2027-05-25T00:00:00,DEV-000509-01,,,telecom,SUCCESS,,,synthetic,SUSPICIOUS_SIM_REPLACEMENT,1,,,,,,,,,,
EVT-000509-02,USR-000509,ACC-000509,DEVICE,NEW_DEVICE,2027-05-25T00:05:00,DEV-000509-02,,,device,UNRECOGNIZED,,,synthetic,SUSPICIOUS_SIM_REPLACEMENT,1,,,,,,,,,,
EVT-000509-03,USR-000509,ACC-000509,AUTHENTICATION,FAILED_LOGIN,2027-05-25T00:10:00,DEV-000509-02,,,authentication,FAILURE,,,synthetic,SUSPICIOUS_SIM_REPLACEMENT,1,,,,,,,,,,
EVT-000509-04,USR-000509,ACC-000509,RECOVERY,PASSWORD_RESET,2027-05-25T00:15:00,DEV-000509-02,,,recovery,SUCCESS,,,synthetic,SUSPICIOUS_SIM_REPLACEMENT,1,,,,,,,,,,
EVT-000509-05,USR-000509,ACC-000509,ACCOUNT,NEW_BENEFICIARY,2027-05-25T00:20:00,DEV-000509-02,,,account,SUCCESS,,BEN-000509-01,synthetic,SUSPICIOUS_SIM_REPLACEMENT,1,,,,,,,,,,
EVT-000509-06,USR-000509,ACC-000509,TRANSACTION,TRANSACTION,2027-05-25T00:30:00,DEV-000509-02,,,transaction,SUCCESS,39170.74,,paysim,SUSPICIOUS_SIM_REPLACEMENT,1,CASH_OUT,10729.0,0.0,445533.8,484704.54,33,C363765089,C2132011849,0,0
EVT-000510-01,USR-000510,ACC-000510,TELECOM,SIM_REPLACEMENT,2027-05-26T00:00:00,DEV-000510-01,,,telecom,SUCCESS,,,synthetic,SUSPICIOUS_SIM_REPLACEMENT,1,,,,,,,,,,
EVT-000510-02,USR-000510,ACC-000510,DEVICE,NEW_DEVICE,2027-05-26T00:05:00,DEV-000510-02,,,device,UNRECOGNIZED,,,synthetic,SUSPICIOUS_SIM_REPLACEMENT,1,,,,,,,,,,
EVT-000510-03,USR-000510,ACC-000510,AUTHENTICATION,FAILED_LOGIN,2027-05-26T00:10:00,DEV-000510-02,,,authentication,FAILURE,,,synthetic,SUSPICIOUS_SIM_REPLACEMENT,1,,,,,,,,,,
EVT-000510-04,USR-000510,ACC-000510,RECOVERY,PASSWORD_RESET,2027-05-26T00:15:00,DEV-000510-02,,,recovery,SUCCESS,,,synthetic,SUSPICIOUS_SIM_REPLACEMENT,1,,,,,,,,,,
EVT-000510-05,USR-000510,ACC-000510,ACCOUNT,NEW_BENEFICIARY,2027-05-26T00:20:00,DEV-000510-02,,,account,SUCCESS,,BEN-000510-01,synthetic,SUSPICIOUS_SIM_REPLACEMENT,1,,,,,,,,,,
EVT-000510-06,USR-000510,ACC-000510,TRANSACTION,TRANSACTION,2027-05-26T00:30:00,DEV-000510-02,,,transaction,SUCCESS,16409.54,,paysim,SUSPICIOUS_SIM_REPLACEMENT,1,PAYMENT,0.0,0.0,0.0,0.0,398,C1632375114,M862523057,0,0
EVT-000511-01,USR-000511,ACC-000511,TELECOM,SIM_SWAP,2027-05-27T00:00:00,DEV-000511-01,,,telecom,SUCCESS,,,synthetic,SIM_ESIM_AUTH_ANOMALY,1,,,,,,,,,,
EVT-000511-02,USR-000511,ACC-000511,DEVICE,NEW_DEVICE,2027-05-27T00:05:00,DEV-000511-02,,,device,UNRECOGNIZED,,,synthetic,SIM_ESIM_AUTH_ANOMALY,1,,,,,,,,,,
EVT-000511-03,USR-000511,ACC-000511,AUTHENTICATION,FAILED_LOGIN,2027-05-27T00:10:00,DEV-000511-02,,,authentication,FAILURE,,,synthetic,SIM_ESIM_AUTH_ANOMALY,1,,,,,,,,,,
EVT-000511-04,USR-000511,ACC-000511,AUTHENTICATION,FAILED_LOGIN,2027-05-27T00:12:00,DEV-000511-02,,,authentication,FAILURE,,,synthetic,SIM_ESIM_AUTH_ANOMALY,1,,,,,,,,,,
EVT-000511-05,USR-000511,ACC-000511,BEHAVIOUR,DEVICE_DEVIATION,2027-05-27T00:15:00,DEV-000511-02,,,behaviour,DEVIATION,,,synthetic,SIM_ESIM_AUTH_ANOMALY,1,,,,,,,,,,
EVT-000512-01,USR-000512,ACC-000512,TELECOM,ESIM_CHANGE,2027-05-28T00:00:00,DEV-000512-01,,,telecom,SUCCESS,,,synthetic,LEGITIMATE_ESIM_CHANGE,0,,,,,,,,,,
EVT-000512-02,USR-000512,ACC-000512,AUTHENTICATION,LOGIN,2027-05-28T00:10:00,DEV-000512-01,,,authentication,SUCCESS,,,synthetic,LEGITIMATE_ESIM_CHANGE,0,,,,,,,,,,
EVT-000513-01,USR-000513,ACC-000513,TELECOM,ESIM_CHANGE,2027-05-29T00:00:00,DEV-000513-01,,,telecom,SUCCESS,,,synthetic,LEGITIMATE_ESIM_CHANGE,0,,,,,,,,,,
EVT-000513-02,USR-000513,ACC-000513,AUTHENTICATION,LOGIN,2027-05-29T00:10:00,DEV-000513-01,,,authentication,SUCCESS,,,synthetic,LEGITIMATE_ESIM_CHANGE,0,,,,,,,,,,
EVT-000514-01,USR-000514,ACC-000514,TELECOM,SIM_REPLACEMENT,2027-05-30T00:00:00,DEV-000514-01,,,telecom,SUCCESS,,,synthetic,SUSPICIOUS_SIM_REPLACEMENT,1,,,,,,,,,,
EVT-000514-02,USR-000514,ACC-000514,DEVICE,NEW_DEVICE,2027-05-30T00:05:00,DEV-000514-02,,,device,UNRECOGNIZED,,,synthetic,SUSPICIOUS_SIM_REPLACEMENT,1,,,,,,,,,,
EVT-000514-03,USR-000514,ACC-000514,AUTHENTICATION,FAILED_LOGIN,2027-05-30T00:10:00,DEV-000514-02,,,authentication,FAILURE,,,synthetic,SUSPICIOUS_SIM_REPLACEMENT,1,,,,,,,,,,
EVT-000514-04,USR-000514,ACC-000514,RECOVERY,PASSWORD_RESET,2027-05-30T00:15:00,DEV-000514-02,,,recovery,SUCCESS,,,synthetic,SUSPICIOUS_SIM_REPLACEMENT,1,,,,,,,,,,
EVT-000514-05,USR-000514,ACC-000514,ACCOUNT,NEW_BENEFICIARY,2027-05-30T00:20:00,DEV-000514-02,,,account,SUCCESS,,BEN-000514-01,synthetic,SUSPICIOUS_SIM_REPLACEMENT,1,,,,,,,,,,
EVT-000514-06,USR-000514,ACC-000514,TRANSACTION,TRANSACTION,2027-05-30T00:30:00,DEV-000514-02,,,transaction,SUCCESS,70820.87,,paysim,SUSPICIOUS_SIM_REPLACEMENT,1,CASH_OUT,70231.0,0.0,2107654.69,2326943.35,42,C1341485228,C2080838791,0,0
EVT-000515-01,USR-000515,ACC-000515,TELECOM,ESIM_CHANGE,2027-05-31T00:00:00,DEV-000515-01,,,telecom,SUCCESS,,,synthetic,LEGITIMATE_ESIM_CHANGE,0,,,,,,,,,,
EVT-000515-02,USR-000515,ACC-000515,AUTHENTICATION,LOGIN,2027-05-31T00:10:00,DEV-000515-01,,,authentication,SUCCESS,,,synthetic,LEGITIMATE_ESIM_CHANGE,0,,,,,,,,,,
EVT-000516-01,USR-000516,ACC-000516,TELECOM,ESIM_CHANGE,2027-06-01T00:00:00,DEV-000516-01,,,telecom,SUCCESS,,,synthetic,LEGITIMATE_ESIM_CHANGE,0,,,,,,,,,,
EVT-000516-02,USR-000516,ACC-000516,AUTHENTICATION,LOGIN,2027-06-01T00:10:00,DEV-000516-01,,,authentication,SUCCESS,,,synthetic,LEGITIMATE_ESIM_CHANGE,0,,,,,,,,,,
EVT-000517-01,USR-000517,ACC-000517,TELECOM,SIM_REPLACEMENT,2027-06-02T00:00:00,DEV-000517-01,,,telecom,SUCCESS,,,synthetic,SUSPICIOUS_SIM_REPLACEMENT,1,,,,,,,,,,
EVT-000517-02,USR-000517,ACC-000517,DEVICE,NEW_DEVICE,2027-06-02T00:05:00,DEV-000517-02,,,device,UNRECOGNIZED,,,synthetic,SUSPICIOUS_SIM_REPLACEMENT,1,,,,,,,,,,
EVT-000517-03,USR-000517,ACC-000517,AUTHENTICATION,FAILED_LOGIN,2027-06-02T00:10:00,DEV-000517-02,,,authentication,FAILURE,,,synthetic,SUSPICIOUS_SIM_REPLACEMENT,1,,,,,,,,,,
EVT-000517-04,USR-000517,ACC-000517,RECOVERY,PASSWORD_RESET,2027-06-02T00:15:00,DEV-000517-02,,,recovery,SUCCESS,,,synthetic,SUSPICIOUS_SIM_REPLACEMENT,1,,,,,,,,,,
EVT-000517-05,USR-000517,ACC-000517,ACCOUNT,NEW_BENEFICIARY,2027-06-02T00:20:00,DEV-000517-02,,,account,SUCCESS,,BEN-000517-01,synthetic,SUSPICIOUS_SIM_REPLACEMENT,1,,,,,,,,,,
EVT-000517-06,USR-000517,ACC-000517,TRANSACTION,TRANSACTION,2027-06-02T00:30:00,DEV-000517-02,,,transaction,SUCCESS,148237.82,,paysim,SUSPICIOUS_SIM_REPLACEMENT,1,TRANSFER,0.0,0.0,452639.46,600877.28,163,C1262308306,C698606307,0,0
EVT-000518-01,USR-000518,ACC-000518,TELECOM,SIM_REPLACEMENT,2027-06-03T00:00:00,DEV-000518-01,,,telecom,SUCCESS,,,synthetic,LEGITIMATE_SIM_REPLACEMENT,0,,,,,,,,,,
EVT-000518-02,USR-000518,ACC-000518,AUTHENTICATION,LOGIN,2027-06-03T00:10:00,DEV-000518-01,,,authentication,SUCCESS,,,synthetic,LEGITIMATE_SIM_REPLACEMENT,0,,,,,,,,,,
EVT-000518-03,USR-000518,ACC-000518,TRANSACTION,TRANSACTION,2027-06-03T00:30:00,DEV-000518-01,,,transaction,SUCCESS,10762.99,,paysim,LEGITIMATE_SIM_REPLACEMENT,0,PAYMENT,131081.93,120318.94,0.0,0.0,402,C1945407959,M1442061286,0,0
EVT-000519-01,USR-000519,ACC-000519,TELECOM,ESIM_CHANGE,2027-06-04T00:00:00,DEV-000519-01,,,telecom,SUCCESS,,,synthetic,LEGITIMATE_ESIM_CHANGE,0,,,,,,,,,,
EVT-000519-02,USR-000519,ACC-000519,AUTHENTICATION,LOGIN,2027-06-04T00:10:00,DEV-000519-01,,,authentication,SUCCESS,,,synthetic,LEGITIMATE_ESIM_CHANGE,0,,,,,,,,,,
EVT-000520-01,USR-000520,ACC-000520,TELECOM,SIM_REPLACEMENT,2027-06-05T00:00:00,DEV-000520-01,,,telecom,SUCCESS,,,synthetic,LEGITIMATE_SIM_REPLACEMENT,0,,,,,,,,,,
EVT-000520-02,USR-000520,ACC-000520,AUTHENTICATION,LOGIN,2027-06-05T00:10:00,DEV-000520-01,,,authentication,SUCCESS,,,synthetic,LEGITIMATE_SIM_REPLACEMENT,0,,,,,,,,,,
EVT-000520-03,USR-000520,ACC-000520,TRANSACTION,TRANSACTION,2027-06-05T00:30:00,DEV-000520-01,,,transaction,SUCCESS,5860.05,,paysim,LEGITIMATE_SIM_REPLACEMENT,0,PAYMENT,350660.4,344800.35,0.0,0.0,186,C1678113156,M134935512,0,0
EVT-000521-01,USR-000521,ACC-000521,TELECOM,SIM_SWAP,2027-06-06T00:00:00,DEV-000521-01,,,telecom,SUCCESS,,,synthetic,SIM_ESIM_AUTH_ANOMALY,1,,,,,,,,,,
EVT-000521-02,USR-000521,ACC-000521,DEVICE,NEW_DEVICE,2027-06-06T00:05:00,DEV-000521-02,,,device,UNRECOGNIZED,,,synthetic,SIM_ESIM_AUTH_ANOMALY,1,,,,,,,,,,
EVT-000521-03,USR-000521,ACC-000521,AUTHENTICATION,FAILED_LOGIN,2027-06-06T00:10:00,DEV-000521-02,,,authentication,FAILURE,,,synthetic,SIM_ESIM_AUTH_ANOMALY,1,,,,,,,,,,
EVT-000521-04,USR-000521,ACC-000521,AUTHENTICATION,FAILED_LOGIN,2027-06-06T00:12:00,DEV-000521-02,,,authentication,FAILURE,,,synthetic,SIM_ESIM_AUTH_ANOMALY,1,,,,,,,,,,
EVT-000521-05,USR-000521,ACC-000521,BEHAVIOUR,DEVICE_DEVIATION,2027-06-06T00:15:00,DEV-000521-02,,,behaviour,DEVIATION,,,synthetic,SIM_ESIM_AUTH_ANOMALY,1,,,,,,,,,,
EVT-000522-01,USR-000522,ACC-000522,TELECOM,SIM_SWAP,2027-06-07T00:00:00,DEV-000522-01,,,telecom,SUCCESS,,,synthetic,SIM_ESIM_AUTH_ANOMALY,1,,,,,,,,,,
EVT-000522-02,USR-000522,ACC-000522,DEVICE,NEW_DEVICE,2027-06-07T00:05:00,DEV-000522-02,,,device,UNRECOGNIZED,,,synthetic,SIM_ESIM_AUTH_ANOMALY,1,,,,,,,,,,
EVT-000522-03,USR-000522,ACC-000522,AUTHENTICATION,FAILED_LOGIN,2027-06-07T00:10:00,DEV-000522-02,,,authentication,FAILURE,,,synthetic,SIM_ESIM_AUTH_ANOMALY,1,,,,,,,,,,
EVT-000522-04,USR-000522,ACC-000522,AUTHENTICATION,FAILED_LOGIN,2027-06-07T00:12:00,DEV-000522-02,,,authentication,FAILURE,,,synthetic,SIM_ESIM_AUTH_ANOMALY,1,,,,,,,,,,
EVT-000522-05,USR-000522,ACC-000522,BEHAVIOUR,DEVICE_DEVIATION,2027-06-07T00:15:00,DEV-000522-02,,,behaviour,DEVIATION,,,synthetic,SIM_ESIM_AUTH_ANOMALY,1,,,,,,,,,,
EVT-000523-01,USR-000523,ACC-000523,TELECOM,SIM_SWAP,2027-06-08T00:00:00,DEV-000523-01,,,telecom,SUCCESS,,,synthetic,SIM_ESIM_AUTH_ANOMALY,1,,,,,,,,,,
EVT-000523-02,USR-000523,ACC-000523,DEVICE,NEW_DEVICE,2027-06-08T00:05:00,DEV-000523-02,,,device,UNRECOGNIZED,,,synthetic,SIM_ESIM_AUTH_ANOMALY,1,,,,,,,,,,
EVT-000523-03,USR-000523,ACC-000523,AUTHENTICATION,FAILED_LOGIN,2027-06-08T00:10:00,DEV-000523-02,,,authentication,FAILURE,,,synthetic,SIM_ESIM_AUTH_ANOMALY,1,,,,,,,,,,
EVT-000523-04,USR-000523,ACC-000523,AUTHENTICATION,FAILED_LOGIN,2027-06-08T00:12:00,DEV-000523-02,,,authentication,FAILURE,,,synthetic,SIM_ESIM_AUTH_ANOMALY,1,,,,,,,,,,
EVT-000523-05,USR-000523,ACC-000523,BEHAVIOUR,DEVICE_DEVIATION,2027-06-08T00:15:00,DEV-000523-02,,,behaviour,DEVIATION,,,synthetic,SIM_ESIM_AUTH_ANOMALY,1,,,,,,,,,,
EVT-000524-01,USR-000524,ACC-000524,TELECOM,SIM_REPLACEMENT,2027-06-09T00:00:00,DEV-000524-01,,,telecom,SUCCESS,,,synthetic,SUSPICIOUS_SIM_REPLACEMENT,1,,,,,,,,,,
EVT-000524-02,USR-000524,ACC-000524,DEVICE,NEW_DEVICE,2027-06-09T00:05:00,DEV-000524-02,,,device,UNRECOGNIZED,,,synthetic,SUSPICIOUS_SIM_REPLACEMENT,1,,,,,,,,,,
EVT-000524-03,USR-000524,ACC-000524,AUTHENTICATION,FAILED_LOGIN,2027-06-09T00:10:00,DEV-000524-02,,,authentication,FAILURE,,,synthetic,SUSPICIOUS_SIM_REPLACEMENT,1,,,,,,,,,,
EVT-000524-04,USR-000524,ACC-000524,RECOVERY,PASSWORD_RESET,2027-06-09T00:15:00,DEV-000524-02,,,recovery,SUCCESS,,,synthetic,SUSPICIOUS_SIM_REPLACEMENT,1,,,,,,,,,,
EVT-000524-05,USR-000524,ACC-000524,ACCOUNT,NEW_BENEFICIARY,2027-06-09T00:20:00,DEV-000524-02,,,account,SUCCESS,,BEN-000524-01,synthetic,SUSPICIOUS_SIM_REPLACEMENT,1,,,,,,,,,,
EVT-000524-06,USR-000524,ACC-000524,TRANSACTION,TRANSACTION,2027-06-09T00:30:00,DEV-000524-02,,,transaction,SUCCESS,155850.93,,paysim,SUSPICIOUS_SIM_REPLACEMENT,1,CASH_IN,99523.0,255373.93,154716.8,0.0,11,C38384962,C666534699,0,0
EVT-000525-01,USR-000525,ACC-000525,TELECOM,ESIM_CHANGE,2027-06-10T00:00:00,DEV-000525-01,,,telecom,SUCCESS,,,synthetic,LEGITIMATE_ESIM_CHANGE,0,,,,,,,,,,
EVT-000525-02,USR-000525,ACC-000525,AUTHENTICATION,LOGIN,2027-06-10T00:10:00,DEV-000525-01,,,authentication,SUCCESS,,,synthetic,LEGITIMATE_ESIM_CHANGE,0,,,,,,,,,,
EVT-000526-01,USR-000526,ACC-000526,TELECOM,SIM_REPLACEMENT,2027-06-11T00:00:00,DEV-000526-01,,,telecom,SUCCESS,,,synthetic,LEGITIMATE_SIM_REPLACEMENT,0,,,,,,,,,,
EVT-000526-02,USR-000526,ACC-000526,AUTHENTICATION,LOGIN,2027-06-11T00:10:00,DEV-000526-01,,,authentication,SUCCESS,,,synthetic,LEGITIMATE_SIM_REPLACEMENT,0,,,,,,,,,,
EVT-000526-03,USR-000526,ACC-000526,TRANSACTION,TRANSACTION,2027-06-11T00:30:00,DEV-000526-01,,,transaction,SUCCESS,87346.06,,paysim,LEGITIMATE_SIM_REPLACEMENT,0,CASH_OUT,21302.0,0.0,384027.93,471373.99,38,C2099912818,C1858097174,0,0
EVT-000527-01,USR-000527,ACC-000527,TELECOM,SIM_SWAP,2027-06-12T00:00:00,DEV-000527-01,,,telecom,SUCCESS,,,synthetic,SIM_ESIM_AUTH_ANOMALY,1,,,,,,,,,,
EVT-000527-02,USR-000527,ACC-000527,DEVICE,NEW_DEVICE,2027-06-12T00:05:00,DEV-000527-02,,,device,UNRECOGNIZED,,,synthetic,SIM_ESIM_AUTH_ANOMALY,1,,,,,,,,,,
EVT-000527-03,USR-000527,ACC-000527,AUTHENTICATION,FAILED_LOGIN,2027-06-12T00:10:00,DEV-000527-02,,,authentication,FAILURE,,,synthetic,SIM_ESIM_AUTH_ANOMALY,1,,,,,,,,,,
EVT-000527-04,USR-000527,ACC-000527,AUTHENTICATION,FAILED_LOGIN,2027-06-12T00:12:00,DEV-000527-02,,,authentication,FAILURE,,,synthetic,SIM_ESIM_AUTH_ANOMALY,1,,,,,,,,,,
EVT-000527-05,USR-000527,ACC-000527,BEHAVIOUR,DEVICE_DEVIATION,2027-06-12T00:15:00,DEV-000527-02,,,behaviour,DEVIATION,,,synthetic,SIM_ESIM_AUTH_ANOMALY,1,,,,,,,,,,
EVT-000528-01,USR-000528,ACC-000528,TELECOM,SIM_REPLACEMENT,2027-06-13T00:00:00,DEV-000528-01,,,telecom,SUCCESS,,,synthetic,SUSPICIOUS_SIM_REPLACEMENT,1,,,,,,,,,,
EVT-000528-02,USR-000528,ACC-000528,DEVICE,NEW_DEVICE,2027-06-13T00:05:00,DEV-000528-02,,,device,UNRECOGNIZED,,,synthetic,SUSPICIOUS_SIM_REPLACEMENT,1,,,,,,,,,,
EVT-000528-03,USR-000528,ACC-000528,AUTHENTICATION,FAILED_LOGIN,2027-06-13T00:10:00,DEV-000528-02,,,authentication,FAILURE,,,synthetic,SUSPICIOUS_SIM_REPLACEMENT,1,,,,,,,,,,
EVT-000528-04,USR-000528,ACC-000528,RECOVERY,PASSWORD_RESET,2027-06-13T00:15:00,DEV-000528-02,,,recovery,SUCCESS,,,synthetic,SUSPICIOUS_SIM_REPLACEMENT,1,,,,,,,,,,
EVT-000528-05,USR-000528,ACC-000528,ACCOUNT,NEW_BENEFICIARY,2027-06-13T00:20:00,DEV-000528-02,,,account,SUCCESS,,BEN-000528-01,synthetic,SUSPICIOUS_SIM_REPLACEMENT,1,,,,,,,,,,
EVT-000528-06,USR-000528,ACC-000528,TRANSACTION,TRANSACTION,2027-06-13T00:30:00,DEV-000528-02,,,transaction,SUCCESS,22972.07,,paysim,SUSPICIOUS_SIM_REPLACEMENT,1,PAYMENT,34664.3,11692.23,0.0,0.0,249,C349727093,M1661287438,0,0
EVT-000529-01,USR-000529,ACC-000529,TELECOM,SIM_REPLACEMENT,2027-06-14T00:00:00,DEV-000529-01,,,telecom,SUCCESS,,,synthetic,LEGITIMATE_SIM_REPLACEMENT,0,,,,,,,,,,
EVT-000529-02,USR-000529,ACC-000529,AUTHENTICATION,LOGIN,2027-06-14T00:10:00,DEV-000529-01,,,authentication,SUCCESS,,,synthetic,LEGITIMATE_SIM_REPLACEMENT,0,,,,,,,,,,
EVT-000529-03,USR-000529,ACC-000529,TRANSACTION,TRANSACTION,2027-06-14T00:30:00,DEV-000529-01,,,transaction,SUCCESS,20455.49,,paysim,LEGITIMATE_SIM_REPLACEMENT,0,PAYMENT,455636.0,435180.51,0.0,0.0,690,C975971858,M277279382,0,0
EVT-000530-01,USR-000530,ACC-000530,TELECOM,SIM_SWAP,2027-06-15T00:00:00,DEV-000530-01,,,telecom,SUCCESS,,,synthetic,SIM_ESIM_AUTH_ANOMALY,1,,,,,,,,,,
EVT-000530-02,USR-000530,ACC-000530,DEVICE,NEW_DEVICE,2027-06-15T00:05:00,DEV-000530-02,,,device,UNRECOGNIZED,,,synthetic,SIM_ESIM_AUTH_ANOMALY,1,,,,,,,,,,
EVT-000530-03,USR-000530,ACC-000530,AUTHENTICATION,FAILED_LOGIN,2027-06-15T00:10:00,DEV-000530-02,,,authentication,FAILURE,,,synthetic,SIM_ESIM_AUTH_ANOMALY,1,,,,,,,,,,
EVT-000530-04,USR-000530,ACC-000530,AUTHENTICATION,FAILED_LOGIN,2027-06-15T00:12:00,DEV-000530-02,,,authentication,FAILURE,,,synthetic,SIM_ESIM_AUTH_ANOMALY,1,,,,,,,,,,
EVT-000530-05,USR-000530,ACC-000530,BEHAVIOUR,DEVICE_DEVIATION,2027-06-15T00:15:00,DEV-000530-02,,,behaviour,DEVIATION,,,synthetic,SIM_ESIM_AUTH_ANOMALY,1,,,,,,,,,,
EVT-000531-01,USR-000531,ACC-000531,TELECOM,SIM_SWAP,2027-06-16T00:00:00,DEV-000531-01,,,telecom,SUCCESS,,,synthetic,SIM_ESIM_AUTH_ANOMALY,1,,,,,,,,,,
EVT-000531-02,USR-000531,ACC-000531,DEVICE,NEW_DEVICE,2027-06-16T00:05:00,DEV-000531-02,,,device,UNRECOGNIZED,,,synthetic,SIM_ESIM_AUTH_ANOMALY,1,,,,,,,,,,
EVT-000531-03,USR-000531,ACC-000531,AUTHENTICATION,FAILED_LOGIN,2027-06-16T00:10:00,DEV-000531-02,,,authentication,FAILURE,,,synthetic,SIM_ESIM_AUTH_ANOMALY,1,,,,,,,,,,
EVT-000531-04,USR-000531,ACC-000531,AUTHENTICATION,FAILED_LOGIN,2027-06-16T00:12:00,DEV-000531-02,,,authentication,FAILURE,,,synthetic,SIM_ESIM_AUTH_ANOMALY,1,,,,,,,,,,
EVT-000531-05,USR-000531,ACC-000531,BEHAVIOUR,DEVICE_DEVIATION,2027-06-16T00:15:00,DEV-000531-02,,,behaviour,DEVIATION,,,synthetic,SIM_ESIM_AUTH_ANOMALY,1,,,,,,,,,,
EVT-000532-01,USR-000532,ACC-000532,TELECOM,ESIM_CHANGE,2027-06-17T00:00:00,DEV-000532-01,,,telecom,SUCCESS,,,synthetic,SUSPICIOUS_ESIM_CHANGE,1,,,,,,,,,,
EVT-000532-02,USR-000532,ACC-000532,DEVICE,NEW_DEVICE,2027-06-17T00:05:00,DEV-000532-02,,,device,UNRECOGNIZED,,,synthetic,SUSPICIOUS_ESIM_CHANGE,1,,,,,,,,,,
EVT-000532-03,USR-000532,ACC-000532,DEVICE,DEVICE_CHANGE,2027-06-17T00:08:00,DEV-000532-02,,,device,DEVIATION,,,synthetic,SUSPICIOUS_ESIM_CHANGE,1,,,,,,,,,,
EVT-000532-04,USR-000532,ACC-000532,AUTHENTICATION,FAILED_LOGIN,2027-06-17T00:10:00,DEV-000532-02,,,authentication,FAILURE,,,synthetic,SUSPICIOUS_ESIM_CHANGE,1,,,,,,,,,,
EVT-000532-05,USR-000532,ACC-000532,BEHAVIOUR,DEVICE_DEVIATION,2027-06-17T00:15:00,DEV-000532-02,,,behaviour,DEVIATION,,,synthetic,SUSPICIOUS_ESIM_CHANGE,1,,,,,,,,,,
EVT-000532-06,USR-000532,ACC-000532,TRANSACTION,TRANSACTION,2027-06-17T00:30:00,DEV-000532-02,,,transaction,SUCCESS,37735.86,,paysim,SUSPICIOUS_ESIM_CHANGE,1,PAYMENT,0.0,0.0,0.0,0.0,235,C777650184,M1358812772,0,0
EVT-000533-01,USR-000533,ACC-000533,TELECOM,ESIM_CHANGE,2027-06-18T00:00:00,DEV-000533-01,,,telecom,SUCCESS,,,synthetic,SUSPICIOUS_ESIM_CHANGE,1,,,,,,,,,,
EVT-000533-02,USR-000533,ACC-000533,DEVICE,NEW_DEVICE,2027-06-18T00:05:00,DEV-000533-02,,,device,UNRECOGNIZED,,,synthetic,SUSPICIOUS_ESIM_CHANGE,1,,,,,,,,,,
EVT-000533-03,USR-000533,ACC-000533,DEVICE,DEVICE_CHANGE,2027-06-18T00:08:00,DEV-000533-02,,,device,DEVIATION,,,synthetic,SUSPICIOUS_ESIM_CHANGE,1,,,,,,,,,,
EVT-000533-04,USR-000533,ACC-000533,AUTHENTICATION,FAILED_LOGIN,2027-06-18T00:10:00,DEV-000533-02,,,authentication,FAILURE,,,synthetic,SUSPICIOUS_ESIM_CHANGE,1,,,,,,,,,,
EVT-000533-05,USR-000533,ACC-000533,BEHAVIOUR,DEVICE_DEVIATION,2027-06-18T00:15:00,DEV-000533-02,,,behaviour,DEVIATION,,,synthetic,SUSPICIOUS_ESIM_CHANGE,1,,,,,,,,,,
EVT-000533-06,USR-000533,ACC-000533,TRANSACTION,TRANSACTION,2027-06-18T00:30:00,DEV-000533-02,,,transaction,SUCCESS,259147.28,,paysim,SUSPICIOUS_ESIM_CHANGE,1,CASH_OUT,20555.0,0.0,544279.04,803426.32,298,C512048734,C22833780,0,0
EVT-000534-01,USR-000534,ACC-000534,TELECOM,ESIM_CHANGE,2027-06-19T00:00:00,DEV-000534-01,,,telecom,SUCCESS,,,synthetic,SUSPICIOUS_ESIM_CHANGE,1,,,,,,,,,,
EVT-000534-02,USR-000534,ACC-000534,DEVICE,NEW_DEVICE,2027-06-19T00:05:00,DEV-000534-02,,,device,UNRECOGNIZED,,,synthetic,SUSPICIOUS_ESIM_CHANGE,1,,,,,,,,,,
EVT-000534-03,USR-000534,ACC-000534,DEVICE,DEVICE_CHANGE,2027-06-19T00:08:00,DEV-000534-02,,,device,DEVIATION,,,synthetic,SUSPICIOUS_ESIM_CHANGE,1,,,,,,,,,,
EVT-000534-04,USR-000534,ACC-000534,AUTHENTICATION,FAILED_LOGIN,2027-06-19T00:10:00,DEV-000534-02,,,authentication,FAILURE,,,synthetic,SUSPICIOUS_ESIM_CHANGE,1,,,,,,,,,,
EVT-000534-05,USR-000534,ACC-000534,BEHAVIOUR,DEVICE_DEVIATION,2027-06-19T00:15:00,DEV-000534-02,,,behaviour,DEVIATION,,,synthetic,SUSPICIOUS_ESIM_CHANGE,1,,,,,,,,,,
EVT-000534-06,USR-000534,ACC-000534,TRANSACTION,TRANSACTION,2027-06-19T00:30:00,DEV-000534-02,,,transaction,SUCCESS,9570.9,,paysim,SUSPICIOUS_ESIM_CHANGE,1,PAYMENT,10883.0,1312.1,0.0,0.0,42,C591203718,M1871900841,0,0
EVT-000535-01,USR-000535,ACC-000535,TELECOM,SIM_REPLACEMENT,2027-06-20T00:00:00,DEV-000535-01,,,telecom,SUCCESS,,,synthetic,LEGITIMATE_SIM_REPLACEMENT,0,,,,,,,,,,
EVT-000535-02,USR-000535,ACC-000535,AUTHENTICATION,LOGIN,2027-06-20T00:10:00,DEV-000535-01,,,authentication,SUCCESS,,,synthetic,LEGITIMATE_SIM_REPLACEMENT,0,,,,,,,,,,
EVT-000535-03,USR-000535,ACC-000535,TRANSACTION,TRANSACTION,2027-06-20T00:30:00,DEV-000535-01,,,transaction,SUCCESS,391943.35,,paysim,LEGITIMATE_SIM_REPLACEMENT,0,CASH_IN,1809.0,393752.35,515082.14,123138.79,155,C2012877146,C519336424,0,0
EVT-000536-01,USR-000536,ACC-000536,TELECOM,SIM_SWAP,2027-06-21T00:00:00,DEV-000536-01,,,telecom,SUCCESS,,,synthetic,SIM_ESIM_AUTH_ANOMALY,1,,,,,,,,,,
EVT-000536-02,USR-000536,ACC-000536,DEVICE,NEW_DEVICE,2027-06-21T00:05:00,DEV-000536-02,,,device,UNRECOGNIZED,,,synthetic,SIM_ESIM_AUTH_ANOMALY,1,,,,,,,,,,
EVT-000536-03,USR-000536,ACC-000536,AUTHENTICATION,FAILED_LOGIN,2027-06-21T00:10:00,DEV-000536-02,,,authentication,FAILURE,,,synthetic,SIM_ESIM_AUTH_ANOMALY,1,,,,,,,,,,
EVT-000536-04,USR-000536,ACC-000536,AUTHENTICATION,FAILED_LOGIN,2027-06-21T00:12:00,DEV-000536-02,,,authentication,FAILURE,,,synthetic,SIM_ESIM_AUTH_ANOMALY,1,,,,,,,,,,
EVT-000536-05,USR-000536,ACC-000536,BEHAVIOUR,DEVICE_DEVIATION,2027-06-21T00:15:00,DEV-000536-02,,,behaviour,DEVIATION,,,synthetic,SIM_ESIM_AUTH_ANOMALY,1,,,,,,,,,,
EVT-000537-01,USR-000537,ACC-000537,TELECOM,ESIM_CHANGE,2027-06-22T00:00:00,DEV-000537-01,,,telecom,SUCCESS,,,synthetic,SUSPICIOUS_ESIM_CHANGE,1,,,,,,,,,,
EVT-000537-02,USR-000537,ACC-000537,DEVICE,NEW_DEVICE,2027-06-22T00:05:00,DEV-000537-02,,,device,UNRECOGNIZED,,,synthetic,SUSPICIOUS_ESIM_CHANGE,1,,,,,,,,,,
EVT-000537-03,USR-000537,ACC-000537,DEVICE,DEVICE_CHANGE,2027-06-22T00:08:00,DEV-000537-02,,,device,DEVIATION,,,synthetic,SUSPICIOUS_ESIM_CHANGE,1,,,,,,,,,,
EVT-000537-04,USR-000537,ACC-000537,AUTHENTICATION,FAILED_LOGIN,2027-06-22T00:10:00,DEV-000537-02,,,authentication,FAILURE,,,synthetic,SUSPICIOUS_ESIM_CHANGE,1,,,,,,,,,,
EVT-000537-05,USR-000537,ACC-000537,BEHAVIOUR,DEVICE_DEVIATION,2027-06-22T00:15:00,DEV-000537-02,,,behaviour,DEVIATION,,,synthetic,SUSPICIOUS_ESIM_CHANGE,1,,,,,,,,,,
EVT-000537-06,USR-000537,ACC-000537,TRANSACTION,TRANSACTION,2027-06-22T00:30:00,DEV-000537-02,,,transaction,SUCCESS,7392.48,,paysim,SUSPICIOUS_ESIM_CHANGE,1,PAYMENT,42891.0,35498.52,0.0,0.0,164,C6944830,M1696891468,0,0
EVT-000538-01,USR-000538,ACC-000538,TELECOM,ESIM_CHANGE,2027-06-23T00:00:00,DEV-000538-01,,,telecom,SUCCESS,,,synthetic,LEGITIMATE_ESIM_CHANGE,0,,,,,,,,,,
EVT-000538-02,USR-000538,ACC-000538,AUTHENTICATION,LOGIN,2027-06-23T00:10:00,DEV-000538-01,,,authentication,SUCCESS,,,synthetic,LEGITIMATE_ESIM_CHANGE,0,,,,,,,,,,
EVT-000539-01,USR-000539,ACC-000539,TELECOM,ESIM_CHANGE,2027-06-24T00:00:00,DEV-000539-01,,,telecom,SUCCESS,,,synthetic,SUSPICIOUS_ESIM_CHANGE,1,,,,,,,,,,
EVT-000539-02,USR-000539,ACC-000539,DEVICE,NEW_DEVICE,2027-06-24T00:05:00,DEV-000539-02,,,device,UNRECOGNIZED,,,synthetic,SUSPICIOUS_ESIM_CHANGE,1,,,,,,,,,,
EVT-000539-03,USR-000539,ACC-000539,DEVICE,DEVICE_CHANGE,2027-06-24T00:08:00,DEV-000539-02,,,device,DEVIATION,,,synthetic,SUSPICIOUS_ESIM_CHANGE,1,,,,,,,,,,
EVT-000539-04,USR-000539,ACC-000539,AUTHENTICATION,FAILED_LOGIN,2027-06-24T00:10:00,DEV-000539-02,,,authentication,FAILURE,,,synthetic,SUSPICIOUS_ESIM_CHANGE,1,,,,,,,,,,
EVT-000539-05,USR-000539,ACC-000539,BEHAVIOUR,DEVICE_DEVIATION,2027-06-24T00:15:00,DEV-000539-02,,,behaviour,DEVIATION,,,synthetic,SUSPICIOUS_ESIM_CHANGE,1,,,,,,,,,,
EVT-000539-06,USR-000539,ACC-000539,TRANSACTION,TRANSACTION,2027-06-24T00:30:00,DEV-000539-02,,,transaction,SUCCESS,13114.3,,paysim,SUSPICIOUS_ESIM_CHANGE,1,PAYMENT,0.0,0.0,0.0,0.0,352,C1059826271,M59321375,0,0
EVT-000540-01,USR-000540,ACC-000540,TELECOM,SIM_SWAP,2027-06-25T00:00:00,DEV-000540-01,,,telecom,SUCCESS,,,synthetic,SIM_ESIM_AUTH_ANOMALY,1,,,,,,,,,,
EVT-000540-02,USR-000540,ACC-000540,DEVICE,NEW_DEVICE,2027-06-25T00:05:00,DEV-000540-02,,,device,UNRECOGNIZED,,,synthetic,SIM_ESIM_AUTH_ANOMALY,1,,,,,,,,,,
EVT-000540-03,USR-000540,ACC-000540,AUTHENTICATION,FAILED_LOGIN,2027-06-25T00:10:00,DEV-000540-02,,,authentication,FAILURE,,,synthetic,SIM_ESIM_AUTH_ANOMALY,1,,,,,,,,,,
EVT-000540-04,USR-000540,ACC-000540,AUTHENTICATION,FAILED_LOGIN,2027-06-25T00:12:00,DEV-000540-02,,,authentication,FAILURE,,,synthetic,SIM_ESIM_AUTH_ANOMALY,1,,,,,,,,,,
EVT-000540-05,USR-000540,ACC-000540,BEHAVIOUR,DEVICE_DEVIATION,2027-06-25T00:15:00,DEV-000540-02,,,behaviour,DEVIATION,,,synthetic,SIM_ESIM_AUTH_ANOMALY,1,,,,,,,,,,
EVT-000541-01,USR-000541,ACC-000541,TELECOM,ESIM_CHANGE,2027-06-26T00:00:00,DEV-000541-01,,,telecom,SUCCESS,,,synthetic,LEGITIMATE_ESIM_CHANGE,0,,,,,,,,,,
EVT-000541-02,USR-000541,ACC-000541,AUTHENTICATION,LOGIN,2027-06-26T00:10:00,DEV-000541-01,,,authentication,SUCCESS,,,synthetic,LEGITIMATE_ESIM_CHANGE,0,,,,,,,,,,
EVT-000542-01,USR-000542,ACC-000542,TELECOM,SIM_REPLACEMENT,2027-06-27T00:00:00,DEV-000542-01,,,telecom,SUCCESS,,,synthetic,LEGITIMATE_SIM_REPLACEMENT,0,,,,,,,,,,
EVT-000542-02,USR-000542,ACC-000542,AUTHENTICATION,LOGIN,2027-06-27T00:10:00,DEV-000542-01,,,authentication,SUCCESS,,,synthetic,LEGITIMATE_SIM_REPLACEMENT,0,,,,,,,,,,
EVT-000542-03,USR-000542,ACC-000542,TRANSACTION,TRANSACTION,2027-06-27T00:30:00,DEV-000542-01,,,transaction,SUCCESS,38022.72,,paysim,LEGITIMATE_SIM_REPLACEMENT,0,TRANSFER,0.0,0.0,2086882.9,2124905.63,236,C670914288,C410875580,0,0
EVT-000543-01,USR-000543,ACC-000543,TELECOM,SIM_REPLACEMENT,2027-06-28T00:00:00,DEV-000543-01,,,telecom,SUCCESS,,,synthetic,LEGITIMATE_SIM_REPLACEMENT,0,,,,,,,,,,
EVT-000543-02,USR-000543,ACC-000543,AUTHENTICATION,LOGIN,2027-06-28T00:10:00,DEV-000543-01,,,authentication,SUCCESS,,,synthetic,LEGITIMATE_SIM_REPLACEMENT,0,,,,,,,,,,
EVT-000543-03,USR-000543,ACC-000543,TRANSACTION,TRANSACTION,2027-06-28T00:30:00,DEV-000543-01,,,transaction,SUCCESS,25291.5,,paysim,LEGITIMATE_SIM_REPLACEMENT,0,TRANSFER,0.0,0.0,413859.77,439151.27,45,C704809939,C239470379,0,0
EVT-000544-01,USR-000544,ACC-000544,TELECOM,SIM_REPLACEMENT,2027-06-29T00:00:00,DEV-000544-01,,,telecom,SUCCESS,,,synthetic,SUSPICIOUS_SIM_REPLACEMENT,1,,,,,,,,,,
EVT-000544-02,USR-000544,ACC-000544,DEVICE,NEW_DEVICE,2027-06-29T00:05:00,DEV-000544-02,,,device,UNRECOGNIZED,,,synthetic,SUSPICIOUS_SIM_REPLACEMENT,1,,,,,,,,,,
EVT-000544-03,USR-000544,ACC-000544,AUTHENTICATION,FAILED_LOGIN,2027-06-29T00:10:00,DEV-000544-02,,,authentication,FAILURE,,,synthetic,SUSPICIOUS_SIM_REPLACEMENT,1,,,,,,,,,,
EVT-000544-04,USR-000544,ACC-000544,RECOVERY,PASSWORD_RESET,2027-06-29T00:15:00,DEV-000544-02,,,recovery,SUCCESS,,,synthetic,SUSPICIOUS_SIM_REPLACEMENT,1,,,,,,,,,,
EVT-000544-05,USR-000544,ACC-000544,ACCOUNT,NEW_BENEFICIARY,2027-06-29T00:20:00,DEV-000544-02,,,account,SUCCESS,,BEN-000544-01,synthetic,SUSPICIOUS_SIM_REPLACEMENT,1,,,,,,,,,,
EVT-000544-06,USR-000544,ACC-000544,TRANSACTION,TRANSACTION,2027-06-29T00:30:00,DEV-000544-02,,,transaction,SUCCESS,238202.02,,paysim,SUSPICIOUS_SIM_REPLACEMENT,1,CASH_OUT,21579.0,0.0,1838765.02,2076967.04,251,C2144019699,C1627601025,0,0
EVT-000545-01,USR-000545,ACC-000545,TELECOM,SIM_REPLACEMENT,2027-06-30T00:00:00,DEV-000545-01,,,telecom,SUCCESS,,,synthetic,LEGITIMATE_SIM_REPLACEMENT,0,,,,,,,,,,
EVT-000545-02,USR-000545,ACC-000545,AUTHENTICATION,LOGIN,2027-06-30T00:10:00,DEV-000545-01,,,authentication,SUCCESS,,,synthetic,LEGITIMATE_SIM_REPLACEMENT,0,,,,,,,,,,
EVT-000545-03,USR-000545,ACC-000545,TRANSACTION,TRANSACTION,2027-06-30T00:30:00,DEV-000545-01,,,transaction,SUCCESS,84804.43,,paysim,LEGITIMATE_SIM_REPLACEMENT,0,PAYMENT,630289.0,545484.57,0.0,0.0,399,C1541710228,M640360185,0,0
EVT-000546-01,USR-000546,ACC-000546,TELECOM,SIM_REPLACEMENT,2027-07-01T00:00:00,DEV-000546-01,,,telecom,SUCCESS,,,synthetic,SUSPICIOUS_SIM_REPLACEMENT,1,,,,,,,,,,
EVT-000546-02,USR-000546,ACC-000546,DEVICE,NEW_DEVICE,2027-07-01T00:05:00,DEV-000546-02,,,device,UNRECOGNIZED,,,synthetic,SUSPICIOUS_SIM_REPLACEMENT,1,,,,,,,,,,
EVT-000546-03,USR-000546,ACC-000546,AUTHENTICATION,FAILED_LOGIN,2027-07-01T00:10:00,DEV-000546-02,,,authentication,FAILURE,,,synthetic,SUSPICIOUS_SIM_REPLACEMENT,1,,,,,,,,,,
EVT-000546-04,USR-000546,ACC-000546,RECOVERY,PASSWORD_RESET,2027-07-01T00:15:00,DEV-000546-02,,,recovery,SUCCESS,,,synthetic,SUSPICIOUS_SIM_REPLACEMENT,1,,,,,,,,,,
EVT-000546-05,USR-000546,ACC-000546,ACCOUNT,NEW_BENEFICIARY,2027-07-01T00:20:00,DEV-000546-02,,,account,SUCCESS,,BEN-000546-01,synthetic,SUSPICIOUS_SIM_REPLACEMENT,1,,,,,,,,,,
EVT-000546-06,USR-000546,ACC-000546,TRANSACTION,TRANSACTION,2027-07-01T00:30:00,DEV-000546-02,,,transaction,SUCCESS,135350.55,,paysim,SUSPICIOUS_SIM_REPLACEMENT,1,CASH_OUT,0.0,0.0,312542.56,447893.11,356,C1702382563,C2023425548,0,0
EVT-000547-01,USR-000547,ACC-000547,TELECOM,SIM_REPLACEMENT,2027-07-02T00:00:00,DEV-000547-01,,,telecom,SUCCESS,,,synthetic,LEGITIMATE_SIM_REPLACEMENT,0,,,,,,,,,,
EVT-000547-02,USR-000547,ACC-000547,AUTHENTICATION,LOGIN,2027-07-02T00:10:00,DEV-000547-01,,,authentication,SUCCESS,,,synthetic,LEGITIMATE_SIM_REPLACEMENT,0,,,,,,,,,,
EVT-000547-03,USR-000547,ACC-000547,TRANSACTION,TRANSACTION,2027-07-02T00:30:00,DEV-000547-01,,,transaction,SUCCESS,33846.58,,paysim,LEGITIMATE_SIM_REPLACEMENT,0,CASH_IN,1610083.1,1643929.67,356766.61,322920.03,133,C2102210414,C1532587320,0,0
EVT-000548-01,USR-000548,ACC-000548,TELECOM,SIM_REPLACEMENT,2027-07-03T00:00:00,DEV-000548-01,,,telecom,SUCCESS,,,synthetic,LEGITIMATE_SIM_REPLACEMENT,0,,,,,,,,,,
EVT-000548-02,USR-000548,ACC-000548,AUTHENTICATION,LOGIN,2027-07-03T00:10:00,DEV-000548-01,,,authentication,SUCCESS,,,synthetic,LEGITIMATE_SIM_REPLACEMENT,0,,,,,,,,,,
EVT-000548-03,USR-000548,ACC-000548,TRANSACTION,TRANSACTION,2027-07-03T00:30:00,DEV-000548-01,,,transaction,SUCCESS,53920.42,,paysim,LEGITIMATE_SIM_REPLACEMENT,0,CASH_OUT,0.0,0.0,5157225.57,5211145.99,42,C1476538010,C867184336,0,0
EVT-000549-01,USR-000549,ACC-000549,TELECOM,ESIM_CHANGE,2027-07-04T00:00:00,DEV-000549-01,,,telecom,SUCCESS,,,synthetic,SUSPICIOUS_ESIM_CHANGE,1,,,,,,,,,,
EVT-000549-02,USR-000549,ACC-000549,DEVICE,NEW_DEVICE,2027-07-04T00:05:00,DEV-000549-02,,,device,UNRECOGNIZED,,,synthetic,SUSPICIOUS_ESIM_CHANGE,1,,,,,,,,,,
EVT-000549-03,USR-000549,ACC-000549,DEVICE,DEVICE_CHANGE,2027-07-04T00:08:00,DEV-000549-02,,,device,DEVIATION,,,synthetic,SUSPICIOUS_ESIM_CHANGE,1,,,,,,,,,,
EVT-000549-04,USR-000549,ACC-000549,AUTHENTICATION,FAILED_LOGIN,2027-07-04T00:10:00,DEV-000549-02,,,authentication,FAILURE,,,synthetic,SUSPICIOUS_ESIM_CHANGE,1,,,,,,,,,,
EVT-000549-05,USR-000549,ACC-000549,BEHAVIOUR,DEVICE_DEVIATION,2027-07-04T00:15:00,DEV-000549-02,,,behaviour,DEVIATION,,,synthetic,SUSPICIOUS_ESIM_CHANGE,1,,,,,,,,,,
EVT-000549-06,USR-000549,ACC-000549,TRANSACTION,TRANSACTION,2027-07-04T00:30:00,DEV-000549-02,,,transaction,SUCCESS,91439.42,,paysim,SUSPICIOUS_ESIM_CHANGE,1,CASH_IN,1.152250842E7,1.161394784E7,926642.7,835203.29,161,C348237347,C167522080,0,0
EVT-000550-01,USR-000550,ACC-000550,TELECOM,SIM_SWAP,2027-07-05T00:00:00,DEV-000550-01,,,telecom,SUCCESS,,,synthetic,SIM_ESIM_AUTH_ANOMALY,1,,,,,,,,,,
EVT-000550-02,USR-000550,ACC-000550,DEVICE,NEW_DEVICE,2027-07-05T00:05:00,DEV-000550-02,,,device,UNRECOGNIZED,,,synthetic,SIM_ESIM_AUTH_ANOMALY,1,,,,,,,,,,
EVT-000550-03,USR-000550,ACC-000550,AUTHENTICATION,FAILED_LOGIN,2027-07-05T00:10:00,DEV-000550-02,,,authentication,FAILURE,,,synthetic,SIM_ESIM_AUTH_ANOMALY,1,,,,,,,,,,
EVT-000550-04,USR-000550,ACC-000550,AUTHENTICATION,FAILED_LOGIN,2027-07-05T00:12:00,DEV-000550-02,,,authentication,FAILURE,,,synthetic,SIM_ESIM_AUTH_ANOMALY,1,,,,,,,,,,
EVT-000550-05,USR-000550,ACC-000550,BEHAVIOUR,DEVICE_DEVIATION,2027-07-05T00:15:00,DEV-000550-02,,,behaviour,DEVIATION,,,synthetic,SIM_ESIM_AUTH_ANOMALY,1,,,,,,,,,,
EVT-000551-01,USR-000551,ACC-000551,TELECOM,ESIM_CHANGE,2027-07-06T00:00:00,DEV-000551-01,,,telecom,SUCCESS,,,synthetic,SUSPICIOUS_ESIM_CHANGE,1,,,,,,,,,,
EVT-000551-02,USR-000551,ACC-000551,DEVICE,NEW_DEVICE,2027-07-06T00:05:00,DEV-000551-02,,,device,UNRECOGNIZED,,,synthetic,SUSPICIOUS_ESIM_CHANGE,1,,,,,,,,,,
EVT-000551-03,USR-000551,ACC-000551,DEVICE,DEVICE_CHANGE,2027-07-06T00:08:00,DEV-000551-02,,,device,DEVIATION,,,synthetic,SUSPICIOUS_ESIM_CHANGE,1,,,,,,,,,,
EVT-000551-04,USR-000551,ACC-000551,AUTHENTICATION,FAILED_LOGIN,2027-07-06T00:10:00,DEV-000551-02,,,authentication,FAILURE,,,synthetic,SUSPICIOUS_ESIM_CHANGE,1,,,,,,,,,,
EVT-000551-05,USR-000551,ACC-000551,BEHAVIOUR,DEVICE_DEVIATION,2027-07-06T00:15:00,DEV-000551-02,,,behaviour,DEVIATION,,,synthetic,SUSPICIOUS_ESIM_CHANGE,1,,,,,,,,,,
EVT-000551-06,USR-000551,ACC-000551,TRANSACTION,TRANSACTION,2027-07-06T00:30:00,DEV-000551-02,,,transaction,SUCCESS,65285.63,,paysim,SUSPICIOUS_ESIM_CHANGE,1,CASH_OUT,0.0,0.0,1933933.88,1999219.51,404,C889012419,C551536922,0,0
EVT-000552-01,USR-000552,ACC-000552,TELECOM,SIM_REPLACEMENT,2027-07-07T00:00:00,DEV-000552-01,,,telecom,SUCCESS,,,synthetic,SUSPICIOUS_SIM_REPLACEMENT,1,,,,,,,,,,
EVT-000552-02,USR-000552,ACC-000552,DEVICE,NEW_DEVICE,2027-07-07T00:05:00,DEV-000552-02,,,device,UNRECOGNIZED,,,synthetic,SUSPICIOUS_SIM_REPLACEMENT,1,,,,,,,,,,
EVT-000552-03,USR-000552,ACC-000552,AUTHENTICATION,FAILED_LOGIN,2027-07-07T00:10:00,DEV-000552-02,,,authentication,FAILURE,,,synthetic,SUSPICIOUS_SIM_REPLACEMENT,1,,,,,,,,,,
EVT-000552-04,USR-000552,ACC-000552,RECOVERY,PASSWORD_RESET,2027-07-07T00:15:00,DEV-000552-02,,,recovery,SUCCESS,,,synthetic,SUSPICIOUS_SIM_REPLACEMENT,1,,,,,,,,,,
EVT-000552-05,USR-000552,ACC-000552,ACCOUNT,NEW_BENEFICIARY,2027-07-07T00:20:00,DEV-000552-02,,,account,SUCCESS,,BEN-000552-01,synthetic,SUSPICIOUS_SIM_REPLACEMENT,1,,,,,,,,,,
EVT-000552-06,USR-000552,ACC-000552,TRANSACTION,TRANSACTION,2027-07-07T00:30:00,DEV-000552-02,,,transaction,SUCCESS,101567.78,,paysim,SUSPICIOUS_SIM_REPLACEMENT,1,CASH_OUT,51515.0,0.0,673594.14,775161.92,19,C1029586214,C926996129,0,0
EVT-000553-01,USR-000553,ACC-000553,TELECOM,SIM_REPLACEMENT,2027-07-08T00:00:00,DEV-000553-01,,,telecom,SUCCESS,,,synthetic,SUSPICIOUS_SIM_REPLACEMENT,1,,,,,,,,,,
EVT-000553-02,USR-000553,ACC-000553,DEVICE,NEW_DEVICE,2027-07-08T00:05:00,DEV-000553-02,,,device,UNRECOGNIZED,,,synthetic,SUSPICIOUS_SIM_REPLACEMENT,1,,,,,,,,,,
EVT-000553-03,USR-000553,ACC-000553,AUTHENTICATION,FAILED_LOGIN,2027-07-08T00:10:00,DEV-000553-02,,,authentication,FAILURE,,,synthetic,SUSPICIOUS_SIM_REPLACEMENT,1,,,,,,,,,,
EVT-000553-04,USR-000553,ACC-000553,RECOVERY,PASSWORD_RESET,2027-07-08T00:15:00,DEV-000553-02,,,recovery,SUCCESS,,,synthetic,SUSPICIOUS_SIM_REPLACEMENT,1,,,,,,,,,,
EVT-000553-05,USR-000553,ACC-000553,ACCOUNT,NEW_BENEFICIARY,2027-07-08T00:20:00,DEV-000553-02,,,account,SUCCESS,,BEN-000553-01,synthetic,SUSPICIOUS_SIM_REPLACEMENT,1,,,,,,,,,,
EVT-000553-06,USR-000553,ACC-000553,TRANSACTION,TRANSACTION,2027-07-08T00:30:00,DEV-000553-02,,,transaction,SUCCESS,8776.84,,paysim,SUSPICIOUS_SIM_REPLACEMENT,1,PAYMENT,325701.45,316924.61,0.0,0.0,161,C1046406656,M1593196773,0,0
EVT-000554-01,USR-000554,ACC-000554,TELECOM,ESIM_CHANGE,2027-07-09T00:00:00,DEV-000554-01,,,telecom,SUCCESS,,,synthetic,SUSPICIOUS_ESIM_CHANGE,1,,,,,,,,,,
EVT-000554-02,USR-000554,ACC-000554,DEVICE,NEW_DEVICE,2027-07-09T00:05:00,DEV-000554-02,,,device,UNRECOGNIZED,,,synthetic,SUSPICIOUS_ESIM_CHANGE,1,,,,,,,,,,
EVT-000554-03,USR-000554,ACC-000554,DEVICE,DEVICE_CHANGE,2027-07-09T00:08:00,DEV-000554-02,,,device,DEVIATION,,,synthetic,SUSPICIOUS_ESIM_CHANGE,1,,,,,,,,,,
EVT-000554-04,USR-000554,ACC-000554,AUTHENTICATION,FAILED_LOGIN,2027-07-09T00:10:00,DEV-000554-02,,,authentication,FAILURE,,,synthetic,SUSPICIOUS_ESIM_CHANGE,1,,,,,,,,,,
EVT-000554-05,USR-000554,ACC-000554,BEHAVIOUR,DEVICE_DEVIATION,2027-07-09T00:15:00,DEV-000554-02,,,behaviour,DEVIATION,,,synthetic,SUSPICIOUS_ESIM_CHANGE,1,,,,,,,,,,
EVT-000554-06,USR-000554,ACC-000554,TRANSACTION,TRANSACTION,2027-07-09T00:30:00,DEV-000554-02,,,transaction,SUCCESS,285.49,,paysim,SUSPICIOUS_ESIM_CHANGE,1,PAYMENT,35663.52,35378.04,0.0,0.0,397,C142011560,M868733430,0,0
EVT-000555-01,USR-000555,ACC-000555,TELECOM,ESIM_CHANGE,2027-07-10T00:00:00,DEV-000555-01,,,telecom,SUCCESS,,,synthetic,LEGITIMATE_ESIM_CHANGE,0,,,,,,,,,,
EVT-000555-02,USR-000555,ACC-000555,AUTHENTICATION,LOGIN,2027-07-10T00:10:00,DEV-000555-01,,,authentication,SUCCESS,,,synthetic,LEGITIMATE_ESIM_CHANGE,0,,,,,,,,,,
EVT-000556-01,USR-000556,ACC-000556,TELECOM,SIM_REPLACEMENT,2027-07-11T00:00:00,DEV-000556-01,,,telecom,SUCCESS,,,synthetic,LEGITIMATE_SIM_REPLACEMENT,0,,,,,,,,,,
EVT-000556-02,USR-000556,ACC-000556,AUTHENTICATION,LOGIN,2027-07-11T00:10:00,DEV-000556-01,,,authentication,SUCCESS,,,synthetic,LEGITIMATE_SIM_REPLACEMENT,0,,,,,,,,,,
EVT-000556-03,USR-000556,ACC-000556,TRANSACTION,TRANSACTION,2027-07-11T00:30:00,DEV-000556-01,,,transaction,SUCCESS,25198.5,,paysim,LEGITIMATE_SIM_REPLACEMENT,0,PAYMENT,0.0,0.0,0.0,0.0,356,C1503177676,M737635374,0,0
EVT-000557-01,USR-000557,ACC-000557,TELECOM,ESIM_CHANGE,2027-07-12T00:00:00,DEV-000557-01,,,telecom,SUCCESS,,,synthetic,LEGITIMATE_ESIM_CHANGE,0,,,,,,,,,,
EVT-000557-02,USR-000557,ACC-000557,AUTHENTICATION,LOGIN,2027-07-12T00:10:00,DEV-000557-01,,,authentication,SUCCESS,,,synthetic,LEGITIMATE_ESIM_CHANGE,0,,,,,,,,,,
EVT-000558-01,USR-000558,ACC-000558,TELECOM,SIM_SWAP,2027-07-13T00:00:00,DEV-000558-01,,,telecom,SUCCESS,,,synthetic,SIM_ESIM_AUTH_ANOMALY,1,,,,,,,,,,
EVT-000558-02,USR-000558,ACC-000558,DEVICE,NEW_DEVICE,2027-07-13T00:05:00,DEV-000558-02,,,device,UNRECOGNIZED,,,synthetic,SIM_ESIM_AUTH_ANOMALY,1,,,,,,,,,,
EVT-000558-03,USR-000558,ACC-000558,AUTHENTICATION,FAILED_LOGIN,2027-07-13T00:10:00,DEV-000558-02,,,authentication,FAILURE,,,synthetic,SIM_ESIM_AUTH_ANOMALY,1,,,,,,,,,,
EVT-000558-04,USR-000558,ACC-000558,AUTHENTICATION,FAILED_LOGIN,2027-07-13T00:12:00,DEV-000558-02,,,authentication,FAILURE,,,synthetic,SIM_ESIM_AUTH_ANOMALY,1,,,,,,,,,,
EVT-000558-05,USR-000558,ACC-000558,BEHAVIOUR,DEVICE_DEVIATION,2027-07-13T00:15:00,DEV-000558-02,,,behaviour,DEVIATION,,,synthetic,SIM_ESIM_AUTH_ANOMALY,1,,,,,,,,,,
EVT-000559-01,USR-000559,ACC-000559,TELECOM,SIM_REPLACEMENT,2027-07-14T00:00:00,DEV-000559-01,,,telecom,SUCCESS,,,synthetic,LEGITIMATE_SIM_REPLACEMENT,0,,,,,,,,,,
EVT-000559-02,USR-000559,ACC-000559,AUTHENTICATION,LOGIN,2027-07-14T00:10:00,DEV-000559-01,,,authentication,SUCCESS,,,synthetic,LEGITIMATE_SIM_REPLACEMENT,0,,,,,,,,,,
EVT-000559-03,USR-000559,ACC-000559,TRANSACTION,TRANSACTION,2027-07-14T00:30:00,DEV-000559-01,,,transaction,SUCCESS,89703.37,,paysim,LEGITIMATE_SIM_REPLACEMENT,0,CASH_OUT,7564.0,0.0,0.0,89703.37,37,C1956847702,C902862816,0,0
EVT-000560-01,USR-000560,ACC-000560,TELECOM,ESIM_CHANGE,2027-07-15T00:00:00,DEV-000560-01,,,telecom,SUCCESS,,,synthetic,LEGITIMATE_ESIM_CHANGE,0,,,,,,,,,,
EVT-000560-02,USR-000560,ACC-000560,AUTHENTICATION,LOGIN,2027-07-15T00:10:00,DEV-000560-01,,,authentication,SUCCESS,,,synthetic,LEGITIMATE_ESIM_CHANGE,0,,,,,,,,,,
EVT-000561-01,USR-000561,ACC-000561,TELECOM,ESIM_CHANGE,2027-07-16T00:00:00,DEV-000561-01,,,telecom,SUCCESS,,,synthetic,SUSPICIOUS_ESIM_CHANGE,1,,,,,,,,,,
EVT-000561-02,USR-000561,ACC-000561,DEVICE,NEW_DEVICE,2027-07-16T00:05:00,DEV-000561-02,,,device,UNRECOGNIZED,,,synthetic,SUSPICIOUS_ESIM_CHANGE,1,,,,,,,,,,
EVT-000561-03,USR-000561,ACC-000561,DEVICE,DEVICE_CHANGE,2027-07-16T00:08:00,DEV-000561-02,,,device,DEVIATION,,,synthetic,SUSPICIOUS_ESIM_CHANGE,1,,,,,,,,,,
EVT-000561-04,USR-000561,ACC-000561,AUTHENTICATION,FAILED_LOGIN,2027-07-16T00:10:00,DEV-000561-02,,,authentication,FAILURE,,,synthetic,SUSPICIOUS_ESIM_CHANGE,1,,,,,,,,,,
EVT-000561-05,USR-000561,ACC-000561,BEHAVIOUR,DEVICE_DEVIATION,2027-07-16T00:15:00,DEV-000561-02,,,behaviour,DEVIATION,,,synthetic,SUSPICIOUS_ESIM_CHANGE,1,,,,,,,,,,
EVT-000561-06,USR-000561,ACC-000561,TRANSACTION,TRANSACTION,2027-07-16T00:30:00,DEV-000561-02,,,transaction,SUCCESS,593711.66,,paysim,SUSPICIOUS_ESIM_CHANGE,1,CASH_OUT,0.0,0.0,2006627.86,2600339.52,129,C1421330347,C487596311,0,0
EVT-000562-01,USR-000562,ACC-000562,TELECOM,SIM_SWAP,2027-07-17T00:00:00,DEV-000562-01,,,telecom,SUCCESS,,,synthetic,SIM_ESIM_AUTH_ANOMALY,1,,,,,,,,,,
EVT-000562-02,USR-000562,ACC-000562,DEVICE,NEW_DEVICE,2027-07-17T00:05:00,DEV-000562-02,,,device,UNRECOGNIZED,,,synthetic,SIM_ESIM_AUTH_ANOMALY,1,,,,,,,,,,
EVT-000562-03,USR-000562,ACC-000562,AUTHENTICATION,FAILED_LOGIN,2027-07-17T00:10:00,DEV-000562-02,,,authentication,FAILURE,,,synthetic,SIM_ESIM_AUTH_ANOMALY,1,,,,,,,,,,
EVT-000562-04,USR-000562,ACC-000562,AUTHENTICATION,FAILED_LOGIN,2027-07-17T00:12:00,DEV-000562-02,,,authentication,FAILURE,,,synthetic,SIM_ESIM_AUTH_ANOMALY,1,,,,,,,,,,
EVT-000562-05,USR-000562,ACC-000562,BEHAVIOUR,DEVICE_DEVIATION,2027-07-17T00:15:00,DEV-000562-02,,,behaviour,DEVIATION,,,synthetic,SIM_ESIM_AUTH_ANOMALY,1,,,,,,,,,,
EVT-000563-01,USR-000563,ACC-000563,TELECOM,SIM_REPLACEMENT,2027-07-18T00:00:00,DEV-000563-01,,,telecom,SUCCESS,,,synthetic,LEGITIMATE_SIM_REPLACEMENT,0,,,,,,,,,,
EVT-000563-02,USR-000563,ACC-000563,AUTHENTICATION,LOGIN,2027-07-18T00:10:00,DEV-000563-01,,,authentication,SUCCESS,,,synthetic,LEGITIMATE_SIM_REPLACEMENT,0,,,,,,,,,,
EVT-000563-03,USR-000563,ACC-000563,TRANSACTION,TRANSACTION,2027-07-18T00:30:00,DEV-000563-01,,,transaction,SUCCESS,303860.58,,paysim,LEGITIMATE_SIM_REPLACEMENT,0,CASH_OUT,1048616.89,744756.31,0.0,303860.58,154,C1186308078,C1883741520,0,0
EVT-000564-01,USR-000564,ACC-000564,TELECOM,SIM_SWAP,2027-07-19T00:00:00,DEV-000564-01,,,telecom,SUCCESS,,,synthetic,SIM_ESIM_AUTH_ANOMALY,1,,,,,,,,,,
EVT-000564-02,USR-000564,ACC-000564,DEVICE,NEW_DEVICE,2027-07-19T00:05:00,DEV-000564-02,,,device,UNRECOGNIZED,,,synthetic,SIM_ESIM_AUTH_ANOMALY,1,,,,,,,,,,
EVT-000564-03,USR-000564,ACC-000564,AUTHENTICATION,FAILED_LOGIN,2027-07-19T00:10:00,DEV-000564-02,,,authentication,FAILURE,,,synthetic,SIM_ESIM_AUTH_ANOMALY,1,,,,,,,,,,
EVT-000564-04,USR-000564,ACC-000564,AUTHENTICATION,FAILED_LOGIN,2027-07-19T00:12:00,DEV-000564-02,,,authentication,FAILURE,,,synthetic,SIM_ESIM_AUTH_ANOMALY,1,,,,,,,,,,
EVT-000564-05,USR-000564,ACC-000564,BEHAVIOUR,DEVICE_DEVIATION,2027-07-19T00:15:00,DEV-000564-02,,,behaviour,DEVIATION,,,synthetic,SIM_ESIM_AUTH_ANOMALY,1,,,,,,,,,,
EVT-000565-01,USR-000565,ACC-000565,TELECOM,ESIM_CHANGE,2027-07-20T00:00:00,DEV-000565-01,,,telecom,SUCCESS,,,synthetic,SUSPICIOUS_ESIM_CHANGE,1,,,,,,,,,,
EVT-000565-02,USR-000565,ACC-000565,DEVICE,NEW_DEVICE,2027-07-20T00:05:00,DEV-000565-02,,,device,UNRECOGNIZED,,,synthetic,SUSPICIOUS_ESIM_CHANGE,1,,,,,,,,,,
EVT-000565-03,USR-000565,ACC-000565,DEVICE,DEVICE_CHANGE,2027-07-20T00:08:00,DEV-000565-02,,,device,DEVIATION,,,synthetic,SUSPICIOUS_ESIM_CHANGE,1,,,,,,,,,,
EVT-000565-04,USR-000565,ACC-000565,AUTHENTICATION,FAILED_LOGIN,2027-07-20T00:10:00,DEV-000565-02,,,authentication,FAILURE,,,synthetic,SUSPICIOUS_ESIM_CHANGE,1,,,,,,,,,,
EVT-000565-05,USR-000565,ACC-000565,BEHAVIOUR,DEVICE_DEVIATION,2027-07-20T00:15:00,DEV-000565-02,,,behaviour,DEVIATION,,,synthetic,SUSPICIOUS_ESIM_CHANGE,1,,,,,,,,,,
EVT-000565-06,USR-000565,ACC-000565,TRANSACTION,TRANSACTION,2027-07-20T00:30:00,DEV-000565-02,,,transaction,SUCCESS,78206.59,,paysim,SUSPICIOUS_ESIM_CHANGE,1,CASH_OUT,299666.0,221459.41,0.0,78206.59,257,C1041340350,C1769733613,0,0
EVT-000566-01,USR-000566,ACC-000566,TELECOM,SIM_SWAP,2027-07-21T00:00:00,DEV-000566-01,,,telecom,SUCCESS,,,synthetic,SIM_ESIM_AUTH_ANOMALY,1,,,,,,,,,,
EVT-000566-02,USR-000566,ACC-000566,DEVICE,NEW_DEVICE,2027-07-21T00:05:00,DEV-000566-02,,,device,UNRECOGNIZED,,,synthetic,SIM_ESIM_AUTH_ANOMALY,1,,,,,,,,,,
EVT-000566-03,USR-000566,ACC-000566,AUTHENTICATION,FAILED_LOGIN,2027-07-21T00:10:00,DEV-000566-02,,,authentication,FAILURE,,,synthetic,SIM_ESIM_AUTH_ANOMALY,1,,,,,,,,,,
EVT-000566-04,USR-000566,ACC-000566,AUTHENTICATION,FAILED_LOGIN,2027-07-21T00:12:00,DEV-000566-02,,,authentication,FAILURE,,,synthetic,SIM_ESIM_AUTH_ANOMALY,1,,,,,,,,,,
EVT-000566-05,USR-000566,ACC-000566,BEHAVIOUR,DEVICE_DEVIATION,2027-07-21T00:15:00,DEV-000566-02,,,behaviour,DEVIATION,,,synthetic,SIM_ESIM_AUTH_ANOMALY,1,,,,,,,,,,
EVT-000567-01,USR-000567,ACC-000567,TELECOM,SIM_REPLACEMENT,2027-07-22T00:00:00,DEV-000567-01,,,telecom,SUCCESS,,,synthetic,SUSPICIOUS_SIM_REPLACEMENT,1,,,,,,,,,,
EVT-000567-02,USR-000567,ACC-000567,DEVICE,NEW_DEVICE,2027-07-22T00:05:00,DEV-000567-02,,,device,UNRECOGNIZED,,,synthetic,SUSPICIOUS_SIM_REPLACEMENT,1,,,,,,,,,,
EVT-000567-03,USR-000567,ACC-000567,AUTHENTICATION,FAILED_LOGIN,2027-07-22T00:10:00,DEV-000567-02,,,authentication,FAILURE,,,synthetic,SUSPICIOUS_SIM_REPLACEMENT,1,,,,,,,,,,
EVT-000567-04,USR-000567,ACC-000567,RECOVERY,PASSWORD_RESET,2027-07-22T00:15:00,DEV-000567-02,,,recovery,SUCCESS,,,synthetic,SUSPICIOUS_SIM_REPLACEMENT,1,,,,,,,,,,
EVT-000567-05,USR-000567,ACC-000567,ACCOUNT,NEW_BENEFICIARY,2027-07-22T00:20:00,DEV-000567-02,,,account,SUCCESS,,BEN-000567-01,synthetic,SUSPICIOUS_SIM_REPLACEMENT,1,,,,,,,,,,
EVT-000567-06,USR-000567,ACC-000567,TRANSACTION,TRANSACTION,2027-07-22T00:30:00,DEV-000567-02,,,transaction,SUCCESS,11692.7,,paysim,SUSPICIOUS_SIM_REPLACEMENT,1,PAYMENT,12465.0,772.3,0.0,0.0,22,C1598435822,M2087987705,0,0
EVT-000568-01,USR-000568,ACC-000568,TELECOM,ESIM_CHANGE,2027-07-23T00:00:00,DEV-000568-01,,,telecom,SUCCESS,,,synthetic,LEGITIMATE_ESIM_CHANGE,0,,,,,,,,,,
EVT-000568-02,USR-000568,ACC-000568,AUTHENTICATION,LOGIN,2027-07-23T00:10:00,DEV-000568-01,,,authentication,SUCCESS,,,synthetic,LEGITIMATE_ESIM_CHANGE,0,,,,,,,,,,
EVT-000569-01,USR-000569,ACC-000569,TELECOM,ESIM_CHANGE,2027-07-24T00:00:00,DEV-000569-01,,,telecom,SUCCESS,,,synthetic,LEGITIMATE_ESIM_CHANGE,0,,,,,,,,,,
EVT-000569-02,USR-000569,ACC-000569,AUTHENTICATION,LOGIN,2027-07-24T00:10:00,DEV-000569-01,,,authentication,SUCCESS,,,synthetic,LEGITIMATE_ESIM_CHANGE,0,,,,,,,,,,
EVT-000570-01,USR-000570,ACC-000570,TELECOM,ESIM_CHANGE,2027-07-25T00:00:00,DEV-000570-01,,,telecom,SUCCESS,,,synthetic,LEGITIMATE_ESIM_CHANGE,0,,,,,,,,,,
EVT-000570-02,USR-000570,ACC-000570,AUTHENTICATION,LOGIN,2027-07-25T00:10:00,DEV-000570-01,,,authentication,SUCCESS,,,synthetic,LEGITIMATE_ESIM_CHANGE,0,,,,,,,,,,
EVT-000571-01,USR-000571,ACC-000571,TELECOM,ESIM_CHANGE,2027-07-26T00:00:00,DEV-000571-01,,,telecom,SUCCESS,,,synthetic,LEGITIMATE_ESIM_CHANGE,0,,,,,,,,,,
EVT-000571-02,USR-000571,ACC-000571,AUTHENTICATION,LOGIN,2027-07-26T00:10:00,DEV-000571-01,,,authentication,SUCCESS,,,synthetic,LEGITIMATE_ESIM_CHANGE,0,,,,,,,,,,
EVT-000572-01,USR-000572,ACC-000572,TELECOM,ESIM_CHANGE,2027-07-27T00:00:00,DEV-000572-01,,,telecom,SUCCESS,,,synthetic,LEGITIMATE_ESIM_CHANGE,0,,,,,,,,,,
EVT-000572-02,USR-000572,ACC-000572,AUTHENTICATION,LOGIN,2027-07-27T00:10:00,DEV-000572-01,,,authentication,SUCCESS,,,synthetic,LEGITIMATE_ESIM_CHANGE,0,,,,,,,,,,
EVT-000573-01,USR-000573,ACC-000573,TELECOM,SIM_SWAP,2027-07-28T00:00:00,DEV-000573-01,,,telecom,SUCCESS,,,synthetic,SIM_ESIM_AUTH_ANOMALY,1,,,,,,,,,,
EVT-000573-02,USR-000573,ACC-000573,DEVICE,NEW_DEVICE,2027-07-28T00:05:00,DEV-000573-02,,,device,UNRECOGNIZED,,,synthetic,SIM_ESIM_AUTH_ANOMALY,1,,,,,,,,,,
EVT-000573-03,USR-000573,ACC-000573,AUTHENTICATION,FAILED_LOGIN,2027-07-28T00:10:00,DEV-000573-02,,,authentication,FAILURE,,,synthetic,SIM_ESIM_AUTH_ANOMALY,1,,,,,,,,,,
EVT-000573-04,USR-000573,ACC-000573,AUTHENTICATION,FAILED_LOGIN,2027-07-28T00:12:00,DEV-000573-02,,,authentication,FAILURE,,,synthetic,SIM_ESIM_AUTH_ANOMALY,1,,,,,,,,,,
EVT-000573-05,USR-000573,ACC-000573,BEHAVIOUR,DEVICE_DEVIATION,2027-07-28T00:15:00,DEV-000573-02,,,behaviour,DEVIATION,,,synthetic,SIM_ESIM_AUTH_ANOMALY,1,,,,,,,,,,
EVT-000574-01,USR-000574,ACC-000574,TELECOM,SIM_SWAP,2027-07-29T00:00:00,DEV-000574-01,,,telecom,SUCCESS,,,synthetic,SIM_ESIM_AUTH_ANOMALY,1,,,,,,,,,,
EVT-000574-02,USR-000574,ACC-000574,DEVICE,NEW_DEVICE,2027-07-29T00:05:00,DEV-000574-02,,,device,UNRECOGNIZED,,,synthetic,SIM_ESIM_AUTH_ANOMALY,1,,,,,,,,,,
EVT-000574-03,USR-000574,ACC-000574,AUTHENTICATION,FAILED_LOGIN,2027-07-29T00:10:00,DEV-000574-02,,,authentication,FAILURE,,,synthetic,SIM_ESIM_AUTH_ANOMALY,1,,,,,,,,,,
EVT-000574-04,USR-000574,ACC-000574,AUTHENTICATION,FAILED_LOGIN,2027-07-29T00:12:00,DEV-000574-02,,,authentication,FAILURE,,,synthetic,SIM_ESIM_AUTH_ANOMALY,1,,,,,,,,,,
EVT-000574-05,USR-000574,ACC-000574,BEHAVIOUR,DEVICE_DEVIATION,2027-07-29T00:15:00,DEV-000574-02,,,behaviour,DEVIATION,,,synthetic,SIM_ESIM_AUTH_ANOMALY,1,,,,,,,,,,
EVT-000575-01,USR-000575,ACC-000575,TELECOM,SIM_REPLACEMENT,2027-07-30T00:00:00,DEV-000575-01,,,telecom,SUCCESS,,,synthetic,LEGITIMATE_SIM_REPLACEMENT,0,,,,,,,,,,
EVT-000575-02,USR-000575,ACC-000575,AUTHENTICATION,LOGIN,2027-07-30T00:10:00,DEV-000575-01,,,authentication,SUCCESS,,,synthetic,LEGITIMATE_SIM_REPLACEMENT,0,,,,,,,,,,
EVT-000575-03,USR-000575,ACC-000575,TRANSACTION,TRANSACTION,2027-07-30T00:30:00,DEV-000575-01,,,transaction,SUCCESS,159081.18,,paysim,LEGITIMATE_SIM_REPLACEMENT,0,TRANSFER,0.0,0.0,567742.85,726824.04,380,C976561416,C286122553,0,0
EVT-000576-01,USR-000576,ACC-000576,TELECOM,SIM_REPLACEMENT,2027-07-31T00:00:00,DEV-000576-01,,,telecom,SUCCESS,,,synthetic,LEGITIMATE_SIM_REPLACEMENT,0,,,,,,,,,,
EVT-000576-02,USR-000576,ACC-000576,AUTHENTICATION,LOGIN,2027-07-31T00:10:00,DEV-000576-01,,,authentication,SUCCESS,,,synthetic,LEGITIMATE_SIM_REPLACEMENT,0,,,,,,,,,,
EVT-000576-03,USR-000576,ACC-000576,TRANSACTION,TRANSACTION,2027-07-31T00:30:00,DEV-000576-01,,,transaction,SUCCESS,17241.25,,paysim,LEGITIMATE_SIM_REPLACEMENT,0,PAYMENT,31860.47,14619.22,0.0,0.0,204,C364309875,M374874192,0,0
EVT-000577-01,USR-000577,ACC-000577,TELECOM,SIM_SWAP,2027-08-01T00:00:00,DEV-000577-01,,,telecom,SUCCESS,,,synthetic,SIM_ESIM_AUTH_ANOMALY,1,,,,,,,,,,
EVT-000577-02,USR-000577,ACC-000577,DEVICE,NEW_DEVICE,2027-08-01T00:05:00,DEV-000577-02,,,device,UNRECOGNIZED,,,synthetic,SIM_ESIM_AUTH_ANOMALY,1,,,,,,,,,,
EVT-000577-03,USR-000577,ACC-000577,AUTHENTICATION,FAILED_LOGIN,2027-08-01T00:10:00,DEV-000577-02,,,authentication,FAILURE,,,synthetic,SIM_ESIM_AUTH_ANOMALY,1,,,,,,,,,,
EVT-000577-04,USR-000577,ACC-000577,AUTHENTICATION,FAILED_LOGIN,2027-08-01T00:12:00,DEV-000577-02,,,authentication,FAILURE,,,synthetic,SIM_ESIM_AUTH_ANOMALY,1,,,,,,,,,,
EVT-000577-05,USR-000577,ACC-000577,BEHAVIOUR,DEVICE_DEVIATION,2027-08-01T00:15:00,DEV-000577-02,,,behaviour,DEVIATION,,,synthetic,SIM_ESIM_AUTH_ANOMALY,1,,,,,,,,,,
EVT-000578-01,USR-000578,ACC-000578,TELECOM,SIM_REPLACEMENT,2027-08-02T00:00:00,DEV-000578-01,,,telecom,SUCCESS,,,synthetic,LEGITIMATE_SIM_REPLACEMENT,0,,,,,,,,,,
EVT-000578-02,USR-000578,ACC-000578,AUTHENTICATION,LOGIN,2027-08-02T00:10:00,DEV-000578-01,,,authentication,SUCCESS,,,synthetic,LEGITIMATE_SIM_REPLACEMENT,0,,,,,,,,,,
EVT-000578-03,USR-000578,ACC-000578,TRANSACTION,TRANSACTION,2027-08-02T00:30:00,DEV-000578-01,,,transaction,SUCCESS,3117.33,,paysim,LEGITIMATE_SIM_REPLACEMENT,0,PAYMENT,0.0,0.0,0.0,0.0,306,C1181875998,M1297797427,0,0
EVT-000579-01,USR-000579,ACC-000579,TELECOM,SIM_REPLACEMENT,2027-08-03T00:00:00,DEV-000579-01,,,telecom,SUCCESS,,,synthetic,LEGITIMATE_SIM_REPLACEMENT,0,,,,,,,,,,
EVT-000579-02,USR-000579,ACC-000579,AUTHENTICATION,LOGIN,2027-08-03T00:10:00,DEV-000579-01,,,authentication,SUCCESS,,,synthetic,LEGITIMATE_SIM_REPLACEMENT,0,,,,,,,,,,
EVT-000579-03,USR-000579,ACC-000579,TRANSACTION,TRANSACTION,2027-08-03T00:30:00,DEV-000579-01,,,transaction,SUCCESS,19445.37,,paysim,LEGITIMATE_SIM_REPLACEMENT,0,PAYMENT,0.0,0.0,0.0,0.0,305,C772606762,M231249154,0,0
EVT-000580-01,USR-000580,ACC-000580,TELECOM,ESIM_CHANGE,2027-08-04T00:00:00,DEV-000580-01,,,telecom,SUCCESS,,,synthetic,LEGITIMATE_ESIM_CHANGE,0,,,,,,,,,,
EVT-000580-02,USR-000580,ACC-000580,AUTHENTICATION,LOGIN,2027-08-04T00:10:00,DEV-000580-01,,,authentication,SUCCESS,,,synthetic,LEGITIMATE_ESIM_CHANGE,0,,,,,,,,,,
EVT-000581-01,USR-000581,ACC-000581,TELECOM,SIM_SWAP,2027-08-05T00:00:00,DEV-000581-01,,,telecom,SUCCESS,,,synthetic,SIM_ESIM_AUTH_ANOMALY,1,,,,,,,,,,
EVT-000581-02,USR-000581,ACC-000581,DEVICE,NEW_DEVICE,2027-08-05T00:05:00,DEV-000581-02,,,device,UNRECOGNIZED,,,synthetic,SIM_ESIM_AUTH_ANOMALY,1,,,,,,,,,,
EVT-000581-03,USR-000581,ACC-000581,AUTHENTICATION,FAILED_LOGIN,2027-08-05T00:10:00,DEV-000581-02,,,authentication,FAILURE,,,synthetic,SIM_ESIM_AUTH_ANOMALY,1,,,,,,,,,,
EVT-000581-04,USR-000581,ACC-000581,AUTHENTICATION,FAILED_LOGIN,2027-08-05T00:12:00,DEV-000581-02,,,authentication,FAILURE,,,synthetic,SIM_ESIM_AUTH_ANOMALY,1,,,,,,,,,,
EVT-000581-05,USR-000581,ACC-000581,BEHAVIOUR,DEVICE_DEVIATION,2027-08-05T00:15:00,DEV-000581-02,,,behaviour,DEVIATION,,,synthetic,SIM_ESIM_AUTH_ANOMALY,1,,,,,,,,,,
EVT-000582-01,USR-000582,ACC-000582,TELECOM,SIM_REPLACEMENT,2027-08-06T00:00:00,DEV-000582-01,,,telecom,SUCCESS,,,synthetic,LEGITIMATE_SIM_REPLACEMENT,0,,,,,,,,,,
EVT-000582-02,USR-000582,ACC-000582,AUTHENTICATION,LOGIN,2027-08-06T00:10:00,DEV-000582-01,,,authentication,SUCCESS,,,synthetic,LEGITIMATE_SIM_REPLACEMENT,0,,,,,,,,,,
EVT-000582-03,USR-000582,ACC-000582,TRANSACTION,TRANSACTION,2027-08-06T00:30:00,DEV-000582-01,,,transaction,SUCCESS,8528.8,,paysim,LEGITIMATE_SIM_REPLACEMENT,0,PAYMENT,0.0,0.0,0.0,0.0,12,C1224611472,M1353882812,0,0
EVT-000583-01,USR-000583,ACC-000583,TELECOM,SIM_SWAP,2027-08-07T00:00:00,DEV-000583-01,,,telecom,SUCCESS,,,synthetic,SIM_ESIM_AUTH_ANOMALY,1,,,,,,,,,,
EVT-000583-02,USR-000583,ACC-000583,DEVICE,NEW_DEVICE,2027-08-07T00:05:00,DEV-000583-02,,,device,UNRECOGNIZED,,,synthetic,SIM_ESIM_AUTH_ANOMALY,1,,,,,,,,,,
EVT-000583-03,USR-000583,ACC-000583,AUTHENTICATION,FAILED_LOGIN,2027-08-07T00:10:00,DEV-000583-02,,,authentication,FAILURE,,,synthetic,SIM_ESIM_AUTH_ANOMALY,1,,,,,,,,,,
EVT-000583-04,USR-000583,ACC-000583,AUTHENTICATION,FAILED_LOGIN,2027-08-07T00:12:00,DEV-000583-02,,,authentication,FAILURE,,,synthetic,SIM_ESIM_AUTH_ANOMALY,1,,,,,,,,,,
EVT-000583-05,USR-000583,ACC-000583,BEHAVIOUR,DEVICE_DEVIATION,2027-08-07T00:15:00,DEV-000583-02,,,behaviour,DEVIATION,,,synthetic,SIM_ESIM_AUTH_ANOMALY,1,,,,,,,,,,
EVT-000584-01,USR-000584,ACC-000584,TELECOM,ESIM_CHANGE,2027-08-08T00:00:00,DEV-000584-01,,,telecom,SUCCESS,,,synthetic,LEGITIMATE_ESIM_CHANGE,0,,,,,,,,,,
EVT-000584-02,USR-000584,ACC-000584,AUTHENTICATION,LOGIN,2027-08-08T00:10:00,DEV-000584-01,,,authentication,SUCCESS,,,synthetic,LEGITIMATE_ESIM_CHANGE,0,,,,,,,,,,
EVT-000585-01,USR-000585,ACC-000585,TELECOM,SIM_REPLACEMENT,2027-08-09T00:00:00,DEV-000585-01,,,telecom,SUCCESS,,,synthetic,SUSPICIOUS_SIM_REPLACEMENT,1,,,,,,,,,,
EVT-000585-02,USR-000585,ACC-000585,DEVICE,NEW_DEVICE,2027-08-09T00:05:00,DEV-000585-02,,,device,UNRECOGNIZED,,,synthetic,SUSPICIOUS_SIM_REPLACEMENT,1,,,,,,,,,,
EVT-000585-03,USR-000585,ACC-000585,AUTHENTICATION,FAILED_LOGIN,2027-08-09T00:10:00,DEV-000585-02,,,authentication,FAILURE,,,synthetic,SUSPICIOUS_SIM_REPLACEMENT,1,,,,,,,,,,
EVT-000585-04,USR-000585,ACC-000585,RECOVERY,PASSWORD_RESET,2027-08-09T00:15:00,DEV-000585-02,,,recovery,SUCCESS,,,synthetic,SUSPICIOUS_SIM_REPLACEMENT,1,,,,,,,,,,
EVT-000585-05,USR-000585,ACC-000585,ACCOUNT,NEW_BENEFICIARY,2027-08-09T00:20:00,DEV-000585-02,,,account,SUCCESS,,BEN-000585-01,synthetic,SUSPICIOUS_SIM_REPLACEMENT,1,,,,,,,,,,
EVT-000585-06,USR-000585,ACC-000585,TRANSACTION,TRANSACTION,2027-08-09T00:30:00,DEV-000585-02,,,transaction,SUCCESS,21561.28,,paysim,SUSPICIOUS_SIM_REPLACEMENT,1,PAYMENT,0.0,0.0,0.0,0.0,142,C218725099,M842103568,0,0
EVT-000586-01,USR-000586,ACC-000586,TELECOM,ESIM_CHANGE,2027-08-10T00:00:00,DEV-000586-01,,,telecom,SUCCESS,,,synthetic,SUSPICIOUS_ESIM_CHANGE,1,,,,,,,,,,
EVT-000586-02,USR-000586,ACC-000586,DEVICE,NEW_DEVICE,2027-08-10T00:05:00,DEV-000586-02,,,device,UNRECOGNIZED,,,synthetic,SUSPICIOUS_ESIM_CHANGE,1,,,,,,,,,,
EVT-000586-03,USR-000586,ACC-000586,DEVICE,DEVICE_CHANGE,2027-08-10T00:08:00,DEV-000586-02,,,device,DEVIATION,,,synthetic,SUSPICIOUS_ESIM_CHANGE,1,,,,,,,,,,
EVT-000586-04,USR-000586,ACC-000586,AUTHENTICATION,FAILED_LOGIN,2027-08-10T00:10:00,DEV-000586-02,,,authentication,FAILURE,,,synthetic,SUSPICIOUS_ESIM_CHANGE,1,,,,,,,,,,
EVT-000586-05,USR-000586,ACC-000586,BEHAVIOUR,DEVICE_DEVIATION,2027-08-10T00:15:00,DEV-000586-02,,,behaviour,DEVIATION,,,synthetic,SUSPICIOUS_ESIM_CHANGE,1,,,,,,,,,,
EVT-000586-06,USR-000586,ACC-000586,TRANSACTION,TRANSACTION,2027-08-10T00:30:00,DEV-000586-02,,,transaction,SUCCESS,108837.24,,paysim,SUSPICIOUS_ESIM_CHANGE,1,CASH_IN,20995.0,129832.24,58183.2,0.0,35,C1415411405,C967366986,0,0
EVT-000587-01,USR-000587,ACC-000587,TELECOM,ESIM_CHANGE,2027-08-11T00:00:00,DEV-000587-01,,,telecom,SUCCESS,,,synthetic,SUSPICIOUS_ESIM_CHANGE,1,,,,,,,,,,
EVT-000587-02,USR-000587,ACC-000587,DEVICE,NEW_DEVICE,2027-08-11T00:05:00,DEV-000587-02,,,device,UNRECOGNIZED,,,synthetic,SUSPICIOUS_ESIM_CHANGE,1,,,,,,,,,,
EVT-000587-03,USR-000587,ACC-000587,DEVICE,DEVICE_CHANGE,2027-08-11T00:08:00,DEV-000587-02,,,device,DEVIATION,,,synthetic,SUSPICIOUS_ESIM_CHANGE,1,,,,,,,,,,
EVT-000587-04,USR-000587,ACC-000587,AUTHENTICATION,FAILED_LOGIN,2027-08-11T00:10:00,DEV-000587-02,,,authentication,FAILURE,,,synthetic,SUSPICIOUS_ESIM_CHANGE,1,,,,,,,,,,
EVT-000587-05,USR-000587,ACC-000587,BEHAVIOUR,DEVICE_DEVIATION,2027-08-11T00:15:00,DEV-000587-02,,,behaviour,DEVIATION,,,synthetic,SUSPICIOUS_ESIM_CHANGE,1,,,,,,,,,,
EVT-000587-06,USR-000587,ACC-000587,TRANSACTION,TRANSACTION,2027-08-11T00:30:00,DEV-000587-02,,,transaction,SUCCESS,73745.25,,paysim,SUSPICIOUS_ESIM_CHANGE,1,CASH_IN,164225.0,237970.25,0.0,0.0,204,C12823949,C1643537373,0,0
EVT-000588-01,USR-000588,ACC-000588,TELECOM,ESIM_CHANGE,2027-08-12T00:00:00,DEV-000588-01,,,telecom,SUCCESS,,,synthetic,LEGITIMATE_ESIM_CHANGE,0,,,,,,,,,,
EVT-000588-02,USR-000588,ACC-000588,AUTHENTICATION,LOGIN,2027-08-12T00:10:00,DEV-000588-01,,,authentication,SUCCESS,,,synthetic,LEGITIMATE_ESIM_CHANGE,0,,,,,,,,,,
EVT-000589-01,USR-000589,ACC-000589,TELECOM,ESIM_CHANGE,2027-08-13T00:00:00,DEV-000589-01,,,telecom,SUCCESS,,,synthetic,LEGITIMATE_ESIM_CHANGE,0,,,,,,,,,,
EVT-000589-02,USR-000589,ACC-000589,AUTHENTICATION,LOGIN,2027-08-13T00:10:00,DEV-000589-01,,,authentication,SUCCESS,,,synthetic,LEGITIMATE_ESIM_CHANGE,0,,,,,,,,,,
EVT-000590-01,USR-000590,ACC-000590,TELECOM,SIM_SWAP,2027-08-14T00:00:00,DEV-000590-01,,,telecom,SUCCESS,,,synthetic,SIM_ESIM_AUTH_ANOMALY,1,,,,,,,,,,
EVT-000590-02,USR-000590,ACC-000590,DEVICE,NEW_DEVICE,2027-08-14T00:05:00,DEV-000590-02,,,device,UNRECOGNIZED,,,synthetic,SIM_ESIM_AUTH_ANOMALY,1,,,,,,,,,,
EVT-000590-03,USR-000590,ACC-000590,AUTHENTICATION,FAILED_LOGIN,2027-08-14T00:10:00,DEV-000590-02,,,authentication,FAILURE,,,synthetic,SIM_ESIM_AUTH_ANOMALY,1,,,,,,,,,,
EVT-000590-04,USR-000590,ACC-000590,AUTHENTICATION,FAILED_LOGIN,2027-08-14T00:12:00,DEV-000590-02,,,authentication,FAILURE,,,synthetic,SIM_ESIM_AUTH_ANOMALY,1,,,,,,,,,,
EVT-000590-05,USR-000590,ACC-000590,BEHAVIOUR,DEVICE_DEVIATION,2027-08-14T00:15:00,DEV-000590-02,,,behaviour,DEVIATION,,,synthetic,SIM_ESIM_AUTH_ANOMALY,1,,,,,,,,,,
EVT-000591-01,USR-000591,ACC-000591,TELECOM,ESIM_CHANGE,2027-08-15T00:00:00,DEV-000591-01,,,telecom,SUCCESS,,,synthetic,SUSPICIOUS_ESIM_CHANGE,1,,,,,,,,,,
EVT-000591-02,USR-000591,ACC-000591,DEVICE,NEW_DEVICE,2027-08-15T00:05:00,DEV-000591-02,,,device,UNRECOGNIZED,,,synthetic,SUSPICIOUS_ESIM_CHANGE,1,,,,,,,,,,
EVT-000591-03,USR-000591,ACC-000591,DEVICE,DEVICE_CHANGE,2027-08-15T00:08:00,DEV-000591-02,,,device,DEVIATION,,,synthetic,SUSPICIOUS_ESIM_CHANGE,1,,,,,,,,,,
EVT-000591-04,USR-000591,ACC-000591,AUTHENTICATION,FAILED_LOGIN,2027-08-15T00:10:00,DEV-000591-02,,,authentication,FAILURE,,,synthetic,SUSPICIOUS_ESIM_CHANGE,1,,,,,,,,,,
EVT-000591-05,USR-000591,ACC-000591,BEHAVIOUR,DEVICE_DEVIATION,2027-08-15T00:15:00,DEV-000591-02,,,behaviour,DEVIATION,,,synthetic,SUSPICIOUS_ESIM_CHANGE,1,,,,,,,,,,
EVT-000591-06,USR-000591,ACC-000591,TRANSACTION,TRANSACTION,2027-08-15T00:30:00,DEV-000591-02,,,transaction,SUCCESS,135857.0,,paysim,SUSPICIOUS_ESIM_CHANGE,1,CASH_OUT,60956.15,0.0,1636.0,0.0,18,C293733437,C343097667,0,0
EVT-000592-01,USR-000592,ACC-000592,TELECOM,ESIM_CHANGE,2027-08-16T00:00:00,DEV-000592-01,,,telecom,SUCCESS,,,synthetic,LEGITIMATE_ESIM_CHANGE,0,,,,,,,,,,
EVT-000592-02,USR-000592,ACC-000592,AUTHENTICATION,LOGIN,2027-08-16T00:10:00,DEV-000592-01,,,authentication,SUCCESS,,,synthetic,LEGITIMATE_ESIM_CHANGE,0,,,,,,,,,,
EVT-000593-01,USR-000593,ACC-000593,TELECOM,ESIM_CHANGE,2027-08-17T00:00:00,DEV-000593-01,,,telecom,SUCCESS,,,synthetic,SUSPICIOUS_ESIM_CHANGE,1,,,,,,,,,,
EVT-000593-02,USR-000593,ACC-000593,DEVICE,NEW_DEVICE,2027-08-17T00:05:00,DEV-000593-02,,,device,UNRECOGNIZED,,,synthetic,SUSPICIOUS_ESIM_CHANGE,1,,,,,,,,,,
EVT-000593-03,USR-000593,ACC-000593,DEVICE,DEVICE_CHANGE,2027-08-17T00:08:00,DEV-000593-02,,,device,DEVIATION,,,synthetic,SUSPICIOUS_ESIM_CHANGE,1,,,,,,,,,,
EVT-000593-04,USR-000593,ACC-000593,AUTHENTICATION,FAILED_LOGIN,2027-08-17T00:10:00,DEV-000593-02,,,authentication,FAILURE,,,synthetic,SUSPICIOUS_ESIM_CHANGE,1,,,,,,,,,,
EVT-000593-05,USR-000593,ACC-000593,BEHAVIOUR,DEVICE_DEVIATION,2027-08-17T00:15:00,DEV-000593-02,,,behaviour,DEVIATION,,,synthetic,SUSPICIOUS_ESIM_CHANGE,1,,,,,,,,,,
EVT-000593-06,USR-000593,ACC-000593,TRANSACTION,TRANSACTION,2027-08-17T00:30:00,DEV-000593-02,,,transaction,SUCCESS,313621.17,,paysim,SUSPICIOUS_ESIM_CHANGE,1,CASH_OUT,0.0,0.0,324656.81,638277.98,251,C1741666038,C39782035,0,0
EVT-000594-01,USR-000594,ACC-000594,TELECOM,ESIM_CHANGE,2027-08-18T00:00:00,DEV-000594-01,,,telecom,SUCCESS,,,synthetic,SUSPICIOUS_ESIM_CHANGE,1,,,,,,,,,,
EVT-000594-02,USR-000594,ACC-000594,DEVICE,NEW_DEVICE,2027-08-18T00:05:00,DEV-000594-02,,,device,UNRECOGNIZED,,,synthetic,SUSPICIOUS_ESIM_CHANGE,1,,,,,,,,,,
EVT-000594-03,USR-000594,ACC-000594,DEVICE,DEVICE_CHANGE,2027-08-18T00:08:00,DEV-000594-02,,,device,DEVIATION,,,synthetic,SUSPICIOUS_ESIM_CHANGE,1,,,,,,,,,,
EVT-000594-04,USR-000594,ACC-000594,AUTHENTICATION,FAILED_LOGIN,2027-08-18T00:10:00,DEV-000594-02,,,authentication,FAILURE,,,synthetic,SUSPICIOUS_ESIM_CHANGE,1,,,,,,,,,,
EVT-000594-05,USR-000594,ACC-000594,BEHAVIOUR,DEVICE_DEVIATION,2027-08-18T00:15:00,DEV-000594-02,,,behaviour,DEVIATION,,,synthetic,SUSPICIOUS_ESIM_CHANGE,1,,,,,,,,,,
EVT-000594-06,USR-000594,ACC-000594,TRANSACTION,TRANSACTION,2027-08-18T00:30:00,DEV-000594-02,,,transaction,SUCCESS,356615.45,,paysim,SUSPICIOUS_ESIM_CHANGE,1,TRANSFER,0.0,0.0,1.083750863E7,1.119412408E7,379,C1679627523,C186528131,0,0
EVT-000595-01,USR-000595,ACC-000595,TELECOM,SIM_REPLACEMENT,2027-08-19T00:00:00,DEV-000595-01,,,telecom,SUCCESS,,,synthetic,SUSPICIOUS_SIM_REPLACEMENT,1,,,,,,,,,,
EVT-000595-02,USR-000595,ACC-000595,DEVICE,NEW_DEVICE,2027-08-19T00:05:00,DEV-000595-02,,,device,UNRECOGNIZED,,,synthetic,SUSPICIOUS_SIM_REPLACEMENT,1,,,,,,,,,,
EVT-000595-03,USR-000595,ACC-000595,AUTHENTICATION,FAILED_LOGIN,2027-08-19T00:10:00,DEV-000595-02,,,authentication,FAILURE,,,synthetic,SUSPICIOUS_SIM_REPLACEMENT,1,,,,,,,,,,
EVT-000595-04,USR-000595,ACC-000595,RECOVERY,PASSWORD_RESET,2027-08-19T00:15:00,DEV-000595-02,,,recovery,SUCCESS,,,synthetic,SUSPICIOUS_SIM_REPLACEMENT,1,,,,,,,,,,
EVT-000595-05,USR-000595,ACC-000595,ACCOUNT,NEW_BENEFICIARY,2027-08-19T00:20:00,DEV-000595-02,,,account,SUCCESS,,BEN-000595-01,synthetic,SUSPICIOUS_SIM_REPLACEMENT,1,,,,,,,,,,
EVT-000595-06,USR-000595,ACC-000595,TRANSACTION,TRANSACTION,2027-08-19T00:30:00,DEV-000595-02,,,transaction,SUCCESS,221580.25,,paysim,SUSPICIOUS_SIM_REPLACEMENT,1,CASH_OUT,31073.0,0.0,2120605.61,2342185.86,236,C332912513,C860874291,0,0
EVT-000596-01,USR-000596,ACC-000596,TELECOM,ESIM_CHANGE,2027-08-20T00:00:00,DEV-000596-01,,,telecom,SUCCESS,,,synthetic,SUSPICIOUS_ESIM_CHANGE,1,,,,,,,,,,
EVT-000596-02,USR-000596,ACC-000596,DEVICE,NEW_DEVICE,2027-08-20T00:05:00,DEV-000596-02,,,device,UNRECOGNIZED,,,synthetic,SUSPICIOUS_ESIM_CHANGE,1,,,,,,,,,,
EVT-000596-03,USR-000596,ACC-000596,DEVICE,DEVICE_CHANGE,2027-08-20T00:08:00,DEV-000596-02,,,device,DEVIATION,,,synthetic,SUSPICIOUS_ESIM_CHANGE,1,,,,,,,,,,
EVT-000596-04,USR-000596,ACC-000596,AUTHENTICATION,FAILED_LOGIN,2027-08-20T00:10:00,DEV-000596-02,,,authentication,FAILURE,,,synthetic,SUSPICIOUS_ESIM_CHANGE,1,,,,,,,,,,
EVT-000596-05,USR-000596,ACC-000596,BEHAVIOUR,DEVICE_DEVIATION,2027-08-20T00:15:00,DEV-000596-02,,,behaviour,DEVIATION,,,synthetic,SUSPICIOUS_ESIM_CHANGE,1,,,,,,,,,,
EVT-000596-06,USR-000596,ACC-000596,TRANSACTION,TRANSACTION,2027-08-20T00:30:00,DEV-000596-02,,,transaction,SUCCESS,44331.28,,paysim,SUSPICIOUS_ESIM_CHANGE,1,CASH_OUT,1535.0,0.0,6597936.76,6642268.04,257,C1470215797,C217258395,0,0
EVT-000597-01,USR-000597,ACC-000597,TELECOM,SIM_REPLACEMENT,2027-08-21T00:00:00,DEV-000597-01,,,telecom,SUCCESS,,,synthetic,SUSPICIOUS_SIM_REPLACEMENT,1,,,,,,,,,,
EVT-000597-02,USR-000597,ACC-000597,DEVICE,NEW_DEVICE,2027-08-21T00:05:00,DEV-000597-02,,,device,UNRECOGNIZED,,,synthetic,SUSPICIOUS_SIM_REPLACEMENT,1,,,,,,,,,,
EVT-000597-03,USR-000597,ACC-000597,AUTHENTICATION,FAILED_LOGIN,2027-08-21T00:10:00,DEV-000597-02,,,authentication,FAILURE,,,synthetic,SUSPICIOUS_SIM_REPLACEMENT,1,,,,,,,,,,
EVT-000597-04,USR-000597,ACC-000597,RECOVERY,PASSWORD_RESET,2027-08-21T00:15:00,DEV-000597-02,,,recovery,SUCCESS,,,synthetic,SUSPICIOUS_SIM_REPLACEMENT,1,,,,,,,,,,
EVT-000597-05,USR-000597,ACC-000597,ACCOUNT,NEW_BENEFICIARY,2027-08-21T00:20:00,DEV-000597-02,,,account,SUCCESS,,BEN-000597-01,synthetic,SUSPICIOUS_SIM_REPLACEMENT,1,,,,,,,,,,
EVT-000597-06,USR-000597,ACC-000597,TRANSACTION,TRANSACTION,2027-08-21T00:30:00,DEV-000597-02,,,transaction,SUCCESS,69975.42,,paysim,SUSPICIOUS_SIM_REPLACEMENT,1,CASH_IN,58033.0,128008.42,0.0,0.0,403,C1534293102,C1760752420,0,0
EVT-000598-01,USR-000598,ACC-000598,TELECOM,SIM_REPLACEMENT,2027-08-22T00:00:00,DEV-000598-01,,,telecom,SUCCESS,,,synthetic,LEGITIMATE_SIM_REPLACEMENT,0,,,,,,,,,,
EVT-000598-02,USR-000598,ACC-000598,AUTHENTICATION,LOGIN,2027-08-22T00:10:00,DEV-000598-01,,,authentication,SUCCESS,,,synthetic,LEGITIMATE_SIM_REPLACEMENT,0,,,,,,,,,,
EVT-000598-03,USR-000598,ACC-000598,TRANSACTION,TRANSACTION,2027-08-22T00:30:00,DEV-000598-01,,,transaction,SUCCESS,93379.35,,paysim,LEGITIMATE_SIM_REPLACEMENT,0,CASH_IN,247660.0,341039.35,1351351.0,1257971.66,354,C651373938,C160819986,0,0
EVT-000599-01,USR-000599,ACC-000599,TELECOM,SIM_REPLACEMENT,2027-08-23T00:00:00,DEV-000599-01,,,telecom,SUCCESS,,,synthetic,LEGITIMATE_SIM_REPLACEMENT,0,,,,,,,,,,
EVT-000599-02,USR-000599,ACC-000599,AUTHENTICATION,LOGIN,2027-08-23T00:10:00,DEV-000599-01,,,authentication,SUCCESS,,,synthetic,LEGITIMATE_SIM_REPLACEMENT,0,,,,,,,,,,
EVT-000599-03,USR-000599,ACC-000599,TRANSACTION,TRANSACTION,2027-08-23T00:30:00,DEV-000599-01,,,transaction,SUCCESS,485278.29,,paysim,LEGITIMATE_SIM_REPLACEMENT,0,TRANSFER,30326.0,0.0,3368835.07,3854113.37,279,C24777956,C1746133862,0,0
EVT-000600-01,USR-000600,ACC-000600,TELECOM,SIM_REPLACEMENT,2027-08-24T00:00:00,DEV-000600-01,,,telecom,SUCCESS,,,synthetic,SUSPICIOUS_SIM_REPLACEMENT,1,,,,,,,,,,
EVT-000600-02,USR-000600,ACC-000600,DEVICE,NEW_DEVICE,2027-08-24T00:05:00,DEV-000600-02,,,device,UNRECOGNIZED,,,synthetic,SUSPICIOUS_SIM_REPLACEMENT,1,,,,,,,,,,
EVT-000600-03,USR-000600,ACC-000600,AUTHENTICATION,FAILED_LOGIN,2027-08-24T00:10:00,DEV-000600-02,,,authentication,FAILURE,,,synthetic,SUSPICIOUS_SIM_REPLACEMENT,1,,,,,,,,,,
EVT-000600-04,USR-000600,ACC-000600,RECOVERY,PASSWORD_RESET,2027-08-24T00:15:00,DEV-000600-02,,,recovery,SUCCESS,,,synthetic,SUSPICIOUS_SIM_REPLACEMENT,1,,,,,,,,,,
EVT-000600-05,USR-000600,ACC-000600,ACCOUNT,NEW_BENEFICIARY,2027-08-24T00:20:00,DEV-000600-02,,,account,SUCCESS,,BEN-000600-01,synthetic,SUSPICIOUS_SIM_REPLACEMENT,1,,,,,,,,,,
EVT-000600-06,USR-000600,ACC-000600,TRANSACTION,TRANSACTION,2027-08-24T00:30:00,DEV-000600-02,,,transaction,SUCCESS,183564.09,,paysim,SUSPICIOUS_SIM_REPLACEMENT,1,CASH_OUT,0.0,0.0,436447.81,620011.9,283,C1437122089,C1121919760,0,0
EVT-000601-01,USR-000601,ACC-000601,TELECOM,SIM_SWAP,2027-08-25T00:00:00,DEV-000601-01,,,telecom,SUCCESS,,,synthetic,SIM_ESIM_AUTH_ANOMALY,1,,,,,,,,,,
EVT-000601-02,USR-000601,ACC-000601,DEVICE,NEW_DEVICE,2027-08-25T00:05:00,DEV-000601-02,,,device,UNRECOGNIZED,,,synthetic,SIM_ESIM_AUTH_ANOMALY,1,,,,,,,,,,
EVT-000601-03,USR-000601,ACC-000601,AUTHENTICATION,FAILED_LOGIN,2027-08-25T00:10:00,DEV-000601-02,,,authentication,FAILURE,,,synthetic,SIM_ESIM_AUTH_ANOMALY,1,,,,,,,,,,
EVT-000601-04,USR-000601,ACC-000601,AUTHENTICATION,FAILED_LOGIN,2027-08-25T00:12:00,DEV-000601-02,,,authentication,FAILURE,,,synthetic,SIM_ESIM_AUTH_ANOMALY,1,,,,,,,,,,
EVT-000601-05,USR-000601,ACC-000601,BEHAVIOUR,DEVICE_DEVIATION,2027-08-25T00:15:00,DEV-000601-02,,,behaviour,DEVIATION,,,synthetic,SIM_ESIM_AUTH_ANOMALY,1,,,,,,,,,,
EVT-000602-01,USR-000602,ACC-000602,TELECOM,SIM_REPLACEMENT,2027-08-26T00:00:00,DEV-000602-01,,,telecom,SUCCESS,,,synthetic,LEGITIMATE_SIM_REPLACEMENT,0,,,,,,,,,,
EVT-000602-02,USR-000602,ACC-000602,AUTHENTICATION,LOGIN,2027-08-26T00:10:00,DEV-000602-01,,,authentication,SUCCESS,,,synthetic,LEGITIMATE_SIM_REPLACEMENT,0,,,,,,,,,,
EVT-000602-03,USR-000602,ACC-000602,TRANSACTION,TRANSACTION,2027-08-26T00:30:00,DEV-000602-01,,,transaction,SUCCESS,17660.23,,paysim,LEGITIMATE_SIM_REPLACEMENT,0,PAYMENT,0.0,0.0,0.0,0.0,186,C1407562676,M1625698461,0,0
EVT-000603-01,USR-000603,ACC-000603,TELECOM,SIM_REPLACEMENT,2027-08-27T00:00:00,DEV-000603-01,,,telecom,SUCCESS,,,synthetic,LEGITIMATE_SIM_REPLACEMENT,0,,,,,,,,,,
EVT-000603-02,USR-000603,ACC-000603,AUTHENTICATION,LOGIN,2027-08-27T00:10:00,DEV-000603-01,,,authentication,SUCCESS,,,synthetic,LEGITIMATE_SIM_REPLACEMENT,0,,,,,,,,,,
EVT-000603-03,USR-000603,ACC-000603,TRANSACTION,TRANSACTION,2027-08-27T00:30:00,DEV-000603-01,,,transaction,SUCCESS,555272.52,,paysim,LEGITIMATE_SIM_REPLACEMENT,0,CASH_OUT,41019.0,0.0,3214459.76,3763542.51,181,C1718637424,C807939788,0,0
EVT-000604-01,USR-000604,ACC-000604,TELECOM,SIM_SWAP,2027-08-28T00:00:00,DEV-000604-01,,,telecom,SUCCESS,,,synthetic,SIM_ESIM_AUTH_ANOMALY,1,,,,,,,,,,
EVT-000604-02,USR-000604,ACC-000604,DEVICE,NEW_DEVICE,2027-08-28T00:05:00,DEV-000604-02,,,device,UNRECOGNIZED,,,synthetic,SIM_ESIM_AUTH_ANOMALY,1,,,,,,,,,,
EVT-000604-03,USR-000604,ACC-000604,AUTHENTICATION,FAILED_LOGIN,2027-08-28T00:10:00,DEV-000604-02,,,authentication,FAILURE,,,synthetic,SIM_ESIM_AUTH_ANOMALY,1,,,,,,,,,,
EVT-000604-04,USR-000604,ACC-000604,AUTHENTICATION,FAILED_LOGIN,2027-08-28T00:12:00,DEV-000604-02,,,authentication,FAILURE,,,synthetic,SIM_ESIM_AUTH_ANOMALY,1,,,,,,,,,,
EVT-000604-05,USR-000604,ACC-000604,BEHAVIOUR,DEVICE_DEVIATION,2027-08-28T00:15:00,DEV-000604-02,,,behaviour,DEVIATION,,,synthetic,SIM_ESIM_AUTH_ANOMALY,1,,,,,,,,,,
EVT-000605-01,USR-000605,ACC-000605,TELECOM,SIM_REPLACEMENT,2027-08-29T00:00:00,DEV-000605-01,,,telecom,SUCCESS,,,synthetic,SUSPICIOUS_SIM_REPLACEMENT,1,,,,,,,,,,
EVT-000605-02,USR-000605,ACC-000605,DEVICE,NEW_DEVICE,2027-08-29T00:05:00,DEV-000605-02,,,device,UNRECOGNIZED,,,synthetic,SUSPICIOUS_SIM_REPLACEMENT,1,,,,,,,,,,
EVT-000605-03,USR-000605,ACC-000605,AUTHENTICATION,FAILED_LOGIN,2027-08-29T00:10:00,DEV-000605-02,,,authentication,FAILURE,,,synthetic,SUSPICIOUS_SIM_REPLACEMENT,1,,,,,,,,,,
EVT-000605-04,USR-000605,ACC-000605,RECOVERY,PASSWORD_RESET,2027-08-29T00:15:00,DEV-000605-02,,,recovery,SUCCESS,,,synthetic,SUSPICIOUS_SIM_REPLACEMENT,1,,,,,,,,,,
EVT-000605-05,USR-000605,ACC-000605,ACCOUNT,NEW_BENEFICIARY,2027-08-29T00:20:00,DEV-000605-02,,,account,SUCCESS,,BEN-000605-01,synthetic,SUSPICIOUS_SIM_REPLACEMENT,1,,,,,,,,,,
EVT-000605-06,USR-000605,ACC-000605,TRANSACTION,TRANSACTION,2027-08-29T00:30:00,DEV-000605-02,,,transaction,SUCCESS,37111.76,,paysim,SUSPICIOUS_SIM_REPLACEMENT,1,PAYMENT,580.0,0.0,0.0,0.0,524,C902823823,M1477303914,0,0
EVT-000606-01,USR-000606,ACC-000606,TELECOM,ESIM_CHANGE,2027-08-30T00:00:00,DEV-000606-01,,,telecom,SUCCESS,,,synthetic,LEGITIMATE_ESIM_CHANGE,0,,,,,,,,,,
EVT-000606-02,USR-000606,ACC-000606,AUTHENTICATION,LOGIN,2027-08-30T00:10:00,DEV-000606-01,,,authentication,SUCCESS,,,synthetic,LEGITIMATE_ESIM_CHANGE,0,,,,,,,,,,
EVT-000607-01,USR-000607,ACC-000607,TELECOM,SIM_REPLACEMENT,2027-08-31T00:00:00,DEV-000607-01,,,telecom,SUCCESS,,,synthetic,LEGITIMATE_SIM_REPLACEMENT,0,,,,,,,,,,
EVT-000607-02,USR-000607,ACC-000607,AUTHENTICATION,LOGIN,2027-08-31T00:10:00,DEV-000607-01,,,authentication,SUCCESS,,,synthetic,LEGITIMATE_SIM_REPLACEMENT,0,,,,,,,,,,
EVT-000607-03,USR-000607,ACC-000607,TRANSACTION,TRANSACTION,2027-08-31T00:30:00,DEV-000607-01,,,transaction,SUCCESS,21849.1,,paysim,LEGITIMATE_SIM_REPLACEMENT,0,PAYMENT,0.0,0.0,0.0,0.0,399,C1944595886,M305173819,0,0
EVT-000608-01,USR-000608,ACC-000608,TELECOM,SIM_SWAP,2027-09-01T00:00:00,DEV-000608-01,,,telecom,SUCCESS,,,synthetic,SIM_ESIM_AUTH_ANOMALY,1,,,,,,,,,,
EVT-000608-02,USR-000608,ACC-000608,DEVICE,NEW_DEVICE,2027-09-01T00:05:00,DEV-000608-02,,,device,UNRECOGNIZED,,,synthetic,SIM_ESIM_AUTH_ANOMALY,1,,,,,,,,,,
EVT-000608-03,USR-000608,ACC-000608,AUTHENTICATION,FAILED_LOGIN,2027-09-01T00:10:00,DEV-000608-02,,,authentication,FAILURE,,,synthetic,SIM_ESIM_AUTH_ANOMALY,1,,,,,,,,,,
EVT-000608-04,USR-000608,ACC-000608,AUTHENTICATION,FAILED_LOGIN,2027-09-01T00:12:00,DEV-000608-02,,,authentication,FAILURE,,,synthetic,SIM_ESIM_AUTH_ANOMALY,1,,,,,,,,,,
EVT-000608-05,USR-000608,ACC-000608,BEHAVIOUR,DEVICE_DEVIATION,2027-09-01T00:15:00,DEV-000608-02,,,behaviour,DEVIATION,,,synthetic,SIM_ESIM_AUTH_ANOMALY,1,,,,,,,,,,
EVT-000609-01,USR-000609,ACC-000609,TELECOM,SIM_SWAP,2027-09-02T00:00:00,DEV-000609-01,,,telecom,SUCCESS,,,synthetic,SIM_ESIM_AUTH_ANOMALY,1,,,,,,,,,,
EVT-000609-02,USR-000609,ACC-000609,DEVICE,NEW_DEVICE,2027-09-02T00:05:00,DEV-000609-02,,,device,UNRECOGNIZED,,,synthetic,SIM_ESIM_AUTH_ANOMALY,1,,,,,,,,,,
EVT-000609-03,USR-000609,ACC-000609,AUTHENTICATION,FAILED_LOGIN,2027-09-02T00:10:00,DEV-000609-02,,,authentication,FAILURE,,,synthetic,SIM_ESIM_AUTH_ANOMALY,1,,,,,,,,,,
EVT-000609-04,USR-000609,ACC-000609,AUTHENTICATION,FAILED_LOGIN,2027-09-02T00:12:00,DEV-000609-02,,,authentication,FAILURE,,,synthetic,SIM_ESIM_AUTH_ANOMALY,1,,,,,,,,,,
EVT-000609-05,USR-000609,ACC-000609,BEHAVIOUR,DEVICE_DEVIATION,2027-09-02T00:15:00,DEV-000609-02,,,behaviour,DEVIATION,,,synthetic,SIM_ESIM_AUTH_ANOMALY,1,,,,,,,,,,
EVT-000610-01,USR-000610,ACC-000610,TELECOM,ESIM_CHANGE,2027-09-03T00:00:00,DEV-000610-01,,,telecom,SUCCESS,,,synthetic,LEGITIMATE_ESIM_CHANGE,0,,,,,,,,,,
EVT-000610-02,USR-000610,ACC-000610,AUTHENTICATION,LOGIN,2027-09-03T00:10:00,DEV-000610-01,,,authentication,SUCCESS,,,synthetic,LEGITIMATE_ESIM_CHANGE,0,,,,,,,,,,
EVT-000611-01,USR-000611,ACC-000611,TELECOM,ESIM_CHANGE,2027-09-04T00:00:00,DEV-000611-01,,,telecom,SUCCESS,,,synthetic,SUSPICIOUS_ESIM_CHANGE,1,,,,,,,,,,
EVT-000611-02,USR-000611,ACC-000611,DEVICE,NEW_DEVICE,2027-09-04T00:05:00,DEV-000611-02,,,device,UNRECOGNIZED,,,synthetic,SUSPICIOUS_ESIM_CHANGE,1,,,,,,,,,,
EVT-000611-03,USR-000611,ACC-000611,DEVICE,DEVICE_CHANGE,2027-09-04T00:08:00,DEV-000611-02,,,device,DEVIATION,,,synthetic,SUSPICIOUS_ESIM_CHANGE,1,,,,,,,,,,
EVT-000611-04,USR-000611,ACC-000611,AUTHENTICATION,FAILED_LOGIN,2027-09-04T00:10:00,DEV-000611-02,,,authentication,FAILURE,,,synthetic,SUSPICIOUS_ESIM_CHANGE,1,,,,,,,,,,
EVT-000611-05,USR-000611,ACC-000611,BEHAVIOUR,DEVICE_DEVIATION,2027-09-04T00:15:00,DEV-000611-02,,,behaviour,DEVIATION,,,synthetic,SUSPICIOUS_ESIM_CHANGE,1,,,,,,,,,,
EVT-000611-06,USR-000611,ACC-000611,TRANSACTION,TRANSACTION,2027-09-04T00:30:00,DEV-000611-02,,,transaction,SUCCESS,312649.63,,paysim,SUSPICIOUS_ESIM_CHANGE,1,CASH_IN,1.025870678E7,1.05713564E7,1661387.84,1348738.21,161,C1783068385,C516552341,0,0
EVT-000612-01,USR-000612,ACC-000612,TELECOM,ESIM_CHANGE,2027-09-05T00:00:00,DEV-000612-01,,,telecom,SUCCESS,,,synthetic,LEGITIMATE_ESIM_CHANGE,0,,,,,,,,,,
EVT-000612-02,USR-000612,ACC-000612,AUTHENTICATION,LOGIN,2027-09-05T00:10:00,DEV-000612-01,,,authentication,SUCCESS,,,synthetic,LEGITIMATE_ESIM_CHANGE,0,,,,,,,,,,
EVT-000613-01,USR-000613,ACC-000613,TELECOM,ESIM_CHANGE,2027-09-06T00:00:00,DEV-000613-01,,,telecom,SUCCESS,,,synthetic,LEGITIMATE_ESIM_CHANGE,0,,,,,,,,,,
EVT-000613-02,USR-000613,ACC-000613,AUTHENTICATION,LOGIN,2027-09-06T00:10:00,DEV-000613-01,,,authentication,SUCCESS,,,synthetic,LEGITIMATE_ESIM_CHANGE,0,,,,,,,,,,
EVT-000614-01,USR-000614,ACC-000614,TELECOM,SIM_SWAP,2027-09-07T00:00:00,DEV-000614-01,,,telecom,SUCCESS,,,synthetic,SIM_ESIM_AUTH_ANOMALY,1,,,,,,,,,,
EVT-000614-02,USR-000614,ACC-000614,DEVICE,NEW_DEVICE,2027-09-07T00:05:00,DEV-000614-02,,,device,UNRECOGNIZED,,,synthetic,SIM_ESIM_AUTH_ANOMALY,1,,,,,,,,,,
EVT-000614-03,USR-000614,ACC-000614,AUTHENTICATION,FAILED_LOGIN,2027-09-07T00:10:00,DEV-000614-02,,,authentication,FAILURE,,,synthetic,SIM_ESIM_AUTH_ANOMALY,1,,,,,,,,,,
EVT-000614-04,USR-000614,ACC-000614,AUTHENTICATION,FAILED_LOGIN,2027-09-07T00:12:00,DEV-000614-02,,,authentication,FAILURE,,,synthetic,SIM_ESIM_AUTH_ANOMALY,1,,,,,,,,,,
EVT-000614-05,USR-000614,ACC-000614,BEHAVIOUR,DEVICE_DEVIATION,2027-09-07T00:15:00,DEV-000614-02,,,behaviour,DEVIATION,,,synthetic,SIM_ESIM_AUTH_ANOMALY,1,,,,,,,,,,
EVT-000615-01,USR-000615,ACC-000615,TELECOM,SIM_REPLACEMENT,2027-09-08T00:00:00,DEV-000615-01,,,telecom,SUCCESS,,,synthetic,SUSPICIOUS_SIM_REPLACEMENT,1,,,,,,,,,,
EVT-000615-02,USR-000615,ACC-000615,DEVICE,NEW_DEVICE,2027-09-08T00:05:00,DEV-000615-02,,,device,UNRECOGNIZED,,,synthetic,SUSPICIOUS_SIM_REPLACEMENT,1,,,,,,,,,,
EVT-000615-03,USR-000615,ACC-000615,AUTHENTICATION,FAILED_LOGIN,2027-09-08T00:10:00,DEV-000615-02,,,authentication,FAILURE,,,synthetic,SUSPICIOUS_SIM_REPLACEMENT,1,,,,,,,,,,
EVT-000615-04,USR-000615,ACC-000615,RECOVERY,PASSWORD_RESET,2027-09-08T00:15:00,DEV-000615-02,,,recovery,SUCCESS,,,synthetic,SUSPICIOUS_SIM_REPLACEMENT,1,,,,,,,,,,
EVT-000615-05,USR-000615,ACC-000615,ACCOUNT,NEW_BENEFICIARY,2027-09-08T00:20:00,DEV-000615-02,,,account,SUCCESS,,BEN-000615-01,synthetic,SUSPICIOUS_SIM_REPLACEMENT,1,,,,,,,,,,
EVT-000615-06,USR-000615,ACC-000615,TRANSACTION,TRANSACTION,2027-09-08T00:30:00,DEV-000615-02,,,transaction,SUCCESS,169788.85,,paysim,SUSPICIOUS_SIM_REPLACEMENT,1,CASH_OUT,0.0,0.0,1247805.27,1527838.02,14,C18272347,C1179975227,0,0
EVT-000616-01,USR-000616,ACC-000616,TELECOM,SIM_REPLACEMENT,2027-09-09T00:00:00,DEV-000616-01,,,telecom,SUCCESS,,,synthetic,SUSPICIOUS_SIM_REPLACEMENT,1,,,,,,,,,,
EVT-000616-02,USR-000616,ACC-000616,DEVICE,NEW_DEVICE,2027-09-09T00:05:00,DEV-000616-02,,,device,UNRECOGNIZED,,,synthetic,SUSPICIOUS_SIM_REPLACEMENT,1,,,,,,,,,,
EVT-000616-03,USR-000616,ACC-000616,AUTHENTICATION,FAILED_LOGIN,2027-09-09T00:10:00,DEV-000616-02,,,authentication,FAILURE,,,synthetic,SUSPICIOUS_SIM_REPLACEMENT,1,,,,,,,,,,
EVT-000616-04,USR-000616,ACC-000616,RECOVERY,PASSWORD_RESET,2027-09-09T00:15:00,DEV-000616-02,,,recovery,SUCCESS,,,synthetic,SUSPICIOUS_SIM_REPLACEMENT,1,,,,,,,,,,
EVT-000616-05,USR-000616,ACC-000616,ACCOUNT,NEW_BENEFICIARY,2027-09-09T00:20:00,DEV-000616-02,,,account,SUCCESS,,BEN-000616-01,synthetic,SUSPICIOUS_SIM_REPLACEMENT,1,,,,,,,,,,
EVT-000616-06,USR-000616,ACC-000616,TRANSACTION,TRANSACTION,2027-09-09T00:30:00,DEV-000616-02,,,transaction,SUCCESS,142050.26,,paysim,SUSPICIOUS_SIM_REPLACEMENT,1,CASH_IN,3.060912453E7,3.075117479E7,727232.39,585182.13,333,C657848353,C2114537733,0,0
EVT-000617-01,USR-000617,ACC-000617,TELECOM,SIM_SWAP,2027-09-10T00:00:00,DEV-000617-01,,,telecom,SUCCESS,,,synthetic,SIM_ESIM_AUTH_ANOMALY,1,,,,,,,,,,
EVT-000617-02,USR-000617,ACC-000617,DEVICE,NEW_DEVICE,2027-09-10T00:05:00,DEV-000617-02,,,device,UNRECOGNIZED,,,synthetic,SIM_ESIM_AUTH_ANOMALY,1,,,,,,,,,,
EVT-000617-03,USR-000617,ACC-000617,AUTHENTICATION,FAILED_LOGIN,2027-09-10T00:10:00,DEV-000617-02,,,authentication,FAILURE,,,synthetic,SIM_ESIM_AUTH_ANOMALY,1,,,,,,,,,,
EVT-000617-04,USR-000617,ACC-000617,AUTHENTICATION,FAILED_LOGIN,2027-09-10T00:12:00,DEV-000617-02,,,authentication,FAILURE,,,synthetic,SIM_ESIM_AUTH_ANOMALY,1,,,,,,,,,,
EVT-000617-05,USR-000617,ACC-000617,BEHAVIOUR,DEVICE_DEVIATION,2027-09-10T00:15:00,DEV-000617-02,,,behaviour,DEVIATION,,,synthetic,SIM_ESIM_AUTH_ANOMALY,1,,,,,,,,,,
EVT-000618-01,USR-000618,ACC-000618,TELECOM,SIM_SWAP,2027-09-11T00:00:00,DEV-000618-01,,,telecom,SUCCESS,,,synthetic,SIM_ESIM_AUTH_ANOMALY,1,,,,,,,,,,
EVT-000618-02,USR-000618,ACC-000618,DEVICE,NEW_DEVICE,2027-09-11T00:05:00,DEV-000618-02,,,device,UNRECOGNIZED,,,synthetic,SIM_ESIM_AUTH_ANOMALY,1,,,,,,,,,,
EVT-000618-03,USR-000618,ACC-000618,AUTHENTICATION,FAILED_LOGIN,2027-09-11T00:10:00,DEV-000618-02,,,authentication,FAILURE,,,synthetic,SIM_ESIM_AUTH_ANOMALY,1,,,,,,,,,,
EVT-000618-04,USR-000618,ACC-000618,AUTHENTICATION,FAILED_LOGIN,2027-09-11T00:12:00,DEV-000618-02,,,authentication,FAILURE,,,synthetic,SIM_ESIM_AUTH_ANOMALY,1,,,,,,,,,,
EVT-000618-05,USR-000618,ACC-000618,BEHAVIOUR,DEVICE_DEVIATION,2027-09-11T00:15:00,DEV-000618-02,,,behaviour,DEVIATION,,,synthetic,SIM_ESIM_AUTH_ANOMALY,1,,,,,,,,,,
EVT-000619-01,USR-000619,ACC-000619,TELECOM,SIM_REPLACEMENT,2027-09-12T00:00:00,DEV-000619-01,,,telecom,SUCCESS,,,synthetic,LEGITIMATE_SIM_REPLACEMENT,0,,,,,,,,,,
EVT-000619-02,USR-000619,ACC-000619,AUTHENTICATION,LOGIN,2027-09-12T00:10:00,DEV-000619-01,,,authentication,SUCCESS,,,synthetic,LEGITIMATE_SIM_REPLACEMENT,0,,,,,,,,,,
EVT-000619-03,USR-000619,ACC-000619,TRANSACTION,TRANSACTION,2027-09-12T00:30:00,DEV-000619-01,,,transaction,SUCCESS,906.96,,paysim,LEGITIMATE_SIM_REPLACEMENT,0,PAYMENT,34359.0,33452.04,0.0,0.0,375,C613197834,M1234521056,0,0
EVT-000620-01,USR-000620,ACC-000620,TELECOM,SIM_REPLACEMENT,2027-09-13T00:00:00,DEV-000620-01,,,telecom,SUCCESS,,,synthetic,LEGITIMATE_SIM_REPLACEMENT,0,,,,,,,,,,
EVT-000620-02,USR-000620,ACC-000620,AUTHENTICATION,LOGIN,2027-09-13T00:10:00,DEV-000620-01,,,authentication,SUCCESS,,,synthetic,LEGITIMATE_SIM_REPLACEMENT,0,,,,,,,,,,
EVT-000620-03,USR-000620,ACC-000620,TRANSACTION,TRANSACTION,2027-09-13T00:30:00,DEV-000620-01,,,transaction,SUCCESS,70293.68,,paysim,LEGITIMATE_SIM_REPLACEMENT,0,CASH_OUT,48372.0,0.0,27585.24,97878.91,154,C528751668,C1157452510,0,0
EVT-000621-01,USR-000621,ACC-000621,TELECOM,ESIM_CHANGE,2027-09-14T00:00:00,DEV-000621-01,,,telecom,SUCCESS,,,synthetic,SUSPICIOUS_ESIM_CHANGE,1,,,,,,,,,,
EVT-000621-02,USR-000621,ACC-000621,DEVICE,NEW_DEVICE,2027-09-14T00:05:00,DEV-000621-02,,,device,UNRECOGNIZED,,,synthetic,SUSPICIOUS_ESIM_CHANGE,1,,,,,,,,,,
EVT-000621-03,USR-000621,ACC-000621,DEVICE,DEVICE_CHANGE,2027-09-14T00:08:00,DEV-000621-02,,,device,DEVIATION,,,synthetic,SUSPICIOUS_ESIM_CHANGE,1,,,,,,,,,,
EVT-000621-04,USR-000621,ACC-000621,AUTHENTICATION,FAILED_LOGIN,2027-09-14T00:10:00,DEV-000621-02,,,authentication,FAILURE,,,synthetic,SUSPICIOUS_ESIM_CHANGE,1,,,,,,,,,,
EVT-000621-05,USR-000621,ACC-000621,BEHAVIOUR,DEVICE_DEVIATION,2027-09-14T00:15:00,DEV-000621-02,,,behaviour,DEVIATION,,,synthetic,SUSPICIOUS_ESIM_CHANGE,1,,,,,,,,,,
EVT-000621-06,USR-000621,ACC-000621,TRANSACTION,TRANSACTION,2027-09-14T00:30:00,DEV-000621-02,,,transaction,SUCCESS,225373.44,,paysim,SUSPICIOUS_ESIM_CHANGE,1,CASH_OUT,4100.0,0.0,0.0,225373.44,237,C1269527712,C407652411,0,0
EVT-000622-01,USR-000622,ACC-000622,TELECOM,SIM_REPLACEMENT,2027-09-15T00:00:00,DEV-000622-01,,,telecom,SUCCESS,,,synthetic,SUSPICIOUS_SIM_REPLACEMENT,1,,,,,,,,,,
EVT-000622-02,USR-000622,ACC-000622,DEVICE,NEW_DEVICE,2027-09-15T00:05:00,DEV-000622-02,,,device,UNRECOGNIZED,,,synthetic,SUSPICIOUS_SIM_REPLACEMENT,1,,,,,,,,,,
EVT-000622-03,USR-000622,ACC-000622,AUTHENTICATION,FAILED_LOGIN,2027-09-15T00:10:00,DEV-000622-02,,,authentication,FAILURE,,,synthetic,SUSPICIOUS_SIM_REPLACEMENT,1,,,,,,,,,,
EVT-000622-04,USR-000622,ACC-000622,RECOVERY,PASSWORD_RESET,2027-09-15T00:15:00,DEV-000622-02,,,recovery,SUCCESS,,,synthetic,SUSPICIOUS_SIM_REPLACEMENT,1,,,,,,,,,,
EVT-000622-05,USR-000622,ACC-000622,ACCOUNT,NEW_BENEFICIARY,2027-09-15T00:20:00,DEV-000622-02,,,account,SUCCESS,,BEN-000622-01,synthetic,SUSPICIOUS_SIM_REPLACEMENT,1,,,,,,,,,,
EVT-000622-06,USR-000622,ACC-000622,TRANSACTION,TRANSACTION,2027-09-15T00:30:00,DEV-000622-02,,,transaction,SUCCESS,276463.77,,paysim,SUSPICIOUS_SIM_REPLACEMENT,1,CASH_OUT,282530.0,6066.23,3131425.74,3407889.51,305,C2120114725,C1279961927,0,0
EVT-000623-01,USR-000623,ACC-000623,TELECOM,SIM_SWAP,2027-09-16T00:00:00,DEV-000623-01,,,telecom,SUCCESS,,,synthetic,SIM_ESIM_AUTH_ANOMALY,1,,,,,,,,,,
EVT-000623-02,USR-000623,ACC-000623,DEVICE,NEW_DEVICE,2027-09-16T00:05:00,DEV-000623-02,,,device,UNRECOGNIZED,,,synthetic,SIM_ESIM_AUTH_ANOMALY,1,,,,,,,,,,
EVT-000623-03,USR-000623,ACC-000623,AUTHENTICATION,FAILED_LOGIN,2027-09-16T00:10:00,DEV-000623-02,,,authentication,FAILURE,,,synthetic,SIM_ESIM_AUTH_ANOMALY,1,,,,,,,,,,
EVT-000623-04,USR-000623,ACC-000623,AUTHENTICATION,FAILED_LOGIN,2027-09-16T00:12:00,DEV-000623-02,,,authentication,FAILURE,,,synthetic,SIM_ESIM_AUTH_ANOMALY,1,,,,,,,,,,
EVT-000623-05,USR-000623,ACC-000623,BEHAVIOUR,DEVICE_DEVIATION,2027-09-16T00:15:00,DEV-000623-02,,,behaviour,DEVIATION,,,synthetic,SIM_ESIM_AUTH_ANOMALY,1,,,,,,,,,,
EVT-000624-01,USR-000624,ACC-000624,TELECOM,SIM_REPLACEMENT,2027-09-17T00:00:00,DEV-000624-01,,,telecom,SUCCESS,,,synthetic,SUSPICIOUS_SIM_REPLACEMENT,1,,,,,,,,,,
EVT-000624-02,USR-000624,ACC-000624,DEVICE,NEW_DEVICE,2027-09-17T00:05:00,DEV-000624-02,,,device,UNRECOGNIZED,,,synthetic,SUSPICIOUS_SIM_REPLACEMENT,1,,,,,,,,,,
EVT-000624-03,USR-000624,ACC-000624,AUTHENTICATION,FAILED_LOGIN,2027-09-17T00:10:00,DEV-000624-02,,,authentication,FAILURE,,,synthetic,SUSPICIOUS_SIM_REPLACEMENT,1,,,,,,,,,,
EVT-000624-04,USR-000624,ACC-000624,RECOVERY,PASSWORD_RESET,2027-09-17T00:15:00,DEV-000624-02,,,recovery,SUCCESS,,,synthetic,SUSPICIOUS_SIM_REPLACEMENT,1,,,,,,,,,,
EVT-000624-05,USR-000624,ACC-000624,ACCOUNT,NEW_BENEFICIARY,2027-09-17T00:20:00,DEV-000624-02,,,account,SUCCESS,,BEN-000624-01,synthetic,SUSPICIOUS_SIM_REPLACEMENT,1,,,,,,,,,,
EVT-000624-06,USR-000624,ACC-000624,TRANSACTION,TRANSACTION,2027-09-17T00:30:00,DEV-000624-02,,,transaction,SUCCESS,218886.96,,paysim,SUSPICIOUS_SIM_REPLACEMENT,1,CASH_IN,50117.0,269003.96,246998.5,28111.54,16,C1015340563,C174227856,0,0
EVT-000625-01,USR-000625,ACC-000625,TELECOM,SIM_REPLACEMENT,2027-09-18T00:00:00,DEV-000625-01,,,telecom,SUCCESS,,,synthetic,LEGITIMATE_SIM_REPLACEMENT,0,,,,,,,,,,
EVT-000625-02,USR-000625,ACC-000625,AUTHENTICATION,LOGIN,2027-09-18T00:10:00,DEV-000625-01,,,authentication,SUCCESS,,,synthetic,LEGITIMATE_SIM_REPLACEMENT,0,,,,,,,,,,
EVT-000625-03,USR-000625,ACC-000625,TRANSACTION,TRANSACTION,2027-09-18T00:30:00,DEV-000625-01,,,transaction,SUCCESS,564722.61,,paysim,LEGITIMATE_SIM_REPLACEMENT,0,CASH_OUT,495525.0,0.0,5145996.11,5710718.72,659,C1833587876,C725034144,0,0
EVT-000626-01,USR-000626,ACC-000626,TELECOM,SIM_REPLACEMENT,2027-09-19T00:00:00,DEV-000626-01,,,telecom,SUCCESS,,,synthetic,SUSPICIOUS_SIM_REPLACEMENT,1,,,,,,,,,,
EVT-000626-02,USR-000626,ACC-000626,DEVICE,NEW_DEVICE,2027-09-19T00:05:00,DEV-000626-02,,,device,UNRECOGNIZED,,,synthetic,SUSPICIOUS_SIM_REPLACEMENT,1,,,,,,,,,,
EVT-000626-03,USR-000626,ACC-000626,AUTHENTICATION,FAILED_LOGIN,2027-09-19T00:10:00,DEV-000626-02,,,authentication,FAILURE,,,synthetic,SUSPICIOUS_SIM_REPLACEMENT,1,,,,,,,,,,
EVT-000626-04,USR-000626,ACC-000626,RECOVERY,PASSWORD_RESET,2027-09-19T00:15:00,DEV-000626-02,,,recovery,SUCCESS,,,synthetic,SUSPICIOUS_SIM_REPLACEMENT,1,,,,,,,,,,
EVT-000626-05,USR-000626,ACC-000626,ACCOUNT,NEW_BENEFICIARY,2027-09-19T00:20:00,DEV-000626-02,,,account,SUCCESS,,BEN-000626-01,synthetic,SUSPICIOUS_SIM_REPLACEMENT,1,,,,,,,,,,
EVT-000626-06,USR-000626,ACC-000626,TRANSACTION,TRANSACTION,2027-09-19T00:30:00,DEV-000626-02,,,transaction,SUCCESS,106962.0,,paysim,SUSPICIOUS_SIM_REPLACEMENT,1,CASH_OUT,20190.0,0.0,0.0,106962.0,354,C2130564654,C932886691,0,0
EVT-000627-01,USR-000627,ACC-000627,TELECOM,ESIM_CHANGE,2027-09-20T00:00:00,DEV-000627-01,,,telecom,SUCCESS,,,synthetic,LEGITIMATE_ESIM_CHANGE,0,,,,,,,,,,
EVT-000627-02,USR-000627,ACC-000627,AUTHENTICATION,LOGIN,2027-09-20T00:10:00,DEV-000627-01,,,authentication,SUCCESS,,,synthetic,LEGITIMATE_ESIM_CHANGE,0,,,,,,,,,,
EVT-000628-01,USR-000628,ACC-000628,TELECOM,ESIM_CHANGE,2027-09-21T00:00:00,DEV-000628-01,,,telecom,SUCCESS,,,synthetic,SUSPICIOUS_ESIM_CHANGE,1,,,,,,,,,,
EVT-000628-02,USR-000628,ACC-000628,DEVICE,NEW_DEVICE,2027-09-21T00:05:00,DEV-000628-02,,,device,UNRECOGNIZED,,,synthetic,SUSPICIOUS_ESIM_CHANGE,1,,,,,,,,,,
EVT-000628-03,USR-000628,ACC-000628,DEVICE,DEVICE_CHANGE,2027-09-21T00:08:00,DEV-000628-02,,,device,DEVIATION,,,synthetic,SUSPICIOUS_ESIM_CHANGE,1,,,,,,,,,,
EVT-000628-04,USR-000628,ACC-000628,AUTHENTICATION,FAILED_LOGIN,2027-09-21T00:10:00,DEV-000628-02,,,authentication,FAILURE,,,synthetic,SUSPICIOUS_ESIM_CHANGE,1,,,,,,,,,,
EVT-000628-05,USR-000628,ACC-000628,BEHAVIOUR,DEVICE_DEVIATION,2027-09-21T00:15:00,DEV-000628-02,,,behaviour,DEVIATION,,,synthetic,SUSPICIOUS_ESIM_CHANGE,1,,,,,,,,,,
EVT-000628-06,USR-000628,ACC-000628,TRANSACTION,TRANSACTION,2027-09-21T00:30:00,DEV-000628-02,,,transaction,SUCCESS,43377.42,,paysim,SUSPICIOUS_ESIM_CHANGE,1,CASH_IN,16869.0,60246.42,126945.67,83568.25,254,C196190511,C118215695,0,0
EVT-000629-01,USR-000629,ACC-000629,TELECOM,ESIM_CHANGE,2027-09-22T00:00:00,DEV-000629-01,,,telecom,SUCCESS,,,synthetic,SUSPICIOUS_ESIM_CHANGE,1,,,,,,,,,,
EVT-000629-02,USR-000629,ACC-000629,DEVICE,NEW_DEVICE,2027-09-22T00:05:00,DEV-000629-02,,,device,UNRECOGNIZED,,,synthetic,SUSPICIOUS_ESIM_CHANGE,1,,,,,,,,,,
EVT-000629-03,USR-000629,ACC-000629,DEVICE,DEVICE_CHANGE,2027-09-22T00:08:00,DEV-000629-02,,,device,DEVIATION,,,synthetic,SUSPICIOUS_ESIM_CHANGE,1,,,,,,,,,,
EVT-000629-04,USR-000629,ACC-000629,AUTHENTICATION,FAILED_LOGIN,2027-09-22T00:10:00,DEV-000629-02,,,authentication,FAILURE,,,synthetic,SUSPICIOUS_ESIM_CHANGE,1,,,,,,,,,,
EVT-000629-05,USR-000629,ACC-000629,BEHAVIOUR,DEVICE_DEVIATION,2027-09-22T00:15:00,DEV-000629-02,,,behaviour,DEVIATION,,,synthetic,SUSPICIOUS_ESIM_CHANGE,1,,,,,,,,,,
EVT-000629-06,USR-000629,ACC-000629,TRANSACTION,TRANSACTION,2027-09-22T00:30:00,DEV-000629-02,,,transaction,SUCCESS,213264.15,,paysim,SUSPICIOUS_ESIM_CHANGE,1,CASH_IN,70452.0,283716.15,36131.04,0.0,353,C663539216,C1753764924,0,0
EVT-000630-01,USR-000630,ACC-000630,TELECOM,ESIM_CHANGE,2027-09-23T00:00:00,DEV-000630-01,,,telecom,SUCCESS,,,synthetic,SUSPICIOUS_ESIM_CHANGE,1,,,,,,,,,,
EVT-000630-02,USR-000630,ACC-000630,DEVICE,NEW_DEVICE,2027-09-23T00:05:00,DEV-000630-02,,,device,UNRECOGNIZED,,,synthetic,SUSPICIOUS_ESIM_CHANGE,1,,,,,,,,,,
EVT-000630-03,USR-000630,ACC-000630,DEVICE,DEVICE_CHANGE,2027-09-23T00:08:00,DEV-000630-02,,,device,DEVIATION,,,synthetic,SUSPICIOUS_ESIM_CHANGE,1,,,,,,,,,,
EVT-000630-04,USR-000630,ACC-000630,AUTHENTICATION,FAILED_LOGIN,2027-09-23T00:10:00,DEV-000630-02,,,authentication,FAILURE,,,synthetic,SUSPICIOUS_ESIM_CHANGE,1,,,,,,,,,,
EVT-000630-05,USR-000630,ACC-000630,BEHAVIOUR,DEVICE_DEVIATION,2027-09-23T00:15:00,DEV-000630-02,,,behaviour,DEVIATION,,,synthetic,SUSPICIOUS_ESIM_CHANGE,1,,,,,,,,,,
EVT-000630-06,USR-000630,ACC-000630,TRANSACTION,TRANSACTION,2027-09-23T00:30:00,DEV-000630-02,,,transaction,SUCCESS,60965.54,,paysim,SUSPICIOUS_ESIM_CHANGE,1,CASH_IN,32639.0,93604.54,7744424.31,7535897.56,20,C671786089,C2037251990,0,0
EVT-000631-01,USR-000631,ACC-000631,TELECOM,SIM_REPLACEMENT,2027-09-24T00:00:00,DEV-000631-01,,,telecom,SUCCESS,,,synthetic,LEGITIMATE_SIM_REPLACEMENT,0,,,,,,,,,,
EVT-000631-02,USR-000631,ACC-000631,AUTHENTICATION,LOGIN,2027-09-24T00:10:00,DEV-000631-01,,,authentication,SUCCESS,,,synthetic,LEGITIMATE_SIM_REPLACEMENT,0,,,,,,,,,,
EVT-000631-03,USR-000631,ACC-000631,TRANSACTION,TRANSACTION,2027-09-24T00:30:00,DEV-000631-01,,,transaction,SUCCESS,382586.37,,paysim,LEGITIMATE_SIM_REPLACEMENT,0,CASH_IN,10267.0,392853.37,43618.9,0.0,564,C279187203,C1458388326,0,0
EVT-000632-01,USR-000632,ACC-000632,TELECOM,SIM_REPLACEMENT,2027-09-25T00:00:00,DEV-000632-01,,,telecom,SUCCESS,,,synthetic,LEGITIMATE_SIM_REPLACEMENT,0,,,,,,,,,,
EVT-000632-02,USR-000632,ACC-000632,AUTHENTICATION,LOGIN,2027-09-25T00:10:00,DEV-000632-01,,,authentication,SUCCESS,,,synthetic,LEGITIMATE_SIM_REPLACEMENT,0,,,,,,,,,,
EVT-000632-03,USR-000632,ACC-000632,TRANSACTION,TRANSACTION,2027-09-25T00:30:00,DEV-000632-01,,,transaction,SUCCESS,168808.28,,paysim,LEGITIMATE_SIM_REPLACEMENT,0,CASH_OUT,0.0,0.0,3066010.02,3234818.3,131,C1834723455,C1102864870,0,0
EVT-000633-01,USR-000633,ACC-000633,TELECOM,SIM_REPLACEMENT,2027-09-26T00:00:00,DEV-000633-01,,,telecom,SUCCESS,,,synthetic,SUSPICIOUS_SIM_REPLACEMENT,1,,,,,,,,,,
EVT-000633-02,USR-000633,ACC-000633,DEVICE,NEW_DEVICE,2027-09-26T00:05:00,DEV-000633-02,,,device,UNRECOGNIZED,,,synthetic,SUSPICIOUS_SIM_REPLACEMENT,1,,,,,,,,,,
EVT-000633-03,USR-000633,ACC-000633,AUTHENTICATION,FAILED_LOGIN,2027-09-26T00:10:00,DEV-000633-02,,,authentication,FAILURE,,,synthetic,SUSPICIOUS_SIM_REPLACEMENT,1,,,,,,,,,,
EVT-000633-04,USR-000633,ACC-000633,RECOVERY,PASSWORD_RESET,2027-09-26T00:15:00,DEV-000633-02,,,recovery,SUCCESS,,,synthetic,SUSPICIOUS_SIM_REPLACEMENT,1,,,,,,,,,,
EVT-000633-05,USR-000633,ACC-000633,ACCOUNT,NEW_BENEFICIARY,2027-09-26T00:20:00,DEV-000633-02,,,account,SUCCESS,,BEN-000633-01,synthetic,SUSPICIOUS_SIM_REPLACEMENT,1,,,,,,,,,,
EVT-000633-06,USR-000633,ACC-000633,TRANSACTION,TRANSACTION,2027-09-26T00:30:00,DEV-000633-02,,,transaction,SUCCESS,620685.94,,paysim,SUSPICIOUS_SIM_REPLACEMENT,1,TRANSFER,0.0,0.0,943813.97,1564499.91,210,C1179686549,C1030470569,0,0
EVT-000634-01,USR-000634,ACC-000634,TELECOM,SIM_SWAP,2027-09-27T00:00:00,DEV-000634-01,,,telecom,SUCCESS,,,synthetic,SIM_ESIM_AUTH_ANOMALY,1,,,,,,,,,,
EVT-000634-02,USR-000634,ACC-000634,DEVICE,NEW_DEVICE,2027-09-27T00:05:00,DEV-000634-02,,,device,UNRECOGNIZED,,,synthetic,SIM_ESIM_AUTH_ANOMALY,1,,,,,,,,,,
EVT-000634-03,USR-000634,ACC-000634,AUTHENTICATION,FAILED_LOGIN,2027-09-27T00:10:00,DEV-000634-02,,,authentication,FAILURE,,,synthetic,SIM_ESIM_AUTH_ANOMALY,1,,,,,,,,,,
EVT-000634-04,USR-000634,ACC-000634,AUTHENTICATION,FAILED_LOGIN,2027-09-27T00:12:00,DEV-000634-02,,,authentication,FAILURE,,,synthetic,SIM_ESIM_AUTH_ANOMALY,1,,,,,,,,,,
EVT-000634-05,USR-000634,ACC-000634,BEHAVIOUR,DEVICE_DEVIATION,2027-09-27T00:15:00,DEV-000634-02,,,behaviour,DEVIATION,,,synthetic,SIM_ESIM_AUTH_ANOMALY,1,,,,,,,,,,
EVT-000635-01,USR-000635,ACC-000635,TELECOM,SIM_SWAP,2027-09-28T00:00:00,DEV-000635-01,,,telecom,SUCCESS,,,synthetic,SIM_ESIM_AUTH_ANOMALY,1,,,,,,,,,,
EVT-000635-02,USR-000635,ACC-000635,DEVICE,NEW_DEVICE,2027-09-28T00:05:00,DEV-000635-02,,,device,UNRECOGNIZED,,,synthetic,SIM_ESIM_AUTH_ANOMALY,1,,,,,,,,,,
EVT-000635-03,USR-000635,ACC-000635,AUTHENTICATION,FAILED_LOGIN,2027-09-28T00:10:00,DEV-000635-02,,,authentication,FAILURE,,,synthetic,SIM_ESIM_AUTH_ANOMALY,1,,,,,,,,,,
EVT-000635-04,USR-000635,ACC-000635,AUTHENTICATION,FAILED_LOGIN,2027-09-28T00:12:00,DEV-000635-02,,,authentication,FAILURE,,,synthetic,SIM_ESIM_AUTH_ANOMALY,1,,,,,,,,,,
EVT-000635-05,USR-000635,ACC-000635,BEHAVIOUR,DEVICE_DEVIATION,2027-09-28T00:15:00,DEV-000635-02,,,behaviour,DEVIATION,,,synthetic,SIM_ESIM_AUTH_ANOMALY,1,,,,,,,,,,
EVT-000636-01,USR-000636,ACC-000636,TELECOM,ESIM_CHANGE,2027-09-29T00:00:00,DEV-000636-01,,,telecom,SUCCESS,,,synthetic,SUSPICIOUS_ESIM_CHANGE,1,,,,,,,,,,
EVT-000636-02,USR-000636,ACC-000636,DEVICE,NEW_DEVICE,2027-09-29T00:05:00,DEV-000636-02,,,device,UNRECOGNIZED,,,synthetic,SUSPICIOUS_ESIM_CHANGE,1,,,,,,,,,,
EVT-000636-03,USR-000636,ACC-000636,DEVICE,DEVICE_CHANGE,2027-09-29T00:08:00,DEV-000636-02,,,device,DEVIATION,,,synthetic,SUSPICIOUS_ESIM_CHANGE,1,,,,,,,,,,
EVT-000636-04,USR-000636,ACC-000636,AUTHENTICATION,FAILED_LOGIN,2027-09-29T00:10:00,DEV-000636-02,,,authentication,FAILURE,,,synthetic,SUSPICIOUS_ESIM_CHANGE,1,,,,,,,,,,
EVT-000636-05,USR-000636,ACC-000636,BEHAVIOUR,DEVICE_DEVIATION,2027-09-29T00:15:00,DEV-000636-02,,,behaviour,DEVIATION,,,synthetic,SUSPICIOUS_ESIM_CHANGE,1,,,,,,,,,,
EVT-000636-06,USR-000636,ACC-000636,TRANSACTION,TRANSACTION,2027-09-29T00:30:00,DEV-000636-02,,,transaction,SUCCESS,9462.96,,paysim,SUSPICIOUS_ESIM_CHANGE,1,PAYMENT,20448.0,10985.04,0.0,0.0,166,C145865696,M1150349910,0,0
EVT-000637-01,USR-000637,ACC-000637,TELECOM,SIM_REPLACEMENT,2027-09-30T00:00:00,DEV-000637-01,,,telecom,SUCCESS,,,synthetic,SUSPICIOUS_SIM_REPLACEMENT,1,,,,,,,,,,
EVT-000637-02,USR-000637,ACC-000637,DEVICE,NEW_DEVICE,2027-09-30T00:05:00,DEV-000637-02,,,device,UNRECOGNIZED,,,synthetic,SUSPICIOUS_SIM_REPLACEMENT,1,,,,,,,,,,
EVT-000637-03,USR-000637,ACC-000637,AUTHENTICATION,FAILED_LOGIN,2027-09-30T00:10:00,DEV-000637-02,,,authentication,FAILURE,,,synthetic,SUSPICIOUS_SIM_REPLACEMENT,1,,,,,,,,,,
EVT-000637-04,USR-000637,ACC-000637,RECOVERY,PASSWORD_RESET,2027-09-30T00:15:00,DEV-000637-02,,,recovery,SUCCESS,,,synthetic,SUSPICIOUS_SIM_REPLACEMENT,1,,,,,,,,,,
EVT-000637-05,USR-000637,ACC-000637,ACCOUNT,NEW_BENEFICIARY,2027-09-30T00:20:00,DEV-000637-02,,,account,SUCCESS,,BEN-000637-01,synthetic,SUSPICIOUS_SIM_REPLACEMENT,1,,,,,,,,,,
EVT-000637-06,USR-000637,ACC-000637,TRANSACTION,TRANSACTION,2027-09-30T00:30:00,DEV-000637-02,,,transaction,SUCCESS,248077.91,,paysim,SUSPICIOUS_SIM_REPLACEMENT,1,CASH_IN,597518.0,845595.91,1351270.73,1103192.83,544,C1884458327,C403630855,0,0
EVT-000638-01,USR-000638,ACC-000638,TELECOM,SIM_REPLACEMENT,2027-10-01T00:00:00,DEV-000638-01,,,telecom,SUCCESS,,,synthetic,SUSPICIOUS_SIM_REPLACEMENT,1,,,,,,,,,,
EVT-000638-02,USR-000638,ACC-000638,DEVICE,NEW_DEVICE,2027-10-01T00:05:00,DEV-000638-02,,,device,UNRECOGNIZED,,,synthetic,SUSPICIOUS_SIM_REPLACEMENT,1,,,,,,,,,,
EVT-000638-03,USR-000638,ACC-000638,AUTHENTICATION,FAILED_LOGIN,2027-10-01T00:10:00,DEV-000638-02,,,authentication,FAILURE,,,synthetic,SUSPICIOUS_SIM_REPLACEMENT,1,,,,,,,,,,
EVT-000638-04,USR-000638,ACC-000638,RECOVERY,PASSWORD_RESET,2027-10-01T00:15:00,DEV-000638-02,,,recovery,SUCCESS,,,synthetic,SUSPICIOUS_SIM_REPLACEMENT,1,,,,,,,,,,
EVT-000638-05,USR-000638,ACC-000638,ACCOUNT,NEW_BENEFICIARY,2027-10-01T00:20:00,DEV-000638-02,,,account,SUCCESS,,BEN-000638-01,synthetic,SUSPICIOUS_SIM_REPLACEMENT,1,,,,,,,,,,
EVT-000638-06,USR-000638,ACC-000638,TRANSACTION,TRANSACTION,2027-10-01T00:30:00,DEV-000638-02,,,transaction,SUCCESS,15150.89,,paysim,SUSPICIOUS_SIM_REPLACEMENT,1,PAYMENT,74160.0,59009.11,0.0,0.0,154,C1465900778,M177364153,0,0
EVT-000639-01,USR-000639,ACC-000639,TELECOM,SIM_SWAP,2027-10-02T00:00:00,DEV-000639-01,,,telecom,SUCCESS,,,synthetic,SIM_ESIM_AUTH_ANOMALY,1,,,,,,,,,,
EVT-000639-02,USR-000639,ACC-000639,DEVICE,NEW_DEVICE,2027-10-02T00:05:00,DEV-000639-02,,,device,UNRECOGNIZED,,,synthetic,SIM_ESIM_AUTH_ANOMALY,1,,,,,,,,,,
EVT-000639-03,USR-000639,ACC-000639,AUTHENTICATION,FAILED_LOGIN,2027-10-02T00:10:00,DEV-000639-02,,,authentication,FAILURE,,,synthetic,SIM_ESIM_AUTH_ANOMALY,1,,,,,,,,,,
EVT-000639-04,USR-000639,ACC-000639,AUTHENTICATION,FAILED_LOGIN,2027-10-02T00:12:00,DEV-000639-02,,,authentication,FAILURE,,,synthetic,SIM_ESIM_AUTH_ANOMALY,1,,,,,,,,,,
EVT-000639-05,USR-000639,ACC-000639,BEHAVIOUR,DEVICE_DEVIATION,2027-10-02T00:15:00,DEV-000639-02,,,behaviour,DEVIATION,,,synthetic,SIM_ESIM_AUTH_ANOMALY,1,,,,,,,,,,
EVT-000640-01,USR-000640,ACC-000640,TELECOM,ESIM_CHANGE,2027-10-03T00:00:00,DEV-000640-01,,,telecom,SUCCESS,,,synthetic,SUSPICIOUS_ESIM_CHANGE,1,,,,,,,,,,
EVT-000640-02,USR-000640,ACC-000640,DEVICE,NEW_DEVICE,2027-10-03T00:05:00,DEV-000640-02,,,device,UNRECOGNIZED,,,synthetic,SUSPICIOUS_ESIM_CHANGE,1,,,,,,,,,,
EVT-000640-03,USR-000640,ACC-000640,DEVICE,DEVICE_CHANGE,2027-10-03T00:08:00,DEV-000640-02,,,device,DEVIATION,,,synthetic,SUSPICIOUS_ESIM_CHANGE,1,,,,,,,,,,
EVT-000640-04,USR-000640,ACC-000640,AUTHENTICATION,FAILED_LOGIN,2027-10-03T00:10:00,DEV-000640-02,,,authentication,FAILURE,,,synthetic,SUSPICIOUS_ESIM_CHANGE,1,,,,,,,,,,
EVT-000640-05,USR-000640,ACC-000640,BEHAVIOUR,DEVICE_DEVIATION,2027-10-03T00:15:00,DEV-000640-02,,,behaviour,DEVIATION,,,synthetic,SUSPICIOUS_ESIM_CHANGE,1,,,,,,,,,,
EVT-000640-06,USR-000640,ACC-000640,TRANSACTION,TRANSACTION,2027-10-03T00:30:00,DEV-000640-02,,,transaction,SUCCESS,256673.0,,paysim,SUSPICIOUS_ESIM_CHANGE,1,CASH_OUT,60372.0,0.0,366644.25,623317.25,228,C210472052,C350148441,0,0
EVT-000641-01,USR-000641,ACC-000641,TELECOM,SIM_REPLACEMENT,2027-10-04T00:00:00,DEV-000641-01,,,telecom,SUCCESS,,,synthetic,LEGITIMATE_SIM_REPLACEMENT,0,,,,,,,,,,
EVT-000641-02,USR-000641,ACC-000641,AUTHENTICATION,LOGIN,2027-10-04T00:10:00,DEV-000641-01,,,authentication,SUCCESS,,,synthetic,LEGITIMATE_SIM_REPLACEMENT,0,,,,,,,,,,
EVT-000641-03,USR-000641,ACC-000641,TRANSACTION,TRANSACTION,2027-10-04T00:30:00,DEV-000641-01,,,transaction,SUCCESS,1526160.52,,paysim,LEGITIMATE_SIM_REPLACEMENT,0,TRANSFER,0.0,0.0,2629868.7,4156029.22,260,C1938386544,C566200470,0,0
EVT-000642-01,USR-000642,ACC-000642,TELECOM,ESIM_CHANGE,2027-10-05T00:00:00,DEV-000642-01,,,telecom,SUCCESS,,,synthetic,LEGITIMATE_ESIM_CHANGE,0,,,,,,,,,,
EVT-000642-02,USR-000642,ACC-000642,AUTHENTICATION,LOGIN,2027-10-05T00:10:00,DEV-000642-01,,,authentication,SUCCESS,,,synthetic,LEGITIMATE_ESIM_CHANGE,0,,,,,,,,,,
EVT-000643-01,USR-000643,ACC-000643,TELECOM,ESIM_CHANGE,2027-10-06T00:00:00,DEV-000643-01,,,telecom,SUCCESS,,,synthetic,SUSPICIOUS_ESIM_CHANGE,1,,,,,,,,,,
EVT-000643-02,USR-000643,ACC-000643,DEVICE,NEW_DEVICE,2027-10-06T00:05:00,DEV-000643-02,,,device,UNRECOGNIZED,,,synthetic,SUSPICIOUS_ESIM_CHANGE,1,,,,,,,,,,
EVT-000643-03,USR-000643,ACC-000643,DEVICE,DEVICE_CHANGE,2027-10-06T00:08:00,DEV-000643-02,,,device,DEVIATION,,,synthetic,SUSPICIOUS_ESIM_CHANGE,1,,,,,,,,,,
EVT-000643-04,USR-000643,ACC-000643,AUTHENTICATION,FAILED_LOGIN,2027-10-06T00:10:00,DEV-000643-02,,,authentication,FAILURE,,,synthetic,SUSPICIOUS_ESIM_CHANGE,1,,,,,,,,,,
EVT-000643-05,USR-000643,ACC-000643,BEHAVIOUR,DEVICE_DEVIATION,2027-10-06T00:15:00,DEV-000643-02,,,behaviour,DEVIATION,,,synthetic,SUSPICIOUS_ESIM_CHANGE,1,,,,,,,,,,
EVT-000643-06,USR-000643,ACC-000643,TRANSACTION,TRANSACTION,2027-10-06T00:30:00,DEV-000643-02,,,transaction,SUCCESS,93.21,,paysim,SUSPICIOUS_ESIM_CHANGE,1,PAYMENT,99356.0,99262.79,0.0,0.0,11,C1645273828,M1571049296,0,0
EVT-000644-01,USR-000644,ACC-000644,TELECOM,SIM_REPLACEMENT,2027-10-07T00:00:00,DEV-000644-01,,,telecom,SUCCESS,,,synthetic,SUSPICIOUS_SIM_REPLACEMENT,1,,,,,,,,,,
EVT-000644-02,USR-000644,ACC-000644,DEVICE,NEW_DEVICE,2027-10-07T00:05:00,DEV-000644-02,,,device,UNRECOGNIZED,,,synthetic,SUSPICIOUS_SIM_REPLACEMENT,1,,,,,,,,,,
EVT-000644-03,USR-000644,ACC-000644,AUTHENTICATION,FAILED_LOGIN,2027-10-07T00:10:00,DEV-000644-02,,,authentication,FAILURE,,,synthetic,SUSPICIOUS_SIM_REPLACEMENT,1,,,,,,,,,,
EVT-000644-04,USR-000644,ACC-000644,RECOVERY,PASSWORD_RESET,2027-10-07T00:15:00,DEV-000644-02,,,recovery,SUCCESS,,,synthetic,SUSPICIOUS_SIM_REPLACEMENT,1,,,,,,,,,,
EVT-000644-05,USR-000644,ACC-000644,ACCOUNT,NEW_BENEFICIARY,2027-10-07T00:20:00,DEV-000644-02,,,account,SUCCESS,,BEN-000644-01,synthetic,SUSPICIOUS_SIM_REPLACEMENT,1,,,,,,,,,,
EVT-000644-06,USR-000644,ACC-000644,TRANSACTION,TRANSACTION,2027-10-07T00:30:00,DEV-000644-02,,,transaction,SUCCESS,15672.46,,paysim,SUSPICIOUS_SIM_REPLACEMENT,1,PAYMENT,50343.0,34670.54,0.0,0.0,348,C831242417,M2043364833,0,0
EVT-000645-01,USR-000645,ACC-000645,TELECOM,SIM_REPLACEMENT,2027-10-08T00:00:00,DEV-000645-01,,,telecom,SUCCESS,,,synthetic,SUSPICIOUS_SIM_REPLACEMENT,1,,,,,,,,,,
EVT-000645-02,USR-000645,ACC-000645,DEVICE,NEW_DEVICE,2027-10-08T00:05:00,DEV-000645-02,,,device,UNRECOGNIZED,,,synthetic,SUSPICIOUS_SIM_REPLACEMENT,1,,,,,,,,,,
EVT-000645-03,USR-000645,ACC-000645,AUTHENTICATION,FAILED_LOGIN,2027-10-08T00:10:00,DEV-000645-02,,,authentication,FAILURE,,,synthetic,SUSPICIOUS_SIM_REPLACEMENT,1,,,,,,,,,,
EVT-000645-04,USR-000645,ACC-000645,RECOVERY,PASSWORD_RESET,2027-10-08T00:15:00,DEV-000645-02,,,recovery,SUCCESS,,,synthetic,SUSPICIOUS_SIM_REPLACEMENT,1,,,,,,,,,,
EVT-000645-05,USR-000645,ACC-000645,ACCOUNT,NEW_BENEFICIARY,2027-10-08T00:20:00,DEV-000645-02,,,account,SUCCESS,,BEN-000645-01,synthetic,SUSPICIOUS_SIM_REPLACEMENT,1,,,,,,,,,,
EVT-000645-06,USR-000645,ACC-000645,TRANSACTION,TRANSACTION,2027-10-08T00:30:00,DEV-000645-02,,,transaction,SUCCESS,299357.33,,paysim,SUSPICIOUS_SIM_REPLACEMENT,1,CASH_IN,385542.39,684899.73,852738.02,553380.69,377,C452939883,C430839633,0,0
EVT-000646-01,USR-000646,ACC-000646,TELECOM,SIM_SWAP,2027-10-09T00:00:00,DEV-000646-01,,,telecom,SUCCESS,,,synthetic,SIM_ESIM_AUTH_ANOMALY,1,,,,,,,,,,
EVT-000646-02,USR-000646,ACC-000646,DEVICE,NEW_DEVICE,2027-10-09T00:05:00,DEV-000646-02,,,device,UNRECOGNIZED,,,synthetic,SIM_ESIM_AUTH_ANOMALY,1,,,,,,,,,,
EVT-000646-03,USR-000646,ACC-000646,AUTHENTICATION,FAILED_LOGIN,2027-10-09T00:10:00,DEV-000646-02,,,authentication,FAILURE,,,synthetic,SIM_ESIM_AUTH_ANOMALY,1,,,,,,,,,,
EVT-000646-04,USR-000646,ACC-000646,AUTHENTICATION,FAILED_LOGIN,2027-10-09T00:12:00,DEV-000646-02,,,authentication,FAILURE,,,synthetic,SIM_ESIM_AUTH_ANOMALY,1,,,,,,,,,,
EVT-000646-05,USR-000646,ACC-000646,BEHAVIOUR,DEVICE_DEVIATION,2027-10-09T00:15:00,DEV-000646-02,,,behaviour,DEVIATION,,,synthetic,SIM_ESIM_AUTH_ANOMALY,1,,,,,,,,,,
EVT-000647-01,USR-000647,ACC-000647,TELECOM,ESIM_CHANGE,2027-10-10T00:00:00,DEV-000647-01,,,telecom,SUCCESS,,,synthetic,LEGITIMATE_ESIM_CHANGE,0,,,,,,,,,,
EVT-000647-02,USR-000647,ACC-000647,AUTHENTICATION,LOGIN,2027-10-10T00:10:00,DEV-000647-01,,,authentication,SUCCESS,,,synthetic,LEGITIMATE_ESIM_CHANGE,0,,,,,,,,,,
EVT-000648-01,USR-000648,ACC-000648,TELECOM,ESIM_CHANGE,2027-10-11T00:00:00,DEV-000648-01,,,telecom,SUCCESS,,,synthetic,LEGITIMATE_ESIM_CHANGE,0,,,,,,,,,,
EVT-000648-02,USR-000648,ACC-000648,AUTHENTICATION,LOGIN,2027-10-11T00:10:00,DEV-000648-01,,,authentication,SUCCESS,,,synthetic,LEGITIMATE_ESIM_CHANGE,0,,,,,,,,,,
EVT-000649-01,USR-000649,ACC-000649,TELECOM,ESIM_CHANGE,2027-10-12T00:00:00,DEV-000649-01,,,telecom,SUCCESS,,,synthetic,SUSPICIOUS_ESIM_CHANGE,1,,,,,,,,,,
EVT-000649-02,USR-000649,ACC-000649,DEVICE,NEW_DEVICE,2027-10-12T00:05:00,DEV-000649-02,,,device,UNRECOGNIZED,,,synthetic,SUSPICIOUS_ESIM_CHANGE,1,,,,,,,,,,
EVT-000649-03,USR-000649,ACC-000649,DEVICE,DEVICE_CHANGE,2027-10-12T00:08:00,DEV-000649-02,,,device,DEVIATION,,,synthetic,SUSPICIOUS_ESIM_CHANGE,1,,,,,,,,,,
EVT-000649-04,USR-000649,ACC-000649,AUTHENTICATION,FAILED_LOGIN,2027-10-12T00:10:00,DEV-000649-02,,,authentication,FAILURE,,,synthetic,SUSPICIOUS_ESIM_CHANGE,1,,,,,,,,,,
EVT-000649-05,USR-000649,ACC-000649,BEHAVIOUR,DEVICE_DEVIATION,2027-10-12T00:15:00,DEV-000649-02,,,behaviour,DEVIATION,,,synthetic,SUSPICIOUS_ESIM_CHANGE,1,,,,,,,,,,
EVT-000649-06,USR-000649,ACC-000649,TRANSACTION,TRANSACTION,2027-10-12T00:30:00,DEV-000649-02,,,transaction,SUCCESS,463335.14,,paysim,SUSPICIOUS_ESIM_CHANGE,1,CASH_IN,111.0,463446.14,2968349.34,2505014.19,186,C1812773399,C1409114652,0,0
EVT-000650-01,USR-000650,ACC-000650,TELECOM,SIM_REPLACEMENT,2027-10-13T00:00:00,DEV-000650-01,,,telecom,SUCCESS,,,synthetic,LEGITIMATE_SIM_REPLACEMENT,0,,,,,,,,,,
EVT-000650-02,USR-000650,ACC-000650,AUTHENTICATION,LOGIN,2027-10-13T00:10:00,DEV-000650-01,,,authentication,SUCCESS,,,synthetic,LEGITIMATE_SIM_REPLACEMENT,0,,,,,,,,,,
EVT-000650-03,USR-000650,ACC-000650,TRANSACTION,TRANSACTION,2027-10-13T00:30:00,DEV-000650-01,,,transaction,SUCCESS,453169.27,,paysim,LEGITIMATE_SIM_REPLACEMENT,0,CASH_IN,0.0,453169.27,1737505.63,853422.19,34,C1884981937,C1224081716,0,0
EVT-000651-01,USR-000651,ACC-000651,TELECOM,SIM_REPLACEMENT,2027-10-14T00:00:00,DEV-000651-01,,,telecom,SUCCESS,,,synthetic,SUSPICIOUS_SIM_REPLACEMENT,1,,,,,,,,,,
EVT-000651-02,USR-000651,ACC-000651,DEVICE,NEW_DEVICE,2027-10-14T00:05:00,DEV-000651-02,,,device,UNRECOGNIZED,,,synthetic,SUSPICIOUS_SIM_REPLACEMENT,1,,,,,,,,,,
EVT-000651-03,USR-000651,ACC-000651,AUTHENTICATION,FAILED_LOGIN,2027-10-14T00:10:00,DEV-000651-02,,,authentication,FAILURE,,,synthetic,SUSPICIOUS_SIM_REPLACEMENT,1,,,,,,,,,,
EVT-000651-04,USR-000651,ACC-000651,RECOVERY,PASSWORD_RESET,2027-10-14T00:15:00,DEV-000651-02,,,recovery,SUCCESS,,,synthetic,SUSPICIOUS_SIM_REPLACEMENT,1,,,,,,,,,,
EVT-000651-05,USR-000651,ACC-000651,ACCOUNT,NEW_BENEFICIARY,2027-10-14T00:20:00,DEV-000651-02,,,account,SUCCESS,,BEN-000651-01,synthetic,SUSPICIOUS_SIM_REPLACEMENT,1,,,,,,,,,,
EVT-000651-06,USR-000651,ACC-000651,TRANSACTION,TRANSACTION,2027-10-14T00:30:00,DEV-000651-02,,,transaction,SUCCESS,2493.49,,paysim,SUSPICIOUS_SIM_REPLACEMENT,1,PAYMENT,0.0,0.0,0.0,0.0,299,C1058236257,M1169318251,0,0
EVT-000652-01,USR-000652,ACC-000652,TELECOM,SIM_REPLACEMENT,2027-10-15T00:00:00,DEV-000652-01,,,telecom,SUCCESS,,,synthetic,SUSPICIOUS_SIM_REPLACEMENT,1,,,,,,,,,,
EVT-000652-02,USR-000652,ACC-000652,DEVICE,NEW_DEVICE,2027-10-15T00:05:00,DEV-000652-02,,,device,UNRECOGNIZED,,,synthetic,SUSPICIOUS_SIM_REPLACEMENT,1,,,,,,,,,,
EVT-000652-03,USR-000652,ACC-000652,AUTHENTICATION,FAILED_LOGIN,2027-10-15T00:10:00,DEV-000652-02,,,authentication,FAILURE,,,synthetic,SUSPICIOUS_SIM_REPLACEMENT,1,,,,,,,,,,
EVT-000652-04,USR-000652,ACC-000652,RECOVERY,PASSWORD_RESET,2027-10-15T00:15:00,DEV-000652-02,,,recovery,SUCCESS,,,synthetic,SUSPICIOUS_SIM_REPLACEMENT,1,,,,,,,,,,
EVT-000652-05,USR-000652,ACC-000652,ACCOUNT,NEW_BENEFICIARY,2027-10-15T00:20:00,DEV-000652-02,,,account,SUCCESS,,BEN-000652-01,synthetic,SUSPICIOUS_SIM_REPLACEMENT,1,,,,,,,,,,
EVT-000652-06,USR-000652,ACC-000652,TRANSACTION,TRANSACTION,2027-10-15T00:30:00,DEV-000652-02,,,transaction,SUCCESS,24888.22,,paysim,SUSPICIOUS_SIM_REPLACEMENT,1,CASH_OUT,0.0,0.0,492276.06,517164.28,189,C1504006441,C725896544,0,0
EVT-000653-01,USR-000653,ACC-000653,TELECOM,SIM_SWAP,2027-10-16T00:00:00,DEV-000653-01,,,telecom,SUCCESS,,,synthetic,SIM_ESIM_AUTH_ANOMALY,1,,,,,,,,,,
EVT-000653-02,USR-000653,ACC-000653,DEVICE,NEW_DEVICE,2027-10-16T00:05:00,DEV-000653-02,,,device,UNRECOGNIZED,,,synthetic,SIM_ESIM_AUTH_ANOMALY,1,,,,,,,,,,
EVT-000653-03,USR-000653,ACC-000653,AUTHENTICATION,FAILED_LOGIN,2027-10-16T00:10:00,DEV-000653-02,,,authentication,FAILURE,,,synthetic,SIM_ESIM_AUTH_ANOMALY,1,,,,,,,,,,
EVT-000653-04,USR-000653,ACC-000653,AUTHENTICATION,FAILED_LOGIN,2027-10-16T00:12:00,DEV-000653-02,,,authentication,FAILURE,,,synthetic,SIM_ESIM_AUTH_ANOMALY,1,,,,,,,,,,
EVT-000653-05,USR-000653,ACC-000653,BEHAVIOUR,DEVICE_DEVIATION,2027-10-16T00:15:00,DEV-000653-02,,,behaviour,DEVIATION,,,synthetic,SIM_ESIM_AUTH_ANOMALY,1,,,,,,,,,,
EVT-000654-01,USR-000654,ACC-000654,TELECOM,ESIM_CHANGE,2027-10-17T00:00:00,DEV-000654-01,,,telecom,SUCCESS,,,synthetic,LEGITIMATE_ESIM_CHANGE,0,,,,,,,,,,
EVT-000654-02,USR-000654,ACC-000654,AUTHENTICATION,LOGIN,2027-10-17T00:10:00,DEV-000654-01,,,authentication,SUCCESS,,,synthetic,LEGITIMATE_ESIM_CHANGE,0,,,,,,,,,,
EVT-000655-01,USR-000655,ACC-000655,TELECOM,SIM_REPLACEMENT,2027-10-18T00:00:00,DEV-000655-01,,,telecom,SUCCESS,,,synthetic,SUSPICIOUS_SIM_REPLACEMENT,1,,,,,,,,,,
EVT-000655-02,USR-000655,ACC-000655,DEVICE,NEW_DEVICE,2027-10-18T00:05:00,DEV-000655-02,,,device,UNRECOGNIZED,,,synthetic,SUSPICIOUS_SIM_REPLACEMENT,1,,,,,,,,,,
EVT-000655-03,USR-000655,ACC-000655,AUTHENTICATION,FAILED_LOGIN,2027-10-18T00:10:00,DEV-000655-02,,,authentication,FAILURE,,,synthetic,SUSPICIOUS_SIM_REPLACEMENT,1,,,,,,,,,,
EVT-000655-04,USR-000655,ACC-000655,RECOVERY,PASSWORD_RESET,2027-10-18T00:15:00,DEV-000655-02,,,recovery,SUCCESS,,,synthetic,SUSPICIOUS_SIM_REPLACEMENT,1,,,,,,,,,,
EVT-000655-05,USR-000655,ACC-000655,ACCOUNT,NEW_BENEFICIARY,2027-10-18T00:20:00,DEV-000655-02,,,account,SUCCESS,,BEN-000655-01,synthetic,SUSPICIOUS_SIM_REPLACEMENT,1,,,,,,,,,,
EVT-000655-06,USR-000655,ACC-000655,TRANSACTION,TRANSACTION,2027-10-18T00:30:00,DEV-000655-02,,,transaction,SUCCESS,23809.51,,paysim,SUSPICIOUS_SIM_REPLACEMENT,1,PAYMENT,205152.16,181342.66,0.0,0.0,397,C1137161042,M988999846,0,0
EVT-000656-01,USR-000656,ACC-000656,TELECOM,SIM_SWAP,2027-10-19T00:00:00,DEV-000656-01,,,telecom,SUCCESS,,,synthetic,SIM_ESIM_AUTH_ANOMALY,1,,,,,,,,,,
EVT-000656-02,USR-000656,ACC-000656,DEVICE,NEW_DEVICE,2027-10-19T00:05:00,DEV-000656-02,,,device,UNRECOGNIZED,,,synthetic,SIM_ESIM_AUTH_ANOMALY,1,,,,,,,,,,
EVT-000656-03,USR-000656,ACC-000656,AUTHENTICATION,FAILED_LOGIN,2027-10-19T00:10:00,DEV-000656-02,,,authentication,FAILURE,,,synthetic,SIM_ESIM_AUTH_ANOMALY,1,,,,,,,,,,
EVT-000656-04,USR-000656,ACC-000656,AUTHENTICATION,FAILED_LOGIN,2027-10-19T00:12:00,DEV-000656-02,,,authentication,FAILURE,,,synthetic,SIM_ESIM_AUTH_ANOMALY,1,,,,,,,,,,
EVT-000656-05,USR-000656,ACC-000656,BEHAVIOUR,DEVICE_DEVIATION,2027-10-19T00:15:00,DEV-000656-02,,,behaviour,DEVIATION,,,synthetic,SIM_ESIM_AUTH_ANOMALY,1,,,,,,,,,,
EVT-000657-01,USR-000657,ACC-000657,TELECOM,ESIM_CHANGE,2027-10-20T00:00:00,DEV-000657-01,,,telecom,SUCCESS,,,synthetic,LEGITIMATE_ESIM_CHANGE,0,,,,,,,,,,
EVT-000657-02,USR-000657,ACC-000657,AUTHENTICATION,LOGIN,2027-10-20T00:10:00,DEV-000657-01,,,authentication,SUCCESS,,,synthetic,LEGITIMATE_ESIM_CHANGE,0,,,,,,,,,,
EVT-000658-01,USR-000658,ACC-000658,TELECOM,SIM_REPLACEMENT,2027-10-21T00:00:00,DEV-000658-01,,,telecom,SUCCESS,,,synthetic,LEGITIMATE_SIM_REPLACEMENT,0,,,,,,,,,,
EVT-000658-02,USR-000658,ACC-000658,AUTHENTICATION,LOGIN,2027-10-21T00:10:00,DEV-000658-01,,,authentication,SUCCESS,,,synthetic,LEGITIMATE_SIM_REPLACEMENT,0,,,,,,,,,,
EVT-000658-03,USR-000658,ACC-000658,TRANSACTION,TRANSACTION,2027-10-21T00:30:00,DEV-000658-01,,,transaction,SUCCESS,11244.1,,paysim,LEGITIMATE_SIM_REPLACEMENT,0,PAYMENT,0.0,0.0,0.0,0.0,229,C149722979,M218053695,0,0
EVT-000659-01,USR-000659,ACC-000659,TELECOM,SIM_SWAP,2027-10-22T00:00:00,DEV-000659-01,,,telecom,SUCCESS,,,synthetic,SIM_ESIM_AUTH_ANOMALY,1,,,,,,,,,,
EVT-000659-02,USR-000659,ACC-000659,DEVICE,NEW_DEVICE,2027-10-22T00:05:00,DEV-000659-02,,,device,UNRECOGNIZED,,,synthetic,SIM_ESIM_AUTH_ANOMALY,1,,,,,,,,,,
EVT-000659-03,USR-000659,ACC-000659,AUTHENTICATION,FAILED_LOGIN,2027-10-22T00:10:00,DEV-000659-02,,,authentication,FAILURE,,,synthetic,SIM_ESIM_AUTH_ANOMALY,1,,,,,,,,,,
EVT-000659-04,USR-000659,ACC-000659,AUTHENTICATION,FAILED_LOGIN,2027-10-22T00:12:00,DEV-000659-02,,,authentication,FAILURE,,,synthetic,SIM_ESIM_AUTH_ANOMALY,1,,,,,,,,,,
EVT-000659-05,USR-000659,ACC-000659,BEHAVIOUR,DEVICE_DEVIATION,2027-10-22T00:15:00,DEV-000659-02,,,behaviour,DEVIATION,,,synthetic,SIM_ESIM_AUTH_ANOMALY,1,,,,,,,,,,
EVT-000660-01,USR-000660,ACC-000660,TELECOM,SIM_REPLACEMENT,2027-10-23T00:00:00,DEV-000660-01,,,telecom,SUCCESS,,,synthetic,LEGITIMATE_SIM_REPLACEMENT,0,,,,,,,,,,
EVT-000660-02,USR-000660,ACC-000660,AUTHENTICATION,LOGIN,2027-10-23T00:10:00,DEV-000660-01,,,authentication,SUCCESS,,,synthetic,LEGITIMATE_SIM_REPLACEMENT,0,,,,,,,,,,
EVT-000660-03,USR-000660,ACC-000660,TRANSACTION,TRANSACTION,2027-10-23T00:30:00,DEV-000660-01,,,transaction,SUCCESS,3216.28,,paysim,LEGITIMATE_SIM_REPLACEMENT,0,PAYMENT,10660.0,7443.72,0.0,0.0,573,C1876434644,M2080985320,0,0
EVT-000661-01,USR-000661,ACC-000661,TELECOM,ESIM_CHANGE,2027-10-24T00:00:00,DEV-000661-01,,,telecom,SUCCESS,,,synthetic,SUSPICIOUS_ESIM_CHANGE,1,,,,,,,,,,
EVT-000661-02,USR-000661,ACC-000661,DEVICE,NEW_DEVICE,2027-10-24T00:05:00,DEV-000661-02,,,device,UNRECOGNIZED,,,synthetic,SUSPICIOUS_ESIM_CHANGE,1,,,,,,,,,,
EVT-000661-03,USR-000661,ACC-000661,DEVICE,DEVICE_CHANGE,2027-10-24T00:08:00,DEV-000661-02,,,device,DEVIATION,,,synthetic,SUSPICIOUS_ESIM_CHANGE,1,,,,,,,,,,
EVT-000661-04,USR-000661,ACC-000661,AUTHENTICATION,FAILED_LOGIN,2027-10-24T00:10:00,DEV-000661-02,,,authentication,FAILURE,,,synthetic,SUSPICIOUS_ESIM_CHANGE,1,,,,,,,,,,
EVT-000661-05,USR-000661,ACC-000661,BEHAVIOUR,DEVICE_DEVIATION,2027-10-24T00:15:00,DEV-000661-02,,,behaviour,DEVIATION,,,synthetic,SUSPICIOUS_ESIM_CHANGE,1,,,,,,,,,,
EVT-000661-06,USR-000661,ACC-000661,TRANSACTION,TRANSACTION,2027-10-24T00:30:00,DEV-000661-02,,,transaction,SUCCESS,151.67,,paysim,SUSPICIOUS_ESIM_CHANGE,1,PAYMENT,0.0,0.0,0.0,0.0,308,C295102038,M530503478,0,0
EVT-000662-01,USR-000662,ACC-000662,TELECOM,SIM_SWAP,2027-10-25T00:00:00,DEV-000662-01,,,telecom,SUCCESS,,,synthetic,SIM_ESIM_AUTH_ANOMALY,1,,,,,,,,,,
EVT-000662-02,USR-000662,ACC-000662,DEVICE,NEW_DEVICE,2027-10-25T00:05:00,DEV-000662-02,,,device,UNRECOGNIZED,,,synthetic,SIM_ESIM_AUTH_ANOMALY,1,,,,,,,,,,
EVT-000662-03,USR-000662,ACC-000662,AUTHENTICATION,FAILED_LOGIN,2027-10-25T00:10:00,DEV-000662-02,,,authentication,FAILURE,,,synthetic,SIM_ESIM_AUTH_ANOMALY,1,,,,,,,,,,
EVT-000662-04,USR-000662,ACC-000662,AUTHENTICATION,FAILED_LOGIN,2027-10-25T00:12:00,DEV-000662-02,,,authentication,FAILURE,,,synthetic,SIM_ESIM_AUTH_ANOMALY,1,,,,,,,,,,
EVT-000662-05,USR-000662,ACC-000662,BEHAVIOUR,DEVICE_DEVIATION,2027-10-25T00:15:00,DEV-000662-02,,,behaviour,DEVIATION,,,synthetic,SIM_ESIM_AUTH_ANOMALY,1,,,,,,,,,,
EVT-000663-01,USR-000663,ACC-000663,TELECOM,ESIM_CHANGE,2027-10-26T00:00:00,DEV-000663-01,,,telecom,SUCCESS,,,synthetic,LEGITIMATE_ESIM_CHANGE,0,,,,,,,,,,
EVT-000663-02,USR-000663,ACC-000663,AUTHENTICATION,LOGIN,2027-10-26T00:10:00,DEV-000663-01,,,authentication,SUCCESS,,,synthetic,LEGITIMATE_ESIM_CHANGE,0,,,,,,,,,,
EVT-000664-01,USR-000664,ACC-000664,TELECOM,SIM_REPLACEMENT,2027-10-27T00:00:00,DEV-000664-01,,,telecom,SUCCESS,,,synthetic,SUSPICIOUS_SIM_REPLACEMENT,1,,,,,,,,,,
EVT-000664-02,USR-000664,ACC-000664,DEVICE,NEW_DEVICE,2027-10-27T00:05:00,DEV-000664-02,,,device,UNRECOGNIZED,,,synthetic,SUSPICIOUS_SIM_REPLACEMENT,1,,,,,,,,,,
EVT-000664-03,USR-000664,ACC-000664,AUTHENTICATION,FAILED_LOGIN,2027-10-27T00:10:00,DEV-000664-02,,,authentication,FAILURE,,,synthetic,SUSPICIOUS_SIM_REPLACEMENT,1,,,,,,,,,,
EVT-000664-04,USR-000664,ACC-000664,RECOVERY,PASSWORD_RESET,2027-10-27T00:15:00,DEV-000664-02,,,recovery,SUCCESS,,,synthetic,SUSPICIOUS_SIM_REPLACEMENT,1,,,,,,,,,,
EVT-000664-05,USR-000664,ACC-000664,ACCOUNT,NEW_BENEFICIARY,2027-10-27T00:20:00,DEV-000664-02,,,account,SUCCESS,,BEN-000664-01,synthetic,SUSPICIOUS_SIM_REPLACEMENT,1,,,,,,,,,,
EVT-000664-06,USR-000664,ACC-000664,TRANSACTION,TRANSACTION,2027-10-27T00:30:00,DEV-000664-02,,,transaction,SUCCESS,86343.42,,paysim,SUSPICIOUS_SIM_REPLACEMENT,1,CASH_OUT,0.0,0.0,272494.58,358838.0,20,C980788889,C110314238,0,0
EVT-000665-01,USR-000665,ACC-000665,TELECOM,ESIM_CHANGE,2027-10-28T00:00:00,DEV-000665-01,,,telecom,SUCCESS,,,synthetic,SUSPICIOUS_ESIM_CHANGE,1,,,,,,,,,,
EVT-000665-02,USR-000665,ACC-000665,DEVICE,NEW_DEVICE,2027-10-28T00:05:00,DEV-000665-02,,,device,UNRECOGNIZED,,,synthetic,SUSPICIOUS_ESIM_CHANGE,1,,,,,,,,,,
EVT-000665-03,USR-000665,ACC-000665,DEVICE,DEVICE_CHANGE,2027-10-28T00:08:00,DEV-000665-02,,,device,DEVIATION,,,synthetic,SUSPICIOUS_ESIM_CHANGE,1,,,,,,,,,,
EVT-000665-04,USR-000665,ACC-000665,AUTHENTICATION,FAILED_LOGIN,2027-10-28T00:10:00,DEV-000665-02,,,authentication,FAILURE,,,synthetic,SUSPICIOUS_ESIM_CHANGE,1,,,,,,,,,,
EVT-000665-05,USR-000665,ACC-000665,BEHAVIOUR,DEVICE_DEVIATION,2027-10-28T00:15:00,DEV-000665-02,,,behaviour,DEVIATION,,,synthetic,SUSPICIOUS_ESIM_CHANGE,1,,,,,,,,,,
EVT-000665-06,USR-000665,ACC-000665,TRANSACTION,TRANSACTION,2027-10-28T00:30:00,DEV-000665-02,,,transaction,SUCCESS,189292.89,,paysim,SUSPICIOUS_ESIM_CHANGE,1,CASH_IN,26720.0,216012.89,400562.78,211269.89,376,C623731719,C437137284,0,0
EVT-000666-01,USR-000666,ACC-000666,TELECOM,ESIM_CHANGE,2027-10-29T00:00:00,DEV-000666-01,,,telecom,SUCCESS,,,synthetic,SUSPICIOUS_ESIM_CHANGE,1,,,,,,,,,,
EVT-000666-02,USR-000666,ACC-000666,DEVICE,NEW_DEVICE,2027-10-29T00:05:00,DEV-000666-02,,,device,UNRECOGNIZED,,,synthetic,SUSPICIOUS_ESIM_CHANGE,1,,,,,,,,,,
EVT-000666-03,USR-000666,ACC-000666,DEVICE,DEVICE_CHANGE,2027-10-29T00:08:00,DEV-000666-02,,,device,DEVIATION,,,synthetic,SUSPICIOUS_ESIM_CHANGE,1,,,,,,,,,,
EVT-000666-04,USR-000666,ACC-000666,AUTHENTICATION,FAILED_LOGIN,2027-10-29T00:10:00,DEV-000666-02,,,authentication,FAILURE,,,synthetic,SUSPICIOUS_ESIM_CHANGE,1,,,,,,,,,,
EVT-000666-05,USR-000666,ACC-000666,BEHAVIOUR,DEVICE_DEVIATION,2027-10-29T00:15:00,DEV-000666-02,,,behaviour,DEVIATION,,,synthetic,SUSPICIOUS_ESIM_CHANGE,1,,,,,,,,,,
EVT-000666-06,USR-000666,ACC-000666,TRANSACTION,TRANSACTION,2027-10-29T00:30:00,DEV-000666-02,,,transaction,SUCCESS,428475.9,,paysim,SUSPICIOUS_ESIM_CHANGE,1,TRANSFER,0.0,0.0,1275562.24,1657608.27,153,C956424570,C2045620421,0,0
EVT-000667-01,USR-000667,ACC-000667,TELECOM,SIM_REPLACEMENT,2027-10-30T00:00:00,DEV-000667-01,,,telecom,SUCCESS,,,synthetic,LEGITIMATE_SIM_REPLACEMENT,0,,,,,,,,,,
EVT-000667-02,USR-000667,ACC-000667,AUTHENTICATION,LOGIN,2027-10-30T00:10:00,DEV-000667-01,,,authentication,SUCCESS,,,synthetic,LEGITIMATE_SIM_REPLACEMENT,0,,,,,,,,,,
EVT-000667-03,USR-000667,ACC-000667,TRANSACTION,TRANSACTION,2027-10-30T00:30:00,DEV-000667-01,,,transaction,SUCCESS,176438.34,,paysim,LEGITIMATE_SIM_REPLACEMENT,0,CASH_OUT,41972.0,0.0,164848.61,341286.95,234,C885187557,C766324838,0,0
EVT-000668-01,USR-000668,ACC-000668,TELECOM,ESIM_CHANGE,2027-10-31T00:00:00,DEV-000668-01,,,telecom,SUCCESS,,,synthetic,LEGITIMATE_ESIM_CHANGE,0,,,,,,,,,,
EVT-000668-02,USR-000668,ACC-000668,AUTHENTICATION,LOGIN,2027-10-31T00:10:00,DEV-000668-01,,,authentication,SUCCESS,,,synthetic,LEGITIMATE_ESIM_CHANGE,0,,,,,,,,,,
EVT-000669-01,USR-000669,ACC-000669,TELECOM,SIM_SWAP,2027-11-01T00:00:00,DEV-000669-01,,,telecom,SUCCESS,,,synthetic,SIM_ESIM_AUTH_ANOMALY,1,,,,,,,,,,
EVT-000669-02,USR-000669,ACC-000669,DEVICE,NEW_DEVICE,2027-11-01T00:05:00,DEV-000669-02,,,device,UNRECOGNIZED,,,synthetic,SIM_ESIM_AUTH_ANOMALY,1,,,,,,,,,,
EVT-000669-03,USR-000669,ACC-000669,AUTHENTICATION,FAILED_LOGIN,2027-11-01T00:10:00,DEV-000669-02,,,authentication,FAILURE,,,synthetic,SIM_ESIM_AUTH_ANOMALY,1,,,,,,,,,,
EVT-000669-04,USR-000669,ACC-000669,AUTHENTICATION,FAILED_LOGIN,2027-11-01T00:12:00,DEV-000669-02,,,authentication,FAILURE,,,synthetic,SIM_ESIM_AUTH_ANOMALY,1,,,,,,,,,,
EVT-000669-05,USR-000669,ACC-000669,BEHAVIOUR,DEVICE_DEVIATION,2027-11-01T00:15:00,DEV-000669-02,,,behaviour,DEVIATION,,,synthetic,SIM_ESIM_AUTH_ANOMALY,1,,,,,,,,,,
EVT-000670-01,USR-000670,ACC-000670,TELECOM,SIM_REPLACEMENT,2027-11-02T00:00:00,DEV-000670-01,,,telecom,SUCCESS,,,synthetic,LEGITIMATE_SIM_REPLACEMENT,0,,,,,,,,,,
EVT-000670-02,USR-000670,ACC-000670,AUTHENTICATION,LOGIN,2027-11-02T00:10:00,DEV-000670-01,,,authentication,SUCCESS,,,synthetic,LEGITIMATE_SIM_REPLACEMENT,0,,,,,,,,,,
EVT-000670-03,USR-000670,ACC-000670,TRANSACTION,TRANSACTION,2027-11-02T00:30:00,DEV-000670-01,,,transaction,SUCCESS,54355.97,,paysim,LEGITIMATE_SIM_REPLACEMENT,0,PAYMENT,73138.0,18782.03,0.0,0.0,299,C1913574377,M1712722758,0,0
EVT-000671-01,USR-000671,ACC-000671,TELECOM,SIM_REPLACEMENT,2027-11-03T00:00:00,DEV-000671-01,,,telecom,SUCCESS,,,synthetic,SUSPICIOUS_SIM_REPLACEMENT,1,,,,,,,,,,
EVT-000671-02,USR-000671,ACC-000671,DEVICE,NEW_DEVICE,2027-11-03T00:05:00,DEV-000671-02,,,device,UNRECOGNIZED,,,synthetic,SUSPICIOUS_SIM_REPLACEMENT,1,,,,,,,,,,
EVT-000671-03,USR-000671,ACC-000671,AUTHENTICATION,FAILED_LOGIN,2027-11-03T00:10:00,DEV-000671-02,,,authentication,FAILURE,,,synthetic,SUSPICIOUS_SIM_REPLACEMENT,1,,,,,,,,,,
EVT-000671-04,USR-000671,ACC-000671,RECOVERY,PASSWORD_RESET,2027-11-03T00:15:00,DEV-000671-02,,,recovery,SUCCESS,,,synthetic,SUSPICIOUS_SIM_REPLACEMENT,1,,,,,,,,,,
EVT-000671-05,USR-000671,ACC-000671,ACCOUNT,NEW_BENEFICIARY,2027-11-03T00:20:00,DEV-000671-02,,,account,SUCCESS,,BEN-000671-01,synthetic,SUSPICIOUS_SIM_REPLACEMENT,1,,,,,,,,,,
EVT-000671-06,USR-000671,ACC-000671,TRANSACTION,TRANSACTION,2027-11-03T00:30:00,DEV-000671-02,,,transaction,SUCCESS,8822.39,,paysim,SUSPICIOUS_SIM_REPLACEMENT,1,CASH_OUT,0.0,0.0,200962.25,209784.64,371,C461517797,C1534831658,0,0
EVT-000672-01,USR-000672,ACC-000672,TELECOM,ESIM_CHANGE,2027-11-04T00:00:00,DEV-000672-01,,,telecom,SUCCESS,,,synthetic,SUSPICIOUS_ESIM_CHANGE,1,,,,,,,,,,
EVT-000672-02,USR-000672,ACC-000672,DEVICE,NEW_DEVICE,2027-11-04T00:05:00,DEV-000672-02,,,device,UNRECOGNIZED,,,synthetic,SUSPICIOUS_ESIM_CHANGE,1,,,,,,,,,,
EVT-000672-03,USR-000672,ACC-000672,DEVICE,DEVICE_CHANGE,2027-11-04T00:08:00,DEV-000672-02,,,device,DEVIATION,,,synthetic,SUSPICIOUS_ESIM_CHANGE,1,,,,,,,,,,
EVT-000672-04,USR-000672,ACC-000672,AUTHENTICATION,FAILED_LOGIN,2027-11-04T00:10:00,DEV-000672-02,,,authentication,FAILURE,,,synthetic,SUSPICIOUS_ESIM_CHANGE,1,,,,,,,,,,
EVT-000672-05,USR-000672,ACC-000672,BEHAVIOUR,DEVICE_DEVIATION,2027-11-04T00:15:00,DEV-000672-02,,,behaviour,DEVIATION,,,synthetic,SUSPICIOUS_ESIM_CHANGE,1,,,,,,,,,,
EVT-000672-06,USR-000672,ACC-000672,TRANSACTION,TRANSACTION,2027-11-04T00:30:00,DEV-000672-02,,,transaction,SUCCESS,158494.67,,paysim,SUSPICIOUS_ESIM_CHANGE,1,CASH_IN,9048625.48,9207120.15,1858299.29,1699804.62,18,C975729635,C509049253,0,0
EVT-000673-01,USR-000673,ACC-000673,TELECOM,SIM_REPLACEMENT,2027-11-05T00:00:00,DEV-000673-01,,,telecom,SUCCESS,,,synthetic,LEGITIMATE_SIM_REPLACEMENT,0,,,,,,,,,,
EVT-000673-02,USR-000673,ACC-000673,AUTHENTICATION,LOGIN,2027-11-05T00:10:00,DEV-000673-01,,,authentication,SUCCESS,,,synthetic,LEGITIMATE_SIM_REPLACEMENT,0,,,,,,,,,,
EVT-000673-03,USR-000673,ACC-000673,TRANSACTION,TRANSACTION,2027-11-05T00:30:00,DEV-000673-01,,,transaction,SUCCESS,61283.67,,paysim,LEGITIMATE_SIM_REPLACEMENT,0,CASH_IN,7832719.27,7894002.94,287099.37,225815.7,154,C205951800,C744090778,0,0
EVT-000674-01,USR-000674,ACC-000674,TELECOM,SIM_SWAP,2027-11-06T00:00:00,DEV-000674-01,,,telecom,SUCCESS,,,synthetic,SIM_ESIM_AUTH_ANOMALY,1,,,,,,,,,,
EVT-000674-02,USR-000674,ACC-000674,DEVICE,NEW_DEVICE,2027-11-06T00:05:00,DEV-000674-02,,,device,UNRECOGNIZED,,,synthetic,SIM_ESIM_AUTH_ANOMALY,1,,,,,,,,,,
EVT-000674-03,USR-000674,ACC-000674,AUTHENTICATION,FAILED_LOGIN,2027-11-06T00:10:00,DEV-000674-02,,,authentication,FAILURE,,,synthetic,SIM_ESIM_AUTH_ANOMALY,1,,,,,,,,,,
EVT-000674-04,USR-000674,ACC-000674,AUTHENTICATION,FAILED_LOGIN,2027-11-06T00:12:00,DEV-000674-02,,,authentication,FAILURE,,,synthetic,SIM_ESIM_AUTH_ANOMALY,1,,,,,,,,,,
EVT-000674-05,USR-000674,ACC-000674,BEHAVIOUR,DEVICE_DEVIATION,2027-11-06T00:15:00,DEV-000674-02,,,behaviour,DEVIATION,,,synthetic,SIM_ESIM_AUTH_ANOMALY,1,,,,,,,,,,
EVT-000675-01,USR-000675,ACC-000675,TELECOM,SIM_REPLACEMENT,2027-11-07T00:00:00,DEV-000675-01,,,telecom,SUCCESS,,,synthetic,SUSPICIOUS_SIM_REPLACEMENT,1,,,,,,,,,,
EVT-000675-02,USR-000675,ACC-000675,DEVICE,NEW_DEVICE,2027-11-07T00:05:00,DEV-000675-02,,,device,UNRECOGNIZED,,,synthetic,SUSPICIOUS_SIM_REPLACEMENT,1,,,,,,,,,,
EVT-000675-03,USR-000675,ACC-000675,AUTHENTICATION,FAILED_LOGIN,2027-11-07T00:10:00,DEV-000675-02,,,authentication,FAILURE,,,synthetic,SUSPICIOUS_SIM_REPLACEMENT,1,,,,,,,,,,
EVT-000675-04,USR-000675,ACC-000675,RECOVERY,PASSWORD_RESET,2027-11-07T00:15:00,DEV-000675-02,,,recovery,SUCCESS,,,synthetic,SUSPICIOUS_SIM_REPLACEMENT,1,,,,,,,,,,
EVT-000675-05,USR-000675,ACC-000675,ACCOUNT,NEW_BENEFICIARY,2027-11-07T00:20:00,DEV-000675-02,,,account,SUCCESS,,BEN-000675-01,synthetic,SUSPICIOUS_SIM_REPLACEMENT,1,,,,,,,,,,
EVT-000675-06,USR-000675,ACC-000675,TRANSACTION,TRANSACTION,2027-11-07T00:30:00,DEV-000675-02,,,transaction,SUCCESS,59794.84,,paysim,SUSPICIOUS_SIM_REPLACEMENT,1,CASH_IN,51734.0,111528.84,232687.53,172892.68,22,C1856029642,C169230599,0,0
EVT-000676-01,USR-000676,ACC-000676,TELECOM,SIM_REPLACEMENT,2027-11-08T00:00:00,DEV-000676-01,,,telecom,SUCCESS,,,synthetic,SUSPICIOUS_SIM_REPLACEMENT,1,,,,,,,,,,
EVT-000676-02,USR-000676,ACC-000676,DEVICE,NEW_DEVICE,2027-11-08T00:05:00,DEV-000676-02,,,device,UNRECOGNIZED,,,synthetic,SUSPICIOUS_SIM_REPLACEMENT,1,,,,,,,,,,
EVT-000676-03,USR-000676,ACC-000676,AUTHENTICATION,FAILED_LOGIN,2027-11-08T00:10:00,DEV-000676-02,,,authentication,FAILURE,,,synthetic,SUSPICIOUS_SIM_REPLACEMENT,1,,,,,,,,,,
EVT-000676-04,USR-000676,ACC-000676,RECOVERY,PASSWORD_RESET,2027-11-08T00:15:00,DEV-000676-02,,,recovery,SUCCESS,,,synthetic,SUSPICIOUS_SIM_REPLACEMENT,1,,,,,,,,,,
EVT-000676-05,USR-000676,ACC-000676,ACCOUNT,NEW_BENEFICIARY,2027-11-08T00:20:00,DEV-000676-02,,,account,SUCCESS,,BEN-000676-01,synthetic,SUSPICIOUS_SIM_REPLACEMENT,1,,,,,,,,,,
EVT-000676-06,USR-000676,ACC-000676,TRANSACTION,TRANSACTION,2027-11-08T00:30:00,DEV-000676-02,,,transaction,SUCCESS,1584835.35,,paysim,SUSPICIOUS_SIM_REPLACEMENT,1,TRANSFER,43078.0,0.0,0.0,1584835.35,302,C720949757,C1947352628,0,0
EVT-000677-01,USR-000677,ACC-000677,TELECOM,SIM_REPLACEMENT,2027-11-09T00:00:00,DEV-000677-01,,,telecom,SUCCESS,,,synthetic,LEGITIMATE_SIM_REPLACEMENT,0,,,,,,,,,,
EVT-000677-02,USR-000677,ACC-000677,AUTHENTICATION,LOGIN,2027-11-09T00:10:00,DEV-000677-01,,,authentication,SUCCESS,,,synthetic,LEGITIMATE_SIM_REPLACEMENT,0,,,,,,,,,,
EVT-000677-03,USR-000677,ACC-000677,TRANSACTION,TRANSACTION,2027-11-09T00:30:00,DEV-000677-01,,,transaction,SUCCESS,143395.44,,paysim,LEGITIMATE_SIM_REPLACEMENT,0,CASH_IN,301583.0,444978.44,483663.39,340267.95,134,C1037263998,C902189735,0,0
EVT-000678-01,USR-000678,ACC-000678,TELECOM,ESIM_CHANGE,2027-11-10T00:00:00,DEV-000678-01,,,telecom,SUCCESS,,,synthetic,LEGITIMATE_ESIM_CHANGE,0,,,,,,,,,,
EVT-000678-02,USR-000678,ACC-000678,AUTHENTICATION,LOGIN,2027-11-10T00:10:00,DEV-000678-01,,,authentication,SUCCESS,,,synthetic,LEGITIMATE_ESIM_CHANGE,0,,,,,,,,,,
EVT-000679-01,USR-000679,ACC-000679,TELECOM,SIM_SWAP,2027-11-11T00:00:00,DEV-000679-01,,,telecom,SUCCESS,,,synthetic,SIM_ESIM_AUTH_ANOMALY,1,,,,,,,,,,
EVT-000679-02,USR-000679,ACC-000679,DEVICE,NEW_DEVICE,2027-11-11T00:05:00,DEV-000679-02,,,device,UNRECOGNIZED,,,synthetic,SIM_ESIM_AUTH_ANOMALY,1,,,,,,,,,,
EVT-000679-03,USR-000679,ACC-000679,AUTHENTICATION,FAILED_LOGIN,2027-11-11T00:10:00,DEV-000679-02,,,authentication,FAILURE,,,synthetic,SIM_ESIM_AUTH_ANOMALY,1,,,,,,,,,,
EVT-000679-04,USR-000679,ACC-000679,AUTHENTICATION,FAILED_LOGIN,2027-11-11T00:12:00,DEV-000679-02,,,authentication,FAILURE,,,synthetic,SIM_ESIM_AUTH_ANOMALY,1,,,,,,,,,,
EVT-000679-05,USR-000679,ACC-000679,BEHAVIOUR,DEVICE_DEVIATION,2027-11-11T00:15:00,DEV-000679-02,,,behaviour,DEVIATION,,,synthetic,SIM_ESIM_AUTH_ANOMALY,1,,,,,,,,,,
EVT-000680-01,USR-000680,ACC-000680,TELECOM,ESIM_CHANGE,2027-11-12T00:00:00,DEV-000680-01,,,telecom,SUCCESS,,,synthetic,SUSPICIOUS_ESIM_CHANGE,1,,,,,,,,,,
EVT-000680-02,USR-000680,ACC-000680,DEVICE,NEW_DEVICE,2027-11-12T00:05:00,DEV-000680-02,,,device,UNRECOGNIZED,,,synthetic,SUSPICIOUS_ESIM_CHANGE,1,,,,,,,,,,
EVT-000680-03,USR-000680,ACC-000680,DEVICE,DEVICE_CHANGE,2027-11-12T00:08:00,DEV-000680-02,,,device,DEVIATION,,,synthetic,SUSPICIOUS_ESIM_CHANGE,1,,,,,,,,,,
EVT-000680-04,USR-000680,ACC-000680,AUTHENTICATION,FAILED_LOGIN,2027-11-12T00:10:00,DEV-000680-02,,,authentication,FAILURE,,,synthetic,SUSPICIOUS_ESIM_CHANGE,1,,,,,,,,,,
EVT-000680-05,USR-000680,ACC-000680,BEHAVIOUR,DEVICE_DEVIATION,2027-11-12T00:15:00,DEV-000680-02,,,behaviour,DEVIATION,,,synthetic,SUSPICIOUS_ESIM_CHANGE,1,,,,,,,,,,
EVT-000680-06,USR-000680,ACC-000680,TRANSACTION,TRANSACTION,2027-11-12T00:30:00,DEV-000680-02,,,transaction,SUCCESS,1121.71,,paysim,SUSPICIOUS_ESIM_CHANGE,1,PAYMENT,75006.0,73884.29,0.0,0.0,10,C1409263947,M1116102875,0,0
EVT-000681-01,USR-000681,ACC-000681,TELECOM,SIM_REPLACEMENT,2027-11-13T00:00:00,DEV-000681-01,,,telecom,SUCCESS,,,synthetic,LEGITIMATE_SIM_REPLACEMENT,0,,,,,,,,,,
EVT-000681-02,USR-000681,ACC-000681,AUTHENTICATION,LOGIN,2027-11-13T00:10:00,DEV-000681-01,,,authentication,SUCCESS,,,synthetic,LEGITIMATE_SIM_REPLACEMENT,0,,,,,,,,,,
EVT-000681-03,USR-000681,ACC-000681,TRANSACTION,TRANSACTION,2027-11-13T00:30:00,DEV-000681-01,,,transaction,SUCCESS,110590.02,,paysim,LEGITIMATE_SIM_REPLACEMENT,0,CASH_OUT,0.0,0.0,2778594.32,2889184.34,236,C164224915,C1271234348,0,0
EVT-000682-01,USR-000682,ACC-000682,TELECOM,SIM_SWAP,2027-11-14T00:00:00,DEV-000682-01,,,telecom,SUCCESS,,,synthetic,SIM_ESIM_AUTH_ANOMALY,1,,,,,,,,,,
EVT-000682-02,USR-000682,ACC-000682,DEVICE,NEW_DEVICE,2027-11-14T00:05:00,DEV-000682-02,,,device,UNRECOGNIZED,,,synthetic,SIM_ESIM_AUTH_ANOMALY,1,,,,,,,,,,
EVT-000682-03,USR-000682,ACC-000682,AUTHENTICATION,FAILED_LOGIN,2027-11-14T00:10:00,DEV-000682-02,,,authentication,FAILURE,,,synthetic,SIM_ESIM_AUTH_ANOMALY,1,,,,,,,,,,
EVT-000682-04,USR-000682,ACC-000682,AUTHENTICATION,FAILED_LOGIN,2027-11-14T00:12:00,DEV-000682-02,,,authentication,FAILURE,,,synthetic,SIM_ESIM_AUTH_ANOMALY,1,,,,,,,,,,
EVT-000682-05,USR-000682,ACC-000682,BEHAVIOUR,DEVICE_DEVIATION,2027-11-14T00:15:00,DEV-000682-02,,,behaviour,DEVIATION,,,synthetic,SIM_ESIM_AUTH_ANOMALY,1,,,,,,,,,,
EVT-000683-01,USR-000683,ACC-000683,TELECOM,SIM_REPLACEMENT,2027-11-15T00:00:00,DEV-000683-01,,,telecom,SUCCESS,,,synthetic,LEGITIMATE_SIM_REPLACEMENT,0,,,,,,,,,,
EVT-000683-02,USR-000683,ACC-000683,AUTHENTICATION,LOGIN,2027-11-15T00:10:00,DEV-000683-01,,,authentication,SUCCESS,,,synthetic,LEGITIMATE_SIM_REPLACEMENT,0,,,,,,,,,,
EVT-000683-03,USR-000683,ACC-000683,TRANSACTION,TRANSACTION,2027-11-15T00:30:00,DEV-000683-01,,,transaction,SUCCESS,4343.58,,paysim,LEGITIMATE_SIM_REPLACEMENT,0,PAYMENT,0.0,0.0,0.0,0.0,153,C183829269,M580164660,0,0
EVT-000684-01,USR-000684,ACC-000684,TELECOM,SIM_SWAP,2027-11-16T00:00:00,DEV-000684-01,,,telecom,SUCCESS,,,synthetic,SIM_ESIM_AUTH_ANOMALY,1,,,,,,,,,,
EVT-000684-02,USR-000684,ACC-000684,DEVICE,NEW_DEVICE,2027-11-16T00:05:00,DEV-000684-02,,,device,UNRECOGNIZED,,,synthetic,SIM_ESIM_AUTH_ANOMALY,1,,,,,,,,,,
EVT-000684-03,USR-000684,ACC-000684,AUTHENTICATION,FAILED_LOGIN,2027-11-16T00:10:00,DEV-000684-02,,,authentication,FAILURE,,,synthetic,SIM_ESIM_AUTH_ANOMALY,1,,,,,,,,,,
EVT-000684-04,USR-000684,ACC-000684,AUTHENTICATION,FAILED_LOGIN,2027-11-16T00:12:00,DEV-000684-02,,,authentication,FAILURE,,,synthetic,SIM_ESIM_AUTH_ANOMALY,1,,,,,,,,,,
EVT-000684-05,USR-000684,ACC-000684,BEHAVIOUR,DEVICE_DEVIATION,2027-11-16T00:15:00,DEV-000684-02,,,behaviour,DEVIATION,,,synthetic,SIM_ESIM_AUTH_ANOMALY,1,,,,,,,,,,
EVT-000685-01,USR-000685,ACC-000685,TELECOM,SIM_SWAP,2027-11-17T00:00:00,DEV-000685-01,,,telecom,SUCCESS,,,synthetic,SIM_ESIM_AUTH_ANOMALY,1,,,,,,,,,,
EVT-000685-02,USR-000685,ACC-000685,DEVICE,NEW_DEVICE,2027-11-17T00:05:00,DEV-000685-02,,,device,UNRECOGNIZED,,,synthetic,SIM_ESIM_AUTH_ANOMALY,1,,,,,,,,,,
EVT-000685-03,USR-000685,ACC-000685,AUTHENTICATION,FAILED_LOGIN,2027-11-17T00:10:00,DEV-000685-02,,,authentication,FAILURE,,,synthetic,SIM_ESIM_AUTH_ANOMALY,1,,,,,,,,,,
EVT-000685-04,USR-000685,ACC-000685,AUTHENTICATION,FAILED_LOGIN,2027-11-17T00:12:00,DEV-000685-02,,,authentication,FAILURE,,,synthetic,SIM_ESIM_AUTH_ANOMALY,1,,,,,,,,,,
EVT-000685-05,USR-000685,ACC-000685,BEHAVIOUR,DEVICE_DEVIATION,2027-11-17T00:15:00,DEV-000685-02,,,behaviour,DEVIATION,,,synthetic,SIM_ESIM_AUTH_ANOMALY,1,,,,,,,,,,
EVT-000686-01,USR-000686,ACC-000686,TELECOM,ESIM_CHANGE,2027-11-18T00:00:00,DEV-000686-01,,,telecom,SUCCESS,,,synthetic,SUSPICIOUS_ESIM_CHANGE,1,,,,,,,,,,
EVT-000686-02,USR-000686,ACC-000686,DEVICE,NEW_DEVICE,2027-11-18T00:05:00,DEV-000686-02,,,device,UNRECOGNIZED,,,synthetic,SUSPICIOUS_ESIM_CHANGE,1,,,,,,,,,,
EVT-000686-03,USR-000686,ACC-000686,DEVICE,DEVICE_CHANGE,2027-11-18T00:08:00,DEV-000686-02,,,device,DEVIATION,,,synthetic,SUSPICIOUS_ESIM_CHANGE,1,,,,,,,,,,
EVT-000686-04,USR-000686,ACC-000686,AUTHENTICATION,FAILED_LOGIN,2027-11-18T00:10:00,DEV-000686-02,,,authentication,FAILURE,,,synthetic,SUSPICIOUS_ESIM_CHANGE,1,,,,,,,,,,
EVT-000686-05,USR-000686,ACC-000686,BEHAVIOUR,DEVICE_DEVIATION,2027-11-18T00:15:00,DEV-000686-02,,,behaviour,DEVIATION,,,synthetic,SUSPICIOUS_ESIM_CHANGE,1,,,,,,,,,,
EVT-000686-06,USR-000686,ACC-000686,TRANSACTION,TRANSACTION,2027-11-18T00:30:00,DEV-000686-02,,,transaction,SUCCESS,7473.66,,paysim,SUSPICIOUS_ESIM_CHANGE,1,TRANSFER,0.0,0.0,95342.22,102815.88,376,C1487087070,C386018930,0,0
EVT-000687-01,USR-000687,ACC-000687,TELECOM,SIM_SWAP,2027-11-19T00:00:00,DEV-000687-01,,,telecom,SUCCESS,,,synthetic,SIM_ESIM_AUTH_ANOMALY,1,,,,,,,,,,
EVT-000687-02,USR-000687,ACC-000687,DEVICE,NEW_DEVICE,2027-11-19T00:05:00,DEV-000687-02,,,device,UNRECOGNIZED,,,synthetic,SIM_ESIM_AUTH_ANOMALY,1,,,,,,,,,,
EVT-000687-03,USR-000687,ACC-000687,AUTHENTICATION,FAILED_LOGIN,2027-11-19T00:10:00,DEV-000687-02,,,authentication,FAILURE,,,synthetic,SIM_ESIM_AUTH_ANOMALY,1,,,,,,,,,,
EVT-000687-04,USR-000687,ACC-000687,AUTHENTICATION,FAILED_LOGIN,2027-11-19T00:12:00,DEV-000687-02,,,authentication,FAILURE,,,synthetic,SIM_ESIM_AUTH_ANOMALY,1,,,,,,,,,,
EVT-000687-05,USR-000687,ACC-000687,BEHAVIOUR,DEVICE_DEVIATION,2027-11-19T00:15:00,DEV-000687-02,,,behaviour,DEVIATION,,,synthetic,SIM_ESIM_AUTH_ANOMALY,1,,,,,,,,,,
EVT-000688-01,USR-000688,ACC-000688,TELECOM,ESIM_CHANGE,2027-11-20T00:00:00,DEV-000688-01,,,telecom,SUCCESS,,,synthetic,LEGITIMATE_ESIM_CHANGE,0,,,,,,,,,,
EVT-000688-02,USR-000688,ACC-000688,AUTHENTICATION,LOGIN,2027-11-20T00:10:00,DEV-000688-01,,,authentication,SUCCESS,,,synthetic,LEGITIMATE_ESIM_CHANGE,0,,,,,,,,,,
EVT-000689-01,USR-000689,ACC-000689,TELECOM,SIM_REPLACEMENT,2027-11-21T00:00:00,DEV-000689-01,,,telecom,SUCCESS,,,synthetic,LEGITIMATE_SIM_REPLACEMENT,0,,,,,,,,,,
EVT-000689-02,USR-000689,ACC-000689,AUTHENTICATION,LOGIN,2027-11-21T00:10:00,DEV-000689-01,,,authentication,SUCCESS,,,synthetic,LEGITIMATE_SIM_REPLACEMENT,0,,,,,,,,,,
EVT-000689-03,USR-000689,ACC-000689,TRANSACTION,TRANSACTION,2027-11-21T00:30:00,DEV-000689-01,,,transaction,SUCCESS,179522.18,,paysim,LEGITIMATE_SIM_REPLACEMENT,0,CASH_OUT,0.0,0.0,534104.37,713626.56,36,C1412595361,C1014895017,0,0
EVT-000690-01,USR-000690,ACC-000690,TELECOM,ESIM_CHANGE,2027-11-22T00:00:00,DEV-000690-01,,,telecom,SUCCESS,,,synthetic,LEGITIMATE_ESIM_CHANGE,0,,,,,,,,,,
EVT-000690-02,USR-000690,ACC-000690,AUTHENTICATION,LOGIN,2027-11-22T00:10:00,DEV-000690-01,,,authentication,SUCCESS,,,synthetic,LEGITIMATE_ESIM_CHANGE,0,,,,,,,,,,
EVT-000691-01,USR-000691,ACC-000691,TELECOM,SIM_REPLACEMENT,2027-11-23T00:00:00,DEV-000691-01,,,telecom,SUCCESS,,,synthetic,SUSPICIOUS_SIM_REPLACEMENT,1,,,,,,,,,,
EVT-000691-02,USR-000691,ACC-000691,DEVICE,NEW_DEVICE,2027-11-23T00:05:00,DEV-000691-02,,,device,UNRECOGNIZED,,,synthetic,SUSPICIOUS_SIM_REPLACEMENT,1,,,,,,,,,,
EVT-000691-03,USR-000691,ACC-000691,AUTHENTICATION,FAILED_LOGIN,2027-11-23T00:10:00,DEV-000691-02,,,authentication,FAILURE,,,synthetic,SUSPICIOUS_SIM_REPLACEMENT,1,,,,,,,,,,
EVT-000691-04,USR-000691,ACC-000691,RECOVERY,PASSWORD_RESET,2027-11-23T00:15:00,DEV-000691-02,,,recovery,SUCCESS,,,synthetic,SUSPICIOUS_SIM_REPLACEMENT,1,,,,,,,,,,
EVT-000691-05,USR-000691,ACC-000691,ACCOUNT,NEW_BENEFICIARY,2027-11-23T00:20:00,DEV-000691-02,,,account,SUCCESS,,BEN-000691-01,synthetic,SUSPICIOUS_SIM_REPLACEMENT,1,,,,,,,,,,
EVT-000691-06,USR-000691,ACC-000691,TRANSACTION,TRANSACTION,2027-11-23T00:30:00,DEV-000691-02,,,transaction,SUCCESS,1186.69,,paysim,SUSPICIOUS_SIM_REPLACEMENT,1,PAYMENT,411145.0,409958.31,0.0,0.0,327,C1156861898,M1931570933,0,0
EVT-000692-01,USR-000692,ACC-000692,TELECOM,SIM_REPLACEMENT,2027-11-24T00:00:00,DEV-000692-01,,,telecom,SUCCESS,,,synthetic,LEGITIMATE_SIM_REPLACEMENT,0,,,,,,,,,,
EVT-000692-02,USR-000692,ACC-000692,AUTHENTICATION,LOGIN,2027-11-24T00:10:00,DEV-000692-01,,,authentication,SUCCESS,,,synthetic,LEGITIMATE_SIM_REPLACEMENT,0,,,,,,,,,,
EVT-000692-03,USR-000692,ACC-000692,TRANSACTION,TRANSACTION,2027-11-24T00:30:00,DEV-000692-01,,,transaction,SUCCESS,67649.54,,paysim,LEGITIMATE_SIM_REPLACEMENT,0,CASH_IN,509906.0,577555.54,1867358.5,1799708.96,45,C1262241255,C901989508,0,0
EVT-000693-01,USR-000693,ACC-000693,TELECOM,SIM_REPLACEMENT,2027-11-25T00:00:00,DEV-000693-01,,,telecom,SUCCESS,,,synthetic,LEGITIMATE_SIM_REPLACEMENT,0,,,,,,,,,,
EVT-000693-02,USR-000693,ACC-000693,AUTHENTICATION,LOGIN,2027-11-25T00:10:00,DEV-000693-01,,,authentication,SUCCESS,,,synthetic,LEGITIMATE_SIM_REPLACEMENT,0,,,,,,,,,,
EVT-000693-03,USR-000693,ACC-000693,TRANSACTION,TRANSACTION,2027-11-25T00:30:00,DEV-000693-01,,,transaction,SUCCESS,213242.42,,paysim,LEGITIMATE_SIM_REPLACEMENT,0,CASH_OUT,153.0,0.0,4900.84,218143.26,206,C2024710139,C899816378,0,0
EVT-000694-01,USR-000694,ACC-000694,TELECOM,ESIM_CHANGE,2027-11-26T00:00:00,DEV-000694-01,,,telecom,SUCCESS,,,synthetic,SUSPICIOUS_ESIM_CHANGE,1,,,,,,,,,,
EVT-000694-02,USR-000694,ACC-000694,DEVICE,NEW_DEVICE,2027-11-26T00:05:00,DEV-000694-02,,,device,UNRECOGNIZED,,,synthetic,SUSPICIOUS_ESIM_CHANGE,1,,,,,,,,,,
EVT-000694-03,USR-000694,ACC-000694,DEVICE,DEVICE_CHANGE,2027-11-26T00:08:00,DEV-000694-02,,,device,DEVIATION,,,synthetic,SUSPICIOUS_ESIM_CHANGE,1,,,,,,,,,,
EVT-000694-04,USR-000694,ACC-000694,AUTHENTICATION,FAILED_LOGIN,2027-11-26T00:10:00,DEV-000694-02,,,authentication,FAILURE,,,synthetic,SUSPICIOUS_ESIM_CHANGE,1,,,,,,,,,,
EVT-000694-05,USR-000694,ACC-000694,BEHAVIOUR,DEVICE_DEVIATION,2027-11-26T00:15:00,DEV-000694-02,,,behaviour,DEVIATION,,,synthetic,SUSPICIOUS_ESIM_CHANGE,1,,,,,,,,,,
EVT-000694-06,USR-000694,ACC-000694,TRANSACTION,TRANSACTION,2027-11-26T00:30:00,DEV-000694-02,,,transaction,SUCCESS,184864.6,,paysim,SUSPICIOUS_ESIM_CHANGE,1,TRANSFER,0.0,0.0,3393584.55,3578449.15,590,C1689647899,C1842769176,0,0
EVT-000695-01,USR-000695,ACC-000695,TELECOM,ESIM_CHANGE,2027-11-27T00:00:00,DEV-000695-01,,,telecom,SUCCESS,,,synthetic,SUSPICIOUS_ESIM_CHANGE,1,,,,,,,,,,
EVT-000695-02,USR-000695,ACC-000695,DEVICE,NEW_DEVICE,2027-11-27T00:05:00,DEV-000695-02,,,device,UNRECOGNIZED,,,synthetic,SUSPICIOUS_ESIM_CHANGE,1,,,,,,,,,,
EVT-000695-03,USR-000695,ACC-000695,DEVICE,DEVICE_CHANGE,2027-11-27T00:08:00,DEV-000695-02,,,device,DEVIATION,,,synthetic,SUSPICIOUS_ESIM_CHANGE,1,,,,,,,,,,
EVT-000695-04,USR-000695,ACC-000695,AUTHENTICATION,FAILED_LOGIN,2027-11-27T00:10:00,DEV-000695-02,,,authentication,FAILURE,,,synthetic,SUSPICIOUS_ESIM_CHANGE,1,,,,,,,,,,
EVT-000695-05,USR-000695,ACC-000695,BEHAVIOUR,DEVICE_DEVIATION,2027-11-27T00:15:00,DEV-000695-02,,,behaviour,DEVIATION,,,synthetic,SUSPICIOUS_ESIM_CHANGE,1,,,,,,,,,,
EVT-000695-06,USR-000695,ACC-000695,TRANSACTION,TRANSACTION,2027-11-27T00:30:00,DEV-000695-02,,,transaction,SUCCESS,37772.82,,paysim,SUSPICIOUS_ESIM_CHANGE,1,PAYMENT,0.0,0.0,0.0,0.0,153,C338972170,M1627976015,0,0
EVT-000696-01,USR-000696,ACC-000696,TELECOM,ESIM_CHANGE,2027-11-28T00:00:00,DEV-000696-01,,,telecom,SUCCESS,,,synthetic,SUSPICIOUS_ESIM_CHANGE,1,,,,,,,,,,
EVT-000696-02,USR-000696,ACC-000696,DEVICE,NEW_DEVICE,2027-11-28T00:05:00,DEV-000696-02,,,device,UNRECOGNIZED,,,synthetic,SUSPICIOUS_ESIM_CHANGE,1,,,,,,,,,,
EVT-000696-03,USR-000696,ACC-000696,DEVICE,DEVICE_CHANGE,2027-11-28T00:08:00,DEV-000696-02,,,device,DEVIATION,,,synthetic,SUSPICIOUS_ESIM_CHANGE,1,,,,,,,,,,
EVT-000696-04,USR-000696,ACC-000696,AUTHENTICATION,FAILED_LOGIN,2027-11-28T00:10:00,DEV-000696-02,,,authentication,FAILURE,,,synthetic,SUSPICIOUS_ESIM_CHANGE,1,,,,,,,,,,
EVT-000696-05,USR-000696,ACC-000696,BEHAVIOUR,DEVICE_DEVIATION,2027-11-28T00:15:00,DEV-000696-02,,,behaviour,DEVIATION,,,synthetic,SUSPICIOUS_ESIM_CHANGE,1,,,,,,,,,,
EVT-000696-06,USR-000696,ACC-000696,TRANSACTION,TRANSACTION,2027-11-28T00:30:00,DEV-000696-02,,,transaction,SUCCESS,406597.3,,paysim,SUSPICIOUS_ESIM_CHANGE,1,CASH_IN,7513701.22,7920298.53,519615.39,113018.08,331,C1725639103,C677539168,0,0
EVT-000697-01,USR-000697,ACC-000697,TELECOM,SIM_REPLACEMENT,2027-11-29T00:00:00,DEV-000697-01,,,telecom,SUCCESS,,,synthetic,LEGITIMATE_SIM_REPLACEMENT,0,,,,,,,,,,
EVT-000697-02,USR-000697,ACC-000697,AUTHENTICATION,LOGIN,2027-11-29T00:10:00,DEV-000697-01,,,authentication,SUCCESS,,,synthetic,LEGITIMATE_SIM_REPLACEMENT,0,,,,,,,,,,
EVT-000697-03,USR-000697,ACC-000697,TRANSACTION,TRANSACTION,2027-11-29T00:30:00,DEV-000697-01,,,transaction,SUCCESS,3625.9,,paysim,LEGITIMATE_SIM_REPLACEMENT,0,DEBIT,1194.0,0.0,1128888.53,1132514.43,694,C1355983132,C1445536563,0,0
EVT-000698-01,USR-000698,ACC-000698,TELECOM,SIM_REPLACEMENT,2027-11-30T00:00:00,DEV-000698-01,,,telecom,SUCCESS,,,synthetic,SUSPICIOUS_SIM_REPLACEMENT,1,,,,,,,,,,
EVT-000698-02,USR-000698,ACC-000698,DEVICE,NEW_DEVICE,2027-11-30T00:05:00,DEV-000698-02,,,device,UNRECOGNIZED,,,synthetic,SUSPICIOUS_SIM_REPLACEMENT,1,,,,,,,,,,
EVT-000698-03,USR-000698,ACC-000698,AUTHENTICATION,FAILED_LOGIN,2027-11-30T00:10:00,DEV-000698-02,,,authentication,FAILURE,,,synthetic,SUSPICIOUS_SIM_REPLACEMENT,1,,,,,,,,,,
EVT-000698-04,USR-000698,ACC-000698,RECOVERY,PASSWORD_RESET,2027-11-30T00:15:00,DEV-000698-02,,,recovery,SUCCESS,,,synthetic,SUSPICIOUS_SIM_REPLACEMENT,1,,,,,,,,,,
EVT-000698-05,USR-000698,ACC-000698,ACCOUNT,NEW_BENEFICIARY,2027-11-30T00:20:00,DEV-000698-02,,,account,SUCCESS,,BEN-000698-01,synthetic,SUSPICIOUS_SIM_REPLACEMENT,1,,,,,,,,,,
EVT-000698-06,USR-000698,ACC-000698,TRANSACTION,TRANSACTION,2027-11-30T00:30:00,DEV-000698-02,,,transaction,SUCCESS,8280.63,,paysim,SUSPICIOUS_SIM_REPLACEMENT,1,PAYMENT,0.0,0.0,0.0,0.0,596,C951858993,M32385277,0,0
EVT-000699-01,USR-000699,ACC-000699,TELECOM,SIM_REPLACEMENT,2027-12-01T00:00:00,DEV-000699-01,,,telecom,SUCCESS,,,synthetic,SUSPICIOUS_SIM_REPLACEMENT,1,,,,,,,,,,
EVT-000699-02,USR-000699,ACC-000699,DEVICE,NEW_DEVICE,2027-12-01T00:05:00,DEV-000699-02,,,device,UNRECOGNIZED,,,synthetic,SUSPICIOUS_SIM_REPLACEMENT,1,,,,,,,,,,
EVT-000699-03,USR-000699,ACC-000699,AUTHENTICATION,FAILED_LOGIN,2027-12-01T00:10:00,DEV-000699-02,,,authentication,FAILURE,,,synthetic,SUSPICIOUS_SIM_REPLACEMENT,1,,,,,,,,,,
EVT-000699-04,USR-000699,ACC-000699,RECOVERY,PASSWORD_RESET,2027-12-01T00:15:00,DEV-000699-02,,,recovery,SUCCESS,,,synthetic,SUSPICIOUS_SIM_REPLACEMENT,1,,,,,,,,,,
EVT-000699-05,USR-000699,ACC-000699,ACCOUNT,NEW_BENEFICIARY,2027-12-01T00:20:00,DEV-000699-02,,,account,SUCCESS,,BEN-000699-01,synthetic,SUSPICIOUS_SIM_REPLACEMENT,1,,,,,,,,,,
EVT-000699-06,USR-000699,ACC-000699,TRANSACTION,TRANSACTION,2027-12-01T00:30:00,DEV-000699-02,,,transaction,SUCCESS,65751.51,,paysim,SUSPICIOUS_SIM_REPLACEMENT,1,CASH_IN,1245494.37,1311245.88,5253679.78,5187928.27,275,C1839111225,C168537290,0,0
EVT-000700-01,USR-000700,ACC-000700,TELECOM,ESIM_CHANGE,2027-12-02T00:00:00,DEV-000700-01,,,telecom,SUCCESS,,,synthetic,SUSPICIOUS_ESIM_CHANGE,1,,,,,,,,,,
EVT-000700-02,USR-000700,ACC-000700,DEVICE,NEW_DEVICE,2027-12-02T00:05:00,DEV-000700-02,,,device,UNRECOGNIZED,,,synthetic,SUSPICIOUS_ESIM_CHANGE,1,,,,,,,,,,
EVT-000700-03,USR-000700,ACC-000700,DEVICE,DEVICE_CHANGE,2027-12-02T00:08:00,DEV-000700-02,,,device,DEVIATION,,,synthetic,SUSPICIOUS_ESIM_CHANGE,1,,,,,,,,,,
EVT-000700-04,USR-000700,ACC-000700,AUTHENTICATION,FAILED_LOGIN,2027-12-02T00:10:00,DEV-000700-02,,,authentication,FAILURE,,,synthetic,SUSPICIOUS_ESIM_CHANGE,1,,,,,,,,,,
EVT-000700-05,USR-000700,ACC-000700,BEHAVIOUR,DEVICE_DEVIATION,2027-12-02T00:15:00,DEV-000700-02,,,behaviour,DEVIATION,,,synthetic,SUSPICIOUS_ESIM_CHANGE,1,,,,,,,,,,
EVT-000700-06,USR-000700,ACC-000700,TRANSACTION,TRANSACTION,2027-12-02T00:30:00,DEV-000700-02,,,transaction,SUCCESS,7159.38,,paysim,SUSPICIOUS_ESIM_CHANGE,1,PAYMENT,61992.64,54833.26,0.0,0.0,135,C1411744945,M1535546821,0,0
EVT-000701-01,USR-000701,ACC-000701,TELECOM,ESIM_CHANGE,2027-12-03T00:00:00,DEV-000701-01,,,telecom,SUCCESS,,,synthetic,LEGITIMATE_ESIM_CHANGE,0,,,,,,,,,,
EVT-000701-02,USR-000701,ACC-000701,AUTHENTICATION,LOGIN,2027-12-03T00:10:00,DEV-000701-01,,,authentication,SUCCESS,,,synthetic,LEGITIMATE_ESIM_CHANGE,0,,,,,,,,,,
EVT-000702-01,USR-000702,ACC-000702,TELECOM,SIM_REPLACEMENT,2027-12-04T00:00:00,DEV-000702-01,,,telecom,SUCCESS,,,synthetic,SUSPICIOUS_SIM_REPLACEMENT,1,,,,,,,,,,
EVT-000702-02,USR-000702,ACC-000702,DEVICE,NEW_DEVICE,2027-12-04T00:05:00,DEV-000702-02,,,device,UNRECOGNIZED,,,synthetic,SUSPICIOUS_SIM_REPLACEMENT,1,,,,,,,,,,
EVT-000702-03,USR-000702,ACC-000702,AUTHENTICATION,FAILED_LOGIN,2027-12-04T00:10:00,DEV-000702-02,,,authentication,FAILURE,,,synthetic,SUSPICIOUS_SIM_REPLACEMENT,1,,,,,,,,,,
EVT-000702-04,USR-000702,ACC-000702,RECOVERY,PASSWORD_RESET,2027-12-04T00:15:00,DEV-000702-02,,,recovery,SUCCESS,,,synthetic,SUSPICIOUS_SIM_REPLACEMENT,1,,,,,,,,,,
EVT-000702-05,USR-000702,ACC-000702,ACCOUNT,NEW_BENEFICIARY,2027-12-04T00:20:00,DEV-000702-02,,,account,SUCCESS,,BEN-000702-01,synthetic,SUSPICIOUS_SIM_REPLACEMENT,1,,,,,,,,,,
EVT-000702-06,USR-000702,ACC-000702,TRANSACTION,TRANSACTION,2027-12-04T00:30:00,DEV-000702-02,,,transaction,SUCCESS,672077.22,,paysim,SUSPICIOUS_SIM_REPLACEMENT,1,TRANSFER,0.0,0.0,2181186.58,3019755.38,231,C2039110307,C1458509145,0,0
EVT-000703-01,USR-000703,ACC-000703,TELECOM,ESIM_CHANGE,2027-12-05T00:00:00,DEV-000703-01,,,telecom,SUCCESS,,,synthetic,SUSPICIOUS_ESIM_CHANGE,1,,,,,,,,,,
EVT-000703-02,USR-000703,ACC-000703,DEVICE,NEW_DEVICE,2027-12-05T00:05:00,DEV-000703-02,,,device,UNRECOGNIZED,,,synthetic,SUSPICIOUS_ESIM_CHANGE,1,,,,,,,,,,
EVT-000703-03,USR-000703,ACC-000703,DEVICE,DEVICE_CHANGE,2027-12-05T00:08:00,DEV-000703-02,,,device,DEVIATION,,,synthetic,SUSPICIOUS_ESIM_CHANGE,1,,,,,,,,,,
EVT-000703-04,USR-000703,ACC-000703,AUTHENTICATION,FAILED_LOGIN,2027-12-05T00:10:00,DEV-000703-02,,,authentication,FAILURE,,,synthetic,SUSPICIOUS_ESIM_CHANGE,1,,,,,,,,,,
EVT-000703-05,USR-000703,ACC-000703,BEHAVIOUR,DEVICE_DEVIATION,2027-12-05T00:15:00,DEV-000703-02,,,behaviour,DEVIATION,,,synthetic,SUSPICIOUS_ESIM_CHANGE,1,,,,,,,,,,
EVT-000703-06,USR-000703,ACC-000703,TRANSACTION,TRANSACTION,2027-12-05T00:30:00,DEV-000703-02,,,transaction,SUCCESS,12502.7,,paysim,SUSPICIOUS_ESIM_CHANGE,1,PAYMENT,0.0,0.0,0.0,0.0,180,C1459844552,M604198893,0,0
EVT-000704-01,USR-000704,ACC-000704,TELECOM,SIM_SWAP,2027-12-06T00:00:00,DEV-000704-01,,,telecom,SUCCESS,,,synthetic,SIM_ESIM_AUTH_ANOMALY,1,,,,,,,,,,
EVT-000704-02,USR-000704,ACC-000704,DEVICE,NEW_DEVICE,2027-12-06T00:05:00,DEV-000704-02,,,device,UNRECOGNIZED,,,synthetic,SIM_ESIM_AUTH_ANOMALY,1,,,,,,,,,,
EVT-000704-03,USR-000704,ACC-000704,AUTHENTICATION,FAILED_LOGIN,2027-12-06T00:10:00,DEV-000704-02,,,authentication,FAILURE,,,synthetic,SIM_ESIM_AUTH_ANOMALY,1,,,,,,,,,,
EVT-000704-04,USR-000704,ACC-000704,AUTHENTICATION,FAILED_LOGIN,2027-12-06T00:12:00,DEV-000704-02,,,authentication,FAILURE,,,synthetic,SIM_ESIM_AUTH_ANOMALY,1,,,,,,,,,,
EVT-000704-05,USR-000704,ACC-000704,BEHAVIOUR,DEVICE_DEVIATION,2027-12-06T00:15:00,DEV-000704-02,,,behaviour,DEVIATION,,,synthetic,SIM_ESIM_AUTH_ANOMALY,1,,,,,,,,,,
EVT-000705-01,USR-000705,ACC-000705,TELECOM,SIM_REPLACEMENT,2027-12-07T00:00:00,DEV-000705-01,,,telecom,SUCCESS,,,synthetic,LEGITIMATE_SIM_REPLACEMENT,0,,,,,,,,,,
EVT-000705-02,USR-000705,ACC-000705,AUTHENTICATION,LOGIN,2027-12-07T00:10:00,DEV-000705-01,,,authentication,SUCCESS,,,synthetic,LEGITIMATE_SIM_REPLACEMENT,0,,,,,,,,,,
EVT-000705-03,USR-000705,ACC-000705,TRANSACTION,TRANSACTION,2027-12-07T00:30:00,DEV-000705-01,,,transaction,SUCCESS,7725.11,,paysim,LEGITIMATE_SIM_REPLACEMENT,0,PAYMENT,318482.7,310757.59,0.0,0.0,43,C1839453129,M276775061,0,0
EVT-000706-01,USR-000706,ACC-000706,TELECOM,SIM_REPLACEMENT,2027-12-08T00:00:00,DEV-000706-01,,,telecom,SUCCESS,,,synthetic,LEGITIMATE_SIM_REPLACEMENT,0,,,,,,,,,,
EVT-000706-02,USR-000706,ACC-000706,AUTHENTICATION,LOGIN,2027-12-08T00:10:00,DEV-000706-01,,,authentication,SUCCESS,,,synthetic,LEGITIMATE_SIM_REPLACEMENT,0,,,,,,,,,,
EVT-000706-03,USR-000706,ACC-000706,TRANSACTION,TRANSACTION,2027-12-08T00:30:00,DEV-000706-01,,,transaction,SUCCESS,95775.67,,paysim,LEGITIMATE_SIM_REPLACEMENT,0,CASH_OUT,14439.0,0.0,16060.18,241452.65,203,C1330030878,C1443735688,0,0
EVT-000707-01,USR-000707,ACC-000707,TELECOM,SIM_REPLACEMENT,2027-12-09T00:00:00,DEV-000707-01,,,telecom,SUCCESS,,,synthetic,SUSPICIOUS_SIM_REPLACEMENT,1,,,,,,,,,,
EVT-000707-02,USR-000707,ACC-000707,DEVICE,NEW_DEVICE,2027-12-09T00:05:00,DEV-000707-02,,,device,UNRECOGNIZED,,,synthetic,SUSPICIOUS_SIM_REPLACEMENT,1,,,,,,,,,,
EVT-000707-03,USR-000707,ACC-000707,AUTHENTICATION,FAILED_LOGIN,2027-12-09T00:10:00,DEV-000707-02,,,authentication,FAILURE,,,synthetic,SUSPICIOUS_SIM_REPLACEMENT,1,,,,,,,,,,
EVT-000707-04,USR-000707,ACC-000707,RECOVERY,PASSWORD_RESET,2027-12-09T00:15:00,DEV-000707-02,,,recovery,SUCCESS,,,synthetic,SUSPICIOUS_SIM_REPLACEMENT,1,,,,,,,,,,
EVT-000707-05,USR-000707,ACC-000707,ACCOUNT,NEW_BENEFICIARY,2027-12-09T00:20:00,DEV-000707-02,,,account,SUCCESS,,BEN-000707-01,synthetic,SUSPICIOUS_SIM_REPLACEMENT,1,,,,,,,,,,
EVT-000707-06,USR-000707,ACC-000707,TRANSACTION,TRANSACTION,2027-12-09T00:30:00,DEV-000707-02,,,transaction,SUCCESS,447984.69,,paysim,SUSPICIOUS_SIM_REPLACEMENT,1,CASH_IN,1855234.7,2303219.39,3044229.0,2596244.31,259,C1705063080,C45470834,0,0
EVT-000708-01,USR-000708,ACC-000708,TELECOM,ESIM_CHANGE,2027-12-10T00:00:00,DEV-000708-01,,,telecom,SUCCESS,,,synthetic,SUSPICIOUS_ESIM_CHANGE,1,,,,,,,,,,
EVT-000708-02,USR-000708,ACC-000708,DEVICE,NEW_DEVICE,2027-12-10T00:05:00,DEV-000708-02,,,device,UNRECOGNIZED,,,synthetic,SUSPICIOUS_ESIM_CHANGE,1,,,,,,,,,,
EVT-000708-03,USR-000708,ACC-000708,DEVICE,DEVICE_CHANGE,2027-12-10T00:08:00,DEV-000708-02,,,device,DEVIATION,,,synthetic,SUSPICIOUS_ESIM_CHANGE,1,,,,,,,,,,
EVT-000708-04,USR-000708,ACC-000708,AUTHENTICATION,FAILED_LOGIN,2027-12-10T00:10:00,DEV-000708-02,,,authentication,FAILURE,,,synthetic,SUSPICIOUS_ESIM_CHANGE,1,,,,,,,,,,
EVT-000708-05,USR-000708,ACC-000708,BEHAVIOUR,DEVICE_DEVIATION,2027-12-10T00:15:00,DEV-000708-02,,,behaviour,DEVIATION,,,synthetic,SUSPICIOUS_ESIM_CHANGE,1,,,,,,,,,,
EVT-000708-06,USR-000708,ACC-000708,TRANSACTION,TRANSACTION,2027-12-10T00:30:00,DEV-000708-02,,,transaction,SUCCESS,5192.54,,paysim,SUSPICIOUS_ESIM_CHANGE,1,PAYMENT,108951.0,103758.46,0.0,0.0,282,C1345802954,M1552298865,0,0
EVT-000709-01,USR-000709,ACC-000709,TELECOM,ESIM_CHANGE,2027-12-11T00:00:00,DEV-000709-01,,,telecom,SUCCESS,,,synthetic,LEGITIMATE_ESIM_CHANGE,0,,,,,,,,,,
EVT-000709-02,USR-000709,ACC-000709,AUTHENTICATION,LOGIN,2027-12-11T00:10:00,DEV-000709-01,,,authentication,SUCCESS,,,synthetic,LEGITIMATE_ESIM_CHANGE,0,,,,,,,,,,
EVT-000710-01,USR-000710,ACC-000710,TELECOM,SIM_REPLACEMENT,2027-12-12T00:00:00,DEV-000710-01,,,telecom,SUCCESS,,,synthetic,SUSPICIOUS_SIM_REPLACEMENT,1,,,,,,,,,,
EVT-000710-02,USR-000710,ACC-000710,DEVICE,NEW_DEVICE,2027-12-12T00:05:00,DEV-000710-02,,,device,UNRECOGNIZED,,,synthetic,SUSPICIOUS_SIM_REPLACEMENT,1,,,,,,,,,,
EVT-000710-03,USR-000710,ACC-000710,AUTHENTICATION,FAILED_LOGIN,2027-12-12T00:10:00,DEV-000710-02,,,authentication,FAILURE,,,synthetic,SUSPICIOUS_SIM_REPLACEMENT,1,,,,,,,,,,
EVT-000710-04,USR-000710,ACC-000710,RECOVERY,PASSWORD_RESET,2027-12-12T00:15:00,DEV-000710-02,,,recovery,SUCCESS,,,synthetic,SUSPICIOUS_SIM_REPLACEMENT,1,,,,,,,,,,
EVT-000710-05,USR-000710,ACC-000710,ACCOUNT,NEW_BENEFICIARY,2027-12-12T00:20:00,DEV-000710-02,,,account,SUCCESS,,BEN-000710-01,synthetic,SUSPICIOUS_SIM_REPLACEMENT,1,,,,,,,,,,
EVT-000710-06,USR-000710,ACC-000710,TRANSACTION,TRANSACTION,2027-12-12T00:30:00,DEV-000710-02,,,transaction,SUCCESS,4676.21,,paysim,SUSPICIOUS_SIM_REPLACEMENT,1,PAYMENT,0.0,0.0,0.0,0.0,33,C193917475,M362931440,0,0
EVT-000711-01,USR-000711,ACC-000711,TELECOM,SIM_REPLACEMENT,2027-12-13T00:00:00,DEV-000711-01,,,telecom,SUCCESS,,,synthetic,SUSPICIOUS_SIM_REPLACEMENT,1,,,,,,,,,,
EVT-000711-02,USR-000711,ACC-000711,DEVICE,NEW_DEVICE,2027-12-13T00:05:00,DEV-000711-02,,,device,UNRECOGNIZED,,,synthetic,SUSPICIOUS_SIM_REPLACEMENT,1,,,,,,,,,,
EVT-000711-03,USR-000711,ACC-000711,AUTHENTICATION,FAILED_LOGIN,2027-12-13T00:10:00,DEV-000711-02,,,authentication,FAILURE,,,synthetic,SUSPICIOUS_SIM_REPLACEMENT,1,,,,,,,,,,
EVT-000711-04,USR-000711,ACC-000711,RECOVERY,PASSWORD_RESET,2027-12-13T00:15:00,DEV-000711-02,,,recovery,SUCCESS,,,synthetic,SUSPICIOUS_SIM_REPLACEMENT,1,,,,,,,,,,
EVT-000711-05,USR-000711,ACC-000711,ACCOUNT,NEW_BENEFICIARY,2027-12-13T00:20:00,DEV-000711-02,,,account,SUCCESS,,BEN-000711-01,synthetic,SUSPICIOUS_SIM_REPLACEMENT,1,,,,,,,,,,
EVT-000711-06,USR-000711,ACC-000711,TRANSACTION,TRANSACTION,2027-12-13T00:30:00,DEV-000711-02,,,transaction,SUCCESS,413966.29,,paysim,SUSPICIOUS_SIM_REPLACEMENT,1,TRANSFER,0.0,0.0,1164925.32,1578891.62,406,C1359738809,C1854279948,0,0
EVT-000712-01,USR-000712,ACC-000712,TELECOM,SIM_REPLACEMENT,2027-12-14T00:00:00,DEV-000712-01,,,telecom,SUCCESS,,,synthetic,SUSPICIOUS_SIM_REPLACEMENT,1,,,,,,,,,,
EVT-000712-02,USR-000712,ACC-000712,DEVICE,NEW_DEVICE,2027-12-14T00:05:00,DEV-000712-02,,,device,UNRECOGNIZED,,,synthetic,SUSPICIOUS_SIM_REPLACEMENT,1,,,,,,,,,,
EVT-000712-03,USR-000712,ACC-000712,AUTHENTICATION,FAILED_LOGIN,2027-12-14T00:10:00,DEV-000712-02,,,authentication,FAILURE,,,synthetic,SUSPICIOUS_SIM_REPLACEMENT,1,,,,,,,,,,
EVT-000712-04,USR-000712,ACC-000712,RECOVERY,PASSWORD_RESET,2027-12-14T00:15:00,DEV-000712-02,,,recovery,SUCCESS,,,synthetic,SUSPICIOUS_SIM_REPLACEMENT,1,,,,,,,,,,
EVT-000712-05,USR-000712,ACC-000712,ACCOUNT,NEW_BENEFICIARY,2027-12-14T00:20:00,DEV-000712-02,,,account,SUCCESS,,BEN-000712-01,synthetic,SUSPICIOUS_SIM_REPLACEMENT,1,,,,,,,,,,
EVT-000712-06,USR-000712,ACC-000712,TRANSACTION,TRANSACTION,2027-12-14T00:30:00,DEV-000712-02,,,transaction,SUCCESS,225619.2,,paysim,SUSPICIOUS_SIM_REPLACEMENT,1,CASH_IN,1368526.09,1594145.29,273727.45,48108.25,307,C1005282405,C69498559,0,0
EVT-000713-01,USR-000713,ACC-000713,TELECOM,SIM_REPLACEMENT,2027-12-15T00:00:00,DEV-000713-01,,,telecom,SUCCESS,,,synthetic,LEGITIMATE_SIM_REPLACEMENT,0,,,,,,,,,,
EVT-000713-02,USR-000713,ACC-000713,AUTHENTICATION,LOGIN,2027-12-15T00:10:00,DEV-000713-01,,,authentication,SUCCESS,,,synthetic,LEGITIMATE_SIM_REPLACEMENT,0,,,,,,,,,,
EVT-000713-03,USR-000713,ACC-000713,TRANSACTION,TRANSACTION,2027-12-15T00:30:00,DEV-000713-01,,,transaction,SUCCESS,17164.36,,paysim,LEGITIMATE_SIM_REPLACEMENT,0,CASH_OUT,0.0,0.0,334449.87,351614.23,358,C1573803660,C1506353711,0,0
EVT-000714-01,USR-000714,ACC-000714,TELECOM,ESIM_CHANGE,2027-12-16T00:00:00,DEV-000714-01,,,telecom,SUCCESS,,,synthetic,SUSPICIOUS_ESIM_CHANGE,1,,,,,,,,,,
EVT-000714-02,USR-000714,ACC-000714,DEVICE,NEW_DEVICE,2027-12-16T00:05:00,DEV-000714-02,,,device,UNRECOGNIZED,,,synthetic,SUSPICIOUS_ESIM_CHANGE,1,,,,,,,,,,
EVT-000714-03,USR-000714,ACC-000714,DEVICE,DEVICE_CHANGE,2027-12-16T00:08:00,DEV-000714-02,,,device,DEVIATION,,,synthetic,SUSPICIOUS_ESIM_CHANGE,1,,,,,,,,,,
EVT-000714-04,USR-000714,ACC-000714,AUTHENTICATION,FAILED_LOGIN,2027-12-16T00:10:00,DEV-000714-02,,,authentication,FAILURE,,,synthetic,SUSPICIOUS_ESIM_CHANGE,1,,,,,,,,,,
EVT-000714-05,USR-000714,ACC-000714,BEHAVIOUR,DEVICE_DEVIATION,2027-12-16T00:15:00,DEV-000714-02,,,behaviour,DEVIATION,,,synthetic,SUSPICIOUS_ESIM_CHANGE,1,,,,,,,,,,
EVT-000714-06,USR-000714,ACC-000714,TRANSACTION,TRANSACTION,2027-12-16T00:30:00,DEV-000714-02,,,transaction,SUCCESS,300960.53,,paysim,SUSPICIOUS_ESIM_CHANGE,1,CASH_IN,9121711.99,9422672.52,429754.08,128793.54,130,C50343163,C1760805329,0,0
EVT-000715-01,USR-000715,ACC-000715,TELECOM,ESIM_CHANGE,2027-12-17T00:00:00,DEV-000715-01,,,telecom,SUCCESS,,,synthetic,LEGITIMATE_ESIM_CHANGE,0,,,,,,,,,,
EVT-000715-02,USR-000715,ACC-000715,AUTHENTICATION,LOGIN,2027-12-17T00:10:00,DEV-000715-01,,,authentication,SUCCESS,,,synthetic,LEGITIMATE_ESIM_CHANGE,0,,,,,,,,,,
EVT-000716-01,USR-000716,ACC-000716,TELECOM,ESIM_CHANGE,2027-12-18T00:00:00,DEV-000716-01,,,telecom,SUCCESS,,,synthetic,SUSPICIOUS_ESIM_CHANGE,1,,,,,,,,,,
EVT-000716-02,USR-000716,ACC-000716,DEVICE,NEW_DEVICE,2027-12-18T00:05:00,DEV-000716-02,,,device,UNRECOGNIZED,,,synthetic,SUSPICIOUS_ESIM_CHANGE,1,,,,,,,,,,
EVT-000716-03,USR-000716,ACC-000716,DEVICE,DEVICE_CHANGE,2027-12-18T00:08:00,DEV-000716-02,,,device,DEVIATION,,,synthetic,SUSPICIOUS_ESIM_CHANGE,1,,,,,,,,,,
EVT-000716-04,USR-000716,ACC-000716,AUTHENTICATION,FAILED_LOGIN,2027-12-18T00:10:00,DEV-000716-02,,,authentication,FAILURE,,,synthetic,SUSPICIOUS_ESIM_CHANGE,1,,,,,,,,,,
EVT-000716-05,USR-000716,ACC-000716,BEHAVIOUR,DEVICE_DEVIATION,2027-12-18T00:15:00,DEV-000716-02,,,behaviour,DEVIATION,,,synthetic,SUSPICIOUS_ESIM_CHANGE,1,,,,,,,,,,
EVT-000716-06,USR-000716,ACC-000716,TRANSACTION,TRANSACTION,2027-12-18T00:30:00,DEV-000716-02,,,transaction,SUCCESS,1250022.07,,paysim,SUSPICIOUS_ESIM_CHANGE,1,TRANSFER,9444.0,0.0,1193962.92,2443984.99,207,C291746965,C172242822,0,0
EVT-000717-01,USR-000717,ACC-000717,TELECOM,ESIM_CHANGE,2027-12-19T00:00:00,DEV-000717-01,,,telecom,SUCCESS,,,synthetic,SUSPICIOUS_ESIM_CHANGE,1,,,,,,,,,,
EVT-000717-02,USR-000717,ACC-000717,DEVICE,NEW_DEVICE,2027-12-19T00:05:00,DEV-000717-02,,,device,UNRECOGNIZED,,,synthetic,SUSPICIOUS_ESIM_CHANGE,1,,,,,,,,,,
EVT-000717-03,USR-000717,ACC-000717,DEVICE,DEVICE_CHANGE,2027-12-19T00:08:00,DEV-000717-02,,,device,DEVIATION,,,synthetic,SUSPICIOUS_ESIM_CHANGE,1,,,,,,,,,,
EVT-000717-04,USR-000717,ACC-000717,AUTHENTICATION,FAILED_LOGIN,2027-12-19T00:10:00,DEV-000717-02,,,authentication,FAILURE,,,synthetic,SUSPICIOUS_ESIM_CHANGE,1,,,,,,,,,,
EVT-000717-05,USR-000717,ACC-000717,BEHAVIOUR,DEVICE_DEVIATION,2027-12-19T00:15:00,DEV-000717-02,,,behaviour,DEVIATION,,,synthetic,SUSPICIOUS_ESIM_CHANGE,1,,,,,,,,,,
EVT-000717-06,USR-000717,ACC-000717,TRANSACTION,TRANSACTION,2027-12-19T00:30:00,DEV-000717-02,,,transaction,SUCCESS,3710.4,,paysim,SUSPICIOUS_ESIM_CHANGE,1,PAYMENT,275033.52,271323.13,0.0,0.0,138,C1003665785,M418436036,0,0
EVT-000718-01,USR-000718,ACC-000718,TELECOM,ESIM_CHANGE,2027-12-20T00:00:00,DEV-000718-01,,,telecom,SUCCESS,,,synthetic,LEGITIMATE_ESIM_CHANGE,0,,,,,,,,,,
EVT-000718-02,USR-000718,ACC-000718,AUTHENTICATION,LOGIN,2027-12-20T00:10:00,DEV-000718-01,,,authentication,SUCCESS,,,synthetic,LEGITIMATE_ESIM_CHANGE,0,,,,,,,,,,
EVT-000719-01,USR-000719,ACC-000719,TELECOM,ESIM_CHANGE,2027-12-21T00:00:00,DEV-000719-01,,,telecom,SUCCESS,,,synthetic,LEGITIMATE_ESIM_CHANGE,0,,,,,,,,,,
EVT-000719-02,USR-000719,ACC-000719,AUTHENTICATION,LOGIN,2027-12-21T00:10:00,DEV-000719-01,,,authentication,SUCCESS,,,synthetic,LEGITIMATE_ESIM_CHANGE,0,,,,,,,,,,
EVT-000720-01,USR-000720,ACC-000720,TELECOM,SIM_REPLACEMENT,2027-12-22T00:00:00,DEV-000720-01,,,telecom,SUCCESS,,,synthetic,SUSPICIOUS_SIM_REPLACEMENT,1,,,,,,,,,,
EVT-000720-02,USR-000720,ACC-000720,DEVICE,NEW_DEVICE,2027-12-22T00:05:00,DEV-000720-02,,,device,UNRECOGNIZED,,,synthetic,SUSPICIOUS_SIM_REPLACEMENT,1,,,,,,,,,,
EVT-000720-03,USR-000720,ACC-000720,AUTHENTICATION,FAILED_LOGIN,2027-12-22T00:10:00,DEV-000720-02,,,authentication,FAILURE,,,synthetic,SUSPICIOUS_SIM_REPLACEMENT,1,,,,,,,,,,
EVT-000720-04,USR-000720,ACC-000720,RECOVERY,PASSWORD_RESET,2027-12-22T00:15:00,DEV-000720-02,,,recovery,SUCCESS,,,synthetic,SUSPICIOUS_SIM_REPLACEMENT,1,,,,,,,,,,
EVT-000720-05,USR-000720,ACC-000720,ACCOUNT,NEW_BENEFICIARY,2027-12-22T00:20:00,DEV-000720-02,,,account,SUCCESS,,BEN-000720-01,synthetic,SUSPICIOUS_SIM_REPLACEMENT,1,,,,,,,,,,
EVT-000720-06,USR-000720,ACC-000720,TRANSACTION,TRANSACTION,2027-12-22T00:30:00,DEV-000720-02,,,transaction,SUCCESS,7668.14,,paysim,SUSPICIOUS_SIM_REPLACEMENT,1,DEBIT,18057.0,10388.86,366532.45,374200.59,144,C608323125,C1306742161,0,0
EVT-000721-01,USR-000721,ACC-000721,TELECOM,ESIM_CHANGE,2027-12-23T00:00:00,DEV-000721-01,,,telecom,SUCCESS,,,synthetic,SUSPICIOUS_ESIM_CHANGE,1,,,,,,,,,,
EVT-000721-02,USR-000721,ACC-000721,DEVICE,NEW_DEVICE,2027-12-23T00:05:00,DEV-000721-02,,,device,UNRECOGNIZED,,,synthetic,SUSPICIOUS_ESIM_CHANGE,1,,,,,,,,,,
EVT-000721-03,USR-000721,ACC-000721,DEVICE,DEVICE_CHANGE,2027-12-23T00:08:00,DEV-000721-02,,,device,DEVIATION,,,synthetic,SUSPICIOUS_ESIM_CHANGE,1,,,,,,,,,,
EVT-000721-04,USR-000721,ACC-000721,AUTHENTICATION,FAILED_LOGIN,2027-12-23T00:10:00,DEV-000721-02,,,authentication,FAILURE,,,synthetic,SUSPICIOUS_ESIM_CHANGE,1,,,,,,,,,,
EVT-000721-05,USR-000721,ACC-000721,BEHAVIOUR,DEVICE_DEVIATION,2027-12-23T00:15:00,DEV-000721-02,,,behaviour,DEVIATION,,,synthetic,SUSPICIOUS_ESIM_CHANGE,1,,,,,,,,,,
EVT-000721-06,USR-000721,ACC-000721,TRANSACTION,TRANSACTION,2027-12-23T00:30:00,DEV-000721-02,,,transaction,SUCCESS,7423.95,,paysim,SUSPICIOUS_ESIM_CHANGE,1,PAYMENT,157122.0,149698.05,0.0,0.0,250,C743178310,M1849893352,0,0
EVT-000722-01,USR-000722,ACC-000722,TELECOM,ESIM_CHANGE,2027-12-24T00:00:00,DEV-000722-01,,,telecom,SUCCESS,,,synthetic,LEGITIMATE_ESIM_CHANGE,0,,,,,,,,,,
EVT-000722-02,USR-000722,ACC-000722,AUTHENTICATION,LOGIN,2027-12-24T00:10:00,DEV-000722-01,,,authentication,SUCCESS,,,synthetic,LEGITIMATE_ESIM_CHANGE,0,,,,,,,,,,
EVT-000723-01,USR-000723,ACC-000723,TELECOM,SIM_SWAP,2027-12-25T00:00:00,DEV-000723-01,,,telecom,SUCCESS,,,synthetic,SIM_ESIM_AUTH_ANOMALY,1,,,,,,,,,,
EVT-000723-02,USR-000723,ACC-000723,DEVICE,NEW_DEVICE,2027-12-25T00:05:00,DEV-000723-02,,,device,UNRECOGNIZED,,,synthetic,SIM_ESIM_AUTH_ANOMALY,1,,,,,,,,,,
EVT-000723-03,USR-000723,ACC-000723,AUTHENTICATION,FAILED_LOGIN,2027-12-25T00:10:00,DEV-000723-02,,,authentication,FAILURE,,,synthetic,SIM_ESIM_AUTH_ANOMALY,1,,,,,,,,,,
EVT-000723-04,USR-000723,ACC-000723,AUTHENTICATION,FAILED_LOGIN,2027-12-25T00:12:00,DEV-000723-02,,,authentication,FAILURE,,,synthetic,SIM_ESIM_AUTH_ANOMALY,1,,,,,,,,,,
EVT-000723-05,USR-000723,ACC-000723,BEHAVIOUR,DEVICE_DEVIATION,2027-12-25T00:15:00,DEV-000723-02,,,behaviour,DEVIATION,,,synthetic,SIM_ESIM_AUTH_ANOMALY,1,,,,,,,,,,
EVT-000724-01,USR-000724,ACC-000724,TELECOM,SIM_REPLACEMENT,2027-12-26T00:00:00,DEV-000724-01,,,telecom,SUCCESS,,,synthetic,LEGITIMATE_SIM_REPLACEMENT,0,,,,,,,,,,
EVT-000724-02,USR-000724,ACC-000724,AUTHENTICATION,LOGIN,2027-12-26T00:10:00,DEV-000724-01,,,authentication,SUCCESS,,,synthetic,LEGITIMATE_SIM_REPLACEMENT,0,,,,,,,,,,
EVT-000724-03,USR-000724,ACC-000724,TRANSACTION,TRANSACTION,2027-12-26T00:30:00,DEV-000724-01,,,transaction,SUCCESS,5552.57,,paysim,LEGITIMATE_SIM_REPLACEMENT,0,CASH_OUT,40379.0,34826.43,51880.2,57432.78,328,C82216414,C1238562822,0,0
EVT-000725-01,USR-000725,ACC-000725,TELECOM,SIM_SWAP,2027-12-27T00:00:00,DEV-000725-01,,,telecom,SUCCESS,,,synthetic,SIM_ESIM_AUTH_ANOMALY,1,,,,,,,,,,
EVT-000725-02,USR-000725,ACC-000725,DEVICE,NEW_DEVICE,2027-12-27T00:05:00,DEV-000725-02,,,device,UNRECOGNIZED,,,synthetic,SIM_ESIM_AUTH_ANOMALY,1,,,,,,,,,,
EVT-000725-03,USR-000725,ACC-000725,AUTHENTICATION,FAILED_LOGIN,2027-12-27T00:10:00,DEV-000725-02,,,authentication,FAILURE,,,synthetic,SIM_ESIM_AUTH_ANOMALY,1,,,,,,,,,,
EVT-000725-04,USR-000725,ACC-000725,AUTHENTICATION,FAILED_LOGIN,2027-12-27T00:12:00,DEV-000725-02,,,authentication,FAILURE,,,synthetic,SIM_ESIM_AUTH_ANOMALY,1,,,,,,,,,,
EVT-000725-05,USR-000725,ACC-000725,BEHAVIOUR,DEVICE_DEVIATION,2027-12-27T00:15:00,DEV-000725-02,,,behaviour,DEVIATION,,,synthetic,SIM_ESIM_AUTH_ANOMALY,1,,,,,,,,,,
EVT-000726-01,USR-000726,ACC-000726,TELECOM,SIM_REPLACEMENT,2027-12-28T00:00:00,DEV-000726-01,,,telecom,SUCCESS,,,synthetic,LEGITIMATE_SIM_REPLACEMENT,0,,,,,,,,,,
EVT-000726-02,USR-000726,ACC-000726,AUTHENTICATION,LOGIN,2027-12-28T00:10:00,DEV-000726-01,,,authentication,SUCCESS,,,synthetic,LEGITIMATE_SIM_REPLACEMENT,0,,,,,,,,,,
EVT-000726-03,USR-000726,ACC-000726,TRANSACTION,TRANSACTION,2027-12-28T00:30:00,DEV-000726-01,,,transaction,SUCCESS,155708.07,,paysim,LEGITIMATE_SIM_REPLACEMENT,0,CASH_OUT,0.0,0.0,341744.04,497452.1,348,C1614343559,C287166025,0,0
EVT-000727-01,USR-000727,ACC-000727,TELECOM,ESIM_CHANGE,2027-12-29T00:00:00,DEV-000727-01,,,telecom,SUCCESS,,,synthetic,SUSPICIOUS_ESIM_CHANGE,1,,,,,,,,,,
EVT-000727-02,USR-000727,ACC-000727,DEVICE,NEW_DEVICE,2027-12-29T00:05:00,DEV-000727-02,,,device,UNRECOGNIZED,,,synthetic,SUSPICIOUS_ESIM_CHANGE,1,,,,,,,,,,
EVT-000727-03,USR-000727,ACC-000727,DEVICE,DEVICE_CHANGE,2027-12-29T00:08:00,DEV-000727-02,,,device,DEVIATION,,,synthetic,SUSPICIOUS_ESIM_CHANGE,1,,,,,,,,,,
EVT-000727-04,USR-000727,ACC-000727,AUTHENTICATION,FAILED_LOGIN,2027-12-29T00:10:00,DEV-000727-02,,,authentication,FAILURE,,,synthetic,SUSPICIOUS_ESIM_CHANGE,1,,,,,,,,,,
EVT-000727-05,USR-000727,ACC-000727,BEHAVIOUR,DEVICE_DEVIATION,2027-12-29T00:15:00,DEV-000727-02,,,behaviour,DEVIATION,,,synthetic,SUSPICIOUS_ESIM_CHANGE,1,,,,,,,,,,
EVT-000727-06,USR-000727,ACC-000727,TRANSACTION,TRANSACTION,2027-12-29T00:30:00,DEV-000727-02,,,transaction,SUCCESS,5179.09,,paysim,SUSPICIOUS_ESIM_CHANGE,1,CASH_IN,10996.0,16175.09,0.0,0.0,398,C742466722,C393920026,0,0
EVT-000728-01,USR-000728,ACC-000728,TELECOM,ESIM_CHANGE,2027-12-30T00:00:00,DEV-000728-01,,,telecom,SUCCESS,,,synthetic,SUSPICIOUS_ESIM_CHANGE,1,,,,,,,,,,
EVT-000728-02,USR-000728,ACC-000728,DEVICE,NEW_DEVICE,2027-12-30T00:05:00,DEV-000728-02,,,device,UNRECOGNIZED,,,synthetic,SUSPICIOUS_ESIM_CHANGE,1,,,,,,,,,,
EVT-000728-03,USR-000728,ACC-000728,DEVICE,DEVICE_CHANGE,2027-12-30T00:08:00,DEV-000728-02,,,device,DEVIATION,,,synthetic,SUSPICIOUS_ESIM_CHANGE,1,,,,,,,,,,
EVT-000728-04,USR-000728,ACC-000728,AUTHENTICATION,FAILED_LOGIN,2027-12-30T00:10:00,DEV-000728-02,,,authentication,FAILURE,,,synthetic,SUSPICIOUS_ESIM_CHANGE,1,,,,,,,,,,
EVT-000728-05,USR-000728,ACC-000728,BEHAVIOUR,DEVICE_DEVIATION,2027-12-30T00:15:00,DEV-000728-02,,,behaviour,DEVIATION,,,synthetic,SUSPICIOUS_ESIM_CHANGE,1,,,,,,,,,,
EVT-000728-06,USR-000728,ACC-000728,TRANSACTION,TRANSACTION,2027-12-30T00:30:00,DEV-000728-02,,,transaction,SUCCESS,321725.71,,paysim,SUSPICIOUS_ESIM_CHANGE,1,CASH_IN,475987.0,797712.71,1090886.92,769161.21,309,C1631311158,C1508067223,0,0
EVT-000729-01,USR-000729,ACC-000729,TELECOM,SIM_REPLACEMENT,2027-12-31T00:00:00,DEV-000729-01,,,telecom,SUCCESS,,,synthetic,LEGITIMATE_SIM_REPLACEMENT,0,,,,,,,,,,
EVT-000729-02,USR-000729,ACC-000729,AUTHENTICATION,LOGIN,2027-12-31T00:10:00,DEV-000729-01,,,authentication,SUCCESS,,,synthetic,LEGITIMATE_SIM_REPLACEMENT,0,,,,,,,,,,
EVT-000729-03,USR-000729,ACC-000729,TRANSACTION,TRANSACTION,2027-12-31T00:30:00,DEV-000729-01,,,transaction,SUCCESS,19047.4,,paysim,LEGITIMATE_SIM_REPLACEMENT,0,PAYMENT,161338.53,142291.13,0.0,0.0,298,C1843254760,M1369222432,0,0
EVT-000730-01,USR-000730,ACC-000730,TELECOM,SIM_REPLACEMENT,2028-01-01T00:00:00,DEV-000730-01,,,telecom,SUCCESS,,,synthetic,LEGITIMATE_SIM_REPLACEMENT,0,,,,,,,,,,
EVT-000730-02,USR-000730,ACC-000730,AUTHENTICATION,LOGIN,2028-01-01T00:10:00,DEV-000730-01,,,authentication,SUCCESS,,,synthetic,LEGITIMATE_SIM_REPLACEMENT,0,,,,,,,,,,
EVT-000730-03,USR-000730,ACC-000730,TRANSACTION,TRANSACTION,2028-01-01T00:30:00,DEV-000730-01,,,transaction,SUCCESS,146199.14,,paysim,LEGITIMATE_SIM_REPLACEMENT,0,CASH_OUT,0.0,0.0,379583.46,525782.59,374,C139711813,C800014248,0,0
EVT-000731-01,USR-000731,ACC-000731,TELECOM,SIM_SWAP,2028-01-02T00:00:00,DEV-000731-01,,,telecom,SUCCESS,,,synthetic,SIM_ESIM_AUTH_ANOMALY,1,,,,,,,,,,
EVT-000731-02,USR-000731,ACC-000731,DEVICE,NEW_DEVICE,2028-01-02T00:05:00,DEV-000731-02,,,device,UNRECOGNIZED,,,synthetic,SIM_ESIM_AUTH_ANOMALY,1,,,,,,,,,,
EVT-000731-03,USR-000731,ACC-000731,AUTHENTICATION,FAILED_LOGIN,2028-01-02T00:10:00,DEV-000731-02,,,authentication,FAILURE,,,synthetic,SIM_ESIM_AUTH_ANOMALY,1,,,,,,,,,,
EVT-000731-04,USR-000731,ACC-000731,AUTHENTICATION,FAILED_LOGIN,2028-01-02T00:12:00,DEV-000731-02,,,authentication,FAILURE,,,synthetic,SIM_ESIM_AUTH_ANOMALY,1,,,,,,,,,,
EVT-000731-05,USR-000731,ACC-000731,BEHAVIOUR,DEVICE_DEVIATION,2028-01-02T00:15:00,DEV-000731-02,,,behaviour,DEVIATION,,,synthetic,SIM_ESIM_AUTH_ANOMALY,1,,,,,,,,,,
EVT-000732-01,USR-000732,ACC-000732,TELECOM,ESIM_CHANGE,2028-01-03T00:00:00,DEV-000732-01,,,telecom,SUCCESS,,,synthetic,SUSPICIOUS_ESIM_CHANGE,1,,,,,,,,,,
EVT-000732-02,USR-000732,ACC-000732,DEVICE,NEW_DEVICE,2028-01-03T00:05:00,DEV-000732-02,,,device,UNRECOGNIZED,,,synthetic,SUSPICIOUS_ESIM_CHANGE,1,,,,,,,,,,
EVT-000732-03,USR-000732,ACC-000732,DEVICE,DEVICE_CHANGE,2028-01-03T00:08:00,DEV-000732-02,,,device,DEVIATION,,,synthetic,SUSPICIOUS_ESIM_CHANGE,1,,,,,,,,,,
EVT-000732-04,USR-000732,ACC-000732,AUTHENTICATION,FAILED_LOGIN,2028-01-03T00:10:00,DEV-000732-02,,,authentication,FAILURE,,,synthetic,SUSPICIOUS_ESIM_CHANGE,1,,,,,,,,,,
EVT-000732-05,USR-000732,ACC-000732,BEHAVIOUR,DEVICE_DEVIATION,2028-01-03T00:15:00,DEV-000732-02,,,behaviour,DEVIATION,,,synthetic,SUSPICIOUS_ESIM_CHANGE,1,,,,,,,,,,
EVT-000732-06,USR-000732,ACC-000732,TRANSACTION,TRANSACTION,2028-01-03T00:30:00,DEV-000732-02,,,transaction,SUCCESS,219847.48,,paysim,SUSPICIOUS_ESIM_CHANGE,1,CASH_IN,2.293468897E7,2.315453645E7,241517.0,56970.02,186,C1011563256,C1216832538,0,0
EVT-000733-01,USR-000733,ACC-000733,TELECOM,ESIM_CHANGE,2028-01-04T00:00:00,DEV-000733-01,,,telecom,SUCCESS,,,synthetic,LEGITIMATE_ESIM_CHANGE,0,,,,,,,,,,
EVT-000733-02,USR-000733,ACC-000733,AUTHENTICATION,LOGIN,2028-01-04T00:10:00,DEV-000733-01,,,authentication,SUCCESS,,,synthetic,LEGITIMATE_ESIM_CHANGE,0,,,,,,,,,,
EVT-000734-01,USR-000734,ACC-000734,TELECOM,SIM_REPLACEMENT,2028-01-05T00:00:00,DEV-000734-01,,,telecom,SUCCESS,,,synthetic,SUSPICIOUS_SIM_REPLACEMENT,1,,,,,,,,,,
EVT-000734-02,USR-000734,ACC-000734,DEVICE,NEW_DEVICE,2028-01-05T00:05:00,DEV-000734-02,,,device,UNRECOGNIZED,,,synthetic,SUSPICIOUS_SIM_REPLACEMENT,1,,,,,,,,,,
EVT-000734-03,USR-000734,ACC-000734,AUTHENTICATION,FAILED_LOGIN,2028-01-05T00:10:00,DEV-000734-02,,,authentication,FAILURE,,,synthetic,SUSPICIOUS_SIM_REPLACEMENT,1,,,,,,,,,,
EVT-000734-04,USR-000734,ACC-000734,RECOVERY,PASSWORD_RESET,2028-01-05T00:15:00,DEV-000734-02,,,recovery,SUCCESS,,,synthetic,SUSPICIOUS_SIM_REPLACEMENT,1,,,,,,,,,,
EVT-000734-05,USR-000734,ACC-000734,ACCOUNT,NEW_BENEFICIARY,2028-01-05T00:20:00,DEV-000734-02,,,account,SUCCESS,,BEN-000734-01,synthetic,SUSPICIOUS_SIM_REPLACEMENT,1,,,,,,,,,,
EVT-000734-06,USR-000734,ACC-000734,TRANSACTION,TRANSACTION,2028-01-05T00:30:00,DEV-000734-02,,,transaction,SUCCESS,312268.0,,paysim,SUSPICIOUS_SIM_REPLACEMENT,1,CASH_IN,7870028.46,8182296.46,1405832.26,1093564.26,234,C1215542911,C666136659,0,0
EVT-000735-01,USR-000735,ACC-000735,TELECOM,ESIM_CHANGE,2028-01-06T00:00:00,DEV-000735-01,,,telecom,SUCCESS,,,synthetic,SUSPICIOUS_ESIM_CHANGE,1,,,,,,,,,,
EVT-000735-02,USR-000735,ACC-000735,DEVICE,NEW_DEVICE,2028-01-06T00:05:00,DEV-000735-02,,,device,UNRECOGNIZED,,,synthetic,SUSPICIOUS_ESIM_CHANGE,1,,,,,,,,,,
EVT-000735-03,USR-000735,ACC-000735,DEVICE,DEVICE_CHANGE,2028-01-06T00:08:00,DEV-000735-02,,,device,DEVIATION,,,synthetic,SUSPICIOUS_ESIM_CHANGE,1,,,,,,,,,,
EVT-000735-04,USR-000735,ACC-000735,AUTHENTICATION,FAILED_LOGIN,2028-01-06T00:10:00,DEV-000735-02,,,authentication,FAILURE,,,synthetic,SUSPICIOUS_ESIM_CHANGE,1,,,,,,,,,,
EVT-000735-05,USR-000735,ACC-000735,BEHAVIOUR,DEVICE_DEVIATION,2028-01-06T00:15:00,DEV-000735-02,,,behaviour,DEVIATION,,,synthetic,SUSPICIOUS_ESIM_CHANGE,1,,,,,,,,,,
EVT-000735-06,USR-000735,ACC-000735,TRANSACTION,TRANSACTION,2028-01-06T00:30:00,DEV-000735-02,,,transaction,SUCCESS,12262.79,,paysim,SUSPICIOUS_ESIM_CHANGE,1,PAYMENT,32756.0,20493.21,0.0,0.0,44,C1564750116,M1466442460,0,0
EVT-000736-01,USR-000736,ACC-000736,TELECOM,SIM_REPLACEMENT,2028-01-07T00:00:00,DEV-000736-01,,,telecom,SUCCESS,,,synthetic,LEGITIMATE_SIM_REPLACEMENT,0,,,,,,,,,,
EVT-000736-02,USR-000736,ACC-000736,AUTHENTICATION,LOGIN,2028-01-07T00:10:00,DEV-000736-01,,,authentication,SUCCESS,,,synthetic,LEGITIMATE_SIM_REPLACEMENT,0,,,,,,,,,,
EVT-000736-03,USR-000736,ACC-000736,TRANSACTION,TRANSACTION,2028-01-07T00:30:00,DEV-000736-01,,,transaction,SUCCESS,80971.73,,paysim,LEGITIMATE_SIM_REPLACEMENT,0,CASH_OUT,103854.39,22882.66,133612.05,214583.78,137,C1368261227,C652540949,0,0
EVT-000737-01,USR-000737,ACC-000737,TELECOM,ESIM_CHANGE,2028-01-08T00:00:00,DEV-000737-01,,,telecom,SUCCESS,,,synthetic,LEGITIMATE_ESIM_CHANGE,0,,,,,,,,,,
EVT-000737-02,USR-000737,ACC-000737,AUTHENTICATION,LOGIN,2028-01-08T00:10:00,DEV-000737-01,,,authentication,SUCCESS,,,synthetic,LEGITIMATE_ESIM_CHANGE,0,,,,,,,,,,
EVT-000738-01,USR-000738,ACC-000738,TELECOM,SIM_SWAP,2028-01-09T00:00:00,DEV-000738-01,,,telecom,SUCCESS,,,synthetic,SIM_ESIM_AUTH_ANOMALY,1,,,,,,,,,,
EVT-000738-02,USR-000738,ACC-000738,DEVICE,NEW_DEVICE,2028-01-09T00:05:00,DEV-000738-02,,,device,UNRECOGNIZED,,,synthetic,SIM_ESIM_AUTH_ANOMALY,1,,,,,,,,,,
EVT-000738-03,USR-000738,ACC-000738,AUTHENTICATION,FAILED_LOGIN,2028-01-09T00:10:00,DEV-000738-02,,,authentication,FAILURE,,,synthetic,SIM_ESIM_AUTH_ANOMALY,1,,,,,,,,,,
EVT-000738-04,USR-000738,ACC-000738,AUTHENTICATION,FAILED_LOGIN,2028-01-09T00:12:00,DEV-000738-02,,,authentication,FAILURE,,,synthetic,SIM_ESIM_AUTH_ANOMALY,1,,,,,,,,,,
EVT-000738-05,USR-000738,ACC-000738,BEHAVIOUR,DEVICE_DEVIATION,2028-01-09T00:15:00,DEV-000738-02,,,behaviour,DEVIATION,,,synthetic,SIM_ESIM_AUTH_ANOMALY,1,,,,,,,,,,
EVT-000739-01,USR-000739,ACC-000739,TELECOM,ESIM_CHANGE,2028-01-10T00:00:00,DEV-000739-01,,,telecom,SUCCESS,,,synthetic,LEGITIMATE_ESIM_CHANGE,0,,,,,,,,,,
EVT-000739-02,USR-000739,ACC-000739,AUTHENTICATION,LOGIN,2028-01-10T00:10:00,DEV-000739-01,,,authentication,SUCCESS,,,synthetic,LEGITIMATE_ESIM_CHANGE,0,,,,,,,,,,
EVT-000740-01,USR-000740,ACC-000740,TELECOM,ESIM_CHANGE,2028-01-11T00:00:00,DEV-000740-01,,,telecom,SUCCESS,,,synthetic,LEGITIMATE_ESIM_CHANGE,0,,,,,,,,,,
EVT-000740-02,USR-000740,ACC-000740,AUTHENTICATION,LOGIN,2028-01-11T00:10:00,DEV-000740-01,,,authentication,SUCCESS,,,synthetic,LEGITIMATE_ESIM_CHANGE,0,,,,,,,,,,
EVT-000741-01,USR-000741,ACC-000741,TELECOM,SIM_REPLACEMENT,2028-01-12T00:00:00,DEV-000741-01,,,telecom,SUCCESS,,,synthetic,LEGITIMATE_SIM_REPLACEMENT,0,,,,,,,,,,
EVT-000741-02,USR-000741,ACC-000741,AUTHENTICATION,LOGIN,2028-01-12T00:10:00,DEV-000741-01,,,authentication,SUCCESS,,,synthetic,LEGITIMATE_SIM_REPLACEMENT,0,,,,,,,,,,
EVT-000741-03,USR-000741,ACC-000741,TRANSACTION,TRANSACTION,2028-01-12T00:30:00,DEV-000741-01,,,transaction,SUCCESS,340364.12,,paysim,LEGITIMATE_SIM_REPLACEMENT,0,CASH_OUT,0.0,0.0,432375.96,772740.07,288,C1455378276,C14853981,0,0
EVT-000742-01,USR-000742,ACC-000742,TELECOM,SIM_REPLACEMENT,2028-01-13T00:00:00,DEV-000742-01,,,telecom,SUCCESS,,,synthetic,SUSPICIOUS_SIM_REPLACEMENT,1,,,,,,,,,,
EVT-000742-02,USR-000742,ACC-000742,DEVICE,NEW_DEVICE,2028-01-13T00:05:00,DEV-000742-02,,,device,UNRECOGNIZED,,,synthetic,SUSPICIOUS_SIM_REPLACEMENT,1,,,,,,,,,,
EVT-000742-03,USR-000742,ACC-000742,AUTHENTICATION,FAILED_LOGIN,2028-01-13T00:10:00,DEV-000742-02,,,authentication,FAILURE,,,synthetic,SUSPICIOUS_SIM_REPLACEMENT,1,,,,,,,,,,
EVT-000742-04,USR-000742,ACC-000742,RECOVERY,PASSWORD_RESET,2028-01-13T00:15:00,DEV-000742-02,,,recovery,SUCCESS,,,synthetic,SUSPICIOUS_SIM_REPLACEMENT,1,,,,,,,,,,
EVT-000742-05,USR-000742,ACC-000742,ACCOUNT,NEW_BENEFICIARY,2028-01-13T00:20:00,DEV-000742-02,,,account,SUCCESS,,BEN-000742-01,synthetic,SUSPICIOUS_SIM_REPLACEMENT,1,,,,,,,,,,
EVT-000742-06,USR-000742,ACC-000742,TRANSACTION,TRANSACTION,2028-01-13T00:30:00,DEV-000742-02,,,transaction,SUCCESS,40305.16,,paysim,SUSPICIOUS_SIM_REPLACEMENT,1,CASH_OUT,0.0,0.0,1427822.41,1468127.57,238,C1282518723,C1758574197,0,0
EVT-000743-01,USR-000743,ACC-000743,TELECOM,SIM_REPLACEMENT,2028-01-14T00:00:00,DEV-000743-01,,,telecom,SUCCESS,,,synthetic,SUSPICIOUS_SIM_REPLACEMENT,1,,,,,,,,,,
EVT-000743-02,USR-000743,ACC-000743,DEVICE,NEW_DEVICE,2028-01-14T00:05:00,DEV-000743-02,,,device,UNRECOGNIZED,,,synthetic,SUSPICIOUS_SIM_REPLACEMENT,1,,,,,,,,,,
EVT-000743-03,USR-000743,ACC-000743,AUTHENTICATION,FAILED_LOGIN,2028-01-14T00:10:00,DEV-000743-02,,,authentication,FAILURE,,,synthetic,SUSPICIOUS_SIM_REPLACEMENT,1,,,,,,,,,,
EVT-000743-04,USR-000743,ACC-000743,RECOVERY,PASSWORD_RESET,2028-01-14T00:15:00,DEV-000743-02,,,recovery,SUCCESS,,,synthetic,SUSPICIOUS_SIM_REPLACEMENT,1,,,,,,,,,,
EVT-000743-05,USR-000743,ACC-000743,ACCOUNT,NEW_BENEFICIARY,2028-01-14T00:20:00,DEV-000743-02,,,account,SUCCESS,,BEN-000743-01,synthetic,SUSPICIOUS_SIM_REPLACEMENT,1,,,,,,,,,,
EVT-000743-06,USR-000743,ACC-000743,TRANSACTION,TRANSACTION,2028-01-14T00:30:00,DEV-000743-02,,,transaction,SUCCESS,25935.93,,paysim,SUSPICIOUS_SIM_REPLACEMENT,1,PAYMENT,0.0,0.0,0.0,0.0,275,C75110363,M807035093,0,0
EVT-000744-01,USR-000744,ACC-000744,TELECOM,SIM_REPLACEMENT,2028-01-15T00:00:00,DEV-000744-01,,,telecom,SUCCESS,,,synthetic,SUSPICIOUS_SIM_REPLACEMENT,1,,,,,,,,,,
EVT-000744-02,USR-000744,ACC-000744,DEVICE,NEW_DEVICE,2028-01-15T00:05:00,DEV-000744-02,,,device,UNRECOGNIZED,,,synthetic,SUSPICIOUS_SIM_REPLACEMENT,1,,,,,,,,,,
EVT-000744-03,USR-000744,ACC-000744,AUTHENTICATION,FAILED_LOGIN,2028-01-15T00:10:00,DEV-000744-02,,,authentication,FAILURE,,,synthetic,SUSPICIOUS_SIM_REPLACEMENT,1,,,,,,,,,,
EVT-000744-04,USR-000744,ACC-000744,RECOVERY,PASSWORD_RESET,2028-01-15T00:15:00,DEV-000744-02,,,recovery,SUCCESS,,,synthetic,SUSPICIOUS_SIM_REPLACEMENT,1,,,,,,,,,,
EVT-000744-05,USR-000744,ACC-000744,ACCOUNT,NEW_BENEFICIARY,2028-01-15T00:20:00,DEV-000744-02,,,account,SUCCESS,,BEN-000744-01,synthetic,SUSPICIOUS_SIM_REPLACEMENT,1,,,,,,,,,,
EVT-000744-06,USR-000744,ACC-000744,TRANSACTION,TRANSACTION,2028-01-15T00:30:00,DEV-000744-02,,,transaction,SUCCESS,203576.54,,paysim,SUSPICIOUS_SIM_REPLACEMENT,1,CASH_IN,1558283.59,1761860.14,218059.89,14483.35,311,C100686363,C976417530,0,0
EVT-000745-01,USR-000745,ACC-000745,TELECOM,SIM_SWAP,2028-01-16T00:00:00,DEV-000745-01,,,telecom,SUCCESS,,,synthetic,SIM_ESIM_AUTH_ANOMALY,1,,,,,,,,,,
EVT-000745-02,USR-000745,ACC-000745,DEVICE,NEW_DEVICE,2028-01-16T00:05:00,DEV-000745-02,,,device,UNRECOGNIZED,,,synthetic,SIM_ESIM_AUTH_ANOMALY,1,,,,,,,,,,
EVT-000745-03,USR-000745,ACC-000745,AUTHENTICATION,FAILED_LOGIN,2028-01-16T00:10:00,DEV-000745-02,,,authentication,FAILURE,,,synthetic,SIM_ESIM_AUTH_ANOMALY,1,,,,,,,,,,
EVT-000745-04,USR-000745,ACC-000745,AUTHENTICATION,FAILED_LOGIN,2028-01-16T00:12:00,DEV-000745-02,,,authentication,FAILURE,,,synthetic,SIM_ESIM_AUTH_ANOMALY,1,,,,,,,,,,
EVT-000745-05,USR-000745,ACC-000745,BEHAVIOUR,DEVICE_DEVIATION,2028-01-16T00:15:00,DEV-000745-02,,,behaviour,DEVIATION,,,synthetic,SIM_ESIM_AUTH_ANOMALY,1,,,,,,,,,,
EVT-000746-01,USR-000746,ACC-000746,TELECOM,SIM_SWAP,2028-01-17T00:00:00,DEV-000746-01,,,telecom,SUCCESS,,,synthetic,SIM_ESIM_AUTH_ANOMALY,1,,,,,,,,,,
EVT-000746-02,USR-000746,ACC-000746,DEVICE,NEW_DEVICE,2028-01-17T00:05:00,DEV-000746-02,,,device,UNRECOGNIZED,,,synthetic,SIM_ESIM_AUTH_ANOMALY,1,,,,,,,,,,
EVT-000746-03,USR-000746,ACC-000746,AUTHENTICATION,FAILED_LOGIN,2028-01-17T00:10:00,DEV-000746-02,,,authentication,FAILURE,,,synthetic,SIM_ESIM_AUTH_ANOMALY,1,,,,,,,,,,
EVT-000746-04,USR-000746,ACC-000746,AUTHENTICATION,FAILED_LOGIN,2028-01-17T00:12:00,DEV-000746-02,,,authentication,FAILURE,,,synthetic,SIM_ESIM_AUTH_ANOMALY,1,,,,,,,,,,
EVT-000746-05,USR-000746,ACC-000746,BEHAVIOUR,DEVICE_DEVIATION,2028-01-17T00:15:00,DEV-000746-02,,,behaviour,DEVIATION,,,synthetic,SIM_ESIM_AUTH_ANOMALY,1,,,,,,,,,,
EVT-000747-01,USR-000747,ACC-000747,TELECOM,ESIM_CHANGE,2028-01-18T00:00:00,DEV-000747-01,,,telecom,SUCCESS,,,synthetic,SUSPICIOUS_ESIM_CHANGE,1,,,,,,,,,,
EVT-000747-02,USR-000747,ACC-000747,DEVICE,NEW_DEVICE,2028-01-18T00:05:00,DEV-000747-02,,,device,UNRECOGNIZED,,,synthetic,SUSPICIOUS_ESIM_CHANGE,1,,,,,,,,,,
EVT-000747-03,USR-000747,ACC-000747,DEVICE,DEVICE_CHANGE,2028-01-18T00:08:00,DEV-000747-02,,,device,DEVIATION,,,synthetic,SUSPICIOUS_ESIM_CHANGE,1,,,,,,,,,,
EVT-000747-04,USR-000747,ACC-000747,AUTHENTICATION,FAILED_LOGIN,2028-01-18T00:10:00,DEV-000747-02,,,authentication,FAILURE,,,synthetic,SUSPICIOUS_ESIM_CHANGE,1,,,,,,,,,,
EVT-000747-05,USR-000747,ACC-000747,BEHAVIOUR,DEVICE_DEVIATION,2028-01-18T00:15:00,DEV-000747-02,,,behaviour,DEVIATION,,,synthetic,SUSPICIOUS_ESIM_CHANGE,1,,,,,,,,,,
EVT-000747-06,USR-000747,ACC-000747,TRANSACTION,TRANSACTION,2028-01-18T00:30:00,DEV-000747-02,,,transaction,SUCCESS,100751.73,,paysim,SUSPICIOUS_ESIM_CHANGE,1,CASH_OUT,0.0,0.0,169704.46,270456.18,44,C2020076430,C1223942624,0,0
EVT-000748-01,USR-000748,ACC-000748,TELECOM,SIM_SWAP,2028-01-19T00:00:00,DEV-000748-01,,,telecom,SUCCESS,,,synthetic,SIM_ESIM_AUTH_ANOMALY,1,,,,,,,,,,
EVT-000748-02,USR-000748,ACC-000748,DEVICE,NEW_DEVICE,2028-01-19T00:05:00,DEV-000748-02,,,device,UNRECOGNIZED,,,synthetic,SIM_ESIM_AUTH_ANOMALY,1,,,,,,,,,,
EVT-000748-03,USR-000748,ACC-000748,AUTHENTICATION,FAILED_LOGIN,2028-01-19T00:10:00,DEV-000748-02,,,authentication,FAILURE,,,synthetic,SIM_ESIM_AUTH_ANOMALY,1,,,,,,,,,,
EVT-000748-04,USR-000748,ACC-000748,AUTHENTICATION,FAILED_LOGIN,2028-01-19T00:12:00,DEV-000748-02,,,authentication,FAILURE,,,synthetic,SIM_ESIM_AUTH_ANOMALY,1,,,,,,,,,,
EVT-000748-05,USR-000748,ACC-000748,BEHAVIOUR,DEVICE_DEVIATION,2028-01-19T00:15:00,DEV-000748-02,,,behaviour,DEVIATION,,,synthetic,SIM_ESIM_AUTH_ANOMALY,1,,,,,,,,,,
EVT-000749-01,USR-000749,ACC-000749,TELECOM,ESIM_CHANGE,2028-01-20T00:00:00,DEV-000749-01,,,telecom,SUCCESS,,,synthetic,LEGITIMATE_ESIM_CHANGE,0,,,,,,,,,,
EVT-000749-02,USR-000749,ACC-000749,AUTHENTICATION,LOGIN,2028-01-20T00:10:00,DEV-000749-01,,,authentication,SUCCESS,,,synthetic,LEGITIMATE_ESIM_CHANGE,0,,,,,,,,,,
EVT-000750-01,USR-000750,ACC-000750,TELECOM,ESIM_CHANGE,2028-01-21T00:00:00,DEV-000750-01,,,telecom,SUCCESS,,,synthetic,SUSPICIOUS_ESIM_CHANGE,1,,,,,,,,,,
EVT-000750-02,USR-000750,ACC-000750,DEVICE,NEW_DEVICE,2028-01-21T00:05:00,DEV-000750-02,,,device,UNRECOGNIZED,,,synthetic,SUSPICIOUS_ESIM_CHANGE,1,,,,,,,,,,
EVT-000750-03,USR-000750,ACC-000750,DEVICE,DEVICE_CHANGE,2028-01-21T00:08:00,DEV-000750-02,,,device,DEVIATION,,,synthetic,SUSPICIOUS_ESIM_CHANGE,1,,,,,,,,,,
EVT-000750-04,USR-000750,ACC-000750,AUTHENTICATION,FAILED_LOGIN,2028-01-21T00:10:00,DEV-000750-02,,,authentication,FAILURE,,,synthetic,SUSPICIOUS_ESIM_CHANGE,1,,,,,,,,,,
EVT-000750-05,USR-000750,ACC-000750,BEHAVIOUR,DEVICE_DEVIATION,2028-01-21T00:15:00,DEV-000750-02,,,behaviour,DEVIATION,,,synthetic,SUSPICIOUS_ESIM_CHANGE,1,,,,,,,,,,
EVT-000750-06,USR-000750,ACC-000750,TRANSACTION,TRANSACTION,2028-01-21T00:30:00,DEV-000750-02,,,transaction,SUCCESS,49764.03,,paysim,SUSPICIOUS_ESIM_CHANGE,1,CASH_OUT,5698.0,0.0,35735.76,85499.79,229,C1304809549,C428311931,0,0
EVT-000751-01,USR-000751,ACC-000751,TELECOM,ESIM_CHANGE,2028-01-22T00:00:00,DEV-000751-01,,,telecom,SUCCESS,,,synthetic,LEGITIMATE_ESIM_CHANGE,0,,,,,,,,,,
EVT-000751-02,USR-000751,ACC-000751,AUTHENTICATION,LOGIN,2028-01-22T00:10:00,DEV-000751-01,,,authentication,SUCCESS,,,synthetic,LEGITIMATE_ESIM_CHANGE,0,,,,,,,,,,
EVT-000752-01,USR-000752,ACC-000752,TELECOM,ESIM_CHANGE,2028-01-23T00:00:00,DEV-000752-01,,,telecom,SUCCESS,,,synthetic,SUSPICIOUS_ESIM_CHANGE,1,,,,,,,,,,
EVT-000752-02,USR-000752,ACC-000752,DEVICE,NEW_DEVICE,2028-01-23T00:05:00,DEV-000752-02,,,device,UNRECOGNIZED,,,synthetic,SUSPICIOUS_ESIM_CHANGE,1,,,,,,,,,,
EVT-000752-03,USR-000752,ACC-000752,DEVICE,DEVICE_CHANGE,2028-01-23T00:08:00,DEV-000752-02,,,device,DEVIATION,,,synthetic,SUSPICIOUS_ESIM_CHANGE,1,,,,,,,,,,
EVT-000752-04,USR-000752,ACC-000752,AUTHENTICATION,FAILED_LOGIN,2028-01-23T00:10:00,DEV-000752-02,,,authentication,FAILURE,,,synthetic,SUSPICIOUS_ESIM_CHANGE,1,,,,,,,,,,
EVT-000752-05,USR-000752,ACC-000752,BEHAVIOUR,DEVICE_DEVIATION,2028-01-23T00:15:00,DEV-000752-02,,,behaviour,DEVIATION,,,synthetic,SUSPICIOUS_ESIM_CHANGE,1,,,,,,,,,,
EVT-000752-06,USR-000752,ACC-000752,TRANSACTION,TRANSACTION,2028-01-23T00:30:00,DEV-000752-02,,,transaction,SUCCESS,283613.11,,paysim,SUSPICIOUS_ESIM_CHANGE,1,CASH_IN,11639.0,295252.11,0.0,0.0,590,C1742280208,C913966107,0,0
EVT-000753-01,USR-000753,ACC-000753,TELECOM,SIM_SWAP,2028-01-24T00:00:00,DEV-000753-01,,,telecom,SUCCESS,,,synthetic,SIM_ESIM_AUTH_ANOMALY,1,,,,,,,,,,
EVT-000753-02,USR-000753,ACC-000753,DEVICE,NEW_DEVICE,2028-01-24T00:05:00,DEV-000753-02,,,device,UNRECOGNIZED,,,synthetic,SIM_ESIM_AUTH_ANOMALY,1,,,,,,,,,,
EVT-000753-03,USR-000753,ACC-000753,AUTHENTICATION,FAILED_LOGIN,2028-01-24T00:10:00,DEV-000753-02,,,authentication,FAILURE,,,synthetic,SIM_ESIM_AUTH_ANOMALY,1,,,,,,,,,,
EVT-000753-04,USR-000753,ACC-000753,AUTHENTICATION,FAILED_LOGIN,2028-01-24T00:12:00,DEV-000753-02,,,authentication,FAILURE,,,synthetic,SIM_ESIM_AUTH_ANOMALY,1,,,,,,,,,,
EVT-000753-05,USR-000753,ACC-000753,BEHAVIOUR,DEVICE_DEVIATION,2028-01-24T00:15:00,DEV-000753-02,,,behaviour,DEVIATION,,,synthetic,SIM_ESIM_AUTH_ANOMALY,1,,,,,,,,,,
EVT-000754-01,USR-000754,ACC-000754,TELECOM,ESIM_CHANGE,2028-01-25T00:00:00,DEV-000754-01,,,telecom,SUCCESS,,,synthetic,SUSPICIOUS_ESIM_CHANGE,1,,,,,,,,,,
EVT-000754-02,USR-000754,ACC-000754,DEVICE,NEW_DEVICE,2028-01-25T00:05:00,DEV-000754-02,,,device,UNRECOGNIZED,,,synthetic,SUSPICIOUS_ESIM_CHANGE,1,,,,,,,,,,
EVT-000754-03,USR-000754,ACC-000754,DEVICE,DEVICE_CHANGE,2028-01-25T00:08:00,DEV-000754-02,,,device,DEVIATION,,,synthetic,SUSPICIOUS_ESIM_CHANGE,1,,,,,,,,,,
EVT-000754-04,USR-000754,ACC-000754,AUTHENTICATION,FAILED_LOGIN,2028-01-25T00:10:00,DEV-000754-02,,,authentication,FAILURE,,,synthetic,SUSPICIOUS_ESIM_CHANGE,1,,,,,,,,,,
EVT-000754-05,USR-000754,ACC-000754,BEHAVIOUR,DEVICE_DEVIATION,2028-01-25T00:15:00,DEV-000754-02,,,behaviour,DEVIATION,,,synthetic,SUSPICIOUS_ESIM_CHANGE,1,,,,,,,,,,
EVT-000754-06,USR-000754,ACC-000754,TRANSACTION,TRANSACTION,2028-01-25T00:30:00,DEV-000754-02,,,transaction,SUCCESS,45.39,,paysim,SUSPICIOUS_ESIM_CHANGE,1,CASH_OUT,264116.0,264070.61,0.0,45.39,280,C1818440763,C1902425974,0,0
EVT-000755-01,USR-000755,ACC-000755,TELECOM,SIM_SWAP,2028-01-26T00:00:00,DEV-000755-01,,,telecom,SUCCESS,,,synthetic,SIM_ESIM_AUTH_ANOMALY,1,,,,,,,,,,
EVT-000755-02,USR-000755,ACC-000755,DEVICE,NEW_DEVICE,2028-01-26T00:05:00,DEV-000755-02,,,device,UNRECOGNIZED,,,synthetic,SIM_ESIM_AUTH_ANOMALY,1,,,,,,,,,,
EVT-000755-03,USR-000755,ACC-000755,AUTHENTICATION,FAILED_LOGIN,2028-01-26T00:10:00,DEV-000755-02,,,authentication,FAILURE,,,synthetic,SIM_ESIM_AUTH_ANOMALY,1,,,,,,,,,,
EVT-000755-04,USR-000755,ACC-000755,AUTHENTICATION,FAILED_LOGIN,2028-01-26T00:12:00,DEV-000755-02,,,authentication,FAILURE,,,synthetic,SIM_ESIM_AUTH_ANOMALY,1,,,,,,,,,,
EVT-000755-05,USR-000755,ACC-000755,BEHAVIOUR,DEVICE_DEVIATION,2028-01-26T00:15:00,DEV-000755-02,,,behaviour,DEVIATION,,,synthetic,SIM_ESIM_AUTH_ANOMALY,1,,,,,,,,,,
EVT-000756-01,USR-000756,ACC-000756,TELECOM,SIM_REPLACEMENT,2028-01-27T00:00:00,DEV-000756-01,,,telecom,SUCCESS,,,synthetic,SUSPICIOUS_SIM_REPLACEMENT,1,,,,,,,,,,
EVT-000756-02,USR-000756,ACC-000756,DEVICE,NEW_DEVICE,2028-01-27T00:05:00,DEV-000756-02,,,device,UNRECOGNIZED,,,synthetic,SUSPICIOUS_SIM_REPLACEMENT,1,,,,,,,,,,
EVT-000756-03,USR-000756,ACC-000756,AUTHENTICATION,FAILED_LOGIN,2028-01-27T00:10:00,DEV-000756-02,,,authentication,FAILURE,,,synthetic,SUSPICIOUS_SIM_REPLACEMENT,1,,,,,,,,,,
EVT-000756-04,USR-000756,ACC-000756,RECOVERY,PASSWORD_RESET,2028-01-27T00:15:00,DEV-000756-02,,,recovery,SUCCESS,,,synthetic,SUSPICIOUS_SIM_REPLACEMENT,1,,,,,,,,,,
EVT-000756-05,USR-000756,ACC-000756,ACCOUNT,NEW_BENEFICIARY,2028-01-27T00:20:00,DEV-000756-02,,,account,SUCCESS,,BEN-000756-01,synthetic,SUSPICIOUS_SIM_REPLACEMENT,1,,,,,,,,,,
EVT-000756-06,USR-000756,ACC-000756,TRANSACTION,TRANSACTION,2028-01-27T00:30:00,DEV-000756-02,,,transaction,SUCCESS,231845.78,,paysim,SUSPICIOUS_SIM_REPLACEMENT,1,CASH_OUT,0.0,0.0,1968098.21,2520678.53,185,C1723586506,C1318407596,0,0
EVT-000757-01,USR-000757,ACC-000757,TELECOM,ESIM_CHANGE,2028-01-28T00:00:00,DEV-000757-01,,,telecom,SUCCESS,,,synthetic,SUSPICIOUS_ESIM_CHANGE,1,,,,,,,,,,
EVT-000757-02,USR-000757,ACC-000757,DEVICE,NEW_DEVICE,2028-01-28T00:05:00,DEV-000757-02,,,device,UNRECOGNIZED,,,synthetic,SUSPICIOUS_ESIM_CHANGE,1,,,,,,,,,,
EVT-000757-03,USR-000757,ACC-000757,DEVICE,DEVICE_CHANGE,2028-01-28T00:08:00,DEV-000757-02,,,device,DEVIATION,,,synthetic,SUSPICIOUS_ESIM_CHANGE,1,,,,,,,,,,
EVT-000757-04,USR-000757,ACC-000757,AUTHENTICATION,FAILED_LOGIN,2028-01-28T00:10:00,DEV-000757-02,,,authentication,FAILURE,,,synthetic,SUSPICIOUS_ESIM_CHANGE,1,,,,,,,,,,
EVT-000757-05,USR-000757,ACC-000757,BEHAVIOUR,DEVICE_DEVIATION,2028-01-28T00:15:00,DEV-000757-02,,,behaviour,DEVIATION,,,synthetic,SUSPICIOUS_ESIM_CHANGE,1,,,,,,,,,,
EVT-000757-06,USR-000757,ACC-000757,TRANSACTION,TRANSACTION,2028-01-28T00:30:00,DEV-000757-02,,,transaction,SUCCESS,31300.73,,paysim,SUSPICIOUS_ESIM_CHANGE,1,CASH_IN,206087.0,237387.73,356765.5,325464.77,308,C624474445,C1494279346,0,0
EVT-000758-01,USR-000758,ACC-000758,TELECOM,SIM_REPLACEMENT,2028-01-29T00:00:00,DEV-000758-01,,,telecom,SUCCESS,,,synthetic,SUSPICIOUS_SIM_REPLACEMENT,1,,,,,,,,,,
EVT-000758-02,USR-000758,ACC-000758,DEVICE,NEW_DEVICE,2028-01-29T00:05:00,DEV-000758-02,,,device,UNRECOGNIZED,,,synthetic,SUSPICIOUS_SIM_REPLACEMENT,1,,,,,,,,,,
EVT-000758-03,USR-000758,ACC-000758,AUTHENTICATION,FAILED_LOGIN,2028-01-29T00:10:00,DEV-000758-02,,,authentication,FAILURE,,,synthetic,SUSPICIOUS_SIM_REPLACEMENT,1,,,,,,,,,,
EVT-000758-04,USR-000758,ACC-000758,RECOVERY,PASSWORD_RESET,2028-01-29T00:15:00,DEV-000758-02,,,recovery,SUCCESS,,,synthetic,SUSPICIOUS_SIM_REPLACEMENT,1,,,,,,,,,,
EVT-000758-05,USR-000758,ACC-000758,ACCOUNT,NEW_BENEFICIARY,2028-01-29T00:20:00,DEV-000758-02,,,account,SUCCESS,,BEN-000758-01,synthetic,SUSPICIOUS_SIM_REPLACEMENT,1,,,,,,,,,,
EVT-000758-06,USR-000758,ACC-000758,TRANSACTION,TRANSACTION,2028-01-29T00:30:00,DEV-000758-02,,,transaction,SUCCESS,191163.76,,paysim,SUSPICIOUS_SIM_REPLACEMENT,1,CASH_IN,831.0,191994.76,527895.48,1245927.81,12,C1320685567,C331748788,0,0
EVT-000759-01,USR-000759,ACC-000759,TELECOM,SIM_SWAP,2028-01-30T00:00:00,DEV-000759-01,,,telecom,SUCCESS,,,synthetic,SIM_ESIM_AUTH_ANOMALY,1,,,,,,,,,,
EVT-000759-02,USR-000759,ACC-000759,DEVICE,NEW_DEVICE,2028-01-30T00:05:00,DEV-000759-02,,,device,UNRECOGNIZED,,,synthetic,SIM_ESIM_AUTH_ANOMALY,1,,,,,,,,,,
EVT-000759-03,USR-000759,ACC-000759,AUTHENTICATION,FAILED_LOGIN,2028-01-30T00:10:00,DEV-000759-02,,,authentication,FAILURE,,,synthetic,SIM_ESIM_AUTH_ANOMALY,1,,,,,,,,,,
EVT-000759-04,USR-000759,ACC-000759,AUTHENTICATION,FAILED_LOGIN,2028-01-30T00:12:00,DEV-000759-02,,,authentication,FAILURE,,,synthetic,SIM_ESIM_AUTH_ANOMALY,1,,,,,,,,,,
EVT-000759-05,USR-000759,ACC-000759,BEHAVIOUR,DEVICE_DEVIATION,2028-01-30T00:15:00,DEV-000759-02,,,behaviour,DEVIATION,,,synthetic,SIM_ESIM_AUTH_ANOMALY,1,,,,,,,,,,
EVT-000760-01,USR-000760,ACC-000760,TELECOM,SIM_REPLACEMENT,2028-01-31T00:00:00,DEV-000760-01,,,telecom,SUCCESS,,,synthetic,LEGITIMATE_SIM_REPLACEMENT,0,,,,,,,,,,
EVT-000760-02,USR-000760,ACC-000760,AUTHENTICATION,LOGIN,2028-01-31T00:10:00,DEV-000760-01,,,authentication,SUCCESS,,,synthetic,LEGITIMATE_SIM_REPLACEMENT,0,,,,,,,,,,
EVT-000760-03,USR-000760,ACC-000760,TRANSACTION,TRANSACTION,2028-01-31T00:30:00,DEV-000760-01,,,transaction,SUCCESS,69520.15,,paysim,LEGITIMATE_SIM_REPLACEMENT,0,CASH_OUT,7191.93,0.0,72219.79,141739.94,404,C1922727977,C163026820,0,0
EVT-000761-01,USR-000761,ACC-000761,TELECOM,SIM_REPLACEMENT,2028-02-01T00:00:00,DEV-000761-01,,,telecom,SUCCESS,,,synthetic,SUSPICIOUS_SIM_REPLACEMENT,1,,,,,,,,,,
EVT-000761-02,USR-000761,ACC-000761,DEVICE,NEW_DEVICE,2028-02-01T00:05:00,DEV-000761-02,,,device,UNRECOGNIZED,,,synthetic,SUSPICIOUS_SIM_REPLACEMENT,1,,,,,,,,,,
EVT-000761-03,USR-000761,ACC-000761,AUTHENTICATION,FAILED_LOGIN,2028-02-01T00:10:00,DEV-000761-02,,,authentication,FAILURE,,,synthetic,SUSPICIOUS_SIM_REPLACEMENT,1,,,,,,,,,,
EVT-000761-04,USR-000761,ACC-000761,RECOVERY,PASSWORD_RESET,2028-02-01T00:15:00,DEV-000761-02,,,recovery,SUCCESS,,,synthetic,SUSPICIOUS_SIM_REPLACEMENT,1,,,,,,,,,,
EVT-000761-05,USR-000761,ACC-000761,ACCOUNT,NEW_BENEFICIARY,2028-02-01T00:20:00,DEV-000761-02,,,account,SUCCESS,,BEN-000761-01,synthetic,SUSPICIOUS_SIM_REPLACEMENT,1,,,,,,,,,,
EVT-000761-06,USR-000761,ACC-000761,TRANSACTION,TRANSACTION,2028-02-01T00:30:00,DEV-000761-02,,,transaction,SUCCESS,2854.08,,paysim,SUSPICIOUS_SIM_REPLACEMENT,1,PAYMENT,0.0,0.0,0.0,0.0,251,C267471745,M1323668942,0,0
EVT-000762-01,USR-000762,ACC-000762,TELECOM,SIM_REPLACEMENT,2028-02-02T00:00:00,DEV-000762-01,,,telecom,SUCCESS,,,synthetic,SUSPICIOUS_SIM_REPLACEMENT,1,,,,,,,,,,
EVT-000762-02,USR-000762,ACC-000762,DEVICE,NEW_DEVICE,2028-02-02T00:05:00,DEV-000762-02,,,device,UNRECOGNIZED,,,synthetic,SUSPICIOUS_SIM_REPLACEMENT,1,,,,,,,,,,
EVT-000762-03,USR-000762,ACC-000762,AUTHENTICATION,FAILED_LOGIN,2028-02-02T00:10:00,DEV-000762-02,,,authentication,FAILURE,,,synthetic,SUSPICIOUS_SIM_REPLACEMENT,1,,,,,,,,,,
EVT-000762-04,USR-000762,ACC-000762,RECOVERY,PASSWORD_RESET,2028-02-02T00:15:00,DEV-000762-02,,,recovery,SUCCESS,,,synthetic,SUSPICIOUS_SIM_REPLACEMENT,1,,,,,,,,,,
EVT-000762-05,USR-000762,ACC-000762,ACCOUNT,NEW_BENEFICIARY,2028-02-02T00:20:00,DEV-000762-02,,,account,SUCCESS,,BEN-000762-01,synthetic,SUSPICIOUS_SIM_REPLACEMENT,1,,,,,,,,,,
EVT-000762-06,USR-000762,ACC-000762,TRANSACTION,TRANSACTION,2028-02-02T00:30:00,DEV-000762-02,,,transaction,SUCCESS,3177.89,,paysim,SUSPICIOUS_SIM_REPLACEMENT,1,PAYMENT,18359.09,15181.2,0.0,0.0,20,C2025827984,M872435634,0,0
EVT-000763-01,USR-000763,ACC-000763,TELECOM,ESIM_CHANGE,2028-02-03T00:00:00,DEV-000763-01,,,telecom,SUCCESS,,,synthetic,SUSPICIOUS_ESIM_CHANGE,1,,,,,,,,,,
EVT-000763-02,USR-000763,ACC-000763,DEVICE,NEW_DEVICE,2028-02-03T00:05:00,DEV-000763-02,,,device,UNRECOGNIZED,,,synthetic,SUSPICIOUS_ESIM_CHANGE,1,,,,,,,,,,
EVT-000763-03,USR-000763,ACC-000763,DEVICE,DEVICE_CHANGE,2028-02-03T00:08:00,DEV-000763-02,,,device,DEVIATION,,,synthetic,SUSPICIOUS_ESIM_CHANGE,1,,,,,,,,,,
EVT-000763-04,USR-000763,ACC-000763,AUTHENTICATION,FAILED_LOGIN,2028-02-03T00:10:00,DEV-000763-02,,,authentication,FAILURE,,,synthetic,SUSPICIOUS_ESIM_CHANGE,1,,,,,,,,,,
EVT-000763-05,USR-000763,ACC-000763,BEHAVIOUR,DEVICE_DEVIATION,2028-02-03T00:15:00,DEV-000763-02,,,behaviour,DEVIATION,,,synthetic,SUSPICIOUS_ESIM_CHANGE,1,,,,,,,,,,
EVT-000763-06,USR-000763,ACC-000763,TRANSACTION,TRANSACTION,2028-02-03T00:30:00,DEV-000763-02,,,transaction,SUCCESS,72271.76,,paysim,SUSPICIOUS_ESIM_CHANGE,1,CASH_IN,2284.0,74555.76,0.0,0.0,542,C1372092412,C2066886244,0,0
EVT-000764-01,USR-000764,ACC-000764,TELECOM,SIM_REPLACEMENT,2028-02-04T00:00:00,DEV-000764-01,,,telecom,SUCCESS,,,synthetic,LEGITIMATE_SIM_REPLACEMENT,0,,,,,,,,,,
EVT-000764-02,USR-000764,ACC-000764,AUTHENTICATION,LOGIN,2028-02-04T00:10:00,DEV-000764-01,,,authentication,SUCCESS,,,synthetic,LEGITIMATE_SIM_REPLACEMENT,0,,,,,,,,,,
EVT-000764-03,USR-000764,ACC-000764,TRANSACTION,TRANSACTION,2028-02-04T00:30:00,DEV-000764-01,,,transaction,SUCCESS,131673.39,,paysim,LEGITIMATE_SIM_REPLACEMENT,0,CASH_OUT,539689.0,408015.61,56705.54,188378.93,40,C2007008163,C1045146637,0,0
EVT-000765-01,USR-000765,ACC-000765,TELECOM,SIM_REPLACEMENT,2028-02-05T00:00:00,DEV-000765-01,,,telecom,SUCCESS,,,synthetic,LEGITIMATE_SIM_REPLACEMENT,0,,,,,,,,,,
EVT-000765-02,USR-000765,ACC-000765,AUTHENTICATION,LOGIN,2028-02-05T00:10:00,DEV-000765-01,,,authentication,SUCCESS,,,synthetic,LEGITIMATE_SIM_REPLACEMENT,0,,,,,,,,,,
EVT-000765-03,USR-000765,ACC-000765,TRANSACTION,TRANSACTION,2028-02-05T00:30:00,DEV-000765-01,,,transaction,SUCCESS,348012.56,,paysim,LEGITIMATE_SIM_REPLACEMENT,0,CASH_OUT,19807.0,0.0,0.0,348012.56,229,C1868411922,C1069901291,0,0
EVT-000766-01,USR-000766,ACC-000766,TELECOM,SIM_REPLACEMENT,2028-02-06T00:00:00,DEV-000766-01,,,telecom,SUCCESS,,,synthetic,SUSPICIOUS_SIM_REPLACEMENT,1,,,,,,,,,,
EVT-000766-02,USR-000766,ACC-000766,DEVICE,NEW_DEVICE,2028-02-06T00:05:00,DEV-000766-02,,,device,UNRECOGNIZED,,,synthetic,SUSPICIOUS_SIM_REPLACEMENT,1,,,,,,,,,,
EVT-000766-03,USR-000766,ACC-000766,AUTHENTICATION,FAILED_LOGIN,2028-02-06T00:10:00,DEV-000766-02,,,authentication,FAILURE,,,synthetic,SUSPICIOUS_SIM_REPLACEMENT,1,,,,,,,,,,
EVT-000766-04,USR-000766,ACC-000766,RECOVERY,PASSWORD_RESET,2028-02-06T00:15:00,DEV-000766-02,,,recovery,SUCCESS,,,synthetic,SUSPICIOUS_SIM_REPLACEMENT,1,,,,,,,,,,
EVT-000766-05,USR-000766,ACC-000766,ACCOUNT,NEW_BENEFICIARY,2028-02-06T00:20:00,DEV-000766-02,,,account,SUCCESS,,BEN-000766-01,synthetic,SUSPICIOUS_SIM_REPLACEMENT,1,,,,,,,,,,
EVT-000766-06,USR-000766,ACC-000766,TRANSACTION,TRANSACTION,2028-02-06T00:30:00,DEV-000766-02,,,transaction,SUCCESS,80665.03,,paysim,SUSPICIOUS_SIM_REPLACEMENT,1,CASH_OUT,0.0,0.0,709955.7,1265208.73,16,C1023890355,C410113323,0,0
EVT-000767-01,USR-000767,ACC-000767,TELECOM,SIM_REPLACEMENT,2028-02-07T00:00:00,DEV-000767-01,,,telecom,SUCCESS,,,synthetic,LEGITIMATE_SIM_REPLACEMENT,0,,,,,,,,,,
EVT-000767-02,USR-000767,ACC-000767,AUTHENTICATION,LOGIN,2028-02-07T00:10:00,DEV-000767-01,,,authentication,SUCCESS,,,synthetic,LEGITIMATE_SIM_REPLACEMENT,0,,,,,,,,,,
EVT-000767-03,USR-000767,ACC-000767,TRANSACTION,TRANSACTION,2028-02-07T00:30:00,DEV-000767-01,,,transaction,SUCCESS,4319.51,,paysim,LEGITIMATE_SIM_REPLACEMENT,0,PAYMENT,88898.0,84578.49,0.0,0.0,374,C1036165020,M656134964,0,0
EVT-000768-01,USR-000768,ACC-000768,TELECOM,SIM_REPLACEMENT,2028-02-08T00:00:00,DEV-000768-01,,,telecom,SUCCESS,,,synthetic,SUSPICIOUS_SIM_REPLACEMENT,1,,,,,,,,,,
EVT-000768-02,USR-000768,ACC-000768,DEVICE,NEW_DEVICE,2028-02-08T00:05:00,DEV-000768-02,,,device,UNRECOGNIZED,,,synthetic,SUSPICIOUS_SIM_REPLACEMENT,1,,,,,,,,,,
EVT-000768-03,USR-000768,ACC-000768,AUTHENTICATION,FAILED_LOGIN,2028-02-08T00:10:00,DEV-000768-02,,,authentication,FAILURE,,,synthetic,SUSPICIOUS_SIM_REPLACEMENT,1,,,,,,,,,,
EVT-000768-04,USR-000768,ACC-000768,RECOVERY,PASSWORD_RESET,2028-02-08T00:15:00,DEV-000768-02,,,recovery,SUCCESS,,,synthetic,SUSPICIOUS_SIM_REPLACEMENT,1,,,,,,,,,,
EVT-000768-05,USR-000768,ACC-000768,ACCOUNT,NEW_BENEFICIARY,2028-02-08T00:20:00,DEV-000768-02,,,account,SUCCESS,,BEN-000768-01,synthetic,SUSPICIOUS_SIM_REPLACEMENT,1,,,,,,,,,,
EVT-000768-06,USR-000768,ACC-000768,TRANSACTION,TRANSACTION,2028-02-08T00:30:00,DEV-000768-02,,,transaction,SUCCESS,105957.89,,paysim,SUSPICIOUS_SIM_REPLACEMENT,1,CASH_IN,6494619.23,6600577.13,434131.23,328173.34,163,C1639639614,C2008944200,0,0
EVT-000769-01,USR-000769,ACC-000769,TELECOM,ESIM_CHANGE,2028-02-09T00:00:00,DEV-000769-01,,,telecom,SUCCESS,,,synthetic,SUSPICIOUS_ESIM_CHANGE,1,,,,,,,,,,
EVT-000769-02,USR-000769,ACC-000769,DEVICE,NEW_DEVICE,2028-02-09T00:05:00,DEV-000769-02,,,device,UNRECOGNIZED,,,synthetic,SUSPICIOUS_ESIM_CHANGE,1,,,,,,,,,,
EVT-000769-03,USR-000769,ACC-000769,DEVICE,DEVICE_CHANGE,2028-02-09T00:08:00,DEV-000769-02,,,device,DEVIATION,,,synthetic,SUSPICIOUS_ESIM_CHANGE,1,,,,,,,,,,
EVT-000769-04,USR-000769,ACC-000769,AUTHENTICATION,FAILED_LOGIN,2028-02-09T00:10:00,DEV-000769-02,,,authentication,FAILURE,,,synthetic,SUSPICIOUS_ESIM_CHANGE,1,,,,,,,,,,
EVT-000769-05,USR-000769,ACC-000769,BEHAVIOUR,DEVICE_DEVIATION,2028-02-09T00:15:00,DEV-000769-02,,,behaviour,DEVIATION,,,synthetic,SUSPICIOUS_ESIM_CHANGE,1,,,,,,,,,,
EVT-000769-06,USR-000769,ACC-000769,TRANSACTION,TRANSACTION,2028-02-09T00:30:00,DEV-000769-02,,,transaction,SUCCESS,6472.68,,paysim,SUSPICIOUS_ESIM_CHANGE,1,PAYMENT,0.0,0.0,0.0,0.0,253,C1366450261,M288268727,0,0
EVT-000770-01,USR-000770,ACC-000770,TELECOM,SIM_REPLACEMENT,2028-02-10T00:00:00,DEV-000770-01,,,telecom,SUCCESS,,,synthetic,LEGITIMATE_SIM_REPLACEMENT,0,,,,,,,,,,
EVT-000770-02,USR-000770,ACC-000770,AUTHENTICATION,LOGIN,2028-02-10T00:10:00,DEV-000770-01,,,authentication,SUCCESS,,,synthetic,LEGITIMATE_SIM_REPLACEMENT,0,,,,,,,,,,
EVT-000770-03,USR-000770,ACC-000770,TRANSACTION,TRANSACTION,2028-02-10T00:30:00,DEV-000770-01,,,transaction,SUCCESS,272704.62,,paysim,LEGITIMATE_SIM_REPLACEMENT,0,CASH_OUT,0.0,0.0,381225.05,653929.67,397,C392778503,C347427686,0,0
EVT-000771-01,USR-000771,ACC-000771,TELECOM,SIM_SWAP,2028-02-11T00:00:00,DEV-000771-01,,,telecom,SUCCESS,,,synthetic,SIM_ESIM_AUTH_ANOMALY,1,,,,,,,,,,
EVT-000771-02,USR-000771,ACC-000771,DEVICE,NEW_DEVICE,2028-02-11T00:05:00,DEV-000771-02,,,device,UNRECOGNIZED,,,synthetic,SIM_ESIM_AUTH_ANOMALY,1,,,,,,,,,,
EVT-000771-03,USR-000771,ACC-000771,AUTHENTICATION,FAILED_LOGIN,2028-02-11T00:10:00,DEV-000771-02,,,authentication,FAILURE,,,synthetic,SIM_ESIM_AUTH_ANOMALY,1,,,,,,,,,,
EVT-000771-04,USR-000771,ACC-000771,AUTHENTICATION,FAILED_LOGIN,2028-02-11T00:12:00,DEV-000771-02,,,authentication,FAILURE,,,synthetic,SIM_ESIM_AUTH_ANOMALY,1,,,,,,,,,,
EVT-000771-05,USR-000771,ACC-000771,BEHAVIOUR,DEVICE_DEVIATION,2028-02-11T00:15:00,DEV-000771-02,,,behaviour,DEVIATION,,,synthetic,SIM_ESIM_AUTH_ANOMALY,1,,,,,,,,,,
EVT-000772-01,USR-000772,ACC-000772,TELECOM,SIM_SWAP,2028-02-12T00:00:00,DEV-000772-01,,,telecom,SUCCESS,,,synthetic,SIM_ESIM_AUTH_ANOMALY,1,,,,,,,,,,
EVT-000772-02,USR-000772,ACC-000772,DEVICE,NEW_DEVICE,2028-02-12T00:05:00,DEV-000772-02,,,device,UNRECOGNIZED,,,synthetic,SIM_ESIM_AUTH_ANOMALY,1,,,,,,,,,,
EVT-000772-03,USR-000772,ACC-000772,AUTHENTICATION,FAILED_LOGIN,2028-02-12T00:10:00,DEV-000772-02,,,authentication,FAILURE,,,synthetic,SIM_ESIM_AUTH_ANOMALY,1,,,,,,,,,,
EVT-000772-04,USR-000772,ACC-000772,AUTHENTICATION,FAILED_LOGIN,2028-02-12T00:12:00,DEV-000772-02,,,authentication,FAILURE,,,synthetic,SIM_ESIM_AUTH_ANOMALY,1,,,,,,,,,,
EVT-000772-05,USR-000772,ACC-000772,BEHAVIOUR,DEVICE_DEVIATION,2028-02-12T00:15:00,DEV-000772-02,,,behaviour,DEVIATION,,,synthetic,SIM_ESIM_AUTH_ANOMALY,1,,,,,,,,,,
EVT-000773-01,USR-000773,ACC-000773,TELECOM,ESIM_CHANGE,2028-02-13T00:00:00,DEV-000773-01,,,telecom,SUCCESS,,,synthetic,LEGITIMATE_ESIM_CHANGE,0,,,,,,,,,,
EVT-000773-02,USR-000773,ACC-000773,AUTHENTICATION,LOGIN,2028-02-13T00:10:00,DEV-000773-01,,,authentication,SUCCESS,,,synthetic,LEGITIMATE_ESIM_CHANGE,0,,,,,,,,,,
EVT-000774-01,USR-000774,ACC-000774,TELECOM,SIM_REPLACEMENT,2028-02-14T00:00:00,DEV-000774-01,,,telecom,SUCCESS,,,synthetic,LEGITIMATE_SIM_REPLACEMENT,0,,,,,,,,,,
EVT-000774-02,USR-000774,ACC-000774,AUTHENTICATION,LOGIN,2028-02-14T00:10:00,DEV-000774-01,,,authentication,SUCCESS,,,synthetic,LEGITIMATE_SIM_REPLACEMENT,0,,,,,,,,,,
EVT-000774-03,USR-000774,ACC-000774,TRANSACTION,TRANSACTION,2028-02-14T00:30:00,DEV-000774-01,,,transaction,SUCCESS,19216.21,,paysim,LEGITIMATE_SIM_REPLACEMENT,0,PAYMENT,122.0,0.0,0.0,0.0,22,C1719836112,M55431603,0,0
EVT-000775-01,USR-000775,ACC-000775,TELECOM,ESIM_CHANGE,2028-02-15T00:00:00,DEV-000775-01,,,telecom,SUCCESS,,,synthetic,LEGITIMATE_ESIM_CHANGE,0,,,,,,,,,,
EVT-000775-02,USR-000775,ACC-000775,AUTHENTICATION,LOGIN,2028-02-15T00:10:00,DEV-000775-01,,,authentication,SUCCESS,,,synthetic,LEGITIMATE_ESIM_CHANGE,0,,,,,,,,,,
EVT-000776-01,USR-000776,ACC-000776,TELECOM,ESIM_CHANGE,2028-02-16T00:00:00,DEV-000776-01,,,telecom,SUCCESS,,,synthetic,LEGITIMATE_ESIM_CHANGE,0,,,,,,,,,,
EVT-000776-02,USR-000776,ACC-000776,AUTHENTICATION,LOGIN,2028-02-16T00:10:00,DEV-000776-01,,,authentication,SUCCESS,,,synthetic,LEGITIMATE_ESIM_CHANGE,0,,,,,,,,,,
EVT-000777-01,USR-000777,ACC-000777,TELECOM,ESIM_CHANGE,2028-02-17T00:00:00,DEV-000777-01,,,telecom,SUCCESS,,,synthetic,LEGITIMATE_ESIM_CHANGE,0,,,,,,,,,,
EVT-000777-02,USR-000777,ACC-000777,AUTHENTICATION,LOGIN,2028-02-17T00:10:00,DEV-000777-01,,,authentication,SUCCESS,,,synthetic,LEGITIMATE_ESIM_CHANGE,0,,,,,,,,,,
EVT-000778-01,USR-000778,ACC-000778,TELECOM,SIM_SWAP,2028-02-18T00:00:00,DEV-000778-01,,,telecom,SUCCESS,,,synthetic,SIM_ESIM_AUTH_ANOMALY,1,,,,,,,,,,
EVT-000778-02,USR-000778,ACC-000778,DEVICE,NEW_DEVICE,2028-02-18T00:05:00,DEV-000778-02,,,device,UNRECOGNIZED,,,synthetic,SIM_ESIM_AUTH_ANOMALY,1,,,,,,,,,,
EVT-000778-03,USR-000778,ACC-000778,AUTHENTICATION,FAILED_LOGIN,2028-02-18T00:10:00,DEV-000778-02,,,authentication,FAILURE,,,synthetic,SIM_ESIM_AUTH_ANOMALY,1,,,,,,,,,,
EVT-000778-04,USR-000778,ACC-000778,AUTHENTICATION,FAILED_LOGIN,2028-02-18T00:12:00,DEV-000778-02,,,authentication,FAILURE,,,synthetic,SIM_ESIM_AUTH_ANOMALY,1,,,,,,,,,,
EVT-000778-05,USR-000778,ACC-000778,BEHAVIOUR,DEVICE_DEVIATION,2028-02-18T00:15:00,DEV-000778-02,,,behaviour,DEVIATION,,,synthetic,SIM_ESIM_AUTH_ANOMALY,1,,,,,,,,,,
EVT-000779-01,USR-000779,ACC-000779,TELECOM,SIM_REPLACEMENT,2028-02-19T00:00:00,DEV-000779-01,,,telecom,SUCCESS,,,synthetic,LEGITIMATE_SIM_REPLACEMENT,0,,,,,,,,,,
EVT-000779-02,USR-000779,ACC-000779,AUTHENTICATION,LOGIN,2028-02-19T00:10:00,DEV-000779-01,,,authentication,SUCCESS,,,synthetic,LEGITIMATE_SIM_REPLACEMENT,0,,,,,,,,,,
EVT-000779-03,USR-000779,ACC-000779,TRANSACTION,TRANSACTION,2028-02-19T00:30:00,DEV-000779-01,,,transaction,SUCCESS,13734.5,,paysim,LEGITIMATE_SIM_REPLACEMENT,0,CASH_OUT,0.0,0.0,3648520.81,3662255.31,402,C1959951041,C438815292,0,0
EVT-000780-01,USR-000780,ACC-000780,TELECOM,SIM_REPLACEMENT,2028-02-20T00:00:00,DEV-000780-01,,,telecom,SUCCESS,,,synthetic,SUSPICIOUS_SIM_REPLACEMENT,1,,,,,,,,,,
EVT-000780-02,USR-000780,ACC-000780,DEVICE,NEW_DEVICE,2028-02-20T00:05:00,DEV-000780-02,,,device,UNRECOGNIZED,,,synthetic,SUSPICIOUS_SIM_REPLACEMENT,1,,,,,,,,,,
EVT-000780-03,USR-000780,ACC-000780,AUTHENTICATION,FAILED_LOGIN,2028-02-20T00:10:00,DEV-000780-02,,,authentication,FAILURE,,,synthetic,SUSPICIOUS_SIM_REPLACEMENT,1,,,,,,,,,,
EVT-000780-04,USR-000780,ACC-000780,RECOVERY,PASSWORD_RESET,2028-02-20T00:15:00,DEV-000780-02,,,recovery,SUCCESS,,,synthetic,SUSPICIOUS_SIM_REPLACEMENT,1,,,,,,,,,,
EVT-000780-05,USR-000780,ACC-000780,ACCOUNT,NEW_BENEFICIARY,2028-02-20T00:20:00,DEV-000780-02,,,account,SUCCESS,,BEN-000780-01,synthetic,SUSPICIOUS_SIM_REPLACEMENT,1,,,,,,,,,,
EVT-000780-06,USR-000780,ACC-000780,TRANSACTION,TRANSACTION,2028-02-20T00:30:00,DEV-000780-02,,,transaction,SUCCESS,105613.41,,paysim,SUSPICIOUS_SIM_REPLACEMENT,1,CASH_IN,1.607840585E7,1.618401926E7,3495536.08,3389922.68,254,C1739150929,C1454704107,0,0
EVT-000781-01,USR-000781,ACC-000781,TELECOM,ESIM_CHANGE,2028-02-21T00:00:00,DEV-000781-01,,,telecom,SUCCESS,,,synthetic,LEGITIMATE_ESIM_CHANGE,0,,,,,,,,,,
EVT-000781-02,USR-000781,ACC-000781,AUTHENTICATION,LOGIN,2028-02-21T00:10:00,DEV-000781-01,,,authentication,SUCCESS,,,synthetic,LEGITIMATE_ESIM_CHANGE,0,,,,,,,,,,
EVT-000782-01,USR-000782,ACC-000782,TELECOM,ESIM_CHANGE,2028-02-22T00:00:00,DEV-000782-01,,,telecom,SUCCESS,,,synthetic,SUSPICIOUS_ESIM_CHANGE,1,,,,,,,,,,
EVT-000782-02,USR-000782,ACC-000782,DEVICE,NEW_DEVICE,2028-02-22T00:05:00,DEV-000782-02,,,device,UNRECOGNIZED,,,synthetic,SUSPICIOUS_ESIM_CHANGE,1,,,,,,,,,,
EVT-000782-03,USR-000782,ACC-000782,DEVICE,DEVICE_CHANGE,2028-02-22T00:08:00,DEV-000782-02,,,device,DEVIATION,,,synthetic,SUSPICIOUS_ESIM_CHANGE,1,,,,,,,,,,
EVT-000782-04,USR-000782,ACC-000782,AUTHENTICATION,FAILED_LOGIN,2028-02-22T00:10:00,DEV-000782-02,,,authentication,FAILURE,,,synthetic,SUSPICIOUS_ESIM_CHANGE,1,,,,,,,,,,
EVT-000782-05,USR-000782,ACC-000782,BEHAVIOUR,DEVICE_DEVIATION,2028-02-22T00:15:00,DEV-000782-02,,,behaviour,DEVIATION,,,synthetic,SUSPICIOUS_ESIM_CHANGE,1,,,,,,,,,,
EVT-000782-06,USR-000782,ACC-000782,TRANSACTION,TRANSACTION,2028-02-22T00:30:00,DEV-000782-02,,,transaction,SUCCESS,617865.89,,paysim,SUSPICIOUS_ESIM_CHANGE,1,CASH_OUT,38721.0,0.0,0.0,617865.89,178,C417969769,C1854636505,0,0
EVT-000783-01,USR-000783,ACC-000783,TELECOM,SIM_REPLACEMENT,2028-02-23T00:00:00,DEV-000783-01,,,telecom,SUCCESS,,,synthetic,LEGITIMATE_SIM_REPLACEMENT,0,,,,,,,,,,
EVT-000783-02,USR-000783,ACC-000783,AUTHENTICATION,LOGIN,2028-02-23T00:10:00,DEV-000783-01,,,authentication,SUCCESS,,,synthetic,LEGITIMATE_SIM_REPLACEMENT,0,,,,,,,,,,
EVT-000783-03,USR-000783,ACC-000783,TRANSACTION,TRANSACTION,2028-02-23T00:30:00,DEV-000783-01,,,transaction,SUCCESS,77587.53,,paysim,LEGITIMATE_SIM_REPLACEMENT,0,CASH_OUT,30614.0,0.0,147539.64,0.0,18,C1541287900,C1395314941,0,0
EVT-000784-01,USR-000784,ACC-000784,TELECOM,SIM_REPLACEMENT,2028-02-24T00:00:00,DEV-000784-01,,,telecom,SUCCESS,,,synthetic,SUSPICIOUS_SIM_REPLACEMENT,1,,,,,,,,,,
EVT-000784-02,USR-000784,ACC-000784,DEVICE,NEW_DEVICE,2028-02-24T00:05:00,DEV-000784-02,,,device,UNRECOGNIZED,,,synthetic,SUSPICIOUS_SIM_REPLACEMENT,1,,,,,,,,,,
EVT-000784-03,USR-000784,ACC-000784,AUTHENTICATION,FAILED_LOGIN,2028-02-24T00:10:00,DEV-000784-02,,,authentication,FAILURE,,,synthetic,SUSPICIOUS_SIM_REPLACEMENT,1,,,,,,,,,,
EVT-000784-04,USR-000784,ACC-000784,RECOVERY,PASSWORD_RESET,2028-02-24T00:15:00,DEV-000784-02,,,recovery,SUCCESS,,,synthetic,SUSPICIOUS_SIM_REPLACEMENT,1,,,,,,,,,,
EVT-000784-05,USR-000784,ACC-000784,ACCOUNT,NEW_BENEFICIARY,2028-02-24T00:20:00,DEV-000784-02,,,account,SUCCESS,,BEN-000784-01,synthetic,SUSPICIOUS_SIM_REPLACEMENT,1,,,,,,,,,,
EVT-000784-06,USR-000784,ACC-000784,TRANSACTION,TRANSACTION,2028-02-24T00:30:00,DEV-000784-02,,,transaction,SUCCESS,231784.18,,paysim,SUSPICIOUS_SIM_REPLACEMENT,1,CASH_OUT,0.0,0.0,2025335.96,2257120.14,189,C1669464259,C285414532,0,0
EVT-000785-01,USR-000785,ACC-000785,TELECOM,SIM_REPLACEMENT,2028-02-25T00:00:00,DEV-000785-01,,,telecom,SUCCESS,,,synthetic,SUSPICIOUS_SIM_REPLACEMENT,1,,,,,,,,,,
EVT-000785-02,USR-000785,ACC-000785,DEVICE,NEW_DEVICE,2028-02-25T00:05:00,DEV-000785-02,,,device,UNRECOGNIZED,,,synthetic,SUSPICIOUS_SIM_REPLACEMENT,1,,,,,,,,,,
EVT-000785-03,USR-000785,ACC-000785,AUTHENTICATION,FAILED_LOGIN,2028-02-25T00:10:00,DEV-000785-02,,,authentication,FAILURE,,,synthetic,SUSPICIOUS_SIM_REPLACEMENT,1,,,,,,,,,,
EVT-000785-04,USR-000785,ACC-000785,RECOVERY,PASSWORD_RESET,2028-02-25T00:15:00,DEV-000785-02,,,recovery,SUCCESS,,,synthetic,SUSPICIOUS_SIM_REPLACEMENT,1,,,,,,,,,,
EVT-000785-05,USR-000785,ACC-000785,ACCOUNT,NEW_BENEFICIARY,2028-02-25T00:20:00,DEV-000785-02,,,account,SUCCESS,,BEN-000785-01,synthetic,SUSPICIOUS_SIM_REPLACEMENT,1,,,,,,,,,,
EVT-000785-06,USR-000785,ACC-000785,TRANSACTION,TRANSACTION,2028-02-25T00:30:00,DEV-000785-02,,,transaction,SUCCESS,671236.4,,paysim,SUSPICIOUS_SIM_REPLACEMENT,1,TRANSFER,0.0,0.0,771896.15,1443132.55,403,C1808074331,C1778505476,0,0
EVT-000786-01,USR-000786,ACC-000786,TELECOM,SIM_REPLACEMENT,2028-02-26T00:00:00,DEV-000786-01,,,telecom,SUCCESS,,,synthetic,LEGITIMATE_SIM_REPLACEMENT,0,,,,,,,,,,
EVT-000786-02,USR-000786,ACC-000786,AUTHENTICATION,LOGIN,2028-02-26T00:10:00,DEV-000786-01,,,authentication,SUCCESS,,,synthetic,LEGITIMATE_SIM_REPLACEMENT,0,,,,,,,,,,
EVT-000786-03,USR-000786,ACC-000786,TRANSACTION,TRANSACTION,2028-02-26T00:30:00,DEV-000786-01,,,transaction,SUCCESS,47332.78,,paysim,LEGITIMATE_SIM_REPLACEMENT,0,CASH_OUT,156655.0,109322.22,882145.05,929477.83,139,C1306618083,C1336937616,0,0
EVT-000787-01,USR-000787,ACC-000787,TELECOM,ESIM_CHANGE,2028-02-27T00:00:00,DEV-000787-01,,,telecom,SUCCESS,,,synthetic,SUSPICIOUS_ESIM_CHANGE,1,,,,,,,,,,
EVT-000787-02,USR-000787,ACC-000787,DEVICE,NEW_DEVICE,2028-02-27T00:05:00,DEV-000787-02,,,device,UNRECOGNIZED,,,synthetic,SUSPICIOUS_ESIM_CHANGE,1,,,,,,,,,,
EVT-000787-03,USR-000787,ACC-000787,DEVICE,DEVICE_CHANGE,2028-02-27T00:08:00,DEV-000787-02,,,device,DEVIATION,,,synthetic,SUSPICIOUS_ESIM_CHANGE,1,,,,,,,,,,
EVT-000787-04,USR-000787,ACC-000787,AUTHENTICATION,FAILED_LOGIN,2028-02-27T00:10:00,DEV-000787-02,,,authentication,FAILURE,,,synthetic,SUSPICIOUS_ESIM_CHANGE,1,,,,,,,,,,
EVT-000787-05,USR-000787,ACC-000787,BEHAVIOUR,DEVICE_DEVIATION,2028-02-27T00:15:00,DEV-000787-02,,,behaviour,DEVIATION,,,synthetic,SUSPICIOUS_ESIM_CHANGE,1,,,,,,,,,,
EVT-000787-06,USR-000787,ACC-000787,TRANSACTION,TRANSACTION,2028-02-27T00:30:00,DEV-000787-02,,,transaction,SUCCESS,6931.12,,paysim,SUSPICIOUS_ESIM_CHANGE,1,PAYMENT,51864.0,44932.88,0.0,0.0,300,C2110494982,M1502126409,0,0
EVT-000788-01,USR-000788,ACC-000788,TELECOM,ESIM_CHANGE,2028-02-28T00:00:00,DEV-000788-01,,,telecom,SUCCESS,,,synthetic,LEGITIMATE_ESIM_CHANGE,0,,,,,,,,,,
EVT-000788-02,USR-000788,ACC-000788,AUTHENTICATION,LOGIN,2028-02-28T00:10:00,DEV-000788-01,,,authentication,SUCCESS,,,synthetic,LEGITIMATE_ESIM_CHANGE,0,,,,,,,,,,
EVT-000789-01,USR-000789,ACC-000789,TELECOM,SIM_SWAP,2028-02-29T00:00:00,DEV-000789-01,,,telecom,SUCCESS,,,synthetic,SIM_ESIM_AUTH_ANOMALY,1,,,,,,,,,,
EVT-000789-02,USR-000789,ACC-000789,DEVICE,NEW_DEVICE,2028-02-29T00:05:00,DEV-000789-02,,,device,UNRECOGNIZED,,,synthetic,SIM_ESIM_AUTH_ANOMALY,1,,,,,,,,,,
EVT-000789-03,USR-000789,ACC-000789,AUTHENTICATION,FAILED_LOGIN,2028-02-29T00:10:00,DEV-000789-02,,,authentication,FAILURE,,,synthetic,SIM_ESIM_AUTH_ANOMALY,1,,,,,,,,,,
EVT-000789-04,USR-000789,ACC-000789,AUTHENTICATION,FAILED_LOGIN,2028-02-29T00:12:00,DEV-000789-02,,,authentication,FAILURE,,,synthetic,SIM_ESIM_AUTH_ANOMALY,1,,,,,,,,,,
EVT-000789-05,USR-000789,ACC-000789,BEHAVIOUR,DEVICE_DEVIATION,2028-02-29T00:15:00,DEV-000789-02,,,behaviour,DEVIATION,,,synthetic,SIM_ESIM_AUTH_ANOMALY,1,,,,,,,,,,
EVT-000790-01,USR-000790,ACC-000790,TELECOM,SIM_SWAP,2028-03-01T00:00:00,DEV-000790-01,,,telecom,SUCCESS,,,synthetic,SIM_ESIM_AUTH_ANOMALY,1,,,,,,,,,,
EVT-000790-02,USR-000790,ACC-000790,DEVICE,NEW_DEVICE,2028-03-01T00:05:00,DEV-000790-02,,,device,UNRECOGNIZED,,,synthetic,SIM_ESIM_AUTH_ANOMALY,1,,,,,,,,,,
EVT-000790-03,USR-000790,ACC-000790,AUTHENTICATION,FAILED_LOGIN,2028-03-01T00:10:00,DEV-000790-02,,,authentication,FAILURE,,,synthetic,SIM_ESIM_AUTH_ANOMALY,1,,,,,,,,,,
EVT-000790-04,USR-000790,ACC-000790,AUTHENTICATION,FAILED_LOGIN,2028-03-01T00:12:00,DEV-000790-02,,,authentication,FAILURE,,,synthetic,SIM_ESIM_AUTH_ANOMALY,1,,,,,,,,,,
EVT-000790-05,USR-000790,ACC-000790,BEHAVIOUR,DEVICE_DEVIATION,2028-03-01T00:15:00,DEV-000790-02,,,behaviour,DEVIATION,,,synthetic,SIM_ESIM_AUTH_ANOMALY,1,,,,,,,,,,
EVT-000791-01,USR-000791,ACC-000791,TELECOM,SIM_SWAP,2028-03-02T00:00:00,DEV-000791-01,,,telecom,SUCCESS,,,synthetic,SIM_ESIM_AUTH_ANOMALY,1,,,,,,,,,,
EVT-000791-02,USR-000791,ACC-000791,DEVICE,NEW_DEVICE,2028-03-02T00:05:00,DEV-000791-02,,,device,UNRECOGNIZED,,,synthetic,SIM_ESIM_AUTH_ANOMALY,1,,,,,,,,,,
EVT-000791-03,USR-000791,ACC-000791,AUTHENTICATION,FAILED_LOGIN,2028-03-02T00:10:00,DEV-000791-02,,,authentication,FAILURE,,,synthetic,SIM_ESIM_AUTH_ANOMALY,1,,,,,,,,,,
EVT-000791-04,USR-000791,ACC-000791,AUTHENTICATION,FAILED_LOGIN,2028-03-02T00:12:00,DEV-000791-02,,,authentication,FAILURE,,,synthetic,SIM_ESIM_AUTH_ANOMALY,1,,,,,,,,,,
EVT-000791-05,USR-000791,ACC-000791,BEHAVIOUR,DEVICE_DEVIATION,2028-03-02T00:15:00,DEV-000791-02,,,behaviour,DEVIATION,,,synthetic,SIM_ESIM_AUTH_ANOMALY,1,,,,,,,,,,
EVT-000792-01,USR-000792,ACC-000792,TELECOM,ESIM_CHANGE,2028-03-03T00:00:00,DEV-000792-01,,,telecom,SUCCESS,,,synthetic,SUSPICIOUS_ESIM_CHANGE,1,,,,,,,,,,
EVT-000792-02,USR-000792,ACC-000792,DEVICE,NEW_DEVICE,2028-03-03T00:05:00,DEV-000792-02,,,device,UNRECOGNIZED,,,synthetic,SUSPICIOUS_ESIM_CHANGE,1,,,,,,,,,,
EVT-000792-03,USR-000792,ACC-000792,DEVICE,DEVICE_CHANGE,2028-03-03T00:08:00,DEV-000792-02,,,device,DEVIATION,,,synthetic,SUSPICIOUS_ESIM_CHANGE,1,,,,,,,,,,
EVT-000792-04,USR-000792,ACC-000792,AUTHENTICATION,FAILED_LOGIN,2028-03-03T00:10:00,DEV-000792-02,,,authentication,FAILURE,,,synthetic,SUSPICIOUS_ESIM_CHANGE,1,,,,,,,,,,
EVT-000792-05,USR-000792,ACC-000792,BEHAVIOUR,DEVICE_DEVIATION,2028-03-03T00:15:00,DEV-000792-02,,,behaviour,DEVIATION,,,synthetic,SUSPICIOUS_ESIM_CHANGE,1,,,,,,,,,,
EVT-000792-06,USR-000792,ACC-000792,TRANSACTION,TRANSACTION,2028-03-03T00:30:00,DEV-000792-02,,,transaction,SUCCESS,13792.76,,paysim,SUSPICIOUS_ESIM_CHANGE,1,PAYMENT,0.0,0.0,0.0,0.0,402,C1802755307,M1580108081,0,0
EVT-000793-01,USR-000793,ACC-000793,TELECOM,SIM_SWAP,2028-03-04T00:00:00,DEV-000793-01,,,telecom,SUCCESS,,,synthetic,SIM_ESIM_AUTH_ANOMALY,1,,,,,,,,,,
EVT-000793-02,USR-000793,ACC-000793,DEVICE,NEW_DEVICE,2028-03-04T00:05:00,DEV-000793-02,,,device,UNRECOGNIZED,,,synthetic,SIM_ESIM_AUTH_ANOMALY,1,,,,,,,,,,
EVT-000793-03,USR-000793,ACC-000793,AUTHENTICATION,FAILED_LOGIN,2028-03-04T00:10:00,DEV-000793-02,,,authentication,FAILURE,,,synthetic,SIM_ESIM_AUTH_ANOMALY,1,,,,,,,,,,
EVT-000793-04,USR-000793,ACC-000793,AUTHENTICATION,FAILED_LOGIN,2028-03-04T00:12:00,DEV-000793-02,,,authentication,FAILURE,,,synthetic,SIM_ESIM_AUTH_ANOMALY,1,,,,,,,,,,
EVT-000793-05,USR-000793,ACC-000793,BEHAVIOUR,DEVICE_DEVIATION,2028-03-04T00:15:00,DEV-000793-02,,,behaviour,DEVIATION,,,synthetic,SIM_ESIM_AUTH_ANOMALY,1,,,,,,,,,,
EVT-000794-01,USR-000794,ACC-000794,TELECOM,ESIM_CHANGE,2028-03-05T00:00:00,DEV-000794-01,,,telecom,SUCCESS,,,synthetic,LEGITIMATE_ESIM_CHANGE,0,,,,,,,,,,
EVT-000794-02,USR-000794,ACC-000794,AUTHENTICATION,LOGIN,2028-03-05T00:10:00,DEV-000794-01,,,authentication,SUCCESS,,,synthetic,LEGITIMATE_ESIM_CHANGE,0,,,,,,,,,,
EVT-000795-01,USR-000795,ACC-000795,TELECOM,ESIM_CHANGE,2028-03-06T00:00:00,DEV-000795-01,,,telecom,SUCCESS,,,synthetic,SUSPICIOUS_ESIM_CHANGE,1,,,,,,,,,,
EVT-000795-02,USR-000795,ACC-000795,DEVICE,NEW_DEVICE,2028-03-06T00:05:00,DEV-000795-02,,,device,UNRECOGNIZED,,,synthetic,SUSPICIOUS_ESIM_CHANGE,1,,,,,,,,,,
EVT-000795-03,USR-000795,ACC-000795,DEVICE,DEVICE_CHANGE,2028-03-06T00:08:00,DEV-000795-02,,,device,DEVIATION,,,synthetic,SUSPICIOUS_ESIM_CHANGE,1,,,,,,,,,,
EVT-000795-04,USR-000795,ACC-000795,AUTHENTICATION,FAILED_LOGIN,2028-03-06T00:10:00,DEV-000795-02,,,authentication,FAILURE,,,synthetic,SUSPICIOUS_ESIM_CHANGE,1,,,,,,,,,,
EVT-000795-05,USR-000795,ACC-000795,BEHAVIOUR,DEVICE_DEVIATION,2028-03-06T00:15:00,DEV-000795-02,,,behaviour,DEVIATION,,,synthetic,SUSPICIOUS_ESIM_CHANGE,1,,,,,,,,,,
EVT-000795-06,USR-000795,ACC-000795,TRANSACTION,TRANSACTION,2028-03-06T00:30:00,DEV-000795-02,,,transaction,SUCCESS,123307.32,,paysim,SUSPICIOUS_ESIM_CHANGE,1,CASH_OUT,99985.0,0.0,12132.12,135439.44,11,C1786426327,C945037506,0,0
EVT-000796-01,USR-000796,ACC-000796,TELECOM,SIM_REPLACEMENT,2028-03-07T00:00:00,DEV-000796-01,,,telecom,SUCCESS,,,synthetic,LEGITIMATE_SIM_REPLACEMENT,0,,,,,,,,,,
EVT-000796-02,USR-000796,ACC-000796,AUTHENTICATION,LOGIN,2028-03-07T00:10:00,DEV-000796-01,,,authentication,SUCCESS,,,synthetic,LEGITIMATE_SIM_REPLACEMENT,0,,,,,,,,,,
EVT-000796-03,USR-000796,ACC-000796,TRANSACTION,TRANSACTION,2028-03-07T00:30:00,DEV-000796-01,,,transaction,SUCCESS,566836.98,,paysim,LEGITIMATE_SIM_REPLACEMENT,0,CASH_OUT,0.0,0.0,2029690.39,2596527.37,41,C295565132,C1238904328,0,0
EVT-000797-01,USR-000797,ACC-000797,TELECOM,SIM_REPLACEMENT,2028-03-08T00:00:00,DEV-000797-01,,,telecom,SUCCESS,,,synthetic,SUSPICIOUS_SIM_REPLACEMENT,1,,,,,,,,,,
EVT-000797-02,USR-000797,ACC-000797,DEVICE,NEW_DEVICE,2028-03-08T00:05:00,DEV-000797-02,,,device,UNRECOGNIZED,,,synthetic,SUSPICIOUS_SIM_REPLACEMENT,1,,,,,,,,,,
EVT-000797-03,USR-000797,ACC-000797,AUTHENTICATION,FAILED_LOGIN,2028-03-08T00:10:00,DEV-000797-02,,,authentication,FAILURE,,,synthetic,SUSPICIOUS_SIM_REPLACEMENT,1,,,,,,,,,,
EVT-000797-04,USR-000797,ACC-000797,RECOVERY,PASSWORD_RESET,2028-03-08T00:15:00,DEV-000797-02,,,recovery,SUCCESS,,,synthetic,SUSPICIOUS_SIM_REPLACEMENT,1,,,,,,,,,,
EVT-000797-05,USR-000797,ACC-000797,ACCOUNT,NEW_BENEFICIARY,2028-03-08T00:20:00,DEV-000797-02,,,account,SUCCESS,,BEN-000797-01,synthetic,SUSPICIOUS_SIM_REPLACEMENT,1,,,,,,,,,,
EVT-000797-06,USR-000797,ACC-000797,TRANSACTION,TRANSACTION,2028-03-08T00:30:00,DEV-000797-02,,,transaction,SUCCESS,9592.08,,paysim,SUSPICIOUS_SIM_REPLACEMENT,1,CASH_OUT,32296.0,22703.92,143643.42,153235.5,278,C1352354527,C903245255,0,0
EVT-000798-01,USR-000798,ACC-000798,TELECOM,SIM_REPLACEMENT,2028-03-09T00:00:00,DEV-000798-01,,,telecom,SUCCESS,,,synthetic,LEGITIMATE_SIM_REPLACEMENT,0,,,,,,,,,,
EVT-000798-02,USR-000798,ACC-000798,AUTHENTICATION,LOGIN,2028-03-09T00:10:00,DEV-000798-01,,,authentication,SUCCESS,,,synthetic,LEGITIMATE_SIM_REPLACEMENT,0,,,,,,,,,,
EVT-000798-03,USR-000798,ACC-000798,TRANSACTION,TRANSACTION,2028-03-09T00:30:00,DEV-000798-01,,,transaction,SUCCESS,26806.5,,paysim,LEGITIMATE_SIM_REPLACEMENT,0,CASH_IN,145461.0,172267.5,0.0,0.0,178,C1095298903,C775302878,0,0
EVT-000799-01,USR-000799,ACC-000799,TELECOM,ESIM_CHANGE,2028-03-10T00:00:00,DEV-000799-01,,,telecom,SUCCESS,,,synthetic,SUSPICIOUS_ESIM_CHANGE,1,,,,,,,,,,
EVT-000799-02,USR-000799,ACC-000799,DEVICE,NEW_DEVICE,2028-03-10T00:05:00,DEV-000799-02,,,device,UNRECOGNIZED,,,synthetic,SUSPICIOUS_ESIM_CHANGE,1,,,,,,,,,,
EVT-000799-03,USR-000799,ACC-000799,DEVICE,DEVICE_CHANGE,2028-03-10T00:08:00,DEV-000799-02,,,device,DEVIATION,,,synthetic,SUSPICIOUS_ESIM_CHANGE,1,,,,,,,,,,
EVT-000799-04,USR-000799,ACC-000799,AUTHENTICATION,FAILED_LOGIN,2028-03-10T00:10:00,DEV-000799-02,,,authentication,FAILURE,,,synthetic,SUSPICIOUS_ESIM_CHANGE,1,,,,,,,,,,
EVT-000799-05,USR-000799,ACC-000799,BEHAVIOUR,DEVICE_DEVIATION,2028-03-10T00:15:00,DEV-000799-02,,,behaviour,DEVIATION,,,synthetic,SUSPICIOUS_ESIM_CHANGE,1,,,,,,,,,,
EVT-000799-06,USR-000799,ACC-000799,TRANSACTION,TRANSACTION,2028-03-10T00:30:00,DEV-000799-02,,,transaction,SUCCESS,40488.91,,paysim,SUSPICIOUS_ESIM_CHANGE,1,PAYMENT,0.0,0.0,0.0,0.0,334,C976332529,M1358578690,0,0
EVT-000800-01,USR-000800,ACC-000800,TELECOM,SIM_REPLACEMENT,2028-03-11T00:00:00,DEV-000800-01,,,telecom,SUCCESS,,,synthetic,SUSPICIOUS_SIM_REPLACEMENT,1,,,,,,,,,,
EVT-000800-02,USR-000800,ACC-000800,DEVICE,NEW_DEVICE,2028-03-11T00:05:00,DEV-000800-02,,,device,UNRECOGNIZED,,,synthetic,SUSPICIOUS_SIM_REPLACEMENT,1,,,,,,,,,,
EVT-000800-03,USR-000800,ACC-000800,AUTHENTICATION,FAILED_LOGIN,2028-03-11T00:10:00,DEV-000800-02,,,authentication,FAILURE,,,synthetic,SUSPICIOUS_SIM_REPLACEMENT,1,,,,,,,,,,
EVT-000800-04,USR-000800,ACC-000800,RECOVERY,PASSWORD_RESET,2028-03-11T00:15:00,DEV-000800-02,,,recovery,SUCCESS,,,synthetic,SUSPICIOUS_SIM_REPLACEMENT,1,,,,,,,,,,
EVT-000800-05,USR-000800,ACC-000800,ACCOUNT,NEW_BENEFICIARY,2028-03-11T00:20:00,DEV-000800-02,,,account,SUCCESS,,BEN-000800-01,synthetic,SUSPICIOUS_SIM_REPLACEMENT,1,,,,,,,,,,
EVT-000800-06,USR-000800,ACC-000800,TRANSACTION,TRANSACTION,2028-03-11T00:30:00,DEV-000800-02,,,transaction,SUCCESS,3142.84,,paysim,SUSPICIOUS_SIM_REPLACEMENT,1,PAYMENT,198870.0,195727.16,0.0,0.0,215,C1980398668,M782620833,0,0
EVT-000801-01,USR-000801,ACC-000801,TELECOM,SIM_SWAP,2028-03-12T00:00:00,DEV-000801-01,,,telecom,SUCCESS,,,synthetic,SIM_ESIM_AUTH_ANOMALY,1,,,,,,,,,,
EVT-000801-02,USR-000801,ACC-000801,DEVICE,NEW_DEVICE,2028-03-12T00:05:00,DEV-000801-02,,,device,UNRECOGNIZED,,,synthetic,SIM_ESIM_AUTH_ANOMALY,1,,,,,,,,,,
EVT-000801-03,USR-000801,ACC-000801,AUTHENTICATION,FAILED_LOGIN,2028-03-12T00:10:00,DEV-000801-02,,,authentication,FAILURE,,,synthetic,SIM_ESIM_AUTH_ANOMALY,1,,,,,,,,,,
EVT-000801-04,USR-000801,ACC-000801,AUTHENTICATION,FAILED_LOGIN,2028-03-12T00:12:00,DEV-000801-02,,,authentication,FAILURE,,,synthetic,SIM_ESIM_AUTH_ANOMALY,1,,,,,,,,,,
EVT-000801-05,USR-000801,ACC-000801,BEHAVIOUR,DEVICE_DEVIATION,2028-03-12T00:15:00,DEV-000801-02,,,behaviour,DEVIATION,,,synthetic,SIM_ESIM_AUTH_ANOMALY,1,,,,,,,,,,
EVT-000802-01,USR-000802,ACC-000802,TELECOM,ESIM_CHANGE,2028-03-13T00:00:00,DEV-000802-01,,,telecom,SUCCESS,,,synthetic,SUSPICIOUS_ESIM_CHANGE,1,,,,,,,,,,
EVT-000802-02,USR-000802,ACC-000802,DEVICE,NEW_DEVICE,2028-03-13T00:05:00,DEV-000802-02,,,device,UNRECOGNIZED,,,synthetic,SUSPICIOUS_ESIM_CHANGE,1,,,,,,,,,,
EVT-000802-03,USR-000802,ACC-000802,DEVICE,DEVICE_CHANGE,2028-03-13T00:08:00,DEV-000802-02,,,device,DEVIATION,,,synthetic,SUSPICIOUS_ESIM_CHANGE,1,,,,,,,,,,
EVT-000802-04,USR-000802,ACC-000802,AUTHENTICATION,FAILED_LOGIN,2028-03-13T00:10:00,DEV-000802-02,,,authentication,FAILURE,,,synthetic,SUSPICIOUS_ESIM_CHANGE,1,,,,,,,,,,
EVT-000802-05,USR-000802,ACC-000802,BEHAVIOUR,DEVICE_DEVIATION,2028-03-13T00:15:00,DEV-000802-02,,,behaviour,DEVIATION,,,synthetic,SUSPICIOUS_ESIM_CHANGE,1,,,,,,,,,,
EVT-000802-06,USR-000802,ACC-000802,TRANSACTION,TRANSACTION,2028-03-13T00:30:00,DEV-000802-02,,,transaction,SUCCESS,166270.27,,paysim,SUSPICIOUS_ESIM_CHANGE,1,CASH_OUT,0.0,0.0,247619.87,413890.14,132,C1686871814,C1023918632,0,0
EVT-000803-01,USR-000803,ACC-000803,TELECOM,ESIM_CHANGE,2028-03-14T00:00:00,DEV-000803-01,,,telecom,SUCCESS,,,synthetic,SUSPICIOUS_ESIM_CHANGE,1,,,,,,,,,,
EVT-000803-02,USR-000803,ACC-000803,DEVICE,NEW_DEVICE,2028-03-14T00:05:00,DEV-000803-02,,,device,UNRECOGNIZED,,,synthetic,SUSPICIOUS_ESIM_CHANGE,1,,,,,,,,,,
EVT-000803-03,USR-000803,ACC-000803,DEVICE,DEVICE_CHANGE,2028-03-14T00:08:00,DEV-000803-02,,,device,DEVIATION,,,synthetic,SUSPICIOUS_ESIM_CHANGE,1,,,,,,,,,,
EVT-000803-04,USR-000803,ACC-000803,AUTHENTICATION,FAILED_LOGIN,2028-03-14T00:10:00,DEV-000803-02,,,authentication,FAILURE,,,synthetic,SUSPICIOUS_ESIM_CHANGE,1,,,,,,,,,,
EVT-000803-05,USR-000803,ACC-000803,BEHAVIOUR,DEVICE_DEVIATION,2028-03-14T00:15:00,DEV-000803-02,,,behaviour,DEVIATION,,,synthetic,SUSPICIOUS_ESIM_CHANGE,1,,,,,,,,,,
EVT-000803-06,USR-000803,ACC-000803,TRANSACTION,TRANSACTION,2028-03-14T00:30:00,DEV-000803-02,,,transaction,SUCCESS,31760.62,,paysim,SUSPICIOUS_ESIM_CHANGE,1,PAYMENT,0.0,0.0,0.0,0.0,325,C1941062827,M838502544,0,0
EVT-000804-01,USR-000804,ACC-000804,TELECOM,SIM_REPLACEMENT,2028-03-15T00:00:00,DEV-000804-01,,,telecom,SUCCESS,,,synthetic,LEGITIMATE_SIM_REPLACEMENT,0,,,,,,,,,,
EVT-000804-02,USR-000804,ACC-000804,AUTHENTICATION,LOGIN,2028-03-15T00:10:00,DEV-000804-01,,,authentication,SUCCESS,,,synthetic,LEGITIMATE_SIM_REPLACEMENT,0,,,,,,,,,,
EVT-000804-03,USR-000804,ACC-000804,TRANSACTION,TRANSACTION,2028-03-15T00:30:00,DEV-000804-01,,,transaction,SUCCESS,81910.39,,paysim,LEGITIMATE_SIM_REPLACEMENT,0,CASH_OUT,198483.0,116572.61,617649.88,699560.27,139,C850840926,C1699025842,0,0
EVT-000805-01,USR-000805,ACC-000805,TELECOM,SIM_SWAP,2028-03-16T00:00:00,DEV-000805-01,,,telecom,SUCCESS,,,synthetic,SIM_ESIM_AUTH_ANOMALY,1,,,,,,,,,,
EVT-000805-02,USR-000805,ACC-000805,DEVICE,NEW_DEVICE,2028-03-16T00:05:00,DEV-000805-02,,,device,UNRECOGNIZED,,,synthetic,SIM_ESIM_AUTH_ANOMALY,1,,,,,,,,,,
EVT-000805-03,USR-000805,ACC-000805,AUTHENTICATION,FAILED_LOGIN,2028-03-16T00:10:00,DEV-000805-02,,,authentication,FAILURE,,,synthetic,SIM_ESIM_AUTH_ANOMALY,1,,,,,,,,,,
EVT-000805-04,USR-000805,ACC-000805,AUTHENTICATION,FAILED_LOGIN,2028-03-16T00:12:00,DEV-000805-02,,,authentication,FAILURE,,,synthetic,SIM_ESIM_AUTH_ANOMALY,1,,,,,,,,,,
EVT-000805-05,USR-000805,ACC-000805,BEHAVIOUR,DEVICE_DEVIATION,2028-03-16T00:15:00,DEV-000805-02,,,behaviour,DEVIATION,,,synthetic,SIM_ESIM_AUTH_ANOMALY,1,,,,,,,,,,
EVT-000806-01,USR-000806,ACC-000806,TELECOM,SIM_REPLACEMENT,2028-03-17T00:00:00,DEV-000806-01,,,telecom,SUCCESS,,,synthetic,LEGITIMATE_SIM_REPLACEMENT,0,,,,,,,,,,
EVT-000806-02,USR-000806,ACC-000806,AUTHENTICATION,LOGIN,2028-03-17T00:10:00,DEV-000806-01,,,authentication,SUCCESS,,,synthetic,LEGITIMATE_SIM_REPLACEMENT,0,,,,,,,,,,
EVT-000806-03,USR-000806,ACC-000806,TRANSACTION,TRANSACTION,2028-03-17T00:30:00,DEV-000806-01,,,transaction,SUCCESS,281327.83,,paysim,LEGITIMATE_SIM_REPLACEMENT,0,CASH_OUT,0.0,0.0,1.14493704E7,1.173069824E7,305,C1148967468,C2114742437,0,0
EVT-000807-01,USR-000807,ACC-000807,TELECOM,SIM_REPLACEMENT,2028-03-18T00:00:00,DEV-000807-01,,,telecom,SUCCESS,,,synthetic,SUSPICIOUS_SIM_REPLACEMENT,1,,,,,,,,,,
EVT-000807-02,USR-000807,ACC-000807,DEVICE,NEW_DEVICE,2028-03-18T00:05:00,DEV-000807-02,,,device,UNRECOGNIZED,,,synthetic,SUSPICIOUS_SIM_REPLACEMENT,1,,,,,,,,,,
EVT-000807-03,USR-000807,ACC-000807,AUTHENTICATION,FAILED_LOGIN,2028-03-18T00:10:00,DEV-000807-02,,,authentication,FAILURE,,,synthetic,SUSPICIOUS_SIM_REPLACEMENT,1,,,,,,,,,,
EVT-000807-04,USR-000807,ACC-000807,RECOVERY,PASSWORD_RESET,2028-03-18T00:15:00,DEV-000807-02,,,recovery,SUCCESS,,,synthetic,SUSPICIOUS_SIM_REPLACEMENT,1,,,,,,,,,,
EVT-000807-05,USR-000807,ACC-000807,ACCOUNT,NEW_BENEFICIARY,2028-03-18T00:20:00,DEV-000807-02,,,account,SUCCESS,,BEN-000807-01,synthetic,SUSPICIOUS_SIM_REPLACEMENT,1,,,,,,,,,,
EVT-000807-06,USR-000807,ACC-000807,TRANSACTION,TRANSACTION,2028-03-18T00:30:00,DEV-000807-02,,,transaction,SUCCESS,123764.28,,paysim,SUSPICIOUS_SIM_REPLACEMENT,1,CASH_OUT,14668.13,0.0,370848.19,494612.47,371,C2079548531,C1628785393,0,0
EVT-000808-01,USR-000808,ACC-000808,TELECOM,SIM_SWAP,2028-03-19T00:00:00,DEV-000808-01,,,telecom,SUCCESS,,,synthetic,SIM_ESIM_AUTH_ANOMALY,1,,,,,,,,,,
EVT-000808-02,USR-000808,ACC-000808,DEVICE,NEW_DEVICE,2028-03-19T00:05:00,DEV-000808-02,,,device,UNRECOGNIZED,,,synthetic,SIM_ESIM_AUTH_ANOMALY,1,,,,,,,,,,
EVT-000808-03,USR-000808,ACC-000808,AUTHENTICATION,FAILED_LOGIN,2028-03-19T00:10:00,DEV-000808-02,,,authentication,FAILURE,,,synthetic,SIM_ESIM_AUTH_ANOMALY,1,,,,,,,,,,
EVT-000808-04,USR-000808,ACC-000808,AUTHENTICATION,FAILED_LOGIN,2028-03-19T00:12:00,DEV-000808-02,,,authentication,FAILURE,,,synthetic,SIM_ESIM_AUTH_ANOMALY,1,,,,,,,,,,
EVT-000808-05,USR-000808,ACC-000808,BEHAVIOUR,DEVICE_DEVIATION,2028-03-19T00:15:00,DEV-000808-02,,,behaviour,DEVIATION,,,synthetic,SIM_ESIM_AUTH_ANOMALY,1,,,,,,,,,,
EVT-000809-01,USR-000809,ACC-000809,TELECOM,SIM_SWAP,2028-03-20T00:00:00,DEV-000809-01,,,telecom,SUCCESS,,,synthetic,SIM_ESIM_AUTH_ANOMALY,1,,,,,,,,,,
EVT-000809-02,USR-000809,ACC-000809,DEVICE,NEW_DEVICE,2028-03-20T00:05:00,DEV-000809-02,,,device,UNRECOGNIZED,,,synthetic,SIM_ESIM_AUTH_ANOMALY,1,,,,,,,,,,
EVT-000809-03,USR-000809,ACC-000809,AUTHENTICATION,FAILED_LOGIN,2028-03-20T00:10:00,DEV-000809-02,,,authentication,FAILURE,,,synthetic,SIM_ESIM_AUTH_ANOMALY,1,,,,,,,,,,
EVT-000809-04,USR-000809,ACC-000809,AUTHENTICATION,FAILED_LOGIN,2028-03-20T00:12:00,DEV-000809-02,,,authentication,FAILURE,,,synthetic,SIM_ESIM_AUTH_ANOMALY,1,,,,,,,,,,
EVT-000809-05,USR-000809,ACC-000809,BEHAVIOUR,DEVICE_DEVIATION,2028-03-20T00:15:00,DEV-000809-02,,,behaviour,DEVIATION,,,synthetic,SIM_ESIM_AUTH_ANOMALY,1,,,,,,,,,,
EVT-000810-01,USR-000810,ACC-000810,TELECOM,SIM_SWAP,2028-03-21T00:00:00,DEV-000810-01,,,telecom,SUCCESS,,,synthetic,SIM_ESIM_AUTH_ANOMALY,1,,,,,,,,,,
EVT-000810-02,USR-000810,ACC-000810,DEVICE,NEW_DEVICE,2028-03-21T00:05:00,DEV-000810-02,,,device,UNRECOGNIZED,,,synthetic,SIM_ESIM_AUTH_ANOMALY,1,,,,,,,,,,
EVT-000810-03,USR-000810,ACC-000810,AUTHENTICATION,FAILED_LOGIN,2028-03-21T00:10:00,DEV-000810-02,,,authentication,FAILURE,,,synthetic,SIM_ESIM_AUTH_ANOMALY,1,,,,,,,,,,
EVT-000810-04,USR-000810,ACC-000810,AUTHENTICATION,FAILED_LOGIN,2028-03-21T00:12:00,DEV-000810-02,,,authentication,FAILURE,,,synthetic,SIM_ESIM_AUTH_ANOMALY,1,,,,,,,,,,
EVT-000810-05,USR-000810,ACC-000810,BEHAVIOUR,DEVICE_DEVIATION,2028-03-21T00:15:00,DEV-000810-02,,,behaviour,DEVIATION,,,synthetic,SIM_ESIM_AUTH_ANOMALY,1,,,,,,,,,,
EVT-000811-01,USR-000811,ACC-000811,TELECOM,ESIM_CHANGE,2028-03-22T00:00:00,DEV-000811-01,,,telecom,SUCCESS,,,synthetic,SUSPICIOUS_ESIM_CHANGE,1,,,,,,,,,,
EVT-000811-02,USR-000811,ACC-000811,DEVICE,NEW_DEVICE,2028-03-22T00:05:00,DEV-000811-02,,,device,UNRECOGNIZED,,,synthetic,SUSPICIOUS_ESIM_CHANGE,1,,,,,,,,,,
EVT-000811-03,USR-000811,ACC-000811,DEVICE,DEVICE_CHANGE,2028-03-22T00:08:00,DEV-000811-02,,,device,DEVIATION,,,synthetic,SUSPICIOUS_ESIM_CHANGE,1,,,,,,,,,,
EVT-000811-04,USR-000811,ACC-000811,AUTHENTICATION,FAILED_LOGIN,2028-03-22T00:10:00,DEV-000811-02,,,authentication,FAILURE,,,synthetic,SUSPICIOUS_ESIM_CHANGE,1,,,,,,,,,,
EVT-000811-05,USR-000811,ACC-000811,BEHAVIOUR,DEVICE_DEVIATION,2028-03-22T00:15:00,DEV-000811-02,,,behaviour,DEVIATION,,,synthetic,SUSPICIOUS_ESIM_CHANGE,1,,,,,,,,,,
EVT-000811-06,USR-000811,ACC-000811,TRANSACTION,TRANSACTION,2028-03-22T00:30:00,DEV-000811-02,,,transaction,SUCCESS,12804.36,,paysim,SUSPICIOUS_ESIM_CHANGE,1,PAYMENT,148468.0,135663.64,0.0,0.0,138,C783236575,M2039677127,0,0
EVT-000812-01,USR-000812,ACC-000812,TELECOM,ESIM_CHANGE,2028-03-23T00:00:00,DEV-000812-01,,,telecom,SUCCESS,,,synthetic,SUSPICIOUS_ESIM_CHANGE,1,,,,,,,,,,
EVT-000812-02,USR-000812,ACC-000812,DEVICE,NEW_DEVICE,2028-03-23T00:05:00,DEV-000812-02,,,device,UNRECOGNIZED,,,synthetic,SUSPICIOUS_ESIM_CHANGE,1,,,,,,,,,,
EVT-000812-03,USR-000812,ACC-000812,DEVICE,DEVICE_CHANGE,2028-03-23T00:08:00,DEV-000812-02,,,device,DEVIATION,,,synthetic,SUSPICIOUS_ESIM_CHANGE,1,,,,,,,,,,
EVT-000812-04,USR-000812,ACC-000812,AUTHENTICATION,FAILED_LOGIN,2028-03-23T00:10:00,DEV-000812-02,,,authentication,FAILURE,,,synthetic,SUSPICIOUS_ESIM_CHANGE,1,,,,,,,,,,
EVT-000812-05,USR-000812,ACC-000812,BEHAVIOUR,DEVICE_DEVIATION,2028-03-23T00:15:00,DEV-000812-02,,,behaviour,DEVIATION,,,synthetic,SUSPICIOUS_ESIM_CHANGE,1,,,,,,,,,,
EVT-000812-06,USR-000812,ACC-000812,TRANSACTION,TRANSACTION,2028-03-23T00:30:00,DEV-000812-02,,,transaction,SUCCESS,559634.95,,paysim,SUSPICIOUS_ESIM_CHANGE,1,TRANSFER,0.0,0.0,1485290.69,2044925.64,279,C1421570479,C107033734,0,0
EVT-000813-01,USR-000813,ACC-000813,TELECOM,SIM_SWAP,2028-03-24T00:00:00,DEV-000813-01,,,telecom,SUCCESS,,,synthetic,SIM_ESIM_AUTH_ANOMALY,1,,,,,,,,,,
EVT-000813-02,USR-000813,ACC-000813,DEVICE,NEW_DEVICE,2028-03-24T00:05:00,DEV-000813-02,,,device,UNRECOGNIZED,,,synthetic,SIM_ESIM_AUTH_ANOMALY,1,,,,,,,,,,
EVT-000813-03,USR-000813,ACC-000813,AUTHENTICATION,FAILED_LOGIN,2028-03-24T00:10:00,DEV-000813-02,,,authentication,FAILURE,,,synthetic,SIM_ESIM_AUTH_ANOMALY,1,,,,,,,,,,
EVT-000813-04,USR-000813,ACC-000813,AUTHENTICATION,FAILED_LOGIN,2028-03-24T00:12:00,DEV-000813-02,,,authentication,FAILURE,,,synthetic,SIM_ESIM_AUTH_ANOMALY,1,,,,,,,,,,
EVT-000813-05,USR-000813,ACC-000813,BEHAVIOUR,DEVICE_DEVIATION,2028-03-24T00:15:00,DEV-000813-02,,,behaviour,DEVIATION,,,synthetic,SIM_ESIM_AUTH_ANOMALY,1,,,,,,,,,,
EVT-000814-01,USR-000814,ACC-000814,TELECOM,ESIM_CHANGE,2028-03-25T00:00:00,DEV-000814-01,,,telecom,SUCCESS,,,synthetic,SUSPICIOUS_ESIM_CHANGE,1,,,,,,,,,,
EVT-000814-02,USR-000814,ACC-000814,DEVICE,NEW_DEVICE,2028-03-25T00:05:00,DEV-000814-02,,,device,UNRECOGNIZED,,,synthetic,SUSPICIOUS_ESIM_CHANGE,1,,,,,,,,,,
EVT-000814-03,USR-000814,ACC-000814,DEVICE,DEVICE_CHANGE,2028-03-25T00:08:00,DEV-000814-02,,,device,DEVIATION,,,synthetic,SUSPICIOUS_ESIM_CHANGE,1,,,,,,,,,,
EVT-000814-04,USR-000814,ACC-000814,AUTHENTICATION,FAILED_LOGIN,2028-03-25T00:10:00,DEV-000814-02,,,authentication,FAILURE,,,synthetic,SUSPICIOUS_ESIM_CHANGE,1,,,,,,,,,,
EVT-000814-05,USR-000814,ACC-000814,BEHAVIOUR,DEVICE_DEVIATION,2028-03-25T00:15:00,DEV-000814-02,,,behaviour,DEVIATION,,,synthetic,SUSPICIOUS_ESIM_CHANGE,1,,,,,,,,,,
EVT-000814-06,USR-000814,ACC-000814,TRANSACTION,TRANSACTION,2028-03-25T00:30:00,DEV-000814-02,,,transaction,SUCCESS,102843.07,,paysim,SUSPICIOUS_ESIM_CHANGE,1,CASH_OUT,0.0,0.0,139679.0,242522.07,226,C1783297,C1765006373,0,0
EVT-000815-01,USR-000815,ACC-000815,TELECOM,SIM_SWAP,2028-03-26T00:00:00,DEV-000815-01,,,telecom,SUCCESS,,,synthetic,SIM_ESIM_AUTH_ANOMALY,1,,,,,,,,,,
EVT-000815-02,USR-000815,ACC-000815,DEVICE,NEW_DEVICE,2028-03-26T00:05:00,DEV-000815-02,,,device,UNRECOGNIZED,,,synthetic,SIM_ESIM_AUTH_ANOMALY,1,,,,,,,,,,
EVT-000815-03,USR-000815,ACC-000815,AUTHENTICATION,FAILED_LOGIN,2028-03-26T00:10:00,DEV-000815-02,,,authentication,FAILURE,,,synthetic,SIM_ESIM_AUTH_ANOMALY,1,,,,,,,,,,
EVT-000815-04,USR-000815,ACC-000815,AUTHENTICATION,FAILED_LOGIN,2028-03-26T00:12:00,DEV-000815-02,,,authentication,FAILURE,,,synthetic,SIM_ESIM_AUTH_ANOMALY,1,,,,,,,,,,
EVT-000815-05,USR-000815,ACC-000815,BEHAVIOUR,DEVICE_DEVIATION,2028-03-26T00:15:00,DEV-000815-02,,,behaviour,DEVIATION,,,synthetic,SIM_ESIM_AUTH_ANOMALY,1,,,,,,,,,,
EVT-000816-01,USR-000816,ACC-000816,TELECOM,ESIM_CHANGE,2028-03-27T00:00:00,DEV-000816-01,,,telecom,SUCCESS,,,synthetic,SUSPICIOUS_ESIM_CHANGE,1,,,,,,,,,,
EVT-000816-02,USR-000816,ACC-000816,DEVICE,NEW_DEVICE,2028-03-27T00:05:00,DEV-000816-02,,,device,UNRECOGNIZED,,,synthetic,SUSPICIOUS_ESIM_CHANGE,1,,,,,,,,,,
EVT-000816-03,USR-000816,ACC-000816,DEVICE,DEVICE_CHANGE,2028-03-27T00:08:00,DEV-000816-02,,,device,DEVIATION,,,synthetic,SUSPICIOUS_ESIM_CHANGE,1,,,,,,,,,,
EVT-000816-04,USR-000816,ACC-000816,AUTHENTICATION,FAILED_LOGIN,2028-03-27T00:10:00,DEV-000816-02,,,authentication,FAILURE,,,synthetic,SUSPICIOUS_ESIM_CHANGE,1,,,,,,,,,,
EVT-000816-05,USR-000816,ACC-000816,BEHAVIOUR,DEVICE_DEVIATION,2028-03-27T00:15:00,DEV-000816-02,,,behaviour,DEVIATION,,,synthetic,SUSPICIOUS_ESIM_CHANGE,1,,,,,,,,,,
EVT-000816-06,USR-000816,ACC-000816,TRANSACTION,TRANSACTION,2028-03-27T00:30:00,DEV-000816-02,,,transaction,SUCCESS,3120.01,,paysim,SUSPICIOUS_ESIM_CHANGE,1,PAYMENT,10548.0,7427.99,0.0,0.0,205,C1433669801,M1147754291,0,0
EVT-000817-01,USR-000817,ACC-000817,TELECOM,SIM_REPLACEMENT,2028-03-28T00:00:00,DEV-000817-01,,,telecom,SUCCESS,,,synthetic,LEGITIMATE_SIM_REPLACEMENT,0,,,,,,,,,,
EVT-000817-02,USR-000817,ACC-000817,AUTHENTICATION,LOGIN,2028-03-28T00:10:00,DEV-000817-01,,,authentication,SUCCESS,,,synthetic,LEGITIMATE_SIM_REPLACEMENT,0,,,,,,,,,,
EVT-000817-03,USR-000817,ACC-000817,TRANSACTION,TRANSACTION,2028-03-28T00:30:00,DEV-000817-01,,,transaction,SUCCESS,30529.37,,paysim,LEGITIMATE_SIM_REPLACEMENT,0,TRANSFER,108308.0,77778.63,1751654.27,1782183.64,213,C356882220,C885540169,0,0
EVT-000818-01,USR-000818,ACC-000818,TELECOM,ESIM_CHANGE,2028-03-29T00:00:00,DEV-000818-01,,,telecom,SUCCESS,,,synthetic,SUSPICIOUS_ESIM_CHANGE,1,,,,,,,,,,
EVT-000818-02,USR-000818,ACC-000818,DEVICE,NEW_DEVICE,2028-03-29T00:05:00,DEV-000818-02,,,device,UNRECOGNIZED,,,synthetic,SUSPICIOUS_ESIM_CHANGE,1,,,,,,,,,,
EVT-000818-03,USR-000818,ACC-000818,DEVICE,DEVICE_CHANGE,2028-03-29T00:08:00,DEV-000818-02,,,device,DEVIATION,,,synthetic,SUSPICIOUS_ESIM_CHANGE,1,,,,,,,,,,
EVT-000818-04,USR-000818,ACC-000818,AUTHENTICATION,FAILED_LOGIN,2028-03-29T00:10:00,DEV-000818-02,,,authentication,FAILURE,,,synthetic,SUSPICIOUS_ESIM_CHANGE,1,,,,,,,,,,
EVT-000818-05,USR-000818,ACC-000818,BEHAVIOUR,DEVICE_DEVIATION,2028-03-29T00:15:00,DEV-000818-02,,,behaviour,DEVIATION,,,synthetic,SUSPICIOUS_ESIM_CHANGE,1,,,,,,,,,,
EVT-000818-06,USR-000818,ACC-000818,TRANSACTION,TRANSACTION,2028-03-29T00:30:00,DEV-000818-02,,,transaction,SUCCESS,175138.48,,paysim,SUSPICIOUS_ESIM_CHANGE,1,CASH_OUT,0.0,0.0,197229.26,372367.74,298,C1139426444,C742471399,0,0
EVT-000819-01,USR-000819,ACC-000819,TELECOM,SIM_SWAP,2028-03-30T00:00:00,DEV-000819-01,,,telecom,SUCCESS,,,synthetic,SIM_ESIM_AUTH_ANOMALY,1,,,,,,,,,,
EVT-000819-02,USR-000819,ACC-000819,DEVICE,NEW_DEVICE,2028-03-30T00:05:00,DEV-000819-02,,,device,UNRECOGNIZED,,,synthetic,SIM_ESIM_AUTH_ANOMALY,1,,,,,,,,,,
EVT-000819-03,USR-000819,ACC-000819,AUTHENTICATION,FAILED_LOGIN,2028-03-30T00:10:00,DEV-000819-02,,,authentication,FAILURE,,,synthetic,SIM_ESIM_AUTH_ANOMALY,1,,,,,,,,,,
EVT-000819-04,USR-000819,ACC-000819,AUTHENTICATION,FAILED_LOGIN,2028-03-30T00:12:00,DEV-000819-02,,,authentication,FAILURE,,,synthetic,SIM_ESIM_AUTH_ANOMALY,1,,,,,,,,,,
EVT-000819-05,USR-000819,ACC-000819,BEHAVIOUR,DEVICE_DEVIATION,2028-03-30T00:15:00,DEV-000819-02,,,behaviour,DEVIATION,,,synthetic,SIM_ESIM_AUTH_ANOMALY,1,,,,,,,,,,
EVT-000820-01,USR-000820,ACC-000820,TELECOM,SIM_REPLACEMENT,2028-03-31T00:00:00,DEV-000820-01,,,telecom,SUCCESS,,,synthetic,LEGITIMATE_SIM_REPLACEMENT,0,,,,,,,,,,
EVT-000820-02,USR-000820,ACC-000820,AUTHENTICATION,LOGIN,2028-03-31T00:10:00,DEV-000820-01,,,authentication,SUCCESS,,,synthetic,LEGITIMATE_SIM_REPLACEMENT,0,,,,,,,,,,
EVT-000820-03,USR-000820,ACC-000820,TRANSACTION,TRANSACTION,2028-03-31T00:30:00,DEV-000820-01,,,transaction,SUCCESS,356987.55,,paysim,LEGITIMATE_SIM_REPLACEMENT,0,CASH_OUT,7161.0,0.0,960267.61,1317255.16,369,C1480874236,C1022292106,0,0
EVT-000821-01,USR-000821,ACC-000821,TELECOM,SIM_REPLACEMENT,2028-04-01T00:00:00,DEV-000821-01,,,telecom,SUCCESS,,,synthetic,SUSPICIOUS_SIM_REPLACEMENT,1,,,,,,,,,,
EVT-000821-02,USR-000821,ACC-000821,DEVICE,NEW_DEVICE,2028-04-01T00:05:00,DEV-000821-02,,,device,UNRECOGNIZED,,,synthetic,SUSPICIOUS_SIM_REPLACEMENT,1,,,,,,,,,,
EVT-000821-03,USR-000821,ACC-000821,AUTHENTICATION,FAILED_LOGIN,2028-04-01T00:10:00,DEV-000821-02,,,authentication,FAILURE,,,synthetic,SUSPICIOUS_SIM_REPLACEMENT,1,,,,,,,,,,
EVT-000821-04,USR-000821,ACC-000821,RECOVERY,PASSWORD_RESET,2028-04-01T00:15:00,DEV-000821-02,,,recovery,SUCCESS,,,synthetic,SUSPICIOUS_SIM_REPLACEMENT,1,,,,,,,,,,
EVT-000821-05,USR-000821,ACC-000821,ACCOUNT,NEW_BENEFICIARY,2028-04-01T00:20:00,DEV-000821-02,,,account,SUCCESS,,BEN-000821-01,synthetic,SUSPICIOUS_SIM_REPLACEMENT,1,,,,,,,,,,
EVT-000821-06,USR-000821,ACC-000821,TRANSACTION,TRANSACTION,2028-04-01T00:30:00,DEV-000821-02,,,transaction,SUCCESS,4610.14,,paysim,SUSPICIOUS_SIM_REPLACEMENT,1,PAYMENT,0.0,0.0,0.0,0.0,185,C449819603,M610170123,0,0
EVT-000822-01,USR-000822,ACC-000822,TELECOM,ESIM_CHANGE,2028-04-02T00:00:00,DEV-000822-01,,,telecom,SUCCESS,,,synthetic,LEGITIMATE_ESIM_CHANGE,0,,,,,,,,,,
EVT-000822-02,USR-000822,ACC-000822,AUTHENTICATION,LOGIN,2028-04-02T00:10:00,DEV-000822-01,,,authentication,SUCCESS,,,synthetic,LEGITIMATE_ESIM_CHANGE,0,,,,,,,,,,
EVT-000823-01,USR-000823,ACC-000823,TELECOM,SIM_REPLACEMENT,2028-04-03T00:00:00,DEV-000823-01,,,telecom,SUCCESS,,,synthetic,SUSPICIOUS_SIM_REPLACEMENT,1,,,,,,,,,,
EVT-000823-02,USR-000823,ACC-000823,DEVICE,NEW_DEVICE,2028-04-03T00:05:00,DEV-000823-02,,,device,UNRECOGNIZED,,,synthetic,SUSPICIOUS_SIM_REPLACEMENT,1,,,,,,,,,,
EVT-000823-03,USR-000823,ACC-000823,AUTHENTICATION,FAILED_LOGIN,2028-04-03T00:10:00,DEV-000823-02,,,authentication,FAILURE,,,synthetic,SUSPICIOUS_SIM_REPLACEMENT,1,,,,,,,,,,
EVT-000823-04,USR-000823,ACC-000823,RECOVERY,PASSWORD_RESET,2028-04-03T00:15:00,DEV-000823-02,,,recovery,SUCCESS,,,synthetic,SUSPICIOUS_SIM_REPLACEMENT,1,,,,,,,,,,
EVT-000823-05,USR-000823,ACC-000823,ACCOUNT,NEW_BENEFICIARY,2028-04-03T00:20:00,DEV-000823-02,,,account,SUCCESS,,BEN-000823-01,synthetic,SUSPICIOUS_SIM_REPLACEMENT,1,,,,,,,,,,
EVT-000823-06,USR-000823,ACC-000823,TRANSACTION,TRANSACTION,2028-04-03T00:30:00,DEV-000823-02,,,transaction,SUCCESS,14270.32,,paysim,SUSPICIOUS_SIM_REPLACEMENT,1,PAYMENT,780.0,0.0,0.0,0.0,236,C717855591,M199598222,0,0
EVT-000824-01,USR-000824,ACC-000824,TELECOM,SIM_REPLACEMENT,2028-04-04T00:00:00,DEV-000824-01,,,telecom,SUCCESS,,,synthetic,SUSPICIOUS_SIM_REPLACEMENT,1,,,,,,,,,,
EVT-000824-02,USR-000824,ACC-000824,DEVICE,NEW_DEVICE,2028-04-04T00:05:00,DEV-000824-02,,,device,UNRECOGNIZED,,,synthetic,SUSPICIOUS_SIM_REPLACEMENT,1,,,,,,,,,,
EVT-000824-03,USR-000824,ACC-000824,AUTHENTICATION,FAILED_LOGIN,2028-04-04T00:10:00,DEV-000824-02,,,authentication,FAILURE,,,synthetic,SUSPICIOUS_SIM_REPLACEMENT,1,,,,,,,,,,
EVT-000824-04,USR-000824,ACC-000824,RECOVERY,PASSWORD_RESET,2028-04-04T00:15:00,DEV-000824-02,,,recovery,SUCCESS,,,synthetic,SUSPICIOUS_SIM_REPLACEMENT,1,,,,,,,,,,
EVT-000824-05,USR-000824,ACC-000824,ACCOUNT,NEW_BENEFICIARY,2028-04-04T00:20:00,DEV-000824-02,,,account,SUCCESS,,BEN-000824-01,synthetic,SUSPICIOUS_SIM_REPLACEMENT,1,,,,,,,,,,
EVT-000824-06,USR-000824,ACC-000824,TRANSACTION,TRANSACTION,2028-04-04T00:30:00,DEV-000824-02,,,transaction,SUCCESS,3536.89,,paysim,SUSPICIOUS_SIM_REPLACEMENT,1,PAYMENT,224136.0,220599.11,0.0,0.0,240,C257765297,M584516133,0,0
EVT-000825-01,USR-000825,ACC-000825,TELECOM,SIM_SWAP,2028-04-05T00:00:00,DEV-000825-01,,,telecom,SUCCESS,,,synthetic,SIM_ESIM_AUTH_ANOMALY,1,,,,,,,,,,
EVT-000825-02,USR-000825,ACC-000825,DEVICE,NEW_DEVICE,2028-04-05T00:05:00,DEV-000825-02,,,device,UNRECOGNIZED,,,synthetic,SIM_ESIM_AUTH_ANOMALY,1,,,,,,,,,,
EVT-000825-03,USR-000825,ACC-000825,AUTHENTICATION,FAILED_LOGIN,2028-04-05T00:10:00,DEV-000825-02,,,authentication,FAILURE,,,synthetic,SIM_ESIM_AUTH_ANOMALY,1,,,,,,,,,,
EVT-000825-04,USR-000825,ACC-000825,AUTHENTICATION,FAILED_LOGIN,2028-04-05T00:12:00,DEV-000825-02,,,authentication,FAILURE,,,synthetic,SIM_ESIM_AUTH_ANOMALY,1,,,,,,,,,,
EVT-000825-05,USR-000825,ACC-000825,BEHAVIOUR,DEVICE_DEVIATION,2028-04-05T00:15:00,DEV-000825-02,,,behaviour,DEVIATION,,,synthetic,SIM_ESIM_AUTH_ANOMALY,1,,,,,,,,,,
EVT-000826-01,USR-000826,ACC-000826,TELECOM,ESIM_CHANGE,2028-04-06T00:00:00,DEV-000826-01,,,telecom,SUCCESS,,,synthetic,LEGITIMATE_ESIM_CHANGE,0,,,,,,,,,,
EVT-000826-02,USR-000826,ACC-000826,AUTHENTICATION,LOGIN,2028-04-06T00:10:00,DEV-000826-01,,,authentication,SUCCESS,,,synthetic,LEGITIMATE_ESIM_CHANGE,0,,,,,,,,,,
EVT-000827-01,USR-000827,ACC-000827,TELECOM,ESIM_CHANGE,2028-04-07T00:00:00,DEV-000827-01,,,telecom,SUCCESS,,,synthetic,LEGITIMATE_ESIM_CHANGE,0,,,,,,,,,,
EVT-000827-02,USR-000827,ACC-000827,AUTHENTICATION,LOGIN,2028-04-07T00:10:00,DEV-000827-01,,,authentication,SUCCESS,,,synthetic,LEGITIMATE_ESIM_CHANGE,0,,,,,,,,,,
EVT-000828-01,USR-000828,ACC-000828,TELECOM,SIM_REPLACEMENT,2028-04-08T00:00:00,DEV-000828-01,,,telecom,SUCCESS,,,synthetic,LEGITIMATE_SIM_REPLACEMENT,0,,,,,,,,,,
EVT-000828-02,USR-000828,ACC-000828,AUTHENTICATION,LOGIN,2028-04-08T00:10:00,DEV-000828-01,,,authentication,SUCCESS,,,synthetic,LEGITIMATE_SIM_REPLACEMENT,0,,,,,,,,,,
EVT-000828-03,USR-000828,ACC-000828,TRANSACTION,TRANSACTION,2028-04-08T00:30:00,DEV-000828-01,,,transaction,SUCCESS,532800.95,,paysim,LEGITIMATE_SIM_REPLACEMENT,0,CASH_OUT,49935.0,0.0,4991941.88,5727644.55,130,C415282303,C199781535,0,0
EVT-000829-01,USR-000829,ACC-000829,TELECOM,ESIM_CHANGE,2028-04-09T00:00:00,DEV-000829-01,,,telecom,SUCCESS,,,synthetic,SUSPICIOUS_ESIM_CHANGE,1,,,,,,,,,,
EVT-000829-02,USR-000829,ACC-000829,DEVICE,NEW_DEVICE,2028-04-09T00:05:00,DEV-000829-02,,,device,UNRECOGNIZED,,,synthetic,SUSPICIOUS_ESIM_CHANGE,1,,,,,,,,,,
EVT-000829-03,USR-000829,ACC-000829,DEVICE,DEVICE_CHANGE,2028-04-09T00:08:00,DEV-000829-02,,,device,DEVIATION,,,synthetic,SUSPICIOUS_ESIM_CHANGE,1,,,,,,,,,,
EVT-000829-04,USR-000829,ACC-000829,AUTHENTICATION,FAILED_LOGIN,2028-04-09T00:10:00,DEV-000829-02,,,authentication,FAILURE,,,synthetic,SUSPICIOUS_ESIM_CHANGE,1,,,,,,,,,,
EVT-000829-05,USR-000829,ACC-000829,BEHAVIOUR,DEVICE_DEVIATION,2028-04-09T00:15:00,DEV-000829-02,,,behaviour,DEVIATION,,,synthetic,SUSPICIOUS_ESIM_CHANGE,1,,,,,,,,,,
EVT-000829-06,USR-000829,ACC-000829,TRANSACTION,TRANSACTION,2028-04-09T00:30:00,DEV-000829-02,,,transaction,SUCCESS,107087.04,,paysim,SUSPICIOUS_ESIM_CHANGE,1,CASH_OUT,0.0,0.0,285419.39,392506.43,157,C1534419294,C1606144270,0,0
EVT-000830-01,USR-000830,ACC-000830,TELECOM,SIM_SWAP,2028-04-10T00:00:00,DEV-000830-01,,,telecom,SUCCESS,,,synthetic,SIM_ESIM_AUTH_ANOMALY,1,,,,,,,,,,
EVT-000830-02,USR-000830,ACC-000830,DEVICE,NEW_DEVICE,2028-04-10T00:05:00,DEV-000830-02,,,device,UNRECOGNIZED,,,synthetic,SIM_ESIM_AUTH_ANOMALY,1,,,,,,,,,,
EVT-000830-03,USR-000830,ACC-000830,AUTHENTICATION,FAILED_LOGIN,2028-04-10T00:10:00,DEV-000830-02,,,authentication,FAILURE,,,synthetic,SIM_ESIM_AUTH_ANOMALY,1,,,,,,,,,,
EVT-000830-04,USR-000830,ACC-000830,AUTHENTICATION,FAILED_LOGIN,2028-04-10T00:12:00,DEV-000830-02,,,authentication,FAILURE,,,synthetic,SIM_ESIM_AUTH_ANOMALY,1,,,,,,,,,,
EVT-000830-05,USR-000830,ACC-000830,BEHAVIOUR,DEVICE_DEVIATION,2028-04-10T00:15:00,DEV-000830-02,,,behaviour,DEVIATION,,,synthetic,SIM_ESIM_AUTH_ANOMALY,1,,,,,,,,,,
EVT-000831-01,USR-000831,ACC-000831,TELECOM,ESIM_CHANGE,2028-04-11T00:00:00,DEV-000831-01,,,telecom,SUCCESS,,,synthetic,SUSPICIOUS_ESIM_CHANGE,1,,,,,,,,,,
EVT-000831-02,USR-000831,ACC-000831,DEVICE,NEW_DEVICE,2028-04-11T00:05:00,DEV-000831-02,,,device,UNRECOGNIZED,,,synthetic,SUSPICIOUS_ESIM_CHANGE,1,,,,,,,,,,
EVT-000831-03,USR-000831,ACC-000831,DEVICE,DEVICE_CHANGE,2028-04-11T00:08:00,DEV-000831-02,,,device,DEVIATION,,,synthetic,SUSPICIOUS_ESIM_CHANGE,1,,,,,,,,,,
EVT-000831-04,USR-000831,ACC-000831,AUTHENTICATION,FAILED_LOGIN,2028-04-11T00:10:00,DEV-000831-02,,,authentication,FAILURE,,,synthetic,SUSPICIOUS_ESIM_CHANGE,1,,,,,,,,,,
EVT-000831-05,USR-000831,ACC-000831,BEHAVIOUR,DEVICE_DEVIATION,2028-04-11T00:15:00,DEV-000831-02,,,behaviour,DEVIATION,,,synthetic,SUSPICIOUS_ESIM_CHANGE,1,,,,,,,,,,
EVT-000831-06,USR-000831,ACC-000831,TRANSACTION,TRANSACTION,2028-04-11T00:30:00,DEV-000831-02,,,transaction,SUCCESS,3127.63,,paysim,SUSPICIOUS_ESIM_CHANGE,1,PAYMENT,0.0,0.0,0.0,0.0,19,C1455477356,M1214062378,0,0
EVT-000832-01,USR-000832,ACC-000832,TELECOM,SIM_SWAP,2028-04-12T00:00:00,DEV-000832-01,,,telecom,SUCCESS,,,synthetic,SIM_ESIM_AUTH_ANOMALY,1,,,,,,,,,,
EVT-000832-02,USR-000832,ACC-000832,DEVICE,NEW_DEVICE,2028-04-12T00:05:00,DEV-000832-02,,,device,UNRECOGNIZED,,,synthetic,SIM_ESIM_AUTH_ANOMALY,1,,,,,,,,,,
EVT-000832-03,USR-000832,ACC-000832,AUTHENTICATION,FAILED_LOGIN,2028-04-12T00:10:00,DEV-000832-02,,,authentication,FAILURE,,,synthetic,SIM_ESIM_AUTH_ANOMALY,1,,,,,,,,,,
EVT-000832-04,USR-000832,ACC-000832,AUTHENTICATION,FAILED_LOGIN,2028-04-12T00:12:00,DEV-000832-02,,,authentication,FAILURE,,,synthetic,SIM_ESIM_AUTH_ANOMALY,1,,,,,,,,,,
EVT-000832-05,USR-000832,ACC-000832,BEHAVIOUR,DEVICE_DEVIATION,2028-04-12T00:15:00,DEV-000832-02,,,behaviour,DEVIATION,,,synthetic,SIM_ESIM_AUTH_ANOMALY,1,,,,,,,,,,
EVT-000833-01,USR-000833,ACC-000833,TELECOM,SIM_SWAP,2028-04-13T00:00:00,DEV-000833-01,,,telecom,SUCCESS,,,synthetic,SIM_ESIM_AUTH_ANOMALY,1,,,,,,,,,,
EVT-000833-02,USR-000833,ACC-000833,DEVICE,NEW_DEVICE,2028-04-13T00:05:00,DEV-000833-02,,,device,UNRECOGNIZED,,,synthetic,SIM_ESIM_AUTH_ANOMALY,1,,,,,,,,,,
EVT-000833-03,USR-000833,ACC-000833,AUTHENTICATION,FAILED_LOGIN,2028-04-13T00:10:00,DEV-000833-02,,,authentication,FAILURE,,,synthetic,SIM_ESIM_AUTH_ANOMALY,1,,,,,,,,,,
EVT-000833-04,USR-000833,ACC-000833,AUTHENTICATION,FAILED_LOGIN,2028-04-13T00:12:00,DEV-000833-02,,,authentication,FAILURE,,,synthetic,SIM_ESIM_AUTH_ANOMALY,1,,,,,,,,,,
EVT-000833-05,USR-000833,ACC-000833,BEHAVIOUR,DEVICE_DEVIATION,2028-04-13T00:15:00,DEV-000833-02,,,behaviour,DEVIATION,,,synthetic,SIM_ESIM_AUTH_ANOMALY,1,,,,,,,,,,
EVT-000834-01,USR-000834,ACC-000834,TELECOM,ESIM_CHANGE,2028-04-14T00:00:00,DEV-000834-01,,,telecom,SUCCESS,,,synthetic,SUSPICIOUS_ESIM_CHANGE,1,,,,,,,,,,
EVT-000834-02,USR-000834,ACC-000834,DEVICE,NEW_DEVICE,2028-04-14T00:05:00,DEV-000834-02,,,device,UNRECOGNIZED,,,synthetic,SUSPICIOUS_ESIM_CHANGE,1,,,,,,,,,,
EVT-000834-03,USR-000834,ACC-000834,DEVICE,DEVICE_CHANGE,2028-04-14T00:08:00,DEV-000834-02,,,device,DEVIATION,,,synthetic,SUSPICIOUS_ESIM_CHANGE,1,,,,,,,,,,
EVT-000834-04,USR-000834,ACC-000834,AUTHENTICATION,FAILED_LOGIN,2028-04-14T00:10:00,DEV-000834-02,,,authentication,FAILURE,,,synthetic,SUSPICIOUS_ESIM_CHANGE,1,,,,,,,,,,
EVT-000834-05,USR-000834,ACC-000834,BEHAVIOUR,DEVICE_DEVIATION,2028-04-14T00:15:00,DEV-000834-02,,,behaviour,DEVIATION,,,synthetic,SUSPICIOUS_ESIM_CHANGE,1,,,,,,,,,,
EVT-000834-06,USR-000834,ACC-000834,TRANSACTION,TRANSACTION,2028-04-14T00:30:00,DEV-000834-02,,,transaction,SUCCESS,3373.77,,paysim,SUSPICIOUS_ESIM_CHANGE,1,PAYMENT,69216.36,65842.59,0.0,0.0,191,C2102291578,M1581459489,0,0
EVT-000835-01,USR-000835,ACC-000835,TELECOM,SIM_REPLACEMENT,2028-04-15T00:00:00,DEV-000835-01,,,telecom,SUCCESS,,,synthetic,LEGITIMATE_SIM_REPLACEMENT,0,,,,,,,,,,
EVT-000835-02,USR-000835,ACC-000835,AUTHENTICATION,LOGIN,2028-04-15T00:10:00,DEV-000835-01,,,authentication,SUCCESS,,,synthetic,LEGITIMATE_SIM_REPLACEMENT,0,,,,,,,,,,
EVT-000835-03,USR-000835,ACC-000835,TRANSACTION,TRANSACTION,2028-04-15T00:30:00,DEV-000835-01,,,transaction,SUCCESS,100040.52,,paysim,LEGITIMATE_SIM_REPLACEMENT,0,CASH_OUT,0.0,0.0,575391.34,916821.84,590,C1316277564,C1110733883,0,0
EVT-000836-01,USR-000836,ACC-000836,TELECOM,SIM_REPLACEMENT,2028-04-16T00:00:00,DEV-000836-01,,,telecom,SUCCESS,,,synthetic,LEGITIMATE_SIM_REPLACEMENT,0,,,,,,,,,,
EVT-000836-02,USR-000836,ACC-000836,AUTHENTICATION,LOGIN,2028-04-16T00:10:00,DEV-000836-01,,,authentication,SUCCESS,,,synthetic,LEGITIMATE_SIM_REPLACEMENT,0,,,,,,,,,,
EVT-000836-03,USR-000836,ACC-000836,TRANSACTION,TRANSACTION,2028-04-16T00:30:00,DEV-000836-01,,,transaction,SUCCESS,383389.22,,paysim,LEGITIMATE_SIM_REPLACEMENT,0,CASH_OUT,24928.0,0.0,590.0,383979.22,160,C532093499,C1920561922,0,0
EVT-000837-01,USR-000837,ACC-000837,TELECOM,SIM_REPLACEMENT,2028-04-17T00:00:00,DEV-000837-01,,,telecom,SUCCESS,,,synthetic,LEGITIMATE_SIM_REPLACEMENT,0,,,,,,,,,,
EVT-000837-02,USR-000837,ACC-000837,AUTHENTICATION,LOGIN,2028-04-17T00:10:00,DEV-000837-01,,,authentication,SUCCESS,,,synthetic,LEGITIMATE_SIM_REPLACEMENT,0,,,,,,,,,,
EVT-000837-03,USR-000837,ACC-000837,TRANSACTION,TRANSACTION,2028-04-17T00:30:00,DEV-000837-01,,,transaction,SUCCESS,1046238.49,,paysim,LEGITIMATE_SIM_REPLACEMENT,0,TRANSFER,43927.0,0.0,142118.31,1188356.79,400,C268535788,C777681696,0,0
EVT-000838-01,USR-000838,ACC-000838,TELECOM,ESIM_CHANGE,2028-04-18T00:00:00,DEV-000838-01,,,telecom,SUCCESS,,,synthetic,SUSPICIOUS_ESIM_CHANGE,1,,,,,,,,,,
EVT-000838-02,USR-000838,ACC-000838,DEVICE,NEW_DEVICE,2028-04-18T00:05:00,DEV-000838-02,,,device,UNRECOGNIZED,,,synthetic,SUSPICIOUS_ESIM_CHANGE,1,,,,,,,,,,
EVT-000838-03,USR-000838,ACC-000838,DEVICE,DEVICE_CHANGE,2028-04-18T00:08:00,DEV-000838-02,,,device,DEVIATION,,,synthetic,SUSPICIOUS_ESIM_CHANGE,1,,,,,,,,,,
EVT-000838-04,USR-000838,ACC-000838,AUTHENTICATION,FAILED_LOGIN,2028-04-18T00:10:00,DEV-000838-02,,,authentication,FAILURE,,,synthetic,SUSPICIOUS_ESIM_CHANGE,1,,,,,,,,,,
EVT-000838-05,USR-000838,ACC-000838,BEHAVIOUR,DEVICE_DEVIATION,2028-04-18T00:15:00,DEV-000838-02,,,behaviour,DEVIATION,,,synthetic,SUSPICIOUS_ESIM_CHANGE,1,,,,,,,,,,
EVT-000838-06,USR-000838,ACC-000838,TRANSACTION,TRANSACTION,2028-04-18T00:30:00,DEV-000838-02,,,transaction,SUCCESS,101592.69,,paysim,SUSPICIOUS_ESIM_CHANGE,1,CASH_IN,5334577.6,5436170.29,271038.78,169446.09,190,C1346351433,C1396642114,0,0
EVT-000839-01,USR-000839,ACC-000839,TELECOM,SIM_REPLACEMENT,2028-04-19T00:00:00,DEV-000839-01,,,telecom,SUCCESS,,,synthetic,LEGITIMATE_SIM_REPLACEMENT,0,,,,,,,,,,
EVT-000839-02,USR-000839,ACC-000839,AUTHENTICATION,LOGIN,2028-04-19T00:10:00,DEV-000839-01,,,authentication,SUCCESS,,,synthetic,LEGITIMATE_SIM_REPLACEMENT,0,,,,,,,,,,
EVT-000839-03,USR-000839,ACC-000839,TRANSACTION,TRANSACTION,2028-04-19T00:30:00,DEV-000839-01,,,transaction,SUCCESS,7946.17,,paysim,LEGITIMATE_SIM_REPLACEMENT,0,PAYMENT,318498.45,310552.29,0.0,0.0,181,C713277331,M314298229,0,0
EVT-000840-01,USR-000840,ACC-000840,TELECOM,SIM_REPLACEMENT,2028-04-20T00:00:00,DEV-000840-01,,,telecom,SUCCESS,,,synthetic,SUSPICIOUS_SIM_REPLACEMENT,1,,,,,,,,,,
EVT-000840-02,USR-000840,ACC-000840,DEVICE,NEW_DEVICE,2028-04-20T00:05:00,DEV-000840-02,,,device,UNRECOGNIZED,,,synthetic,SUSPICIOUS_SIM_REPLACEMENT,1,,,,,,,,,,
EVT-000840-03,USR-000840,ACC-000840,AUTHENTICATION,FAILED_LOGIN,2028-04-20T00:10:00,DEV-000840-02,,,authentication,FAILURE,,,synthetic,SUSPICIOUS_SIM_REPLACEMENT,1,,,,,,,,,,
EVT-000840-04,USR-000840,ACC-000840,RECOVERY,PASSWORD_RESET,2028-04-20T00:15:00,DEV-000840-02,,,recovery,SUCCESS,,,synthetic,SUSPICIOUS_SIM_REPLACEMENT,1,,,,,,,,,,
EVT-000840-05,USR-000840,ACC-000840,ACCOUNT,NEW_BENEFICIARY,2028-04-20T00:20:00,DEV-000840-02,,,account,SUCCESS,,BEN-000840-01,synthetic,SUSPICIOUS_SIM_REPLACEMENT,1,,,,,,,,,,
EVT-000840-06,USR-000840,ACC-000840,TRANSACTION,TRANSACTION,2028-04-20T00:30:00,DEV-000840-02,,,transaction,SUCCESS,433190.0,,paysim,SUSPICIOUS_SIM_REPLACEMENT,1,CASH_OUT,15890.0,0.0,0.0,433190.0,129,C263600309,C514807239,0,0
EVT-000841-01,USR-000841,ACC-000841,TELECOM,SIM_REPLACEMENT,2028-04-21T00:00:00,DEV-000841-01,,,telecom,SUCCESS,,,synthetic,SUSPICIOUS_SIM_REPLACEMENT,1,,,,,,,,,,
EVT-000841-02,USR-000841,ACC-000841,DEVICE,NEW_DEVICE,2028-04-21T00:05:00,DEV-000841-02,,,device,UNRECOGNIZED,,,synthetic,SUSPICIOUS_SIM_REPLACEMENT,1,,,,,,,,,,
EVT-000841-03,USR-000841,ACC-000841,AUTHENTICATION,FAILED_LOGIN,2028-04-21T00:10:00,DEV-000841-02,,,authentication,FAILURE,,,synthetic,SUSPICIOUS_SIM_REPLACEMENT,1,,,,,,,,,,
EVT-000841-04,USR-000841,ACC-000841,RECOVERY,PASSWORD_RESET,2028-04-21T00:15:00,DEV-000841-02,,,recovery,SUCCESS,,,synthetic,SUSPICIOUS_SIM_REPLACEMENT,1,,,,,,,,,,
EVT-000841-05,USR-000841,ACC-000841,ACCOUNT,NEW_BENEFICIARY,2028-04-21T00:20:00,DEV-000841-02,,,account,SUCCESS,,BEN-000841-01,synthetic,SUSPICIOUS_SIM_REPLACEMENT,1,,,,,,,,,,
EVT-000841-06,USR-000841,ACC-000841,TRANSACTION,TRANSACTION,2028-04-21T00:30:00,DEV-000841-02,,,transaction,SUCCESS,36562.63,,paysim,SUSPICIOUS_SIM_REPLACEMENT,1,CASH_OUT,0.0,0.0,673919.03,710481.66,380,C487305927,C951586463,0,0
EVT-000842-01,USR-000842,ACC-000842,TELECOM,SIM_REPLACEMENT,2028-04-22T00:00:00,DEV-000842-01,,,telecom,SUCCESS,,,synthetic,LEGITIMATE_SIM_REPLACEMENT,0,,,,,,,,,,
EVT-000842-02,USR-000842,ACC-000842,AUTHENTICATION,LOGIN,2028-04-22T00:10:00,DEV-000842-01,,,authentication,SUCCESS,,,synthetic,LEGITIMATE_SIM_REPLACEMENT,0,,,,,,,,,,
EVT-000842-03,USR-000842,ACC-000842,TRANSACTION,TRANSACTION,2028-04-22T00:30:00,DEV-000842-01,,,transaction,SUCCESS,176126.22,,paysim,LEGITIMATE_SIM_REPLACEMENT,0,CASH_IN,116.0,176242.22,0.0,0.0,232,C1388741585,C71204283,0,0
EVT-000843-01,USR-000843,ACC-000843,TELECOM,SIM_SWAP,2028-04-23T00:00:00,DEV-000843-01,,,telecom,SUCCESS,,,synthetic,SIM_ESIM_AUTH_ANOMALY,1,,,,,,,,,,
EVT-000843-02,USR-000843,ACC-000843,DEVICE,NEW_DEVICE,2028-04-23T00:05:00,DEV-000843-02,,,device,UNRECOGNIZED,,,synthetic,SIM_ESIM_AUTH_ANOMALY,1,,,,,,,,,,
EVT-000843-03,USR-000843,ACC-000843,AUTHENTICATION,FAILED_LOGIN,2028-04-23T00:10:00,DEV-000843-02,,,authentication,FAILURE,,,synthetic,SIM_ESIM_AUTH_ANOMALY,1,,,,,,,,,,
EVT-000843-04,USR-000843,ACC-000843,AUTHENTICATION,FAILED_LOGIN,2028-04-23T00:12:00,DEV-000843-02,,,authentication,FAILURE,,,synthetic,SIM_ESIM_AUTH_ANOMALY,1,,,,,,,,,,
EVT-000843-05,USR-000843,ACC-000843,BEHAVIOUR,DEVICE_DEVIATION,2028-04-23T00:15:00,DEV-000843-02,,,behaviour,DEVIATION,,,synthetic,SIM_ESIM_AUTH_ANOMALY,1,,,,,,,,,,
EVT-000844-01,USR-000844,ACC-000844,TELECOM,SIM_SWAP,2028-04-24T00:00:00,DEV-000844-01,,,telecom,SUCCESS,,,synthetic,SIM_ESIM_AUTH_ANOMALY,1,,,,,,,,,,
EVT-000844-02,USR-000844,ACC-000844,DEVICE,NEW_DEVICE,2028-04-24T00:05:00,DEV-000844-02,,,device,UNRECOGNIZED,,,synthetic,SIM_ESIM_AUTH_ANOMALY,1,,,,,,,,,,
EVT-000844-03,USR-000844,ACC-000844,AUTHENTICATION,FAILED_LOGIN,2028-04-24T00:10:00,DEV-000844-02,,,authentication,FAILURE,,,synthetic,SIM_ESIM_AUTH_ANOMALY,1,,,,,,,,,,
EVT-000844-04,USR-000844,ACC-000844,AUTHENTICATION,FAILED_LOGIN,2028-04-24T00:12:00,DEV-000844-02,,,authentication,FAILURE,,,synthetic,SIM_ESIM_AUTH_ANOMALY,1,,,,,,,,,,
EVT-000844-05,USR-000844,ACC-000844,BEHAVIOUR,DEVICE_DEVIATION,2028-04-24T00:15:00,DEV-000844-02,,,behaviour,DEVIATION,,,synthetic,SIM_ESIM_AUTH_ANOMALY,1,,,,,,,,,,
EVT-000845-01,USR-000845,ACC-000845,TELECOM,SIM_REPLACEMENT,2028-04-25T00:00:00,DEV-000845-01,,,telecom,SUCCESS,,,synthetic,SUSPICIOUS_SIM_REPLACEMENT,1,,,,,,,,,,
EVT-000845-02,USR-000845,ACC-000845,DEVICE,NEW_DEVICE,2028-04-25T00:05:00,DEV-000845-02,,,device,UNRECOGNIZED,,,synthetic,SUSPICIOUS_SIM_REPLACEMENT,1,,,,,,,,,,
EVT-000845-03,USR-000845,ACC-000845,AUTHENTICATION,FAILED_LOGIN,2028-04-25T00:10:00,DEV-000845-02,,,authentication,FAILURE,,,synthetic,SUSPICIOUS_SIM_REPLACEMENT,1,,,,,,,,,,
EVT-000845-04,USR-000845,ACC-000845,RECOVERY,PASSWORD_RESET,2028-04-25T00:15:00,DEV-000845-02,,,recovery,SUCCESS,,,synthetic,SUSPICIOUS_SIM_REPLACEMENT,1,,,,,,,,,,
EVT-000845-05,USR-000845,ACC-000845,ACCOUNT,NEW_BENEFICIARY,2028-04-25T00:20:00,DEV-000845-02,,,account,SUCCESS,,BEN-000845-01,synthetic,SUSPICIOUS_SIM_REPLACEMENT,1,,,,,,,,,,
EVT-000845-06,USR-000845,ACC-000845,TRANSACTION,TRANSACTION,2028-04-25T00:30:00,DEV-000845-02,,,transaction,SUCCESS,53748.2,,paysim,SUSPICIOUS_SIM_REPLACEMENT,1,TRANSFER,23972.0,0.0,0.0,53748.2,137,C1000410166,C1542745070,0,0
EVT-000846-01,USR-000846,ACC-000846,TELECOM,SIM_REPLACEMENT,2028-04-26T00:00:00,DEV-000846-01,,,telecom,SUCCESS,,,synthetic,SUSPICIOUS_SIM_REPLACEMENT,1,,,,,,,,,,
EVT-000846-02,USR-000846,ACC-000846,DEVICE,NEW_DEVICE,2028-04-26T00:05:00,DEV-000846-02,,,device,UNRECOGNIZED,,,synthetic,SUSPICIOUS_SIM_REPLACEMENT,1,,,,,,,,,,
EVT-000846-03,USR-000846,ACC-000846,AUTHENTICATION,FAILED_LOGIN,2028-04-26T00:10:00,DEV-000846-02,,,authentication,FAILURE,,,synthetic,SUSPICIOUS_SIM_REPLACEMENT,1,,,,,,,,,,
EVT-000846-04,USR-000846,ACC-000846,RECOVERY,PASSWORD_RESET,2028-04-26T00:15:00,DEV-000846-02,,,recovery,SUCCESS,,,synthetic,SUSPICIOUS_SIM_REPLACEMENT,1,,,,,,,,,,
EVT-000846-05,USR-000846,ACC-000846,ACCOUNT,NEW_BENEFICIARY,2028-04-26T00:20:00,DEV-000846-02,,,account,SUCCESS,,BEN-000846-01,synthetic,SUSPICIOUS_SIM_REPLACEMENT,1,,,,,,,,,,
EVT-000846-06,USR-000846,ACC-000846,TRANSACTION,TRANSACTION,2028-04-26T00:30:00,DEV-000846-02,,,transaction,SUCCESS,143658.58,,paysim,SUSPICIOUS_SIM_REPLACEMENT,1,CASH_IN,6051.0,149709.58,1471279.49,1327620.91,133,C692812915,C342889923,0,0
EVT-000847-01,USR-000847,ACC-000847,TELECOM,SIM_REPLACEMENT,2028-04-27T00:00:00,DEV-000847-01,,,telecom,SUCCESS,,,synthetic,SUSPICIOUS_SIM_REPLACEMENT,1,,,,,,,,,,
EVT-000847-02,USR-000847,ACC-000847,DEVICE,NEW_DEVICE,2028-04-27T00:05:00,DEV-000847-02,,,device,UNRECOGNIZED,,,synthetic,SUSPICIOUS_SIM_REPLACEMENT,1,,,,,,,,,,
EVT-000847-03,USR-000847,ACC-000847,AUTHENTICATION,FAILED_LOGIN,2028-04-27T00:10:00,DEV-000847-02,,,authentication,FAILURE,,,synthetic,SUSPICIOUS_SIM_REPLACEMENT,1,,,,,,,,,,
EVT-000847-04,USR-000847,ACC-000847,RECOVERY,PASSWORD_RESET,2028-04-27T00:15:00,DEV-000847-02,,,recovery,SUCCESS,,,synthetic,SUSPICIOUS_SIM_REPLACEMENT,1,,,,,,,,,,
EVT-000847-05,USR-000847,ACC-000847,ACCOUNT,NEW_BENEFICIARY,2028-04-27T00:20:00,DEV-000847-02,,,account,SUCCESS,,BEN-000847-01,synthetic,SUSPICIOUS_SIM_REPLACEMENT,1,,,,,,,,,,
EVT-000847-06,USR-000847,ACC-000847,TRANSACTION,TRANSACTION,2028-04-27T00:30:00,DEV-000847-02,,,transaction,SUCCESS,185315.69,,paysim,SUSPICIOUS_SIM_REPLACEMENT,1,CASH_OUT,197948.0,12632.31,5329.53,190645.22,211,C1922143773,C1082719333,0,0
EVT-000848-01,USR-000848,ACC-000848,TELECOM,SIM_REPLACEMENT,2028-04-28T00:00:00,DEV-000848-01,,,telecom,SUCCESS,,,synthetic,SUSPICIOUS_SIM_REPLACEMENT,1,,,,,,,,,,
EVT-000848-02,USR-000848,ACC-000848,DEVICE,NEW_DEVICE,2028-04-28T00:05:00,DEV-000848-02,,,device,UNRECOGNIZED,,,synthetic,SUSPICIOUS_SIM_REPLACEMENT,1,,,,,,,,,,
EVT-000848-03,USR-000848,ACC-000848,AUTHENTICATION,FAILED_LOGIN,2028-04-28T00:10:00,DEV-000848-02,,,authentication,FAILURE,,,synthetic,SUSPICIOUS_SIM_REPLACEMENT,1,,,,,,,,,,
EVT-000848-04,USR-000848,ACC-000848,RECOVERY,PASSWORD_RESET,2028-04-28T00:15:00,DEV-000848-02,,,recovery,SUCCESS,,,synthetic,SUSPICIOUS_SIM_REPLACEMENT,1,,,,,,,,,,
EVT-000848-05,USR-000848,ACC-000848,ACCOUNT,NEW_BENEFICIARY,2028-04-28T00:20:00,DEV-000848-02,,,account,SUCCESS,,BEN-000848-01,synthetic,SUSPICIOUS_SIM_REPLACEMENT,1,,,,,,,,,,
EVT-000848-06,USR-000848,ACC-000848,TRANSACTION,TRANSACTION,2028-04-28T00:30:00,DEV-000848-02,,,transaction,SUCCESS,1891.73,,paysim,SUSPICIOUS_SIM_REPLACEMENT,1,PAYMENT,0.0,0.0,0.0,0.0,380,C294273542,M379342232,0,0
EVT-000849-01,USR-000849,ACC-000849,TELECOM,ESIM_CHANGE,2028-04-29T00:00:00,DEV-000849-01,,,telecom,SUCCESS,,,synthetic,SUSPICIOUS_ESIM_CHANGE,1,,,,,,,,,,
EVT-000849-02,USR-000849,ACC-000849,DEVICE,NEW_DEVICE,2028-04-29T00:05:00,DEV-000849-02,,,device,UNRECOGNIZED,,,synthetic,SUSPICIOUS_ESIM_CHANGE,1,,,,,,,,,,
EVT-000849-03,USR-000849,ACC-000849,DEVICE,DEVICE_CHANGE,2028-04-29T00:08:00,DEV-000849-02,,,device,DEVIATION,,,synthetic,SUSPICIOUS_ESIM_CHANGE,1,,,,,,,,,,
EVT-000849-04,USR-000849,ACC-000849,AUTHENTICATION,FAILED_LOGIN,2028-04-29T00:10:00,DEV-000849-02,,,authentication,FAILURE,,,synthetic,SUSPICIOUS_ESIM_CHANGE,1,,,,,,,,,,
EVT-000849-05,USR-000849,ACC-000849,BEHAVIOUR,DEVICE_DEVIATION,2028-04-29T00:15:00,DEV-000849-02,,,behaviour,DEVIATION,,,synthetic,SUSPICIOUS_ESIM_CHANGE,1,,,,,,,,,,
EVT-000849-06,USR-000849,ACC-000849,TRANSACTION,TRANSACTION,2028-04-29T00:30:00,DEV-000849-02,,,transaction,SUCCESS,3773.69,,paysim,SUSPICIOUS_ESIM_CHANGE,1,PAYMENT,0.0,0.0,0.0,0.0,324,C1265571475,M2136381935,0,0
EVT-000850-01,USR-000850,ACC-000850,TELECOM,ESIM_CHANGE,2028-04-30T00:00:00,DEV-000850-01,,,telecom,SUCCESS,,,synthetic,LEGITIMATE_ESIM_CHANGE,0,,,,,,,,,,
EVT-000850-02,USR-000850,ACC-000850,AUTHENTICATION,LOGIN,2028-04-30T00:10:00,DEV-000850-01,,,authentication,SUCCESS,,,synthetic,LEGITIMATE_ESIM_CHANGE,0,,,,,,,,,,
EVT-000851-01,USR-000851,ACC-000851,TELECOM,SIM_REPLACEMENT,2028-05-01T00:00:00,DEV-000851-01,,,telecom,SUCCESS,,,synthetic,SUSPICIOUS_SIM_REPLACEMENT,1,,,,,,,,,,
EVT-000851-02,USR-000851,ACC-000851,DEVICE,NEW_DEVICE,2028-05-01T00:05:00,DEV-000851-02,,,device,UNRECOGNIZED,,,synthetic,SUSPICIOUS_SIM_REPLACEMENT,1,,,,,,,,,,
EVT-000851-03,USR-000851,ACC-000851,AUTHENTICATION,FAILED_LOGIN,2028-05-01T00:10:00,DEV-000851-02,,,authentication,FAILURE,,,synthetic,SUSPICIOUS_SIM_REPLACEMENT,1,,,,,,,,,,
EVT-000851-04,USR-000851,ACC-000851,RECOVERY,PASSWORD_RESET,2028-05-01T00:15:00,DEV-000851-02,,,recovery,SUCCESS,,,synthetic,SUSPICIOUS_SIM_REPLACEMENT,1,,,,,,,,,,
EVT-000851-05,USR-000851,ACC-000851,ACCOUNT,NEW_BENEFICIARY,2028-05-01T00:20:00,DEV-000851-02,,,account,SUCCESS,,BEN-000851-01,synthetic,SUSPICIOUS_SIM_REPLACEMENT,1,,,,,,,,,,
EVT-000851-06,USR-000851,ACC-000851,TRANSACTION,TRANSACTION,2028-05-01T00:30:00,DEV-000851-02,,,transaction,SUCCESS,256510.69,,paysim,SUSPICIOUS_SIM_REPLACEMENT,1,CASH_OUT,91288.52,0.0,290180.63,546691.32,327,C1141462607,C1478827372,0,0
EVT-000852-01,USR-000852,ACC-000852,TELECOM,SIM_SWAP,2028-05-02T00:00:00,DEV-000852-01,,,telecom,SUCCESS,,,synthetic,SIM_ESIM_AUTH_ANOMALY,1,,,,,,,,,,
EVT-000852-02,USR-000852,ACC-000852,DEVICE,NEW_DEVICE,2028-05-02T00:05:00,DEV-000852-02,,,device,UNRECOGNIZED,,,synthetic,SIM_ESIM_AUTH_ANOMALY,1,,,,,,,,,,
EVT-000852-03,USR-000852,ACC-000852,AUTHENTICATION,FAILED_LOGIN,2028-05-02T00:10:00,DEV-000852-02,,,authentication,FAILURE,,,synthetic,SIM_ESIM_AUTH_ANOMALY,1,,,,,,,,,,
EVT-000852-04,USR-000852,ACC-000852,AUTHENTICATION,FAILED_LOGIN,2028-05-02T00:12:00,DEV-000852-02,,,authentication,FAILURE,,,synthetic,SIM_ESIM_AUTH_ANOMALY,1,,,,,,,,,,
EVT-000852-05,USR-000852,ACC-000852,BEHAVIOUR,DEVICE_DEVIATION,2028-05-02T00:15:00,DEV-000852-02,,,behaviour,DEVIATION,,,synthetic,SIM_ESIM_AUTH_ANOMALY,1,,,,,,,,,,
EVT-000853-01,USR-000853,ACC-000853,TELECOM,ESIM_CHANGE,2028-05-03T00:00:00,DEV-000853-01,,,telecom,SUCCESS,,,synthetic,SUSPICIOUS_ESIM_CHANGE,1,,,,,,,,,,
EVT-000853-02,USR-000853,ACC-000853,DEVICE,NEW_DEVICE,2028-05-03T00:05:00,DEV-000853-02,,,device,UNRECOGNIZED,,,synthetic,SUSPICIOUS_ESIM_CHANGE,1,,,,,,,,,,
EVT-000853-03,USR-000853,ACC-000853,DEVICE,DEVICE_CHANGE,2028-05-03T00:08:00,DEV-000853-02,,,device,DEVIATION,,,synthetic,SUSPICIOUS_ESIM_CHANGE,1,,,,,,,,,,
EVT-000853-04,USR-000853,ACC-000853,AUTHENTICATION,FAILED_LOGIN,2028-05-03T00:10:00,DEV-000853-02,,,authentication,FAILURE,,,synthetic,SUSPICIOUS_ESIM_CHANGE,1,,,,,,,,,,
EVT-000853-05,USR-000853,ACC-000853,BEHAVIOUR,DEVICE_DEVIATION,2028-05-03T00:15:00,DEV-000853-02,,,behaviour,DEVIATION,,,synthetic,SUSPICIOUS_ESIM_CHANGE,1,,,,,,,,,,
EVT-000853-06,USR-000853,ACC-000853,TRANSACTION,TRANSACTION,2028-05-03T00:30:00,DEV-000853-02,,,transaction,SUCCESS,239055.1,,paysim,SUSPICIOUS_ESIM_CHANGE,1,CASH_IN,1042.0,240097.1,71734.85,0.0,370,C746548876,C1696377908,0,0
EVT-000854-01,USR-000854,ACC-000854,TELECOM,ESIM_CHANGE,2028-05-04T00:00:00,DEV-000854-01,,,telecom,SUCCESS,,,synthetic,LEGITIMATE_ESIM_CHANGE,0,,,,,,,,,,
EVT-000854-02,USR-000854,ACC-000854,AUTHENTICATION,LOGIN,2028-05-04T00:10:00,DEV-000854-01,,,authentication,SUCCESS,,,synthetic,LEGITIMATE_ESIM_CHANGE,0,,,,,,,,,,
EVT-000855-01,USR-000855,ACC-000855,TELECOM,SIM_SWAP,2028-05-05T00:00:00,DEV-000855-01,,,telecom,SUCCESS,,,synthetic,SIM_ESIM_AUTH_ANOMALY,1,,,,,,,,,,
EVT-000855-02,USR-000855,ACC-000855,DEVICE,NEW_DEVICE,2028-05-05T00:05:00,DEV-000855-02,,,device,UNRECOGNIZED,,,synthetic,SIM_ESIM_AUTH_ANOMALY,1,,,,,,,,,,
EVT-000855-03,USR-000855,ACC-000855,AUTHENTICATION,FAILED_LOGIN,2028-05-05T00:10:00,DEV-000855-02,,,authentication,FAILURE,,,synthetic,SIM_ESIM_AUTH_ANOMALY,1,,,,,,,,,,
EVT-000855-04,USR-000855,ACC-000855,AUTHENTICATION,FAILED_LOGIN,2028-05-05T00:12:00,DEV-000855-02,,,authentication,FAILURE,,,synthetic,SIM_ESIM_AUTH_ANOMALY,1,,,,,,,,,,
EVT-000855-05,USR-000855,ACC-000855,BEHAVIOUR,DEVICE_DEVIATION,2028-05-05T00:15:00,DEV-000855-02,,,behaviour,DEVIATION,,,synthetic,SIM_ESIM_AUTH_ANOMALY,1,,,,,,,,,,
EVT-000856-01,USR-000856,ACC-000856,TELECOM,ESIM_CHANGE,2028-05-06T00:00:00,DEV-000856-01,,,telecom,SUCCESS,,,synthetic,LEGITIMATE_ESIM_CHANGE,0,,,,,,,,,,
EVT-000856-02,USR-000856,ACC-000856,AUTHENTICATION,LOGIN,2028-05-06T00:10:00,DEV-000856-01,,,authentication,SUCCESS,,,synthetic,LEGITIMATE_ESIM_CHANGE,0,,,,,,,,,,
EVT-000857-01,USR-000857,ACC-000857,TELECOM,SIM_REPLACEMENT,2028-05-07T00:00:00,DEV-000857-01,,,telecom,SUCCESS,,,synthetic,LEGITIMATE_SIM_REPLACEMENT,0,,,,,,,,,,
EVT-000857-02,USR-000857,ACC-000857,AUTHENTICATION,LOGIN,2028-05-07T00:10:00,DEV-000857-01,,,authentication,SUCCESS,,,synthetic,LEGITIMATE_SIM_REPLACEMENT,0,,,,,,,,,,
EVT-000857-03,USR-000857,ACC-000857,TRANSACTION,TRANSACTION,2028-05-07T00:30:00,DEV-000857-01,,,transaction,SUCCESS,223455.66,,paysim,LEGITIMATE_SIM_REPLACEMENT,0,CASH_IN,540125.58,763581.25,9168463.59,8945007.92,526,C1852129486,C1002345753,0,0
EVT-000858-01,USR-000858,ACC-000858,TELECOM,SIM_REPLACEMENT,2028-05-08T00:00:00,DEV-000858-01,,,telecom,SUCCESS,,,synthetic,SUSPICIOUS_SIM_REPLACEMENT,1,,,,,,,,,,
EVT-000858-02,USR-000858,ACC-000858,DEVICE,NEW_DEVICE,2028-05-08T00:05:00,DEV-000858-02,,,device,UNRECOGNIZED,,,synthetic,SUSPICIOUS_SIM_REPLACEMENT,1,,,,,,,,,,
EVT-000858-03,USR-000858,ACC-000858,AUTHENTICATION,FAILED_LOGIN,2028-05-08T00:10:00,DEV-000858-02,,,authentication,FAILURE,,,synthetic,SUSPICIOUS_SIM_REPLACEMENT,1,,,,,,,,,,
EVT-000858-04,USR-000858,ACC-000858,RECOVERY,PASSWORD_RESET,2028-05-08T00:15:00,DEV-000858-02,,,recovery,SUCCESS,,,synthetic,SUSPICIOUS_SIM_REPLACEMENT,1,,,,,,,,,,
EVT-000858-05,USR-000858,ACC-000858,ACCOUNT,NEW_BENEFICIARY,2028-05-08T00:20:00,DEV-000858-02,,,account,SUCCESS,,BEN-000858-01,synthetic,SUSPICIOUS_SIM_REPLACEMENT,1,,,,,,,,,,
EVT-000858-06,USR-000858,ACC-000858,TRANSACTION,TRANSACTION,2028-05-08T00:30:00,DEV-000858-02,,,transaction,SUCCESS,12561.28,,paysim,SUSPICIOUS_SIM_REPLACEMENT,1,PAYMENT,291826.99,279265.71,0.0,0.0,355,C935644047,M1200463268,0,0
EVT-000859-01,USR-000859,ACC-000859,TELECOM,ESIM_CHANGE,2028-05-09T00:00:00,DEV-000859-01,,,telecom,SUCCESS,,,synthetic,SUSPICIOUS_ESIM_CHANGE,1,,,,,,,,,,
EVT-000859-02,USR-000859,ACC-000859,DEVICE,NEW_DEVICE,2028-05-09T00:05:00,DEV-000859-02,,,device,UNRECOGNIZED,,,synthetic,SUSPICIOUS_ESIM_CHANGE,1,,,,,,,,,,
EVT-000859-03,USR-000859,ACC-000859,DEVICE,DEVICE_CHANGE,2028-05-09T00:08:00,DEV-000859-02,,,device,DEVIATION,,,synthetic,SUSPICIOUS_ESIM_CHANGE,1,,,,,,,,,,
EVT-000859-04,USR-000859,ACC-000859,AUTHENTICATION,FAILED_LOGIN,2028-05-09T00:10:00,DEV-000859-02,,,authentication,FAILURE,,,synthetic,SUSPICIOUS_ESIM_CHANGE,1,,,,,,,,,,
EVT-000859-05,USR-000859,ACC-000859,BEHAVIOUR,DEVICE_DEVIATION,2028-05-09T00:15:00,DEV-000859-02,,,behaviour,DEVIATION,,,synthetic,SUSPICIOUS_ESIM_CHANGE,1,,,,,,,,,,
EVT-000859-06,USR-000859,ACC-000859,TRANSACTION,TRANSACTION,2028-05-09T00:30:00,DEV-000859-02,,,transaction,SUCCESS,2615.95,,paysim,SUSPICIOUS_ESIM_CHANGE,1,PAYMENT,39317.0,36701.05,0.0,0.0,206,C456303345,M997128098,0,0
EVT-000860-01,USR-000860,ACC-000860,TELECOM,SIM_REPLACEMENT,2028-05-10T00:00:00,DEV-000860-01,,,telecom,SUCCESS,,,synthetic,SUSPICIOUS_SIM_REPLACEMENT,1,,,,,,,,,,
EVT-000860-02,USR-000860,ACC-000860,DEVICE,NEW_DEVICE,2028-05-10T00:05:00,DEV-000860-02,,,device,UNRECOGNIZED,,,synthetic,SUSPICIOUS_SIM_REPLACEMENT,1,,,,,,,,,,
EVT-000860-03,USR-000860,ACC-000860,AUTHENTICATION,FAILED_LOGIN,2028-05-10T00:10:00,DEV-000860-02,,,authentication,FAILURE,,,synthetic,SUSPICIOUS_SIM_REPLACEMENT,1,,,,,,,,,,
EVT-000860-04,USR-000860,ACC-000860,RECOVERY,PASSWORD_RESET,2028-05-10T00:15:00,DEV-000860-02,,,recovery,SUCCESS,,,synthetic,SUSPICIOUS_SIM_REPLACEMENT,1,,,,,,,,,,
EVT-000860-05,USR-000860,ACC-000860,ACCOUNT,NEW_BENEFICIARY,2028-05-10T00:20:00,DEV-000860-02,,,account,SUCCESS,,BEN-000860-01,synthetic,SUSPICIOUS_SIM_REPLACEMENT,1,,,,,,,,,,
EVT-000860-06,USR-000860,ACC-000860,TRANSACTION,TRANSACTION,2028-05-10T00:30:00,DEV-000860-02,,,transaction,SUCCESS,234029.86,,paysim,SUSPICIOUS_SIM_REPLACEMENT,1,CASH_IN,33331.0,267360.86,0.0,0.0,137,C763641198,C1298081607,0,0
EVT-000861-01,USR-000861,ACC-000861,TELECOM,SIM_REPLACEMENT,2028-05-11T00:00:00,DEV-000861-01,,,telecom,SUCCESS,,,synthetic,SUSPICIOUS_SIM_REPLACEMENT,1,,,,,,,,,,
EVT-000861-02,USR-000861,ACC-000861,DEVICE,NEW_DEVICE,2028-05-11T00:05:00,DEV-000861-02,,,device,UNRECOGNIZED,,,synthetic,SUSPICIOUS_SIM_REPLACEMENT,1,,,,,,,,,,
EVT-000861-03,USR-000861,ACC-000861,AUTHENTICATION,FAILED_LOGIN,2028-05-11T00:10:00,DEV-000861-02,,,authentication,FAILURE,,,synthetic,SUSPICIOUS_SIM_REPLACEMENT,1,,,,,,,,,,
EVT-000861-04,USR-000861,ACC-000861,RECOVERY,PASSWORD_RESET,2028-05-11T00:15:00,DEV-000861-02,,,recovery,SUCCESS,,,synthetic,SUSPICIOUS_SIM_REPLACEMENT,1,,,,,,,,,,
EVT-000861-05,USR-000861,ACC-000861,ACCOUNT,NEW_BENEFICIARY,2028-05-11T00:20:00,DEV-000861-02,,,account,SUCCESS,,BEN-000861-01,synthetic,SUSPICIOUS_SIM_REPLACEMENT,1,,,,,,,,,,
EVT-000861-06,USR-000861,ACC-000861,TRANSACTION,TRANSACTION,2028-05-11T00:30:00,DEV-000861-02,,,transaction,SUCCESS,89009.3,,paysim,SUSPICIOUS_SIM_REPLACEMENT,1,CASH_OUT,0.0,0.0,721262.33,810271.64,402,C1761296868,C1900960492,0,0
EVT-000862-01,USR-000862,ACC-000862,TELECOM,ESIM_CHANGE,2028-05-12T00:00:00,DEV-000862-01,,,telecom,SUCCESS,,,synthetic,SUSPICIOUS_ESIM_CHANGE,1,,,,,,,,,,
EVT-000862-02,USR-000862,ACC-000862,DEVICE,NEW_DEVICE,2028-05-12T00:05:00,DEV-000862-02,,,device,UNRECOGNIZED,,,synthetic,SUSPICIOUS_ESIM_CHANGE,1,,,,,,,,,,
EVT-000862-03,USR-000862,ACC-000862,DEVICE,DEVICE_CHANGE,2028-05-12T00:08:00,DEV-000862-02,,,device,DEVIATION,,,synthetic,SUSPICIOUS_ESIM_CHANGE,1,,,,,,,,,,
EVT-000862-04,USR-000862,ACC-000862,AUTHENTICATION,FAILED_LOGIN,2028-05-12T00:10:00,DEV-000862-02,,,authentication,FAILURE,,,synthetic,SUSPICIOUS_ESIM_CHANGE,1,,,,,,,,,,
EVT-000862-05,USR-000862,ACC-000862,BEHAVIOUR,DEVICE_DEVIATION,2028-05-12T00:15:00,DEV-000862-02,,,behaviour,DEVIATION,,,synthetic,SUSPICIOUS_ESIM_CHANGE,1,,,,,,,,,,
EVT-000862-06,USR-000862,ACC-000862,TRANSACTION,TRANSACTION,2028-05-12T00:30:00,DEV-000862-02,,,transaction,SUCCESS,665.55,,paysim,SUSPICIOUS_ESIM_CHANGE,1,PAYMENT,41323.0,40657.45,0.0,0.0,714,C641750759,M1109706121,0,0
EVT-000863-01,USR-000863,ACC-000863,TELECOM,ESIM_CHANGE,2028-05-13T00:00:00,DEV-000863-01,,,telecom,SUCCESS,,,synthetic,LEGITIMATE_ESIM_CHANGE,0,,,,,,,,,,
EVT-000863-02,USR-000863,ACC-000863,AUTHENTICATION,LOGIN,2028-05-13T00:10:00,DEV-000863-01,,,authentication,SUCCESS,,,synthetic,LEGITIMATE_ESIM_CHANGE,0,,,,,,,,,,
EVT-000864-01,USR-000864,ACC-000864,TELECOM,ESIM_CHANGE,2028-05-14T00:00:00,DEV-000864-01,,,telecom,SUCCESS,,,synthetic,LEGITIMATE_ESIM_CHANGE,0,,,,,,,,,,
EVT-000864-02,USR-000864,ACC-000864,AUTHENTICATION,LOGIN,2028-05-14T00:10:00,DEV-000864-01,,,authentication,SUCCESS,,,synthetic,LEGITIMATE_ESIM_CHANGE,0,,,,,,,,,,
EVT-000865-01,USR-000865,ACC-000865,TELECOM,ESIM_CHANGE,2028-05-15T00:00:00,DEV-000865-01,,,telecom,SUCCESS,,,synthetic,SUSPICIOUS_ESIM_CHANGE,1,,,,,,,,,,
EVT-000865-02,USR-000865,ACC-000865,DEVICE,NEW_DEVICE,2028-05-15T00:05:00,DEV-000865-02,,,device,UNRECOGNIZED,,,synthetic,SUSPICIOUS_ESIM_CHANGE,1,,,,,,,,,,
EVT-000865-03,USR-000865,ACC-000865,DEVICE,DEVICE_CHANGE,2028-05-15T00:08:00,DEV-000865-02,,,device,DEVIATION,,,synthetic,SUSPICIOUS_ESIM_CHANGE,1,,,,,,,,,,
EVT-000865-04,USR-000865,ACC-000865,AUTHENTICATION,FAILED_LOGIN,2028-05-15T00:10:00,DEV-000865-02,,,authentication,FAILURE,,,synthetic,SUSPICIOUS_ESIM_CHANGE,1,,,,,,,,,,
EVT-000865-05,USR-000865,ACC-000865,BEHAVIOUR,DEVICE_DEVIATION,2028-05-15T00:15:00,DEV-000865-02,,,behaviour,DEVIATION,,,synthetic,SUSPICIOUS_ESIM_CHANGE,1,,,,,,,,,,
EVT-000865-06,USR-000865,ACC-000865,TRANSACTION,TRANSACTION,2028-05-15T00:30:00,DEV-000865-02,,,transaction,SUCCESS,2865765.97,,paysim,SUSPICIOUS_ESIM_CHANGE,1,TRANSFER,10174.0,0.0,62900.36,2928666.32,370,C665724832,C334090373,0,0
EVT-000866-01,USR-000866,ACC-000866,TELECOM,SIM_REPLACEMENT,2028-05-16T00:00:00,DEV-000866-01,,,telecom,SUCCESS,,,synthetic,SUSPICIOUS_SIM_REPLACEMENT,1,,,,,,,,,,
EVT-000866-02,USR-000866,ACC-000866,DEVICE,NEW_DEVICE,2028-05-16T00:05:00,DEV-000866-02,,,device,UNRECOGNIZED,,,synthetic,SUSPICIOUS_SIM_REPLACEMENT,1,,,,,,,,,,
EVT-000866-03,USR-000866,ACC-000866,AUTHENTICATION,FAILED_LOGIN,2028-05-16T00:10:00,DEV-000866-02,,,authentication,FAILURE,,,synthetic,SUSPICIOUS_SIM_REPLACEMENT,1,,,,,,,,,,
EVT-000866-04,USR-000866,ACC-000866,RECOVERY,PASSWORD_RESET,2028-05-16T00:15:00,DEV-000866-02,,,recovery,SUCCESS,,,synthetic,SUSPICIOUS_SIM_REPLACEMENT,1,,,,,,,,,,
EVT-000866-05,USR-000866,ACC-000866,ACCOUNT,NEW_BENEFICIARY,2028-05-16T00:20:00,DEV-000866-02,,,account,SUCCESS,,BEN-000866-01,synthetic,SUSPICIOUS_SIM_REPLACEMENT,1,,,,,,,,,,
EVT-000866-06,USR-000866,ACC-000866,TRANSACTION,TRANSACTION,2028-05-16T00:30:00,DEV-000866-02,,,transaction,SUCCESS,9393.5,,paysim,SUSPICIOUS_SIM_REPLACEMENT,1,PAYMENT,0.0,0.0,0.0,0.0,329,C2033459274,M864332242,0,0
EVT-000867-01,USR-000867,ACC-000867,TELECOM,ESIM_CHANGE,2028-05-17T00:00:00,DEV-000867-01,,,telecom,SUCCESS,,,synthetic,LEGITIMATE_ESIM_CHANGE,0,,,,,,,,,,
EVT-000867-02,USR-000867,ACC-000867,AUTHENTICATION,LOGIN,2028-05-17T00:10:00,DEV-000867-01,,,authentication,SUCCESS,,,synthetic,LEGITIMATE_ESIM_CHANGE,0,,,,,,,,,,
EVT-000868-01,USR-000868,ACC-000868,TELECOM,SIM_REPLACEMENT,2028-05-18T00:00:00,DEV-000868-01,,,telecom,SUCCESS,,,synthetic,LEGITIMATE_SIM_REPLACEMENT,0,,,,,,,,,,
EVT-000868-02,USR-000868,ACC-000868,AUTHENTICATION,LOGIN,2028-05-18T00:10:00,DEV-000868-01,,,authentication,SUCCESS,,,synthetic,LEGITIMATE_SIM_REPLACEMENT,0,,,,,,,,,,
EVT-000868-03,USR-000868,ACC-000868,TRANSACTION,TRANSACTION,2028-05-18T00:30:00,DEV-000868-01,,,transaction,SUCCESS,216430.7,,paysim,LEGITIMATE_SIM_REPLACEMENT,0,CASH_IN,3861330.21,4077760.91,528747.49,312316.79,156,C409618931,C1501187510,0,0
EVT-000869-01,USR-000869,ACC-000869,TELECOM,ESIM_CHANGE,2028-05-19T00:00:00,DEV-000869-01,,,telecom,SUCCESS,,,synthetic,LEGITIMATE_ESIM_CHANGE,0,,,,,,,,,,
EVT-000869-02,USR-000869,ACC-000869,AUTHENTICATION,LOGIN,2028-05-19T00:10:00,DEV-000869-01,,,authentication,SUCCESS,,,synthetic,LEGITIMATE_ESIM_CHANGE,0,,,,,,,,,,
EVT-000870-01,USR-000870,ACC-000870,TELECOM,SIM_REPLACEMENT,2028-05-20T00:00:00,DEV-000870-01,,,telecom,SUCCESS,,,synthetic,SUSPICIOUS_SIM_REPLACEMENT,1,,,,,,,,,,
EVT-000870-02,USR-000870,ACC-000870,DEVICE,NEW_DEVICE,2028-05-20T00:05:00,DEV-000870-02,,,device,UNRECOGNIZED,,,synthetic,SUSPICIOUS_SIM_REPLACEMENT,1,,,,,,,,,,
EVT-000870-03,USR-000870,ACC-000870,AUTHENTICATION,FAILED_LOGIN,2028-05-20T00:10:00,DEV-000870-02,,,authentication,FAILURE,,,synthetic,SUSPICIOUS_SIM_REPLACEMENT,1,,,,,,,,,,
EVT-000870-04,USR-000870,ACC-000870,RECOVERY,PASSWORD_RESET,2028-05-20T00:15:00,DEV-000870-02,,,recovery,SUCCESS,,,synthetic,SUSPICIOUS_SIM_REPLACEMENT,1,,,,,,,,,,
EVT-000870-05,USR-000870,ACC-000870,ACCOUNT,NEW_BENEFICIARY,2028-05-20T00:20:00,DEV-000870-02,,,account,SUCCESS,,BEN-000870-01,synthetic,SUSPICIOUS_SIM_REPLACEMENT,1,,,,,,,,,,
EVT-000870-06,USR-000870,ACC-000870,TRANSACTION,TRANSACTION,2028-05-20T00:30:00,DEV-000870-02,,,transaction,SUCCESS,77561.93,,paysim,SUSPICIOUS_SIM_REPLACEMENT,1,CASH_OUT,80256.67,2694.74,102768.43,180330.36,44,C1823225540,C1181848967,0,0
EVT-000871-01,USR-000871,ACC-000871,TELECOM,ESIM_CHANGE,2028-05-21T00:00:00,DEV-000871-01,,,telecom,SUCCESS,,,synthetic,LEGITIMATE_ESIM_CHANGE,0,,,,,,,,,,
EVT-000871-02,USR-000871,ACC-000871,AUTHENTICATION,LOGIN,2028-05-21T00:10:00,DEV-000871-01,,,authentication,SUCCESS,,,synthetic,LEGITIMATE_ESIM_CHANGE,0,,,,,,,,,,
EVT-000872-01,USR-000872,ACC-000872,TELECOM,SIM_SWAP,2028-05-22T00:00:00,DEV-000872-01,,,telecom,SUCCESS,,,synthetic,SIM_ESIM_AUTH_ANOMALY,1,,,,,,,,,,
EVT-000872-02,USR-000872,ACC-000872,DEVICE,NEW_DEVICE,2028-05-22T00:05:00,DEV-000872-02,,,device,UNRECOGNIZED,,,synthetic,SIM_ESIM_AUTH_ANOMALY,1,,,,,,,,,,
EVT-000872-03,USR-000872,ACC-000872,AUTHENTICATION,FAILED_LOGIN,2028-05-22T00:10:00,DEV-000872-02,,,authentication,FAILURE,,,synthetic,SIM_ESIM_AUTH_ANOMALY,1,,,,,,,,,,
EVT-000872-04,USR-000872,ACC-000872,AUTHENTICATION,FAILED_LOGIN,2028-05-22T00:12:00,DEV-000872-02,,,authentication,FAILURE,,,synthetic,SIM_ESIM_AUTH_ANOMALY,1,,,,,,,,,,
EVT-000872-05,USR-000872,ACC-000872,BEHAVIOUR,DEVICE_DEVIATION,2028-05-22T00:15:00,DEV-000872-02,,,behaviour,DEVIATION,,,synthetic,SIM_ESIM_AUTH_ANOMALY,1,,,,,,,,,,
EVT-000873-01,USR-000873,ACC-000873,TELECOM,SIM_SWAP,2028-05-23T00:00:00,DEV-000873-01,,,telecom,SUCCESS,,,synthetic,SIM_ESIM_AUTH_ANOMALY,1,,,,,,,,,,
EVT-000873-02,USR-000873,ACC-000873,DEVICE,NEW_DEVICE,2028-05-23T00:05:00,DEV-000873-02,,,device,UNRECOGNIZED,,,synthetic,SIM_ESIM_AUTH_ANOMALY,1,,,,,,,,,,
EVT-000873-03,USR-000873,ACC-000873,AUTHENTICATION,FAILED_LOGIN,2028-05-23T00:10:00,DEV-000873-02,,,authentication,FAILURE,,,synthetic,SIM_ESIM_AUTH_ANOMALY,1,,,,,,,,,,
EVT-000873-04,USR-000873,ACC-000873,AUTHENTICATION,FAILED_LOGIN,2028-05-23T00:12:00,DEV-000873-02,,,authentication,FAILURE,,,synthetic,SIM_ESIM_AUTH_ANOMALY,1,,,,,,,,,,
EVT-000873-05,USR-000873,ACC-000873,BEHAVIOUR,DEVICE_DEVIATION,2028-05-23T00:15:00,DEV-000873-02,,,behaviour,DEVIATION,,,synthetic,SIM_ESIM_AUTH_ANOMALY,1,,,,,,,,,,
EVT-000874-01,USR-000874,ACC-000874,TELECOM,SIM_SWAP,2028-05-24T00:00:00,DEV-000874-01,,,telecom,SUCCESS,,,synthetic,SIM_ESIM_AUTH_ANOMALY,1,,,,,,,,,,
EVT-000874-02,USR-000874,ACC-000874,DEVICE,NEW_DEVICE,2028-05-24T00:05:00,DEV-000874-02,,,device,UNRECOGNIZED,,,synthetic,SIM_ESIM_AUTH_ANOMALY,1,,,,,,,,,,
EVT-000874-03,USR-000874,ACC-000874,AUTHENTICATION,FAILED_LOGIN,2028-05-24T00:10:00,DEV-000874-02,,,authentication,FAILURE,,,synthetic,SIM_ESIM_AUTH_ANOMALY,1,,,,,,,,,,
EVT-000874-04,USR-000874,ACC-000874,AUTHENTICATION,FAILED_LOGIN,2028-05-24T00:12:00,DEV-000874-02,,,authentication,FAILURE,,,synthetic,SIM_ESIM_AUTH_ANOMALY,1,,,,,,,,,,
EVT-000874-05,USR-000874,ACC-000874,BEHAVIOUR,DEVICE_DEVIATION,2028-05-24T00:15:00,DEV-000874-02,,,behaviour,DEVIATION,,,synthetic,SIM_ESIM_AUTH_ANOMALY,1,,,,,,,,,,
EVT-000875-01,USR-000875,ACC-000875,TELECOM,ESIM_CHANGE,2028-05-25T00:00:00,DEV-000875-01,,,telecom,SUCCESS,,,synthetic,LEGITIMATE_ESIM_CHANGE,0,,,,,,,,,,
EVT-000875-02,USR-000875,ACC-000875,AUTHENTICATION,LOGIN,2028-05-25T00:10:00,DEV-000875-01,,,authentication,SUCCESS,,,synthetic,LEGITIMATE_ESIM_CHANGE,0,,,,,,,,,,
EVT-000876-01,USR-000876,ACC-000876,TELECOM,SIM_REPLACEMENT,2028-05-26T00:00:00,DEV-000876-01,,,telecom,SUCCESS,,,synthetic,LEGITIMATE_SIM_REPLACEMENT,0,,,,,,,,,,
EVT-000876-02,USR-000876,ACC-000876,AUTHENTICATION,LOGIN,2028-05-26T00:10:00,DEV-000876-01,,,authentication,SUCCESS,,,synthetic,LEGITIMATE_SIM_REPLACEMENT,0,,,,,,,,,,
EVT-000876-03,USR-000876,ACC-000876,TRANSACTION,TRANSACTION,2028-05-26T00:30:00,DEV-000876-01,,,transaction,SUCCESS,301297.79,,paysim,LEGITIMATE_SIM_REPLACEMENT,0,CASH_IN,49682.0,350979.79,0.0,0.0,282,C947911905,C2101126821,0,0
EVT-000877-01,USR-000877,ACC-000877,TELECOM,ESIM_CHANGE,2028-05-27T00:00:00,DEV-000877-01,,,telecom,SUCCESS,,,synthetic,SUSPICIOUS_ESIM_CHANGE,1,,,,,,,,,,
EVT-000877-02,USR-000877,ACC-000877,DEVICE,NEW_DEVICE,2028-05-27T00:05:00,DEV-000877-02,,,device,UNRECOGNIZED,,,synthetic,SUSPICIOUS_ESIM_CHANGE,1,,,,,,,,,,
EVT-000877-03,USR-000877,ACC-000877,DEVICE,DEVICE_CHANGE,2028-05-27T00:08:00,DEV-000877-02,,,device,DEVIATION,,,synthetic,SUSPICIOUS_ESIM_CHANGE,1,,,,,,,,,,
EVT-000877-04,USR-000877,ACC-000877,AUTHENTICATION,FAILED_LOGIN,2028-05-27T00:10:00,DEV-000877-02,,,authentication,FAILURE,,,synthetic,SUSPICIOUS_ESIM_CHANGE,1,,,,,,,,,,
EVT-000877-05,USR-000877,ACC-000877,BEHAVIOUR,DEVICE_DEVIATION,2028-05-27T00:15:00,DEV-000877-02,,,behaviour,DEVIATION,,,synthetic,SUSPICIOUS_ESIM_CHANGE,1,,,,,,,,,,
EVT-000877-06,USR-000877,ACC-000877,TRANSACTION,TRANSACTION,2028-05-27T00:30:00,DEV-000877-02,,,transaction,SUCCESS,360669.85,,paysim,SUSPICIOUS_ESIM_CHANGE,1,CASH_OUT,101632.0,0.0,1001426.96,1362096.81,377,C833367932,C353345,0,0
EVT-000878-01,USR-000878,ACC-000878,TELECOM,ESIM_CHANGE,2028-05-28T00:00:00,DEV-000878-01,,,telecom,SUCCESS,,,synthetic,SUSPICIOUS_ESIM_CHANGE,1,,,,,,,,,,
EVT-000878-02,USR-000878,ACC-000878,DEVICE,NEW_DEVICE,2028-05-28T00:05:00,DEV-000878-02,,,device,UNRECOGNIZED,,,synthetic,SUSPICIOUS_ESIM_CHANGE,1,,,,,,,,,,
EVT-000878-03,USR-000878,ACC-000878,DEVICE,DEVICE_CHANGE,2028-05-28T00:08:00,DEV-000878-02,,,device,DEVIATION,,,synthetic,SUSPICIOUS_ESIM_CHANGE,1,,,,,,,,,,
EVT-000878-04,USR-000878,ACC-000878,AUTHENTICATION,FAILED_LOGIN,2028-05-28T00:10:00,DEV-000878-02,,,authentication,FAILURE,,,synthetic,SUSPICIOUS_ESIM_CHANGE,1,,,,,,,,,,
EVT-000878-05,USR-000878,ACC-000878,BEHAVIOUR,DEVICE_DEVIATION,2028-05-28T00:15:00,DEV-000878-02,,,behaviour,DEVIATION,,,synthetic,SUSPICIOUS_ESIM_CHANGE,1,,,,,,,,,,
EVT-000878-06,USR-000878,ACC-000878,TRANSACTION,TRANSACTION,2028-05-28T00:30:00,DEV-000878-02,,,transaction,SUCCESS,166734.65,,paysim,SUSPICIOUS_ESIM_CHANGE,1,CASH_OUT,0.0,0.0,625009.88,791744.53,132,C492762878,C2040053887,0,0
EVT-000879-01,USR-000879,ACC-000879,TELECOM,SIM_SWAP,2028-05-29T00:00:00,DEV-000879-01,,,telecom,SUCCESS,,,synthetic,SIM_ESIM_AUTH_ANOMALY,1,,,,,,,,,,
EVT-000879-02,USR-000879,ACC-000879,DEVICE,NEW_DEVICE,2028-05-29T00:05:00,DEV-000879-02,,,device,UNRECOGNIZED,,,synthetic,SIM_ESIM_AUTH_ANOMALY,1,,,,,,,,,,
EVT-000879-03,USR-000879,ACC-000879,AUTHENTICATION,FAILED_LOGIN,2028-05-29T00:10:00,DEV-000879-02,,,authentication,FAILURE,,,synthetic,SIM_ESIM_AUTH_ANOMALY,1,,,,,,,,,,
EVT-000879-04,USR-000879,ACC-000879,AUTHENTICATION,FAILED_LOGIN,2028-05-29T00:12:00,DEV-000879-02,,,authentication,FAILURE,,,synthetic,SIM_ESIM_AUTH_ANOMALY,1,,,,,,,,,,
EVT-000879-05,USR-000879,ACC-000879,BEHAVIOUR,DEVICE_DEVIATION,2028-05-29T00:15:00,DEV-000879-02,,,behaviour,DEVIATION,,,synthetic,SIM_ESIM_AUTH_ANOMALY,1,,,,,,,,,,
EVT-000880-01,USR-000880,ACC-000880,TELECOM,ESIM_CHANGE,2028-05-30T00:00:00,DEV-000880-01,,,telecom,SUCCESS,,,synthetic,LEGITIMATE_ESIM_CHANGE,0,,,,,,,,,,
EVT-000880-02,USR-000880,ACC-000880,AUTHENTICATION,LOGIN,2028-05-30T00:10:00,DEV-000880-01,,,authentication,SUCCESS,,,synthetic,LEGITIMATE_ESIM_CHANGE,0,,,,,,,,,,
EVT-000881-01,USR-000881,ACC-000881,TELECOM,ESIM_CHANGE,2028-05-31T00:00:00,DEV-000881-01,,,telecom,SUCCESS,,,synthetic,SUSPICIOUS_ESIM_CHANGE,1,,,,,,,,,,
EVT-000881-02,USR-000881,ACC-000881,DEVICE,NEW_DEVICE,2028-05-31T00:05:00,DEV-000881-02,,,device,UNRECOGNIZED,,,synthetic,SUSPICIOUS_ESIM_CHANGE,1,,,,,,,,,,
EVT-000881-03,USR-000881,ACC-000881,DEVICE,DEVICE_CHANGE,2028-05-31T00:08:00,DEV-000881-02,,,device,DEVIATION,,,synthetic,SUSPICIOUS_ESIM_CHANGE,1,,,,,,,,,,
EVT-000881-04,USR-000881,ACC-000881,AUTHENTICATION,FAILED_LOGIN,2028-05-31T00:10:00,DEV-000881-02,,,authentication,FAILURE,,,synthetic,SUSPICIOUS_ESIM_CHANGE,1,,,,,,,,,,
EVT-000881-05,USR-000881,ACC-000881,BEHAVIOUR,DEVICE_DEVIATION,2028-05-31T00:15:00,DEV-000881-02,,,behaviour,DEVIATION,,,synthetic,SUSPICIOUS_ESIM_CHANGE,1,,,,,,,,,,
EVT-000881-06,USR-000881,ACC-000881,TRANSACTION,TRANSACTION,2028-05-31T00:30:00,DEV-000881-02,,,transaction,SUCCESS,26632.13,,paysim,SUSPICIOUS_ESIM_CHANGE,1,CASH_IN,575474.0,602106.13,0.0,0.0,393,C719706995,C1879679023,0,0
EVT-000882-01,USR-000882,ACC-000882,TELECOM,ESIM_CHANGE,2028-06-01T00:00:00,DEV-000882-01,,,telecom,SUCCESS,,,synthetic,LEGITIMATE_ESIM_CHANGE,0,,,,,,,,,,
EVT-000882-02,USR-000882,ACC-000882,AUTHENTICATION,LOGIN,2028-06-01T00:10:00,DEV-000882-01,,,authentication,SUCCESS,,,synthetic,LEGITIMATE_ESIM_CHANGE,0,,,,,,,,,,
EVT-000883-01,USR-000883,ACC-000883,TELECOM,SIM_REPLACEMENT,2028-06-02T00:00:00,DEV-000883-01,,,telecom,SUCCESS,,,synthetic,SUSPICIOUS_SIM_REPLACEMENT,1,,,,,,,,,,
EVT-000883-02,USR-000883,ACC-000883,DEVICE,NEW_DEVICE,2028-06-02T00:05:00,DEV-000883-02,,,device,UNRECOGNIZED,,,synthetic,SUSPICIOUS_SIM_REPLACEMENT,1,,,,,,,,,,
EVT-000883-03,USR-000883,ACC-000883,AUTHENTICATION,FAILED_LOGIN,2028-06-02T00:10:00,DEV-000883-02,,,authentication,FAILURE,,,synthetic,SUSPICIOUS_SIM_REPLACEMENT,1,,,,,,,,,,
EVT-000883-04,USR-000883,ACC-000883,RECOVERY,PASSWORD_RESET,2028-06-02T00:15:00,DEV-000883-02,,,recovery,SUCCESS,,,synthetic,SUSPICIOUS_SIM_REPLACEMENT,1,,,,,,,,,,
EVT-000883-05,USR-000883,ACC-000883,ACCOUNT,NEW_BENEFICIARY,2028-06-02T00:20:00,DEV-000883-02,,,account,SUCCESS,,BEN-000883-01,synthetic,SUSPICIOUS_SIM_REPLACEMENT,1,,,,,,,,,,
EVT-000883-06,USR-000883,ACC-000883,TRANSACTION,TRANSACTION,2028-06-02T00:30:00,DEV-000883-02,,,transaction,SUCCESS,662867.18,,paysim,SUSPICIOUS_SIM_REPLACEMENT,1,CASH_IN,144603.0,807470.18,157404.4,0.0,252,C1199481971,C970801863,0,0
EVT-000884-01,USR-000884,ACC-000884,TELECOM,ESIM_CHANGE,2028-06-03T00:00:00,DEV-000884-01,,,telecom,SUCCESS,,,synthetic,SUSPICIOUS_ESIM_CHANGE,1,,,,,,,,,,
EVT-000884-02,USR-000884,ACC-000884,DEVICE,NEW_DEVICE,2028-06-03T00:05:00,DEV-000884-02,,,device,UNRECOGNIZED,,,synthetic,SUSPICIOUS_ESIM_CHANGE,1,,,,,,,,,,
EVT-000884-03,USR-000884,ACC-000884,DEVICE,DEVICE_CHANGE,2028-06-03T00:08:00,DEV-000884-02,,,device,DEVIATION,,,synthetic,SUSPICIOUS_ESIM_CHANGE,1,,,,,,,,,,
EVT-000884-04,USR-000884,ACC-000884,AUTHENTICATION,FAILED_LOGIN,2028-06-03T00:10:00,DEV-000884-02,,,authentication,FAILURE,,,synthetic,SUSPICIOUS_ESIM_CHANGE,1,,,,,,,,,,
EVT-000884-05,USR-000884,ACC-000884,BEHAVIOUR,DEVICE_DEVIATION,2028-06-03T00:15:00,DEV-000884-02,,,behaviour,DEVIATION,,,synthetic,SUSPICIOUS_ESIM_CHANGE,1,,,,,,,,,,
EVT-000884-06,USR-000884,ACC-000884,TRANSACTION,TRANSACTION,2028-06-03T00:30:00,DEV-000884-02,,,transaction,SUCCESS,60996.92,,paysim,SUSPICIOUS_ESIM_CHANGE,1,CASH_IN,3016907.09,3077904.01,227337.44,166340.51,355,C1943669227,C777946493,0,0
EVT-000885-01,USR-000885,ACC-000885,TELECOM,ESIM_CHANGE,2028-06-04T00:00:00,DEV-000885-01,,,telecom,SUCCESS,,,synthetic,SUSPICIOUS_ESIM_CHANGE,1,,,,,,,,,,
EVT-000885-02,USR-000885,ACC-000885,DEVICE,NEW_DEVICE,2028-06-04T00:05:00,DEV-000885-02,,,device,UNRECOGNIZED,,,synthetic,SUSPICIOUS_ESIM_CHANGE,1,,,,,,,,,,
EVT-000885-03,USR-000885,ACC-000885,DEVICE,DEVICE_CHANGE,2028-06-04T00:08:00,DEV-000885-02,,,device,DEVIATION,,,synthetic,SUSPICIOUS_ESIM_CHANGE,1,,,,,,,,,,
EVT-000885-04,USR-000885,ACC-000885,AUTHENTICATION,FAILED_LOGIN,2028-06-04T00:10:00,DEV-000885-02,,,authentication,FAILURE,,,synthetic,SUSPICIOUS_ESIM_CHANGE,1,,,,,,,,,,
EVT-000885-05,USR-000885,ACC-000885,BEHAVIOUR,DEVICE_DEVIATION,2028-06-04T00:15:00,DEV-000885-02,,,behaviour,DEVIATION,,,synthetic,SUSPICIOUS_ESIM_CHANGE,1,,,,,,,,,,
EVT-000885-06,USR-000885,ACC-000885,TRANSACTION,TRANSACTION,2028-06-04T00:30:00,DEV-000885-02,,,transaction,SUCCESS,72509.16,,paysim,SUSPICIOUS_ESIM_CHANGE,1,CASH_OUT,8124.0,0.0,0.0,72509.16,308,C1293294763,C1194584622,0,0
EVT-000886-01,USR-000886,ACC-000886,TELECOM,ESIM_CHANGE,2028-06-05T00:00:00,DEV-000886-01,,,telecom,SUCCESS,,,synthetic,LEGITIMATE_ESIM_CHANGE,0,,,,,,,,,,
EVT-000886-02,USR-000886,ACC-000886,AUTHENTICATION,LOGIN,2028-06-05T00:10:00,DEV-000886-01,,,authentication,SUCCESS,,,synthetic,LEGITIMATE_ESIM_CHANGE,0,,,,,,,,,,
EVT-000887-01,USR-000887,ACC-000887,TELECOM,ESIM_CHANGE,2028-06-06T00:00:00,DEV-000887-01,,,telecom,SUCCESS,,,synthetic,LEGITIMATE_ESIM_CHANGE,0,,,,,,,,,,
EVT-000887-02,USR-000887,ACC-000887,AUTHENTICATION,LOGIN,2028-06-06T00:10:00,DEV-000887-01,,,authentication,SUCCESS,,,synthetic,LEGITIMATE_ESIM_CHANGE,0,,,,,,,,,,
EVT-000888-01,USR-000888,ACC-000888,TELECOM,SIM_REPLACEMENT,2028-06-07T00:00:00,DEV-000888-01,,,telecom,SUCCESS,,,synthetic,SUSPICIOUS_SIM_REPLACEMENT,1,,,,,,,,,,
EVT-000888-02,USR-000888,ACC-000888,DEVICE,NEW_DEVICE,2028-06-07T00:05:00,DEV-000888-02,,,device,UNRECOGNIZED,,,synthetic,SUSPICIOUS_SIM_REPLACEMENT,1,,,,,,,,,,
EVT-000888-03,USR-000888,ACC-000888,AUTHENTICATION,FAILED_LOGIN,2028-06-07T00:10:00,DEV-000888-02,,,authentication,FAILURE,,,synthetic,SUSPICIOUS_SIM_REPLACEMENT,1,,,,,,,,,,
EVT-000888-04,USR-000888,ACC-000888,RECOVERY,PASSWORD_RESET,2028-06-07T00:15:00,DEV-000888-02,,,recovery,SUCCESS,,,synthetic,SUSPICIOUS_SIM_REPLACEMENT,1,,,,,,,,,,
EVT-000888-05,USR-000888,ACC-000888,ACCOUNT,NEW_BENEFICIARY,2028-06-07T00:20:00,DEV-000888-02,,,account,SUCCESS,,BEN-000888-01,synthetic,SUSPICIOUS_SIM_REPLACEMENT,1,,,,,,,,,,
EVT-000888-06,USR-000888,ACC-000888,TRANSACTION,TRANSACTION,2028-06-07T00:30:00,DEV-000888-02,,,transaction,SUCCESS,245782.8,,paysim,SUSPICIOUS_SIM_REPLACEMENT,1,CASH_OUT,0.0,0.0,482754.22,728537.02,305,C1754378820,C835585504,0,0
EVT-000889-01,USR-000889,ACC-000889,TELECOM,SIM_REPLACEMENT,2028-06-08T00:00:00,DEV-000889-01,,,telecom,SUCCESS,,,synthetic,LEGITIMATE_SIM_REPLACEMENT,0,,,,,,,,,,
EVT-000889-02,USR-000889,ACC-000889,AUTHENTICATION,LOGIN,2028-06-08T00:10:00,DEV-000889-01,,,authentication,SUCCESS,,,synthetic,LEGITIMATE_SIM_REPLACEMENT,0,,,,,,,,,,
EVT-000889-03,USR-000889,ACC-000889,TRANSACTION,TRANSACTION,2028-06-08T00:30:00,DEV-000889-01,,,transaction,SUCCESS,362173.17,,paysim,LEGITIMATE_SIM_REPLACEMENT,0,CASH_OUT,21535.0,0.0,1321508.82,1683681.99,41,C1035881959,C1864187231,0,0
EVT-000890-01,USR-000890,ACC-000890,TELECOM,SIM_SWAP,2028-06-09T00:00:00,DEV-000890-01,,,telecom,SUCCESS,,,synthetic,SIM_ESIM_AUTH_ANOMALY,1,,,,,,,,,,
EVT-000890-02,USR-000890,ACC-000890,DEVICE,NEW_DEVICE,2028-06-09T00:05:00,DEV-000890-02,,,device,UNRECOGNIZED,,,synthetic,SIM_ESIM_AUTH_ANOMALY,1,,,,,,,,,,
EVT-000890-03,USR-000890,ACC-000890,AUTHENTICATION,FAILED_LOGIN,2028-06-09T00:10:00,DEV-000890-02,,,authentication,FAILURE,,,synthetic,SIM_ESIM_AUTH_ANOMALY,1,,,,,,,,,,
EVT-000890-04,USR-000890,ACC-000890,AUTHENTICATION,FAILED_LOGIN,2028-06-09T00:12:00,DEV-000890-02,,,authentication,FAILURE,,,synthetic,SIM_ESIM_AUTH_ANOMALY,1,,,,,,,,,,
EVT-000890-05,USR-000890,ACC-000890,BEHAVIOUR,DEVICE_DEVIATION,2028-06-09T00:15:00,DEV-000890-02,,,behaviour,DEVIATION,,,synthetic,SIM_ESIM_AUTH_ANOMALY,1,,,,,,,,,,
EVT-000891-01,USR-000891,ACC-000891,TELECOM,ESIM_CHANGE,2028-06-10T00:00:00,DEV-000891-01,,,telecom,SUCCESS,,,synthetic,SUSPICIOUS_ESIM_CHANGE,1,,,,,,,,,,
EVT-000891-02,USR-000891,ACC-000891,DEVICE,NEW_DEVICE,2028-06-10T00:05:00,DEV-000891-02,,,device,UNRECOGNIZED,,,synthetic,SUSPICIOUS_ESIM_CHANGE,1,,,,,,,,,,
EVT-000891-03,USR-000891,ACC-000891,DEVICE,DEVICE_CHANGE,2028-06-10T00:08:00,DEV-000891-02,,,device,DEVIATION,,,synthetic,SUSPICIOUS_ESIM_CHANGE,1,,,,,,,,,,
EVT-000891-04,USR-000891,ACC-000891,AUTHENTICATION,FAILED_LOGIN,2028-06-10T00:10:00,DEV-000891-02,,,authentication,FAILURE,,,synthetic,SUSPICIOUS_ESIM_CHANGE,1,,,,,,,,,,
EVT-000891-05,USR-000891,ACC-000891,BEHAVIOUR,DEVICE_DEVIATION,2028-06-10T00:15:00,DEV-000891-02,,,behaviour,DEVIATION,,,synthetic,SUSPICIOUS_ESIM_CHANGE,1,,,,,,,,,,
EVT-000891-06,USR-000891,ACC-000891,TRANSACTION,TRANSACTION,2028-06-10T00:30:00,DEV-000891-02,,,transaction,SUCCESS,42392.83,,paysim,SUSPICIOUS_ESIM_CHANGE,1,CASH_IN,4318050.06,4360442.88,50599.16,8206.34,186,C187395825,C1301101523,0,0
EVT-000892-01,USR-000892,ACC-000892,TELECOM,SIM_REPLACEMENT,2028-06-11T00:00:00,DEV-000892-01,,,telecom,SUCCESS,,,synthetic,SUSPICIOUS_SIM_REPLACEMENT,1,,,,,,,,,,
EVT-000892-02,USR-000892,ACC-000892,DEVICE,NEW_DEVICE,2028-06-11T00:05:00,DEV-000892-02,,,device,UNRECOGNIZED,,,synthetic,SUSPICIOUS_SIM_REPLACEMENT,1,,,,,,,,,,
EVT-000892-03,USR-000892,ACC-000892,AUTHENTICATION,FAILED_LOGIN,2028-06-11T00:10:00,DEV-000892-02,,,authentication,FAILURE,,,synthetic,SUSPICIOUS_SIM_REPLACEMENT,1,,,,,,,,,,
EVT-000892-04,USR-000892,ACC-000892,RECOVERY,PASSWORD_RESET,2028-06-11T00:15:00,DEV-000892-02,,,recovery,SUCCESS,,,synthetic,SUSPICIOUS_SIM_REPLACEMENT,1,,,,,,,,,,
EVT-000892-05,USR-000892,ACC-000892,ACCOUNT,NEW_BENEFICIARY,2028-06-11T00:20:00,DEV-000892-02,,,account,SUCCESS,,BEN-000892-01,synthetic,SUSPICIOUS_SIM_REPLACEMENT,1,,,,,,,,,,
EVT-000892-06,USR-000892,ACC-000892,TRANSACTION,TRANSACTION,2028-06-11T00:30:00,DEV-000892-02,,,transaction,SUCCESS,4200.38,,paysim,SUSPICIOUS_SIM_REPLACEMENT,1,PAYMENT,306499.72,302299.34,0.0,0.0,354,C1714300478,M56548778,0,0
EVT-000893-01,USR-000893,ACC-000893,TELECOM,SIM_REPLACEMENT,2028-06-12T00:00:00,DEV-000893-01,,,telecom,SUCCESS,,,synthetic,LEGITIMATE_SIM_REPLACEMENT,0,,,,,,,,,,
EVT-000893-02,USR-000893,ACC-000893,AUTHENTICATION,LOGIN,2028-06-12T00:10:00,DEV-000893-01,,,authentication,SUCCESS,,,synthetic,LEGITIMATE_SIM_REPLACEMENT,0,,,,,,,,,,
EVT-000893-03,USR-000893,ACC-000893,TRANSACTION,TRANSACTION,2028-06-12T00:30:00,DEV-000893-01,,,transaction,SUCCESS,553425.15,,paysim,LEGITIMATE_SIM_REPLACEMENT,0,TRANSFER,0.0,0.0,1060599.47,1831800.36,15,C1077337738,C1536327216,0,0
EVT-000894-01,USR-000894,ACC-000894,TELECOM,SIM_SWAP,2028-06-13T00:00:00,DEV-000894-01,,,telecom,SUCCESS,,,synthetic,SIM_ESIM_AUTH_ANOMALY,1,,,,,,,,,,
EVT-000894-02,USR-000894,ACC-000894,DEVICE,NEW_DEVICE,2028-06-13T00:05:00,DEV-000894-02,,,device,UNRECOGNIZED,,,synthetic,SIM_ESIM_AUTH_ANOMALY,1,,,,,,,,,,
EVT-000894-03,USR-000894,ACC-000894,AUTHENTICATION,FAILED_LOGIN,2028-06-13T00:10:00,DEV-000894-02,,,authentication,FAILURE,,,synthetic,SIM_ESIM_AUTH_ANOMALY,1,,,,,,,,,,
EVT-000894-04,USR-000894,ACC-000894,AUTHENTICATION,FAILED_LOGIN,2028-06-13T00:12:00,DEV-000894-02,,,authentication,FAILURE,,,synthetic,SIM_ESIM_AUTH_ANOMALY,1,,,,,,,,,,
EVT-000894-05,USR-000894,ACC-000894,BEHAVIOUR,DEVICE_DEVIATION,2028-06-13T00:15:00,DEV-000894-02,,,behaviour,DEVIATION,,,synthetic,SIM_ESIM_AUTH_ANOMALY,1,,,,,,,,,,
EVT-000895-01,USR-000895,ACC-000895,TELECOM,ESIM_CHANGE,2028-06-14T00:00:00,DEV-000895-01,,,telecom,SUCCESS,,,synthetic,SUSPICIOUS_ESIM_CHANGE,1,,,,,,,,,,
EVT-000895-02,USR-000895,ACC-000895,DEVICE,NEW_DEVICE,2028-06-14T00:05:00,DEV-000895-02,,,device,UNRECOGNIZED,,,synthetic,SUSPICIOUS_ESIM_CHANGE,1,,,,,,,,,,
EVT-000895-03,USR-000895,ACC-000895,DEVICE,DEVICE_CHANGE,2028-06-14T00:08:00,DEV-000895-02,,,device,DEVIATION,,,synthetic,SUSPICIOUS_ESIM_CHANGE,1,,,,,,,,,,
EVT-000895-04,USR-000895,ACC-000895,AUTHENTICATION,FAILED_LOGIN,2028-06-14T00:10:00,DEV-000895-02,,,authentication,FAILURE,,,synthetic,SUSPICIOUS_ESIM_CHANGE,1,,,,,,,,,,
EVT-000895-05,USR-000895,ACC-000895,BEHAVIOUR,DEVICE_DEVIATION,2028-06-14T00:15:00,DEV-000895-02,,,behaviour,DEVIATION,,,synthetic,SUSPICIOUS_ESIM_CHANGE,1,,,,,,,,,,
EVT-000895-06,USR-000895,ACC-000895,TRANSACTION,TRANSACTION,2028-06-14T00:30:00,DEV-000895-02,,,transaction,SUCCESS,5632.77,,paysim,SUSPICIOUS_ESIM_CHANGE,1,PAYMENT,52946.0,47313.23,0.0,0.0,18,C1717859642,M1702112814,0,0
EVT-000896-01,USR-000896,ACC-000896,TELECOM,SIM_REPLACEMENT,2028-06-15T00:00:00,DEV-000896-01,,,telecom,SUCCESS,,,synthetic,LEGITIMATE_SIM_REPLACEMENT,0,,,,,,,,,,
EVT-000896-02,USR-000896,ACC-000896,AUTHENTICATION,LOGIN,2028-06-15T00:10:00,DEV-000896-01,,,authentication,SUCCESS,,,synthetic,LEGITIMATE_SIM_REPLACEMENT,0,,,,,,,,,,
EVT-000896-03,USR-000896,ACC-000896,TRANSACTION,TRANSACTION,2028-06-15T00:30:00,DEV-000896-01,,,transaction,SUCCESS,806.6,,paysim,LEGITIMATE_SIM_REPLACEMENT,0,PAYMENT,51931.0,51124.4,0.0,0.0,351,C852398405,M1748785966,0,0
EVT-000897-01,USR-000897,ACC-000897,TELECOM,ESIM_CHANGE,2028-06-16T00:00:00,DEV-000897-01,,,telecom,SUCCESS,,,synthetic,SUSPICIOUS_ESIM_CHANGE,1,,,,,,,,,,
EVT-000897-02,USR-000897,ACC-000897,DEVICE,NEW_DEVICE,2028-06-16T00:05:00,DEV-000897-02,,,device,UNRECOGNIZED,,,synthetic,SUSPICIOUS_ESIM_CHANGE,1,,,,,,,,,,
EVT-000897-03,USR-000897,ACC-000897,DEVICE,DEVICE_CHANGE,2028-06-16T00:08:00,DEV-000897-02,,,device,DEVIATION,,,synthetic,SUSPICIOUS_ESIM_CHANGE,1,,,,,,,,,,
EVT-000897-04,USR-000897,ACC-000897,AUTHENTICATION,FAILED_LOGIN,2028-06-16T00:10:00,DEV-000897-02,,,authentication,FAILURE,,,synthetic,SUSPICIOUS_ESIM_CHANGE,1,,,,,,,,,,
EVT-000897-05,USR-000897,ACC-000897,BEHAVIOUR,DEVICE_DEVIATION,2028-06-16T00:15:00,DEV-000897-02,,,behaviour,DEVIATION,,,synthetic,SUSPICIOUS_ESIM_CHANGE,1,,,,,,,,,,
EVT-000897-06,USR-000897,ACC-000897,TRANSACTION,TRANSACTION,2028-06-16T00:30:00,DEV-000897-02,,,transaction,SUCCESS,243127.11,,paysim,SUSPICIOUS_ESIM_CHANGE,1,CASH_OUT,0.0,0.0,248579.4,491706.51,20,C1817644166,C1723324881,0,0
EVT-000898-01,USR-000898,ACC-000898,TELECOM,ESIM_CHANGE,2028-06-17T00:00:00,DEV-000898-01,,,telecom,SUCCESS,,,synthetic,SUSPICIOUS_ESIM_CHANGE,1,,,,,,,,,,
EVT-000898-02,USR-000898,ACC-000898,DEVICE,NEW_DEVICE,2028-06-17T00:05:00,DEV-000898-02,,,device,UNRECOGNIZED,,,synthetic,SUSPICIOUS_ESIM_CHANGE,1,,,,,,,,,,
EVT-000898-03,USR-000898,ACC-000898,DEVICE,DEVICE_CHANGE,2028-06-17T00:08:00,DEV-000898-02,,,device,DEVIATION,,,synthetic,SUSPICIOUS_ESIM_CHANGE,1,,,,,,,,,,
EVT-000898-04,USR-000898,ACC-000898,AUTHENTICATION,FAILED_LOGIN,2028-06-17T00:10:00,DEV-000898-02,,,authentication,FAILURE,,,synthetic,SUSPICIOUS_ESIM_CHANGE,1,,,,,,,,,,
EVT-000898-05,USR-000898,ACC-000898,BEHAVIOUR,DEVICE_DEVIATION,2028-06-17T00:15:00,DEV-000898-02,,,behaviour,DEVIATION,,,synthetic,SUSPICIOUS_ESIM_CHANGE,1,,,,,,,,,,
EVT-000898-06,USR-000898,ACC-000898,TRANSACTION,TRANSACTION,2028-06-17T00:30:00,DEV-000898-02,,,transaction,SUCCESS,155382.54,,paysim,SUSPICIOUS_ESIM_CHANGE,1,CASH_IN,3062281.61,3217664.15,2953523.28,2798140.74,162,C1544203040,C1256629499,0,0
EVT-000899-01,USR-000899,ACC-000899,TELECOM,SIM_SWAP,2028-06-18T00:00:00,DEV-000899-01,,,telecom,SUCCESS,,,synthetic,SIM_ESIM_AUTH_ANOMALY,1,,,,,,,,,,
EVT-000899-02,USR-000899,ACC-000899,DEVICE,NEW_DEVICE,2028-06-18T00:05:00,DEV-000899-02,,,device,UNRECOGNIZED,,,synthetic,SIM_ESIM_AUTH_ANOMALY,1,,,,,,,,,,
EVT-000899-03,USR-000899,ACC-000899,AUTHENTICATION,FAILED_LOGIN,2028-06-18T00:10:00,DEV-000899-02,,,authentication,FAILURE,,,synthetic,SIM_ESIM_AUTH_ANOMALY,1,,,,,,,,,,
EVT-000899-04,USR-000899,ACC-000899,AUTHENTICATION,FAILED_LOGIN,2028-06-18T00:12:00,DEV-000899-02,,,authentication,FAILURE,,,synthetic,SIM_ESIM_AUTH_ANOMALY,1,,,,,,,,,,
EVT-000899-05,USR-000899,ACC-000899,BEHAVIOUR,DEVICE_DEVIATION,2028-06-18T00:15:00,DEV-000899-02,,,behaviour,DEVIATION,,,synthetic,SIM_ESIM_AUTH_ANOMALY,1,,,,,,,,,,
EVT-000900-01,USR-000900,ACC-000900,TELECOM,ESIM_CHANGE,2028-06-19T00:00:00,DEV-000900-01,,,telecom,SUCCESS,,,synthetic,LEGITIMATE_ESIM_CHANGE,0,,,,,,,,,,
EVT-000900-02,USR-000900,ACC-000900,AUTHENTICATION,LOGIN,2028-06-19T00:10:00,DEV-000900-01,,,authentication,SUCCESS,,,synthetic,LEGITIMATE_ESIM_CHANGE,0,,,,,,,,,,
EVT-000901-01,USR-000901,ACC-000901,TELECOM,ESIM_CHANGE,2028-06-20T00:00:00,DEV-000901-01,,,telecom,SUCCESS,,,synthetic,SUSPICIOUS_ESIM_CHANGE,1,,,,,,,,,,
EVT-000901-02,USR-000901,ACC-000901,DEVICE,NEW_DEVICE,2028-06-20T00:05:00,DEV-000901-02,,,device,UNRECOGNIZED,,,synthetic,SUSPICIOUS_ESIM_CHANGE,1,,,,,,,,,,
EVT-000901-03,USR-000901,ACC-000901,DEVICE,DEVICE_CHANGE,2028-06-20T00:08:00,DEV-000901-02,,,device,DEVIATION,,,synthetic,SUSPICIOUS_ESIM_CHANGE,1,,,,,,,,,,
EVT-000901-04,USR-000901,ACC-000901,AUTHENTICATION,FAILED_LOGIN,2028-06-20T00:10:00,DEV-000901-02,,,authentication,FAILURE,,,synthetic,SUSPICIOUS_ESIM_CHANGE,1,,,,,,,,,,
EVT-000901-05,USR-000901,ACC-000901,BEHAVIOUR,DEVICE_DEVIATION,2028-06-20T00:15:00,DEV-000901-02,,,behaviour,DEVIATION,,,synthetic,SUSPICIOUS_ESIM_CHANGE,1,,,,,,,,,,
EVT-000901-06,USR-000901,ACC-000901,TRANSACTION,TRANSACTION,2028-06-20T00:30:00,DEV-000901-02,,,transaction,SUCCESS,29342.14,,paysim,SUSPICIOUS_ESIM_CHANGE,1,CASH_OUT,50908.0,21565.86,1781312.54,1611730.45,259,C1641861173,C1478931958,0,0
EVT-000902-01,USR-000902,ACC-000902,TELECOM,ESIM_CHANGE,2028-06-21T00:00:00,DEV-000902-01,,,telecom,SUCCESS,,,synthetic,LEGITIMATE_ESIM_CHANGE,0,,,,,,,,,,
EVT-000902-02,USR-000902,ACC-000902,AUTHENTICATION,LOGIN,2028-06-21T00:10:00,DEV-000902-01,,,authentication,SUCCESS,,,synthetic,LEGITIMATE_ESIM_CHANGE,0,,,,,,,,,,
EVT-000903-01,USR-000903,ACC-000903,TELECOM,ESIM_CHANGE,2028-06-22T00:00:00,DEV-000903-01,,,telecom,SUCCESS,,,synthetic,LEGITIMATE_ESIM_CHANGE,0,,,,,,,,,,
EVT-000903-02,USR-000903,ACC-000903,AUTHENTICATION,LOGIN,2028-06-22T00:10:00,DEV-000903-01,,,authentication,SUCCESS,,,synthetic,LEGITIMATE_ESIM_CHANGE,0,,,,,,,,,,
EVT-000904-01,USR-000904,ACC-000904,TELECOM,ESIM_CHANGE,2028-06-23T00:00:00,DEV-000904-01,,,telecom,SUCCESS,,,synthetic,LEGITIMATE_ESIM_CHANGE,0,,,,,,,,,,
EVT-000904-02,USR-000904,ACC-000904,AUTHENTICATION,LOGIN,2028-06-23T00:10:00,DEV-000904-01,,,authentication,SUCCESS,,,synthetic,LEGITIMATE_ESIM_CHANGE,0,,,,,,,,,,
EVT-000905-01,USR-000905,ACC-000905,TELECOM,SIM_REPLACEMENT,2028-06-24T00:00:00,DEV-000905-01,,,telecom,SUCCESS,,,synthetic,LEGITIMATE_SIM_REPLACEMENT,0,,,,,,,,,,
EVT-000905-02,USR-000905,ACC-000905,AUTHENTICATION,LOGIN,2028-06-24T00:10:00,DEV-000905-01,,,authentication,SUCCESS,,,synthetic,LEGITIMATE_SIM_REPLACEMENT,0,,,,,,,,,,
EVT-000905-03,USR-000905,ACC-000905,TRANSACTION,TRANSACTION,2028-06-24T00:30:00,DEV-000905-01,,,transaction,SUCCESS,3834.91,,paysim,LEGITIMATE_SIM_REPLACEMENT,0,PAYMENT,15327.0,11492.09,0.0,0.0,691,C405105945,M1240414784,0,0
EVT-000906-01,USR-000906,ACC-000906,TELECOM,ESIM_CHANGE,2028-06-25T00:00:00,DEV-000906-01,,,telecom,SUCCESS,,,synthetic,LEGITIMATE_ESIM_CHANGE,0,,,,,,,,,,
EVT-000906-02,USR-000906,ACC-000906,AUTHENTICATION,LOGIN,2028-06-25T00:10:00,DEV-000906-01,,,authentication,SUCCESS,,,synthetic,LEGITIMATE_ESIM_CHANGE,0,,,,,,,,,,
EVT-000907-01,USR-000907,ACC-000907,TELECOM,SIM_SWAP,2028-06-26T00:00:00,DEV-000907-01,,,telecom,SUCCESS,,,synthetic,SIM_ESIM_AUTH_ANOMALY,1,,,,,,,,,,
EVT-000907-02,USR-000907,ACC-000907,DEVICE,NEW_DEVICE,2028-06-26T00:05:00,DEV-000907-02,,,device,UNRECOGNIZED,,,synthetic,SIM_ESIM_AUTH_ANOMALY,1,,,,,,,,,,
EVT-000907-03,USR-000907,ACC-000907,AUTHENTICATION,FAILED_LOGIN,2028-06-26T00:10:00,DEV-000907-02,,,authentication,FAILURE,,,synthetic,SIM_ESIM_AUTH_ANOMALY,1,,,,,,,,,,
EVT-000907-04,USR-000907,ACC-000907,AUTHENTICATION,FAILED_LOGIN,2028-06-26T00:12:00,DEV-000907-02,,,authentication,FAILURE,,,synthetic,SIM_ESIM_AUTH_ANOMALY,1,,,,,,,,,,
EVT-000907-05,USR-000907,ACC-000907,BEHAVIOUR,DEVICE_DEVIATION,2028-06-26T00:15:00,DEV-000907-02,,,behaviour,DEVIATION,,,synthetic,SIM_ESIM_AUTH_ANOMALY,1,,,,,,,,,,
EVT-000908-01,USR-000908,ACC-000908,TELECOM,ESIM_CHANGE,2028-06-27T00:00:00,DEV-000908-01,,,telecom,SUCCESS,,,synthetic,SUSPICIOUS_ESIM_CHANGE,1,,,,,,,,,,
EVT-000908-02,USR-000908,ACC-000908,DEVICE,NEW_DEVICE,2028-06-27T00:05:00,DEV-000908-02,,,device,UNRECOGNIZED,,,synthetic,SUSPICIOUS_ESIM_CHANGE,1,,,,,,,,,,
EVT-000908-03,USR-000908,ACC-000908,DEVICE,DEVICE_CHANGE,2028-06-27T00:08:00,DEV-000908-02,,,device,DEVIATION,,,synthetic,SUSPICIOUS_ESIM_CHANGE,1,,,,,,,,,,
EVT-000908-04,USR-000908,ACC-000908,AUTHENTICATION,FAILED_LOGIN,2028-06-27T00:10:00,DEV-000908-02,,,authentication,FAILURE,,,synthetic,SUSPICIOUS_ESIM_CHANGE,1,,,,,,,,,,
EVT-000908-05,USR-000908,ACC-000908,BEHAVIOUR,DEVICE_DEVIATION,2028-06-27T00:15:00,DEV-000908-02,,,behaviour,DEVIATION,,,synthetic,SUSPICIOUS_ESIM_CHANGE,1,,,,,,,,,,
EVT-000908-06,USR-000908,ACC-000908,TRANSACTION,TRANSACTION,2028-06-27T00:30:00,DEV-000908-02,,,transaction,SUCCESS,185160.86,,paysim,SUSPICIOUS_ESIM_CHANGE,1,CASH_OUT,156646.71,0.0,3214556.49,3399717.35,129,C1476247829,C687247176,0,0
EVT-000909-01,USR-000909,ACC-000909,TELECOM,SIM_REPLACEMENT,2028-06-28T00:00:00,DEV-000909-01,,,telecom,SUCCESS,,,synthetic,SUSPICIOUS_SIM_REPLACEMENT,1,,,,,,,,,,
EVT-000909-02,USR-000909,ACC-000909,DEVICE,NEW_DEVICE,2028-06-28T00:05:00,DEV-000909-02,,,device,UNRECOGNIZED,,,synthetic,SUSPICIOUS_SIM_REPLACEMENT,1,,,,,,,,,,
EVT-000909-03,USR-000909,ACC-000909,AUTHENTICATION,FAILED_LOGIN,2028-06-28T00:10:00,DEV-000909-02,,,authentication,FAILURE,,,synthetic,SUSPICIOUS_SIM_REPLACEMENT,1,,,,,,,,,,
EVT-000909-04,USR-000909,ACC-000909,RECOVERY,PASSWORD_RESET,2028-06-28T00:15:00,DEV-000909-02,,,recovery,SUCCESS,,,synthetic,SUSPICIOUS_SIM_REPLACEMENT,1,,,,,,,,,,
EVT-000909-05,USR-000909,ACC-000909,ACCOUNT,NEW_BENEFICIARY,2028-06-28T00:20:00,DEV-000909-02,,,account,SUCCESS,,BEN-000909-01,synthetic,SUSPICIOUS_SIM_REPLACEMENT,1,,,,,,,,,,
EVT-000909-06,USR-000909,ACC-000909,TRANSACTION,TRANSACTION,2028-06-28T00:30:00,DEV-000909-02,,,transaction,SUCCESS,302563.53,,paysim,SUSPICIOUS_SIM_REPLACEMENT,1,CASH_IN,1223847.7,1526411.24,2996767.64,2694204.11,153,C848682183,C176142725,0,0
EVT-000910-01,USR-000910,ACC-000910,TELECOM,SIM_SWAP,2028-06-29T00:00:00,DEV-000910-01,,,telecom,SUCCESS,,,synthetic,SIM_ESIM_AUTH_ANOMALY,1,,,,,,,,,,
EVT-000910-02,USR-000910,ACC-000910,DEVICE,NEW_DEVICE,2028-06-29T00:05:00,DEV-000910-02,,,device,UNRECOGNIZED,,,synthetic,SIM_ESIM_AUTH_ANOMALY,1,,,,,,,,,,
EVT-000910-03,USR-000910,ACC-000910,AUTHENTICATION,FAILED_LOGIN,2028-06-29T00:10:00,DEV-000910-02,,,authentication,FAILURE,,,synthetic,SIM_ESIM_AUTH_ANOMALY,1,,,,,,,,,,
EVT-000910-04,USR-000910,ACC-000910,AUTHENTICATION,FAILED_LOGIN,2028-06-29T00:12:00,DEV-000910-02,,,authentication,FAILURE,,,synthetic,SIM_ESIM_AUTH_ANOMALY,1,,,,,,,,,,
EVT-000910-05,USR-000910,ACC-000910,BEHAVIOUR,DEVICE_DEVIATION,2028-06-29T00:15:00,DEV-000910-02,,,behaviour,DEVIATION,,,synthetic,SIM_ESIM_AUTH_ANOMALY,1,,,,,,,,,,
EVT-000911-01,USR-000911,ACC-000911,TELECOM,SIM_SWAP,2028-06-30T00:00:00,DEV-000911-01,,,telecom,SUCCESS,,,synthetic,SIM_ESIM_AUTH_ANOMALY,1,,,,,,,,,,
EVT-000911-02,USR-000911,ACC-000911,DEVICE,NEW_DEVICE,2028-06-30T00:05:00,DEV-000911-02,,,device,UNRECOGNIZED,,,synthetic,SIM_ESIM_AUTH_ANOMALY,1,,,,,,,,,,
EVT-000911-03,USR-000911,ACC-000911,AUTHENTICATION,FAILED_LOGIN,2028-06-30T00:10:00,DEV-000911-02,,,authentication,FAILURE,,,synthetic,SIM_ESIM_AUTH_ANOMALY,1,,,,,,,,,,
EVT-000911-04,USR-000911,ACC-000911,AUTHENTICATION,FAILED_LOGIN,2028-06-30T00:12:00,DEV-000911-02,,,authentication,FAILURE,,,synthetic,SIM_ESIM_AUTH_ANOMALY,1,,,,,,,,,,
EVT-000911-05,USR-000911,ACC-000911,BEHAVIOUR,DEVICE_DEVIATION,2028-06-30T00:15:00,DEV-000911-02,,,behaviour,DEVIATION,,,synthetic,SIM_ESIM_AUTH_ANOMALY,1,,,,,,,,,,
EVT-000912-01,USR-000912,ACC-000912,TELECOM,SIM_REPLACEMENT,2028-07-01T00:00:00,DEV-000912-01,,,telecom,SUCCESS,,,synthetic,LEGITIMATE_SIM_REPLACEMENT,0,,,,,,,,,,
EVT-000912-02,USR-000912,ACC-000912,AUTHENTICATION,LOGIN,2028-07-01T00:10:00,DEV-000912-01,,,authentication,SUCCESS,,,synthetic,LEGITIMATE_SIM_REPLACEMENT,0,,,,,,,,,,
EVT-000912-03,USR-000912,ACC-000912,TRANSACTION,TRANSACTION,2028-07-01T00:30:00,DEV-000912-01,,,transaction,SUCCESS,972353.0,,paysim,LEGITIMATE_SIM_REPLACEMENT,0,TRANSFER,51733.0,0.0,0.0,972353.0,402,C585595425,C1359261482,0,0
EVT-000913-01,USR-000913,ACC-000913,TELECOM,SIM_SWAP,2028-07-02T00:00:00,DEV-000913-01,,,telecom,SUCCESS,,,synthetic,SIM_ESIM_AUTH_ANOMALY,1,,,,,,,,,,
EVT-000913-02,USR-000913,ACC-000913,DEVICE,NEW_DEVICE,2028-07-02T00:05:00,DEV-000913-02,,,device,UNRECOGNIZED,,,synthetic,SIM_ESIM_AUTH_ANOMALY,1,,,,,,,,,,
EVT-000913-03,USR-000913,ACC-000913,AUTHENTICATION,FAILED_LOGIN,2028-07-02T00:10:00,DEV-000913-02,,,authentication,FAILURE,,,synthetic,SIM_ESIM_AUTH_ANOMALY,1,,,,,,,,,,
EVT-000913-04,USR-000913,ACC-000913,AUTHENTICATION,FAILED_LOGIN,2028-07-02T00:12:00,DEV-000913-02,,,authentication,FAILURE,,,synthetic,SIM_ESIM_AUTH_ANOMALY,1,,,,,,,,,,
EVT-000913-05,USR-000913,ACC-000913,BEHAVIOUR,DEVICE_DEVIATION,2028-07-02T00:15:00,DEV-000913-02,,,behaviour,DEVIATION,,,synthetic,SIM_ESIM_AUTH_ANOMALY,1,,,,,,,,,,
EVT-000914-01,USR-000914,ACC-000914,TELECOM,SIM_SWAP,2028-07-03T00:00:00,DEV-000914-01,,,telecom,SUCCESS,,,synthetic,SIM_ESIM_AUTH_ANOMALY,1,,,,,,,,,,
EVT-000914-02,USR-000914,ACC-000914,DEVICE,NEW_DEVICE,2028-07-03T00:05:00,DEV-000914-02,,,device,UNRECOGNIZED,,,synthetic,SIM_ESIM_AUTH_ANOMALY,1,,,,,,,,,,
EVT-000914-03,USR-000914,ACC-000914,AUTHENTICATION,FAILED_LOGIN,2028-07-03T00:10:00,DEV-000914-02,,,authentication,FAILURE,,,synthetic,SIM_ESIM_AUTH_ANOMALY,1,,,,,,,,,,
EVT-000914-04,USR-000914,ACC-000914,AUTHENTICATION,FAILED_LOGIN,2028-07-03T00:12:00,DEV-000914-02,,,authentication,FAILURE,,,synthetic,SIM_ESIM_AUTH_ANOMALY,1,,,,,,,,,,
EVT-000914-05,USR-000914,ACC-000914,BEHAVIOUR,DEVICE_DEVIATION,2028-07-03T00:15:00,DEV-000914-02,,,behaviour,DEVIATION,,,synthetic,SIM_ESIM_AUTH_ANOMALY,1,,,,,,,,,,
EVT-000915-01,USR-000915,ACC-000915,TELECOM,SIM_SWAP,2028-07-04T00:00:00,DEV-000915-01,,,telecom,SUCCESS,,,synthetic,SIM_ESIM_AUTH_ANOMALY,1,,,,,,,,,,
EVT-000915-02,USR-000915,ACC-000915,DEVICE,NEW_DEVICE,2028-07-04T00:05:00,DEV-000915-02,,,device,UNRECOGNIZED,,,synthetic,SIM_ESIM_AUTH_ANOMALY,1,,,,,,,,,,
EVT-000915-03,USR-000915,ACC-000915,AUTHENTICATION,FAILED_LOGIN,2028-07-04T00:10:00,DEV-000915-02,,,authentication,FAILURE,,,synthetic,SIM_ESIM_AUTH_ANOMALY,1,,,,,,,,,,
EVT-000915-04,USR-000915,ACC-000915,AUTHENTICATION,FAILED_LOGIN,2028-07-04T00:12:00,DEV-000915-02,,,authentication,FAILURE,,,synthetic,SIM_ESIM_AUTH_ANOMALY,1,,,,,,,,,,
EVT-000915-05,USR-000915,ACC-000915,BEHAVIOUR,DEVICE_DEVIATION,2028-07-04T00:15:00,DEV-000915-02,,,behaviour,DEVIATION,,,synthetic,SIM_ESIM_AUTH_ANOMALY,1,,,,,,,,,,
EVT-000916-01,USR-000916,ACC-000916,TELECOM,SIM_REPLACEMENT,2028-07-05T00:00:00,DEV-000916-01,,,telecom,SUCCESS,,,synthetic,LEGITIMATE_SIM_REPLACEMENT,0,,,,,,,,,,
EVT-000916-02,USR-000916,ACC-000916,AUTHENTICATION,LOGIN,2028-07-05T00:10:00,DEV-000916-01,,,authentication,SUCCESS,,,synthetic,LEGITIMATE_SIM_REPLACEMENT,0,,,,,,,,,,
EVT-000916-03,USR-000916,ACC-000916,TRANSACTION,TRANSACTION,2028-07-05T00:30:00,DEV-000916-01,,,transaction,SUCCESS,270580.62,,paysim,LEGITIMATE_SIM_REPLACEMENT,0,CASH_IN,15790.0,286370.62,2550.5,0.0,231,C1842110484,C259119797,0,0
EVT-000917-01,USR-000917,ACC-000917,TELECOM,ESIM_CHANGE,2028-07-06T00:00:00,DEV-000917-01,,,telecom,SUCCESS,,,synthetic,LEGITIMATE_ESIM_CHANGE,0,,,,,,,,,,
EVT-000917-02,USR-000917,ACC-000917,AUTHENTICATION,LOGIN,2028-07-06T00:10:00,DEV-000917-01,,,authentication,SUCCESS,,,synthetic,LEGITIMATE_ESIM_CHANGE,0,,,,,,,,,,
EVT-000918-01,USR-000918,ACC-000918,TELECOM,ESIM_CHANGE,2028-07-07T00:00:00,DEV-000918-01,,,telecom,SUCCESS,,,synthetic,SUSPICIOUS_ESIM_CHANGE,1,,,,,,,,,,
EVT-000918-02,USR-000918,ACC-000918,DEVICE,NEW_DEVICE,2028-07-07T00:05:00,DEV-000918-02,,,device,UNRECOGNIZED,,,synthetic,SUSPICIOUS_ESIM_CHANGE,1,,,,,,,,,,
EVT-000918-03,USR-000918,ACC-000918,DEVICE,DEVICE_CHANGE,2028-07-07T00:08:00,DEV-000918-02,,,device,DEVIATION,,,synthetic,SUSPICIOUS_ESIM_CHANGE,1,,,,,,,,,,
EVT-000918-04,USR-000918,ACC-000918,AUTHENTICATION,FAILED_LOGIN,2028-07-07T00:10:00,DEV-000918-02,,,authentication,FAILURE,,,synthetic,SUSPICIOUS_ESIM_CHANGE,1,,,,,,,,,,
EVT-000918-05,USR-000918,ACC-000918,BEHAVIOUR,DEVICE_DEVIATION,2028-07-07T00:15:00,DEV-000918-02,,,behaviour,DEVIATION,,,synthetic,SUSPICIOUS_ESIM_CHANGE,1,,,,,,,,,,
EVT-000918-06,USR-000918,ACC-000918,TRANSACTION,TRANSACTION,2028-07-07T00:30:00,DEV-000918-02,,,transaction,SUCCESS,20021.33,,paysim,SUSPICIOUS_ESIM_CHANGE,1,PAYMENT,1840.0,0.0,0.0,0.0,287,C662793598,M995989442,0,0
EVT-000919-01,USR-000919,ACC-000919,TELECOM,ESIM_CHANGE,2028-07-08T00:00:00,DEV-000919-01,,,telecom,SUCCESS,,,synthetic,LEGITIMATE_ESIM_CHANGE,0,,,,,,,,,,
EVT-000919-02,USR-000919,ACC-000919,AUTHENTICATION,LOGIN,2028-07-08T00:10:00,DEV-000919-01,,,authentication,SUCCESS,,,synthetic,LEGITIMATE_ESIM_CHANGE,0,,,,,,,,,,
EVT-000920-01,USR-000920,ACC-000920,TELECOM,ESIM_CHANGE,2028-07-09T00:00:00,DEV-000920-01,,,telecom,SUCCESS,,,synthetic,SUSPICIOUS_ESIM_CHANGE,1,,,,,,,,,,
EVT-000920-02,USR-000920,ACC-000920,DEVICE,NEW_DEVICE,2028-07-09T00:05:00,DEV-000920-02,,,device,UNRECOGNIZED,,,synthetic,SUSPICIOUS_ESIM_CHANGE,1,,,,,,,,,,
EVT-000920-03,USR-000920,ACC-000920,DEVICE,DEVICE_CHANGE,2028-07-09T00:08:00,DEV-000920-02,,,device,DEVIATION,,,synthetic,SUSPICIOUS_ESIM_CHANGE,1,,,,,,,,,,
EVT-000920-04,USR-000920,ACC-000920,AUTHENTICATION,FAILED_LOGIN,2028-07-09T00:10:00,DEV-000920-02,,,authentication,FAILURE,,,synthetic,SUSPICIOUS_ESIM_CHANGE,1,,,,,,,,,,
EVT-000920-05,USR-000920,ACC-000920,BEHAVIOUR,DEVICE_DEVIATION,2028-07-09T00:15:00,DEV-000920-02,,,behaviour,DEVIATION,,,synthetic,SUSPICIOUS_ESIM_CHANGE,1,,,,,,,,,,
EVT-000920-06,USR-000920,ACC-000920,TRANSACTION,TRANSACTION,2028-07-09T00:30:00,DEV-000920-02,,,transaction,SUCCESS,79944.83,,paysim,SUSPICIOUS_ESIM_CHANGE,1,CASH_OUT,40149.0,0.0,1209197.5,1289142.33,305,C1525577581,C1970560128,0,0
EVT-000921-01,USR-000921,ACC-000921,TELECOM,SIM_REPLACEMENT,2028-07-10T00:00:00,DEV-000921-01,,,telecom,SUCCESS,,,synthetic,LEGITIMATE_SIM_REPLACEMENT,0,,,,,,,,,,
EVT-000921-02,USR-000921,ACC-000921,AUTHENTICATION,LOGIN,2028-07-10T00:10:00,DEV-000921-01,,,authentication,SUCCESS,,,synthetic,LEGITIMATE_SIM_REPLACEMENT,0,,,,,,,,,,
EVT-000921-03,USR-000921,ACC-000921,TRANSACTION,TRANSACTION,2028-07-10T00:30:00,DEV-000921-01,,,transaction,SUCCESS,201475.6,,paysim,LEGITIMATE_SIM_REPLACEMENT,0,CASH_IN,5126191.57,5327667.18,1364528.42,1163052.82,45,C678415323,C253724958,0,0
EVT-000922-01,USR-000922,ACC-000922,TELECOM,SIM_REPLACEMENT,2028-07-11T00:00:00,DEV-000922-01,,,telecom,SUCCESS,,,synthetic,LEGITIMATE_SIM_REPLACEMENT,0,,,,,,,,,,
EVT-000922-02,USR-000922,ACC-000922,AUTHENTICATION,LOGIN,2028-07-11T00:10:00,DEV-000922-01,,,authentication,SUCCESS,,,synthetic,LEGITIMATE_SIM_REPLACEMENT,0,,,,,,,,,,
EVT-000922-03,USR-000922,ACC-000922,TRANSACTION,TRANSACTION,2028-07-11T00:30:00,DEV-000922-01,,,transaction,SUCCESS,29725.0,,paysim,LEGITIMATE_SIM_REPLACEMENT,0,PAYMENT,46784.0,17059.0,0.0,0.0,303,C1764172230,M1263615543,0,0
EVT-000923-01,USR-000923,ACC-000923,TELECOM,ESIM_CHANGE,2028-07-12T00:00:00,DEV-000923-01,,,telecom,SUCCESS,,,synthetic,SUSPICIOUS_ESIM_CHANGE,1,,,,,,,,,,
EVT-000923-02,USR-000923,ACC-000923,DEVICE,NEW_DEVICE,2028-07-12T00:05:00,DEV-000923-02,,,device,UNRECOGNIZED,,,synthetic,SUSPICIOUS_ESIM_CHANGE,1,,,,,,,,,,
EVT-000923-03,USR-000923,ACC-000923,DEVICE,DEVICE_CHANGE,2028-07-12T00:08:00,DEV-000923-02,,,device,DEVIATION,,,synthetic,SUSPICIOUS_ESIM_CHANGE,1,,,,,,,,,,
EVT-000923-04,USR-000923,ACC-000923,AUTHENTICATION,FAILED_LOGIN,2028-07-12T00:10:00,DEV-000923-02,,,authentication,FAILURE,,,synthetic,SUSPICIOUS_ESIM_CHANGE,1,,,,,,,,,,
EVT-000923-05,USR-000923,ACC-000923,BEHAVIOUR,DEVICE_DEVIATION,2028-07-12T00:15:00,DEV-000923-02,,,behaviour,DEVIATION,,,synthetic,SUSPICIOUS_ESIM_CHANGE,1,,,,,,,,,,
EVT-000923-06,USR-000923,ACC-000923,TRANSACTION,TRANSACTION,2028-07-12T00:30:00,DEV-000923-02,,,transaction,SUCCESS,4805.96,,paysim,SUSPICIOUS_ESIM_CHANGE,1,PAYMENT,92885.0,88079.04,0.0,0.0,45,C457158127,M1739113300,0,0
EVT-000924-01,USR-000924,ACC-000924,TELECOM,SIM_REPLACEMENT,2028-07-13T00:00:00,DEV-000924-01,,,telecom,SUCCESS,,,synthetic,LEGITIMATE_SIM_REPLACEMENT,0,,,,,,,,,,
EVT-000924-02,USR-000924,ACC-000924,AUTHENTICATION,LOGIN,2028-07-13T00:10:00,DEV-000924-01,,,authentication,SUCCESS,,,synthetic,LEGITIMATE_SIM_REPLACEMENT,0,,,,,,,,,,
EVT-000924-03,USR-000924,ACC-000924,TRANSACTION,TRANSACTION,2028-07-13T00:30:00,DEV-000924-01,,,transaction,SUCCESS,160192.76,,paysim,LEGITIMATE_SIM_REPLACEMENT,0,CASH_OUT,44623.0,0.0,3809.02,164001.78,210,C1580067247,C1214841185,0,0
EVT-000925-01,USR-000925,ACC-000925,TELECOM,SIM_REPLACEMENT,2028-07-14T00:00:00,DEV-000925-01,,,telecom,SUCCESS,,,synthetic,SUSPICIOUS_SIM_REPLACEMENT,1,,,,,,,,,,
EVT-000925-02,USR-000925,ACC-000925,DEVICE,NEW_DEVICE,2028-07-14T00:05:00,DEV-000925-02,,,device,UNRECOGNIZED,,,synthetic,SUSPICIOUS_SIM_REPLACEMENT,1,,,,,,,,,,
EVT-000925-03,USR-000925,ACC-000925,AUTHENTICATION,FAILED_LOGIN,2028-07-14T00:10:00,DEV-000925-02,,,authentication,FAILURE,,,synthetic,SUSPICIOUS_SIM_REPLACEMENT,1,,,,,,,,,,
EVT-000925-04,USR-000925,ACC-000925,RECOVERY,PASSWORD_RESET,2028-07-14T00:15:00,DEV-000925-02,,,recovery,SUCCESS,,,synthetic,SUSPICIOUS_SIM_REPLACEMENT,1,,,,,,,,,,
EVT-000925-05,USR-000925,ACC-000925,ACCOUNT,NEW_BENEFICIARY,2028-07-14T00:20:00,DEV-000925-02,,,account,SUCCESS,,BEN-000925-01,synthetic,SUSPICIOUS_SIM_REPLACEMENT,1,,,,,,,,,,
EVT-000925-06,USR-000925,ACC-000925,TRANSACTION,TRANSACTION,2028-07-14T00:30:00,DEV-000925-02,,,transaction,SUCCESS,241.46,,paysim,SUSPICIOUS_SIM_REPLACEMENT,1,PAYMENT,0.0,0.0,0.0,0.0,235,C1075075967,M829799066,0,0
EVT-000926-01,USR-000926,ACC-000926,TELECOM,ESIM_CHANGE,2028-07-15T00:00:00,DEV-000926-01,,,telecom,SUCCESS,,,synthetic,LEGITIMATE_ESIM_CHANGE,0,,,,,,,,,,
EVT-000926-02,USR-000926,ACC-000926,AUTHENTICATION,LOGIN,2028-07-15T00:10:00,DEV-000926-01,,,authentication,SUCCESS,,,synthetic,LEGITIMATE_ESIM_CHANGE,0,,,,,,,,,,
EVT-000927-01,USR-000927,ACC-000927,TELECOM,SIM_SWAP,2028-07-16T00:00:00,DEV-000927-01,,,telecom,SUCCESS,,,synthetic,SIM_ESIM_AUTH_ANOMALY,1,,,,,,,,,,
EVT-000927-02,USR-000927,ACC-000927,DEVICE,NEW_DEVICE,2028-07-16T00:05:00,DEV-000927-02,,,device,UNRECOGNIZED,,,synthetic,SIM_ESIM_AUTH_ANOMALY,1,,,,,,,,,,
EVT-000927-03,USR-000927,ACC-000927,AUTHENTICATION,FAILED_LOGIN,2028-07-16T00:10:00,DEV-000927-02,,,authentication,FAILURE,,,synthetic,SIM_ESIM_AUTH_ANOMALY,1,,,,,,,,,,
EVT-000927-04,USR-000927,ACC-000927,AUTHENTICATION,FAILED_LOGIN,2028-07-16T00:12:00,DEV-000927-02,,,authentication,FAILURE,,,synthetic,SIM_ESIM_AUTH_ANOMALY,1,,,,,,,,,,
EVT-000927-05,USR-000927,ACC-000927,BEHAVIOUR,DEVICE_DEVIATION,2028-07-16T00:15:00,DEV-000927-02,,,behaviour,DEVIATION,,,synthetic,SIM_ESIM_AUTH_ANOMALY,1,,,,,,,,,,
EVT-000928-01,USR-000928,ACC-000928,TELECOM,SIM_SWAP,2028-07-17T00:00:00,DEV-000928-01,,,telecom,SUCCESS,,,synthetic,SIM_ESIM_AUTH_ANOMALY,1,,,,,,,,,,
EVT-000928-02,USR-000928,ACC-000928,DEVICE,NEW_DEVICE,2028-07-17T00:05:00,DEV-000928-02,,,device,UNRECOGNIZED,,,synthetic,SIM_ESIM_AUTH_ANOMALY,1,,,,,,,,,,
EVT-000928-03,USR-000928,ACC-000928,AUTHENTICATION,FAILED_LOGIN,2028-07-17T00:10:00,DEV-000928-02,,,authentication,FAILURE,,,synthetic,SIM_ESIM_AUTH_ANOMALY,1,,,,,,,,,,
EVT-000928-04,USR-000928,ACC-000928,AUTHENTICATION,FAILED_LOGIN,2028-07-17T00:12:00,DEV-000928-02,,,authentication,FAILURE,,,synthetic,SIM_ESIM_AUTH_ANOMALY,1,,,,,,,,,,
EVT-000928-05,USR-000928,ACC-000928,BEHAVIOUR,DEVICE_DEVIATION,2028-07-17T00:15:00,DEV-000928-02,,,behaviour,DEVIATION,,,synthetic,SIM_ESIM_AUTH_ANOMALY,1,,,,,,,,,,
EVT-000929-01,USR-000929,ACC-000929,TELECOM,ESIM_CHANGE,2028-07-18T00:00:00,DEV-000929-01,,,telecom,SUCCESS,,,synthetic,SUSPICIOUS_ESIM_CHANGE,1,,,,,,,,,,
EVT-000929-02,USR-000929,ACC-000929,DEVICE,NEW_DEVICE,2028-07-18T00:05:00,DEV-000929-02,,,device,UNRECOGNIZED,,,synthetic,SUSPICIOUS_ESIM_CHANGE,1,,,,,,,,,,
EVT-000929-03,USR-000929,ACC-000929,DEVICE,DEVICE_CHANGE,2028-07-18T00:08:00,DEV-000929-02,,,device,DEVIATION,,,synthetic,SUSPICIOUS_ESIM_CHANGE,1,,,,,,,,,,
EVT-000929-04,USR-000929,ACC-000929,AUTHENTICATION,FAILED_LOGIN,2028-07-18T00:10:00,DEV-000929-02,,,authentication,FAILURE,,,synthetic,SUSPICIOUS_ESIM_CHANGE,1,,,,,,,,,,
EVT-000929-05,USR-000929,ACC-000929,BEHAVIOUR,DEVICE_DEVIATION,2028-07-18T00:15:00,DEV-000929-02,,,behaviour,DEVIATION,,,synthetic,SUSPICIOUS_ESIM_CHANGE,1,,,,,,,,,,
EVT-000929-06,USR-000929,ACC-000929,TRANSACTION,TRANSACTION,2028-07-18T00:30:00,DEV-000929-02,,,transaction,SUCCESS,7432.9,,paysim,SUSPICIOUS_ESIM_CHANGE,1,PAYMENT,0.0,0.0,0.0,0.0,610,C1845925953,M1858836616,0,0
EVT-000930-01,USR-000930,ACC-000930,TELECOM,ESIM_CHANGE,2028-07-19T00:00:00,DEV-000930-01,,,telecom,SUCCESS,,,synthetic,SUSPICIOUS_ESIM_CHANGE,1,,,,,,,,,,
EVT-000930-02,USR-000930,ACC-000930,DEVICE,NEW_DEVICE,2028-07-19T00:05:00,DEV-000930-02,,,device,UNRECOGNIZED,,,synthetic,SUSPICIOUS_ESIM_CHANGE,1,,,,,,,,,,
EVT-000930-03,USR-000930,ACC-000930,DEVICE,DEVICE_CHANGE,2028-07-19T00:08:00,DEV-000930-02,,,device,DEVIATION,,,synthetic,SUSPICIOUS_ESIM_CHANGE,1,,,,,,,,,,
EVT-000930-04,USR-000930,ACC-000930,AUTHENTICATION,FAILED_LOGIN,2028-07-19T00:10:00,DEV-000930-02,,,authentication,FAILURE,,,synthetic,SUSPICIOUS_ESIM_CHANGE,1,,,,,,,,,,
EVT-000930-05,USR-000930,ACC-000930,BEHAVIOUR,DEVICE_DEVIATION,2028-07-19T00:15:00,DEV-000930-02,,,behaviour,DEVIATION,,,synthetic,SUSPICIOUS_ESIM_CHANGE,1,,,,,,,,,,
EVT-000930-06,USR-000930,ACC-000930,TRANSACTION,TRANSACTION,2028-07-19T00:30:00,DEV-000930-02,,,transaction,SUCCESS,21519.01,,paysim,SUSPICIOUS_ESIM_CHANGE,1,CASH_OUT,0.0,0.0,33166.69,54685.69,183,C631825780,C1425362112,0,0
EVT-000931-01,USR-000931,ACC-000931,TELECOM,SIM_SWAP,2028-07-20T00:00:00,DEV-000931-01,,,telecom,SUCCESS,,,synthetic,SIM_ESIM_AUTH_ANOMALY,1,,,,,,,,,,
EVT-000931-02,USR-000931,ACC-000931,DEVICE,NEW_DEVICE,2028-07-20T00:05:00,DEV-000931-02,,,device,UNRECOGNIZED,,,synthetic,SIM_ESIM_AUTH_ANOMALY,1,,,,,,,,,,
EVT-000931-03,USR-000931,ACC-000931,AUTHENTICATION,FAILED_LOGIN,2028-07-20T00:10:00,DEV-000931-02,,,authentication,FAILURE,,,synthetic,SIM_ESIM_AUTH_ANOMALY,1,,,,,,,,,,
EVT-000931-04,USR-000931,ACC-000931,AUTHENTICATION,FAILED_LOGIN,2028-07-20T00:12:00,DEV-000931-02,,,authentication,FAILURE,,,synthetic,SIM_ESIM_AUTH_ANOMALY,1,,,,,,,,,,
EVT-000931-05,USR-000931,ACC-000931,BEHAVIOUR,DEVICE_DEVIATION,2028-07-20T00:15:00,DEV-000931-02,,,behaviour,DEVIATION,,,synthetic,SIM_ESIM_AUTH_ANOMALY,1,,,,,,,,,,
EVT-000932-01,USR-000932,ACC-000932,TELECOM,ESIM_CHANGE,2028-07-21T00:00:00,DEV-000932-01,,,telecom,SUCCESS,,,synthetic,LEGITIMATE_ESIM_CHANGE,0,,,,,,,,,,
EVT-000932-02,USR-000932,ACC-000932,AUTHENTICATION,LOGIN,2028-07-21T00:10:00,DEV-000932-01,,,authentication,SUCCESS,,,synthetic,LEGITIMATE_ESIM_CHANGE,0,,,,,,,,,,
EVT-000933-01,USR-000933,ACC-000933,TELECOM,SIM_REPLACEMENT,2028-07-22T00:00:00,DEV-000933-01,,,telecom,SUCCESS,,,synthetic,SUSPICIOUS_SIM_REPLACEMENT,1,,,,,,,,,,
EVT-000933-02,USR-000933,ACC-000933,DEVICE,NEW_DEVICE,2028-07-22T00:05:00,DEV-000933-02,,,device,UNRECOGNIZED,,,synthetic,SUSPICIOUS_SIM_REPLACEMENT,1,,,,,,,,,,
EVT-000933-03,USR-000933,ACC-000933,AUTHENTICATION,FAILED_LOGIN,2028-07-22T00:10:00,DEV-000933-02,,,authentication,FAILURE,,,synthetic,SUSPICIOUS_SIM_REPLACEMENT,1,,,,,,,,,,
EVT-000933-04,USR-000933,ACC-000933,RECOVERY,PASSWORD_RESET,2028-07-22T00:15:00,DEV-000933-02,,,recovery,SUCCESS,,,synthetic,SUSPICIOUS_SIM_REPLACEMENT,1,,,,,,,,,,
EVT-000933-05,USR-000933,ACC-000933,ACCOUNT,NEW_BENEFICIARY,2028-07-22T00:20:00,DEV-000933-02,,,account,SUCCESS,,BEN-000933-01,synthetic,SUSPICIOUS_SIM_REPLACEMENT,1,,,,,,,,,,
EVT-000933-06,USR-000933,ACC-000933,TRANSACTION,TRANSACTION,2028-07-22T00:30:00,DEV-000933-02,,,transaction,SUCCESS,122198.78,,paysim,SUSPICIOUS_SIM_REPLACEMENT,1,CASH_IN,6902599.35,7024798.13,276292.36,154093.59,284,C2059177747,C221964491,0,0
EVT-000934-01,USR-000934,ACC-000934,TELECOM,SIM_REPLACEMENT,2028-07-23T00:00:00,DEV-000934-01,,,telecom,SUCCESS,,,synthetic,LEGITIMATE_SIM_REPLACEMENT,0,,,,,,,,,,
EVT-000934-02,USR-000934,ACC-000934,AUTHENTICATION,LOGIN,2028-07-23T00:10:00,DEV-000934-01,,,authentication,SUCCESS,,,synthetic,LEGITIMATE_SIM_REPLACEMENT,0,,,,,,,,,,
EVT-000934-03,USR-000934,ACC-000934,TRANSACTION,TRANSACTION,2028-07-23T00:30:00,DEV-000934-01,,,transaction,SUCCESS,107202.34,,paysim,LEGITIMATE_SIM_REPLACEMENT,0,CASH_IN,1.457339996E7,1.46806023E7,149190.49,41988.15,305,C1323211683,C1873642419,0,0
EVT-000935-01,USR-000935,ACC-000935,TELECOM,ESIM_CHANGE,2028-07-24T00:00:00,DEV-000935-01,,,telecom,SUCCESS,,,synthetic,LEGITIMATE_ESIM_CHANGE,0,,,,,,,,,,
EVT-000935-02,USR-000935,ACC-000935,AUTHENTICATION,LOGIN,2028-07-24T00:10:00,DEV-000935-01,,,authentication,SUCCESS,,,synthetic,LEGITIMATE_ESIM_CHANGE,0,,,,,,,,,,
EVT-000936-01,USR-000936,ACC-000936,TELECOM,SIM_REPLACEMENT,2028-07-25T00:00:00,DEV-000936-01,,,telecom,SUCCESS,,,synthetic,LEGITIMATE_SIM_REPLACEMENT,0,,,,,,,,,,
EVT-000936-02,USR-000936,ACC-000936,AUTHENTICATION,LOGIN,2028-07-25T00:10:00,DEV-000936-01,,,authentication,SUCCESS,,,synthetic,LEGITIMATE_SIM_REPLACEMENT,0,,,,,,,,,,
EVT-000936-03,USR-000936,ACC-000936,TRANSACTION,TRANSACTION,2028-07-25T00:30:00,DEV-000936-01,,,transaction,SUCCESS,134741.38,,paysim,LEGITIMATE_SIM_REPLACEMENT,0,CASH_OUT,0.0,0.0,288321.9,423063.29,205,C1351378203,C1840513360,0,0
EVT-000937-01,USR-000937,ACC-000937,TELECOM,SIM_REPLACEMENT,2028-07-26T00:00:00,DEV-000937-01,,,telecom,SUCCESS,,,synthetic,SUSPICIOUS_SIM_REPLACEMENT,1,,,,,,,,,,
EVT-000937-02,USR-000937,ACC-000937,DEVICE,NEW_DEVICE,2028-07-26T00:05:00,DEV-000937-02,,,device,UNRECOGNIZED,,,synthetic,SUSPICIOUS_SIM_REPLACEMENT,1,,,,,,,,,,
EVT-000937-03,USR-000937,ACC-000937,AUTHENTICATION,FAILED_LOGIN,2028-07-26T00:10:00,DEV-000937-02,,,authentication,FAILURE,,,synthetic,SUSPICIOUS_SIM_REPLACEMENT,1,,,,,,,,,,
EVT-000937-04,USR-000937,ACC-000937,RECOVERY,PASSWORD_RESET,2028-07-26T00:15:00,DEV-000937-02,,,recovery,SUCCESS,,,synthetic,SUSPICIOUS_SIM_REPLACEMENT,1,,,,,,,,,,
EVT-000937-05,USR-000937,ACC-000937,ACCOUNT,NEW_BENEFICIARY,2028-07-26T00:20:00,DEV-000937-02,,,account,SUCCESS,,BEN-000937-01,synthetic,SUSPICIOUS_SIM_REPLACEMENT,1,,,,,,,,,,
EVT-000937-06,USR-000937,ACC-000937,TRANSACTION,TRANSACTION,2028-07-26T00:30:00,DEV-000937-02,,,transaction,SUCCESS,88545.23,,paysim,SUSPICIOUS_SIM_REPLACEMENT,1,CASH_IN,2177791.52,2266336.76,1166372.87,1077827.64,158,C633784934,C1310430341,0,0
EVT-000938-01,USR-000938,ACC-000938,TELECOM,SIM_REPLACEMENT,2028-07-27T00:00:00,DEV-000938-01,,,telecom,SUCCESS,,,synthetic,SUSPICIOUS_SIM_REPLACEMENT,1,,,,,,,,,,
EVT-000938-02,USR-000938,ACC-000938,DEVICE,NEW_DEVICE,2028-07-27T00:05:00,DEV-000938-02,,,device,UNRECOGNIZED,,,synthetic,SUSPICIOUS_SIM_REPLACEMENT,1,,,,,,,,,,
EVT-000938-03,USR-000938,ACC-000938,AUTHENTICATION,FAILED_LOGIN,2028-07-27T00:10:00,DEV-000938-02,,,authentication,FAILURE,,,synthetic,SUSPICIOUS_SIM_REPLACEMENT,1,,,,,,,,,,
EVT-000938-04,USR-000938,ACC-000938,RECOVERY,PASSWORD_RESET,2028-07-27T00:15:00,DEV-000938-02,,,recovery,SUCCESS,,,synthetic,SUSPICIOUS_SIM_REPLACEMENT,1,,,,,,,,,,
EVT-000938-05,USR-000938,ACC-000938,ACCOUNT,NEW_BENEFICIARY,2028-07-27T00:20:00,DEV-000938-02,,,account,SUCCESS,,BEN-000938-01,synthetic,SUSPICIOUS_SIM_REPLACEMENT,1,,,,,,,,,,
EVT-000938-06,USR-000938,ACC-000938,TRANSACTION,TRANSACTION,2028-07-27T00:30:00,DEV-000938-02,,,transaction,SUCCESS,13749.44,,paysim,SUSPICIOUS_SIM_REPLACEMENT,1,PAYMENT,0.0,0.0,0.0,0.0,347,C248362426,M286152099,0,0
EVT-000939-01,USR-000939,ACC-000939,TELECOM,ESIM_CHANGE,2028-07-28T00:00:00,DEV-000939-01,,,telecom,SUCCESS,,,synthetic,SUSPICIOUS_ESIM_CHANGE,1,,,,,,,,,,
EVT-000939-02,USR-000939,ACC-000939,DEVICE,NEW_DEVICE,2028-07-28T00:05:00,DEV-000939-02,,,device,UNRECOGNIZED,,,synthetic,SUSPICIOUS_ESIM_CHANGE,1,,,,,,,,,,
EVT-000939-03,USR-000939,ACC-000939,DEVICE,DEVICE_CHANGE,2028-07-28T00:08:00,DEV-000939-02,,,device,DEVIATION,,,synthetic,SUSPICIOUS_ESIM_CHANGE,1,,,,,,,,,,
EVT-000939-04,USR-000939,ACC-000939,AUTHENTICATION,FAILED_LOGIN,2028-07-28T00:10:00,DEV-000939-02,,,authentication,FAILURE,,,synthetic,SUSPICIOUS_ESIM_CHANGE,1,,,,,,,,,,
EVT-000939-05,USR-000939,ACC-000939,BEHAVIOUR,DEVICE_DEVIATION,2028-07-28T00:15:00,DEV-000939-02,,,behaviour,DEVIATION,,,synthetic,SUSPICIOUS_ESIM_CHANGE,1,,,,,,,,,,
EVT-000939-06,USR-000939,ACC-000939,TRANSACTION,TRANSACTION,2028-07-28T00:30:00,DEV-000939-02,,,transaction,SUCCESS,294393.1,,paysim,SUSPICIOUS_ESIM_CHANGE,1,CASH_IN,2525989.6,2820382.7,506974.3,212581.2,44,C193824329,C1535294870,0,0
EVT-000940-01,USR-000940,ACC-000940,TELECOM,SIM_REPLACEMENT,2028-07-29T00:00:00,DEV-000940-01,,,telecom,SUCCESS,,,synthetic,LEGITIMATE_SIM_REPLACEMENT,0,,,,,,,,,,
EVT-000940-02,USR-000940,ACC-000940,AUTHENTICATION,LOGIN,2028-07-29T00:10:00,DEV-000940-01,,,authentication,SUCCESS,,,synthetic,LEGITIMATE_SIM_REPLACEMENT,0,,,,,,,,,,
EVT-000940-03,USR-000940,ACC-000940,TRANSACTION,TRANSACTION,2028-07-29T00:30:00,DEV-000940-01,,,transaction,SUCCESS,21535.81,,paysim,LEGITIMATE_SIM_REPLACEMENT,0,PAYMENT,0.0,0.0,0.0,0.0,161,C1011221140,M752579283,0,0
EVT-000941-01,USR-000941,ACC-000941,TELECOM,SIM_SWAP,2028-07-30T00:00:00,DEV-000941-01,,,telecom,SUCCESS,,,synthetic,SIM_ESIM_AUTH_ANOMALY,1,,,,,,,,,,
EVT-000941-02,USR-000941,ACC-000941,DEVICE,NEW_DEVICE,2028-07-30T00:05:00,DEV-000941-02,,,device,UNRECOGNIZED,,,synthetic,SIM_ESIM_AUTH_ANOMALY,1,,,,,,,,,,
EVT-000941-03,USR-000941,ACC-000941,AUTHENTICATION,FAILED_LOGIN,2028-07-30T00:10:00,DEV-000941-02,,,authentication,FAILURE,,,synthetic,SIM_ESIM_AUTH_ANOMALY,1,,,,,,,,,,
EVT-000941-04,USR-000941,ACC-000941,AUTHENTICATION,FAILED_LOGIN,2028-07-30T00:12:00,DEV-000941-02,,,authentication,FAILURE,,,synthetic,SIM_ESIM_AUTH_ANOMALY,1,,,,,,,,,,
EVT-000941-05,USR-000941,ACC-000941,BEHAVIOUR,DEVICE_DEVIATION,2028-07-30T00:15:00,DEV-000941-02,,,behaviour,DEVIATION,,,synthetic,SIM_ESIM_AUTH_ANOMALY,1,,,,,,,,,,
EVT-000942-01,USR-000942,ACC-000942,TELECOM,ESIM_CHANGE,2028-07-31T00:00:00,DEV-000942-01,,,telecom,SUCCESS,,,synthetic,LEGITIMATE_ESIM_CHANGE,0,,,,,,,,,,
EVT-000942-02,USR-000942,ACC-000942,AUTHENTICATION,LOGIN,2028-07-31T00:10:00,DEV-000942-01,,,authentication,SUCCESS,,,synthetic,LEGITIMATE_ESIM_CHANGE,0,,,,,,,,,,
EVT-000943-01,USR-000943,ACC-000943,TELECOM,ESIM_CHANGE,2028-08-01T00:00:00,DEV-000943-01,,,telecom,SUCCESS,,,synthetic,SUSPICIOUS_ESIM_CHANGE,1,,,,,,,,,,
EVT-000943-02,USR-000943,ACC-000943,DEVICE,NEW_DEVICE,2028-08-01T00:05:00,DEV-000943-02,,,device,UNRECOGNIZED,,,synthetic,SUSPICIOUS_ESIM_CHANGE,1,,,,,,,,,,
EVT-000943-03,USR-000943,ACC-000943,DEVICE,DEVICE_CHANGE,2028-08-01T00:08:00,DEV-000943-02,,,device,DEVIATION,,,synthetic,SUSPICIOUS_ESIM_CHANGE,1,,,,,,,,,,
EVT-000943-04,USR-000943,ACC-000943,AUTHENTICATION,FAILED_LOGIN,2028-08-01T00:10:00,DEV-000943-02,,,authentication,FAILURE,,,synthetic,SUSPICIOUS_ESIM_CHANGE,1,,,,,,,,,,
EVT-000943-05,USR-000943,ACC-000943,BEHAVIOUR,DEVICE_DEVIATION,2028-08-01T00:15:00,DEV-000943-02,,,behaviour,DEVIATION,,,synthetic,SUSPICIOUS_ESIM_CHANGE,1,,,,,,,,,,
EVT-000943-06,USR-000943,ACC-000943,TRANSACTION,TRANSACTION,2028-08-01T00:30:00,DEV-000943-02,,,transaction,SUCCESS,149598.51,,paysim,SUSPICIOUS_ESIM_CHANGE,1,CASH_OUT,0.0,0.0,701724.9,851323.41,403,C690894030,C1657344757,0,0
EVT-000944-01,USR-000944,ACC-000944,TELECOM,ESIM_CHANGE,2028-08-02T00:00:00,DEV-000944-01,,,telecom,SUCCESS,,,synthetic,LEGITIMATE_ESIM_CHANGE,0,,,,,,,,,,
EVT-000944-02,USR-000944,ACC-000944,AUTHENTICATION,LOGIN,2028-08-02T00:10:00,DEV-000944-01,,,authentication,SUCCESS,,,synthetic,LEGITIMATE_ESIM_CHANGE,0,,,,,,,,,,
EVT-000945-01,USR-000945,ACC-000945,TELECOM,SIM_SWAP,2028-08-03T00:00:00,DEV-000945-01,,,telecom,SUCCESS,,,synthetic,SIM_ESIM_AUTH_ANOMALY,1,,,,,,,,,,
EVT-000945-02,USR-000945,ACC-000945,DEVICE,NEW_DEVICE,2028-08-03T00:05:00,DEV-000945-02,,,device,UNRECOGNIZED,,,synthetic,SIM_ESIM_AUTH_ANOMALY,1,,,,,,,,,,
EVT-000945-03,USR-000945,ACC-000945,AUTHENTICATION,FAILED_LOGIN,2028-08-03T00:10:00,DEV-000945-02,,,authentication,FAILURE,,,synthetic,SIM_ESIM_AUTH_ANOMALY,1,,,,,,,,,,
EVT-000945-04,USR-000945,ACC-000945,AUTHENTICATION,FAILED_LOGIN,2028-08-03T00:12:00,DEV-000945-02,,,authentication,FAILURE,,,synthetic,SIM_ESIM_AUTH_ANOMALY,1,,,,,,,,,,
EVT-000945-05,USR-000945,ACC-000945,BEHAVIOUR,DEVICE_DEVIATION,2028-08-03T00:15:00,DEV-000945-02,,,behaviour,DEVIATION,,,synthetic,SIM_ESIM_AUTH_ANOMALY,1,,,,,,,,,,
EVT-000946-01,USR-000946,ACC-000946,TELECOM,ESIM_CHANGE,2028-08-04T00:00:00,DEV-000946-01,,,telecom,SUCCESS,,,synthetic,LEGITIMATE_ESIM_CHANGE,0,,,,,,,,,,
EVT-000946-02,USR-000946,ACC-000946,AUTHENTICATION,LOGIN,2028-08-04T00:10:00,DEV-000946-01,,,authentication,SUCCESS,,,synthetic,LEGITIMATE_ESIM_CHANGE,0,,,,,,,,,,
EVT-000947-01,USR-000947,ACC-000947,TELECOM,SIM_REPLACEMENT,2028-08-05T00:00:00,DEV-000947-01,,,telecom,SUCCESS,,,synthetic,LEGITIMATE_SIM_REPLACEMENT,0,,,,,,,,,,
EVT-000947-02,USR-000947,ACC-000947,AUTHENTICATION,LOGIN,2028-08-05T00:10:00,DEV-000947-01,,,authentication,SUCCESS,,,synthetic,LEGITIMATE_SIM_REPLACEMENT,0,,,,,,,,,,
EVT-000947-03,USR-000947,ACC-000947,TRANSACTION,TRANSACTION,2028-08-05T00:30:00,DEV-000947-01,,,transaction,SUCCESS,93287.06,,paysim,LEGITIMATE_SIM_REPLACEMENT,0,CASH_OUT,86820.0,0.0,0.0,93287.06,321,C809302244,C486423447,0,0
EVT-000948-01,USR-000948,ACC-000948,TELECOM,ESIM_CHANGE,2028-08-06T00:00:00,DEV-000948-01,,,telecom,SUCCESS,,,synthetic,LEGITIMATE_ESIM_CHANGE,0,,,,,,,,,,
EVT-000948-02,USR-000948,ACC-000948,AUTHENTICATION,LOGIN,2028-08-06T00:10:00,DEV-000948-01,,,authentication,SUCCESS,,,synthetic,LEGITIMATE_ESIM_CHANGE,0,,,,,,,,,,
EVT-000949-01,USR-000949,ACC-000949,TELECOM,SIM_REPLACEMENT,2028-08-07T00:00:00,DEV-000949-01,,,telecom,SUCCESS,,,synthetic,LEGITIMATE_SIM_REPLACEMENT,0,,,,,,,,,,
EVT-000949-02,USR-000949,ACC-000949,AUTHENTICATION,LOGIN,2028-08-07T00:10:00,DEV-000949-01,,,authentication,SUCCESS,,,synthetic,LEGITIMATE_SIM_REPLACEMENT,0,,,,,,,,,,
EVT-000949-03,USR-000949,ACC-000949,TRANSACTION,TRANSACTION,2028-08-07T00:30:00,DEV-000949-01,,,transaction,SUCCESS,30096.88,,paysim,LEGITIMATE_SIM_REPLACEMENT,0,CASH_IN,11469.0,41565.88,243756.55,213659.67,300,C447907601,C589340559,0,0
EVT-000950-01,USR-000950,ACC-000950,TELECOM,SIM_SWAP,2028-08-08T00:00:00,DEV-000950-01,,,telecom,SUCCESS,,,synthetic,SIM_ESIM_AUTH_ANOMALY,1,,,,,,,,,,
EVT-000950-02,USR-000950,ACC-000950,DEVICE,NEW_DEVICE,2028-08-08T00:05:00,DEV-000950-02,,,device,UNRECOGNIZED,,,synthetic,SIM_ESIM_AUTH_ANOMALY,1,,,,,,,,,,
EVT-000950-03,USR-000950,ACC-000950,AUTHENTICATION,FAILED_LOGIN,2028-08-08T00:10:00,DEV-000950-02,,,authentication,FAILURE,,,synthetic,SIM_ESIM_AUTH_ANOMALY,1,,,,,,,,,,
EVT-000950-04,USR-000950,ACC-000950,AUTHENTICATION,FAILED_LOGIN,2028-08-08T00:12:00,DEV-000950-02,,,authentication,FAILURE,,,synthetic,SIM_ESIM_AUTH_ANOMALY,1,,,,,,,,,,
EVT-000950-05,USR-000950,ACC-000950,BEHAVIOUR,DEVICE_DEVIATION,2028-08-08T00:15:00,DEV-000950-02,,,behaviour,DEVIATION,,,synthetic,SIM_ESIM_AUTH_ANOMALY,1,,,,,,,,,,
EVT-000951-01,USR-000951,ACC-000951,TELECOM,ESIM_CHANGE,2028-08-09T00:00:00,DEV-000951-01,,,telecom,SUCCESS,,,synthetic,LEGITIMATE_ESIM_CHANGE,0,,,,,,,,,,
EVT-000951-02,USR-000951,ACC-000951,AUTHENTICATION,LOGIN,2028-08-09T00:10:00,DEV-000951-01,,,authentication,SUCCESS,,,synthetic,LEGITIMATE_ESIM_CHANGE,0,,,,,,,,,,
EVT-000952-01,USR-000952,ACC-000952,TELECOM,ESIM_CHANGE,2028-08-10T00:00:00,DEV-000952-01,,,telecom,SUCCESS,,,synthetic,SUSPICIOUS_ESIM_CHANGE,1,,,,,,,,,,
EVT-000952-02,USR-000952,ACC-000952,DEVICE,NEW_DEVICE,2028-08-10T00:05:00,DEV-000952-02,,,device,UNRECOGNIZED,,,synthetic,SUSPICIOUS_ESIM_CHANGE,1,,,,,,,,,,
EVT-000952-03,USR-000952,ACC-000952,DEVICE,DEVICE_CHANGE,2028-08-10T00:08:00,DEV-000952-02,,,device,DEVIATION,,,synthetic,SUSPICIOUS_ESIM_CHANGE,1,,,,,,,,,,
EVT-000952-04,USR-000952,ACC-000952,AUTHENTICATION,FAILED_LOGIN,2028-08-10T00:10:00,DEV-000952-02,,,authentication,FAILURE,,,synthetic,SUSPICIOUS_ESIM_CHANGE,1,,,,,,,,,,
EVT-000952-05,USR-000952,ACC-000952,BEHAVIOUR,DEVICE_DEVIATION,2028-08-10T00:15:00,DEV-000952-02,,,behaviour,DEVIATION,,,synthetic,SUSPICIOUS_ESIM_CHANGE,1,,,,,,,,,,
EVT-000952-06,USR-000952,ACC-000952,TRANSACTION,TRANSACTION,2028-08-10T00:30:00,DEV-000952-02,,,transaction,SUCCESS,18443.25,,paysim,SUSPICIOUS_ESIM_CHANGE,1,PAYMENT,170.0,0.0,0.0,0.0,305,C1807806437,M1086071674,0,0
EVT-000953-01,USR-000953,ACC-000953,TELECOM,ESIM_CHANGE,2028-08-11T00:00:00,DEV-000953-01,,,telecom,SUCCESS,,,synthetic,LEGITIMATE_ESIM_CHANGE,0,,,,,,,,,,
EVT-000953-02,USR-000953,ACC-000953,AUTHENTICATION,LOGIN,2028-08-11T00:10:00,DEV-000953-01,,,authentication,SUCCESS,,,synthetic,LEGITIMATE_ESIM_CHANGE,0,,,,,,,,,,
EVT-000954-01,USR-000954,ACC-000954,TELECOM,SIM_REPLACEMENT,2028-08-12T00:00:00,DEV-000954-01,,,telecom,SUCCESS,,,synthetic,LEGITIMATE_SIM_REPLACEMENT,0,,,,,,,,,,
EVT-000954-02,USR-000954,ACC-000954,AUTHENTICATION,LOGIN,2028-08-12T00:10:00,DEV-000954-01,,,authentication,SUCCESS,,,synthetic,LEGITIMATE_SIM_REPLACEMENT,0,,,,,,,,,,
EVT-000954-03,USR-000954,ACC-000954,TRANSACTION,TRANSACTION,2028-08-12T00:30:00,DEV-000954-01,,,transaction,SUCCESS,8434.06,,paysim,LEGITIMATE_SIM_REPLACEMENT,0,PAYMENT,91334.34,82900.28,0.0,0.0,323,C938289791,M399768682,0,0
EVT-000955-01,USR-000955,ACC-000955,TELECOM,SIM_SWAP,2028-08-13T00:00:00,DEV-000955-01,,,telecom,SUCCESS,,,synthetic,SIM_ESIM_AUTH_ANOMALY,1,,,,,,,,,,
EVT-000955-02,USR-000955,ACC-000955,DEVICE,NEW_DEVICE,2028-08-13T00:05:00,DEV-000955-02,,,device,UNRECOGNIZED,,,synthetic,SIM_ESIM_AUTH_ANOMALY,1,,,,,,,,,,
EVT-000955-03,USR-000955,ACC-000955,AUTHENTICATION,FAILED_LOGIN,2028-08-13T00:10:00,DEV-000955-02,,,authentication,FAILURE,,,synthetic,SIM_ESIM_AUTH_ANOMALY,1,,,,,,,,,,
EVT-000955-04,USR-000955,ACC-000955,AUTHENTICATION,FAILED_LOGIN,2028-08-13T00:12:00,DEV-000955-02,,,authentication,FAILURE,,,synthetic,SIM_ESIM_AUTH_ANOMALY,1,,,,,,,,,,
EVT-000955-05,USR-000955,ACC-000955,BEHAVIOUR,DEVICE_DEVIATION,2028-08-13T00:15:00,DEV-000955-02,,,behaviour,DEVIATION,,,synthetic,SIM_ESIM_AUTH_ANOMALY,1,,,,,,,,,,
EVT-000956-01,USR-000956,ACC-000956,TELECOM,ESIM_CHANGE,2028-08-14T00:00:00,DEV-000956-01,,,telecom,SUCCESS,,,synthetic,LEGITIMATE_ESIM_CHANGE,0,,,,,,,,,,
EVT-000956-02,USR-000956,ACC-000956,AUTHENTICATION,LOGIN,2028-08-14T00:10:00,DEV-000956-01,,,authentication,SUCCESS,,,synthetic,LEGITIMATE_ESIM_CHANGE,0,,,,,,,,,,
EVT-000957-01,USR-000957,ACC-000957,TELECOM,SIM_SWAP,2028-08-15T00:00:00,DEV-000957-01,,,telecom,SUCCESS,,,synthetic,SIM_ESIM_AUTH_ANOMALY,1,,,,,,,,,,
EVT-000957-02,USR-000957,ACC-000957,DEVICE,NEW_DEVICE,2028-08-15T00:05:00,DEV-000957-02,,,device,UNRECOGNIZED,,,synthetic,SIM_ESIM_AUTH_ANOMALY,1,,,,,,,,,,
EVT-000957-03,USR-000957,ACC-000957,AUTHENTICATION,FAILED_LOGIN,2028-08-15T00:10:00,DEV-000957-02,,,authentication,FAILURE,,,synthetic,SIM_ESIM_AUTH_ANOMALY,1,,,,,,,,,,
EVT-000957-04,USR-000957,ACC-000957,AUTHENTICATION,FAILED_LOGIN,2028-08-15T00:12:00,DEV-000957-02,,,authentication,FAILURE,,,synthetic,SIM_ESIM_AUTH_ANOMALY,1,,,,,,,,,,
EVT-000957-05,USR-000957,ACC-000957,BEHAVIOUR,DEVICE_DEVIATION,2028-08-15T00:15:00,DEV-000957-02,,,behaviour,DEVIATION,,,synthetic,SIM_ESIM_AUTH_ANOMALY,1,,,,,,,,,,
EVT-000958-01,USR-000958,ACC-000958,TELECOM,ESIM_CHANGE,2028-08-16T00:00:00,DEV-000958-01,,,telecom,SUCCESS,,,synthetic,SUSPICIOUS_ESIM_CHANGE,1,,,,,,,,,,
EVT-000958-02,USR-000958,ACC-000958,DEVICE,NEW_DEVICE,2028-08-16T00:05:00,DEV-000958-02,,,device,UNRECOGNIZED,,,synthetic,SUSPICIOUS_ESIM_CHANGE,1,,,,,,,,,,
EVT-000958-03,USR-000958,ACC-000958,DEVICE,DEVICE_CHANGE,2028-08-16T00:08:00,DEV-000958-02,,,device,DEVIATION,,,synthetic,SUSPICIOUS_ESIM_CHANGE,1,,,,,,,,,,
EVT-000958-04,USR-000958,ACC-000958,AUTHENTICATION,FAILED_LOGIN,2028-08-16T00:10:00,DEV-000958-02,,,authentication,FAILURE,,,synthetic,SUSPICIOUS_ESIM_CHANGE,1,,,,,,,,,,
EVT-000958-05,USR-000958,ACC-000958,BEHAVIOUR,DEVICE_DEVIATION,2028-08-16T00:15:00,DEV-000958-02,,,behaviour,DEVIATION,,,synthetic,SUSPICIOUS_ESIM_CHANGE,1,,,,,,,,,,
EVT-000958-06,USR-000958,ACC-000958,TRANSACTION,TRANSACTION,2028-08-16T00:30:00,DEV-000958-02,,,transaction,SUCCESS,190710.26,,paysim,SUSPICIOUS_ESIM_CHANGE,1,CASH_OUT,16697.0,0.0,1176522.14,1541586.07,231,C2014113705,C1791197437,0,0
EVT-000959-01,USR-000959,ACC-000959,TELECOM,SIM_REPLACEMENT,2028-08-17T00:00:00,DEV-000959-01,,,telecom,SUCCESS,,,synthetic,LEGITIMATE_SIM_REPLACEMENT,0,,,,,,,,,,
EVT-000959-02,USR-000959,ACC-000959,AUTHENTICATION,LOGIN,2028-08-17T00:10:00,DEV-000959-01,,,authentication,SUCCESS,,,synthetic,LEGITIMATE_SIM_REPLACEMENT,0,,,,,,,,,,
EVT-000959-03,USR-000959,ACC-000959,TRANSACTION,TRANSACTION,2028-08-17T00:30:00,DEV-000959-01,,,transaction,SUCCESS,118877.97,,paysim,LEGITIMATE_SIM_REPLACEMENT,0,CASH_OUT,0.0,0.0,238055.31,356933.29,139,C1232147441,C629732058,0,0
EVT-000960-01,USR-000960,ACC-000960,TELECOM,SIM_SWAP,2028-08-18T00:00:00,DEV-000960-01,,,telecom,SUCCESS,,,synthetic,SIM_ESIM_AUTH_ANOMALY,1,,,,,,,,,,
EVT-000960-02,USR-000960,ACC-000960,DEVICE,NEW_DEVICE,2028-08-18T00:05:00,DEV-000960-02,,,device,UNRECOGNIZED,,,synthetic,SIM_ESIM_AUTH_ANOMALY,1,,,,,,,,,,
EVT-000960-03,USR-000960,ACC-000960,AUTHENTICATION,FAILED_LOGIN,2028-08-18T00:10:00,DEV-000960-02,,,authentication,FAILURE,,,synthetic,SIM_ESIM_AUTH_ANOMALY,1,,,,,,,,,,
EVT-000960-04,USR-000960,ACC-000960,AUTHENTICATION,FAILED_LOGIN,2028-08-18T00:12:00,DEV-000960-02,,,authentication,FAILURE,,,synthetic,SIM_ESIM_AUTH_ANOMALY,1,,,,,,,,,,
EVT-000960-05,USR-000960,ACC-000960,BEHAVIOUR,DEVICE_DEVIATION,2028-08-18T00:15:00,DEV-000960-02,,,behaviour,DEVIATION,,,synthetic,SIM_ESIM_AUTH_ANOMALY,1,,,,,,,,,,
EVT-000961-01,USR-000961,ACC-000961,TELECOM,ESIM_CHANGE,2028-08-19T00:00:00,DEV-000961-01,,,telecom,SUCCESS,,,synthetic,SUSPICIOUS_ESIM_CHANGE,1,,,,,,,,,,
EVT-000961-02,USR-000961,ACC-000961,DEVICE,NEW_DEVICE,2028-08-19T00:05:00,DEV-000961-02,,,device,UNRECOGNIZED,,,synthetic,SUSPICIOUS_ESIM_CHANGE,1,,,,,,,,,,
EVT-000961-03,USR-000961,ACC-000961,DEVICE,DEVICE_CHANGE,2028-08-19T00:08:00,DEV-000961-02,,,device,DEVIATION,,,synthetic,SUSPICIOUS_ESIM_CHANGE,1,,,,,,,,,,
EVT-000961-04,USR-000961,ACC-000961,AUTHENTICATION,FAILED_LOGIN,2028-08-19T00:10:00,DEV-000961-02,,,authentication,FAILURE,,,synthetic,SUSPICIOUS_ESIM_CHANGE,1,,,,,,,,,,
EVT-000961-05,USR-000961,ACC-000961,BEHAVIOUR,DEVICE_DEVIATION,2028-08-19T00:15:00,DEV-000961-02,,,behaviour,DEVIATION,,,synthetic,SUSPICIOUS_ESIM_CHANGE,1,,,,,,,,,,
EVT-000961-06,USR-000961,ACC-000961,TRANSACTION,TRANSACTION,2028-08-19T00:30:00,DEV-000961-02,,,transaction,SUCCESS,207213.53,,paysim,SUSPICIOUS_ESIM_CHANGE,1,CASH_OUT,0.0,0.0,2795670.03,3002883.56,661,C1188113899,C2029922268,0,0
EVT-000962-01,USR-000962,ACC-000962,TELECOM,SIM_REPLACEMENT,2028-08-20T00:00:00,DEV-000962-01,,,telecom,SUCCESS,,,synthetic,LEGITIMATE_SIM_REPLACEMENT,0,,,,,,,,,,
EVT-000962-02,USR-000962,ACC-000962,AUTHENTICATION,LOGIN,2028-08-20T00:10:00,DEV-000962-01,,,authentication,SUCCESS,,,synthetic,LEGITIMATE_SIM_REPLACEMENT,0,,,,,,,,,,
EVT-000962-03,USR-000962,ACC-000962,TRANSACTION,TRANSACTION,2028-08-20T00:30:00,DEV-000962-01,,,transaction,SUCCESS,19176.15,,paysim,LEGITIMATE_SIM_REPLACEMENT,0,CASH_OUT,125672.4,106496.24,2458988.57,2478164.72,284,C2118240211,C226927159,0,0
EVT-000963-01,USR-000963,ACC-000963,TELECOM,SIM_SWAP,2028-08-21T00:00:00,DEV-000963-01,,,telecom,SUCCESS,,,synthetic,SIM_ESIM_AUTH_ANOMALY,1,,,,,,,,,,
EVT-000963-02,USR-000963,ACC-000963,DEVICE,NEW_DEVICE,2028-08-21T00:05:00,DEV-000963-02,,,device,UNRECOGNIZED,,,synthetic,SIM_ESIM_AUTH_ANOMALY,1,,,,,,,,,,
EVT-000963-03,USR-000963,ACC-000963,AUTHENTICATION,FAILED_LOGIN,2028-08-21T00:10:00,DEV-000963-02,,,authentication,FAILURE,,,synthetic,SIM_ESIM_AUTH_ANOMALY,1,,,,,,,,,,
EVT-000963-04,USR-000963,ACC-000963,AUTHENTICATION,FAILED_LOGIN,2028-08-21T00:12:00,DEV-000963-02,,,authentication,FAILURE,,,synthetic,SIM_ESIM_AUTH_ANOMALY,1,,,,,,,,,,
EVT-000963-05,USR-000963,ACC-000963,BEHAVIOUR,DEVICE_DEVIATION,2028-08-21T00:15:00,DEV-000963-02,,,behaviour,DEVIATION,,,synthetic,SIM_ESIM_AUTH_ANOMALY,1,,,,,,,,,,
EVT-000964-01,USR-000964,ACC-000964,TELECOM,SIM_SWAP,2028-08-22T00:00:00,DEV-000964-01,,,telecom,SUCCESS,,,synthetic,SIM_ESIM_AUTH_ANOMALY,1,,,,,,,,,,
EVT-000964-02,USR-000964,ACC-000964,DEVICE,NEW_DEVICE,2028-08-22T00:05:00,DEV-000964-02,,,device,UNRECOGNIZED,,,synthetic,SIM_ESIM_AUTH_ANOMALY,1,,,,,,,,,,
EVT-000964-03,USR-000964,ACC-000964,AUTHENTICATION,FAILED_LOGIN,2028-08-22T00:10:00,DEV-000964-02,,,authentication,FAILURE,,,synthetic,SIM_ESIM_AUTH_ANOMALY,1,,,,,,,,,,
EVT-000964-04,USR-000964,ACC-000964,AUTHENTICATION,FAILED_LOGIN,2028-08-22T00:12:00,DEV-000964-02,,,authentication,FAILURE,,,synthetic,SIM_ESIM_AUTH_ANOMALY,1,,,,,,,,,,
EVT-000964-05,USR-000964,ACC-000964,BEHAVIOUR,DEVICE_DEVIATION,2028-08-22T00:15:00,DEV-000964-02,,,behaviour,DEVIATION,,,synthetic,SIM_ESIM_AUTH_ANOMALY,1,,,,,,,,,,
EVT-000965-01,USR-000965,ACC-000965,TELECOM,ESIM_CHANGE,2028-08-23T00:00:00,DEV-000965-01,,,telecom,SUCCESS,,,synthetic,LEGITIMATE_ESIM_CHANGE,0,,,,,,,,,,
EVT-000965-02,USR-000965,ACC-000965,AUTHENTICATION,LOGIN,2028-08-23T00:10:00,DEV-000965-01,,,authentication,SUCCESS,,,synthetic,LEGITIMATE_ESIM_CHANGE,0,,,,,,,,,,
EVT-000966-01,USR-000966,ACC-000966,TELECOM,ESIM_CHANGE,2028-08-24T00:00:00,DEV-000966-01,,,telecom,SUCCESS,,,synthetic,SUSPICIOUS_ESIM_CHANGE,1,,,,,,,,,,
EVT-000966-02,USR-000966,ACC-000966,DEVICE,NEW_DEVICE,2028-08-24T00:05:00,DEV-000966-02,,,device,UNRECOGNIZED,,,synthetic,SUSPICIOUS_ESIM_CHANGE,1,,,,,,,,,,
EVT-000966-03,USR-000966,ACC-000966,DEVICE,DEVICE_CHANGE,2028-08-24T00:08:00,DEV-000966-02,,,device,DEVIATION,,,synthetic,SUSPICIOUS_ESIM_CHANGE,1,,,,,,,,,,
EVT-000966-04,USR-000966,ACC-000966,AUTHENTICATION,FAILED_LOGIN,2028-08-24T00:10:00,DEV-000966-02,,,authentication,FAILURE,,,synthetic,SUSPICIOUS_ESIM_CHANGE,1,,,,,,,,,,
EVT-000966-05,USR-000966,ACC-000966,BEHAVIOUR,DEVICE_DEVIATION,2028-08-24T00:15:00,DEV-000966-02,,,behaviour,DEVIATION,,,synthetic,SUSPICIOUS_ESIM_CHANGE,1,,,,,,,,,,
EVT-000966-06,USR-000966,ACC-000966,TRANSACTION,TRANSACTION,2028-08-24T00:30:00,DEV-000966-02,,,transaction,SUCCESS,8496.95,,paysim,SUSPICIOUS_ESIM_CHANGE,1,PAYMENT,58505.96,50009.01,0.0,0.0,350,C1072389025,M450272864,0,0
EVT-000967-01,USR-000967,ACC-000967,TELECOM,SIM_REPLACEMENT,2028-08-25T00:00:00,DEV-000967-01,,,telecom,SUCCESS,,,synthetic,SUSPICIOUS_SIM_REPLACEMENT,1,,,,,,,,,,
EVT-000967-02,USR-000967,ACC-000967,DEVICE,NEW_DEVICE,2028-08-25T00:05:00,DEV-000967-02,,,device,UNRECOGNIZED,,,synthetic,SUSPICIOUS_SIM_REPLACEMENT,1,,,,,,,,,,
EVT-000967-03,USR-000967,ACC-000967,AUTHENTICATION,FAILED_LOGIN,2028-08-25T00:10:00,DEV-000967-02,,,authentication,FAILURE,,,synthetic,SUSPICIOUS_SIM_REPLACEMENT,1,,,,,,,,,,
EVT-000967-04,USR-000967,ACC-000967,RECOVERY,PASSWORD_RESET,2028-08-25T00:15:00,DEV-000967-02,,,recovery,SUCCESS,,,synthetic,SUSPICIOUS_SIM_REPLACEMENT,1,,,,,,,,,,
EVT-000967-05,USR-000967,ACC-000967,ACCOUNT,NEW_BENEFICIARY,2028-08-25T00:20:00,DEV-000967-02,,,account,SUCCESS,,BEN-000967-01,synthetic,SUSPICIOUS_SIM_REPLACEMENT,1,,,,,,,,,,
EVT-000967-06,USR-000967,ACC-000967,TRANSACTION,TRANSACTION,2028-08-25T00:30:00,DEV-000967-02,,,transaction,SUCCESS,20899.8,,paysim,SUSPICIOUS_SIM_REPLACEMENT,1,PAYMENT,0.0,0.0,0.0,0.0,8,C1564439529,M9914679,0,0
EVT-000968-01,USR-000968,ACC-000968,TELECOM,ESIM_CHANGE,2028-08-26T00:00:00,DEV-000968-01,,,telecom,SUCCESS,,,synthetic,LEGITIMATE_ESIM_CHANGE,0,,,,,,,,,,
EVT-000968-02,USR-000968,ACC-000968,AUTHENTICATION,LOGIN,2028-08-26T00:10:00,DEV-000968-01,,,authentication,SUCCESS,,,synthetic,LEGITIMATE_ESIM_CHANGE,0,,,,,,,,,,
EVT-000969-01,USR-000969,ACC-000969,TELECOM,SIM_REPLACEMENT,2028-08-27T00:00:00,DEV-000969-01,,,telecom,SUCCESS,,,synthetic,SUSPICIOUS_SIM_REPLACEMENT,1,,,,,,,,,,
EVT-000969-02,USR-000969,ACC-000969,DEVICE,NEW_DEVICE,2028-08-27T00:05:00,DEV-000969-02,,,device,UNRECOGNIZED,,,synthetic,SUSPICIOUS_SIM_REPLACEMENT,1,,,,,,,,,,
EVT-000969-03,USR-000969,ACC-000969,AUTHENTICATION,FAILED_LOGIN,2028-08-27T00:10:00,DEV-000969-02,,,authentication,FAILURE,,,synthetic,SUSPICIOUS_SIM_REPLACEMENT,1,,,,,,,,,,
EVT-000969-04,USR-000969,ACC-000969,RECOVERY,PASSWORD_RESET,2028-08-27T00:15:00,DEV-000969-02,,,recovery,SUCCESS,,,synthetic,SUSPICIOUS_SIM_REPLACEMENT,1,,,,,,,,,,
EVT-000969-05,USR-000969,ACC-000969,ACCOUNT,NEW_BENEFICIARY,2028-08-27T00:20:00,DEV-000969-02,,,account,SUCCESS,,BEN-000969-01,synthetic,SUSPICIOUS_SIM_REPLACEMENT,1,,,,,,,,,,
EVT-000969-06,USR-000969,ACC-000969,TRANSACTION,TRANSACTION,2028-08-27T00:30:00,DEV-000969-02,,,transaction,SUCCESS,57497.36,,paysim,SUSPICIOUS_SIM_REPLACEMENT,1,PAYMENT,69635.0,12137.64,0.0,0.0,399,C1730182080,M1310415016,0,0
EVT-000970-01,USR-000970,ACC-000970,TELECOM,SIM_SWAP,2028-08-28T00:00:00,DEV-000970-01,,,telecom,SUCCESS,,,synthetic,SIM_ESIM_AUTH_ANOMALY,1,,,,,,,,,,
EVT-000970-02,USR-000970,ACC-000970,DEVICE,NEW_DEVICE,2028-08-28T00:05:00,DEV-000970-02,,,device,UNRECOGNIZED,,,synthetic,SIM_ESIM_AUTH_ANOMALY,1,,,,,,,,,,
EVT-000970-03,USR-000970,ACC-000970,AUTHENTICATION,FAILED_LOGIN,2028-08-28T00:10:00,DEV-000970-02,,,authentication,FAILURE,,,synthetic,SIM_ESIM_AUTH_ANOMALY,1,,,,,,,,,,
EVT-000970-04,USR-000970,ACC-000970,AUTHENTICATION,FAILED_LOGIN,2028-08-28T00:12:00,DEV-000970-02,,,authentication,FAILURE,,,synthetic,SIM_ESIM_AUTH_ANOMALY,1,,,,,,,,,,
EVT-000970-05,USR-000970,ACC-000970,BEHAVIOUR,DEVICE_DEVIATION,2028-08-28T00:15:00,DEV-000970-02,,,behaviour,DEVIATION,,,synthetic,SIM_ESIM_AUTH_ANOMALY,1,,,,,,,,,,
EVT-000971-01,USR-000971,ACC-000971,TELECOM,ESIM_CHANGE,2028-08-29T00:00:00,DEV-000971-01,,,telecom,SUCCESS,,,synthetic,SUSPICIOUS_ESIM_CHANGE,1,,,,,,,,,,
EVT-000971-02,USR-000971,ACC-000971,DEVICE,NEW_DEVICE,2028-08-29T00:05:00,DEV-000971-02,,,device,UNRECOGNIZED,,,synthetic,SUSPICIOUS_ESIM_CHANGE,1,,,,,,,,,,
EVT-000971-03,USR-000971,ACC-000971,DEVICE,DEVICE_CHANGE,2028-08-29T00:08:00,DEV-000971-02,,,device,DEVIATION,,,synthetic,SUSPICIOUS_ESIM_CHANGE,1,,,,,,,,,,
EVT-000971-04,USR-000971,ACC-000971,AUTHENTICATION,FAILED_LOGIN,2028-08-29T00:10:00,DEV-000971-02,,,authentication,FAILURE,,,synthetic,SUSPICIOUS_ESIM_CHANGE,1,,,,,,,,,,
EVT-000971-05,USR-000971,ACC-000971,BEHAVIOUR,DEVICE_DEVIATION,2028-08-29T00:15:00,DEV-000971-02,,,behaviour,DEVIATION,,,synthetic,SUSPICIOUS_ESIM_CHANGE,1,,,,,,,,,,
EVT-000971-06,USR-000971,ACC-000971,TRANSACTION,TRANSACTION,2028-08-29T00:30:00,DEV-000971-02,,,transaction,SUCCESS,724129.8,,paysim,SUSPICIOUS_ESIM_CHANGE,1,TRANSFER,0.0,0.0,885797.59,1609927.39,183,C332693845,C588161513,0,0
EVT-000972-01,USR-000972,ACC-000972,TELECOM,ESIM_CHANGE,2028-08-30T00:00:00,DEV-000972-01,,,telecom,SUCCESS,,,synthetic,SUSPICIOUS_ESIM_CHANGE,1,,,,,,,,,,
EVT-000972-02,USR-000972,ACC-000972,DEVICE,NEW_DEVICE,2028-08-30T00:05:00,DEV-000972-02,,,device,UNRECOGNIZED,,,synthetic,SUSPICIOUS_ESIM_CHANGE,1,,,,,,,,,,
EVT-000972-03,USR-000972,ACC-000972,DEVICE,DEVICE_CHANGE,2028-08-30T00:08:00,DEV-000972-02,,,device,DEVIATION,,,synthetic,SUSPICIOUS_ESIM_CHANGE,1,,,,,,,,,,
EVT-000972-04,USR-000972,ACC-000972,AUTHENTICATION,FAILED_LOGIN,2028-08-30T00:10:00,DEV-000972-02,,,authentication,FAILURE,,,synthetic,SUSPICIOUS_ESIM_CHANGE,1,,,,,,,,,,
EVT-000972-05,USR-000972,ACC-000972,BEHAVIOUR,DEVICE_DEVIATION,2028-08-30T00:15:00,DEV-000972-02,,,behaviour,DEVIATION,,,synthetic,SUSPICIOUS_ESIM_CHANGE,1,,,,,,,,,,
EVT-000972-06,USR-000972,ACC-000972,TRANSACTION,TRANSACTION,2028-08-30T00:30:00,DEV-000972-02,,,transaction,SUCCESS,286961.06,,paysim,SUSPICIOUS_ESIM_CHANGE,1,CASH_OUT,0.0,0.0,429986.88,716947.94,131,C2085174348,C1478642183,0,0
EVT-000973-01,USR-000973,ACC-000973,TELECOM,ESIM_CHANGE,2028-08-31T00:00:00,DEV-000973-01,,,telecom,SUCCESS,,,synthetic,SUSPICIOUS_ESIM_CHANGE,1,,,,,,,,,,
EVT-000973-02,USR-000973,ACC-000973,DEVICE,NEW_DEVICE,2028-08-31T00:05:00,DEV-000973-02,,,device,UNRECOGNIZED,,,synthetic,SUSPICIOUS_ESIM_CHANGE,1,,,,,,,,,,
EVT-000973-03,USR-000973,ACC-000973,DEVICE,DEVICE_CHANGE,2028-08-31T00:08:00,DEV-000973-02,,,device,DEVIATION,,,synthetic,SUSPICIOUS_ESIM_CHANGE,1,,,,,,,,,,
EVT-000973-04,USR-000973,ACC-000973,AUTHENTICATION,FAILED_LOGIN,2028-08-31T00:10:00,DEV-000973-02,,,authentication,FAILURE,,,synthetic,SUSPICIOUS_ESIM_CHANGE,1,,,,,,,,,,
EVT-000973-05,USR-000973,ACC-000973,BEHAVIOUR,DEVICE_DEVIATION,2028-08-31T00:15:00,DEV-000973-02,,,behaviour,DEVIATION,,,synthetic,SUSPICIOUS_ESIM_CHANGE,1,,,,,,,,,,
EVT-000973-06,USR-000973,ACC-000973,TRANSACTION,TRANSACTION,2028-08-31T00:30:00,DEV-000973-02,,,transaction,SUCCESS,1270.23,,paysim,SUSPICIOUS_ESIM_CHANGE,1,PAYMENT,148.0,0.0,0.0,0.0,279,C1872695654,M1703318605,0,0
EVT-000974-01,USR-000974,ACC-000974,TELECOM,ESIM_CHANGE,2028-09-01T00:00:00,DEV-000974-01,,,telecom,SUCCESS,,,synthetic,LEGITIMATE_ESIM_CHANGE,0,,,,,,,,,,
EVT-000974-02,USR-000974,ACC-000974,AUTHENTICATION,LOGIN,2028-09-01T00:10:00,DEV-000974-01,,,authentication,SUCCESS,,,synthetic,LEGITIMATE_ESIM_CHANGE,0,,,,,,,,,,
EVT-000975-01,USR-000975,ACC-000975,TELECOM,SIM_REPLACEMENT,2028-09-02T00:00:00,DEV-000975-01,,,telecom,SUCCESS,,,synthetic,SUSPICIOUS_SIM_REPLACEMENT,1,,,,,,,,,,
EVT-000975-02,USR-000975,ACC-000975,DEVICE,NEW_DEVICE,2028-09-02T00:05:00,DEV-000975-02,,,device,UNRECOGNIZED,,,synthetic,SUSPICIOUS_SIM_REPLACEMENT,1,,,,,,,,,,
EVT-000975-03,USR-000975,ACC-000975,AUTHENTICATION,FAILED_LOGIN,2028-09-02T00:10:00,DEV-000975-02,,,authentication,FAILURE,,,synthetic,SUSPICIOUS_SIM_REPLACEMENT,1,,,,,,,,,,
EVT-000975-04,USR-000975,ACC-000975,RECOVERY,PASSWORD_RESET,2028-09-02T00:15:00,DEV-000975-02,,,recovery,SUCCESS,,,synthetic,SUSPICIOUS_SIM_REPLACEMENT,1,,,,,,,,,,
EVT-000975-05,USR-000975,ACC-000975,ACCOUNT,NEW_BENEFICIARY,2028-09-02T00:20:00,DEV-000975-02,,,account,SUCCESS,,BEN-000975-01,synthetic,SUSPICIOUS_SIM_REPLACEMENT,1,,,,,,,,,,
EVT-000975-06,USR-000975,ACC-000975,TRANSACTION,TRANSACTION,2028-09-02T00:30:00,DEV-000975-02,,,transaction,SUCCESS,49464.4,,paysim,SUSPICIOUS_SIM_REPLACEMENT,1,CASH_IN,154689.68,204154.08,707473.53,658009.13,396,C1850183092,C1660328567,0,0
EVT-000976-01,USR-000976,ACC-000976,TELECOM,SIM_REPLACEMENT,2028-09-03T00:00:00,DEV-000976-01,,,telecom,SUCCESS,,,synthetic,LEGITIMATE_SIM_REPLACEMENT,0,,,,,,,,,,
EVT-000976-02,USR-000976,ACC-000976,AUTHENTICATION,LOGIN,2028-09-03T00:10:00,DEV-000976-01,,,authentication,SUCCESS,,,synthetic,LEGITIMATE_SIM_REPLACEMENT,0,,,,,,,,,,
EVT-000976-03,USR-000976,ACC-000976,TRANSACTION,TRANSACTION,2028-09-03T00:30:00,DEV-000976-01,,,transaction,SUCCESS,421629.79,,paysim,LEGITIMATE_SIM_REPLACEMENT,0,TRANSFER,0.0,0.0,590670.41,1012300.2,402,C1087561809,C1629224838,0,0
EVT-000977-01,USR-000977,ACC-000977,TELECOM,ESIM_CHANGE,2028-09-04T00:00:00,DEV-000977-01,,,telecom,SUCCESS,,,synthetic,SUSPICIOUS_ESIM_CHANGE,1,,,,,,,,,,
EVT-000977-02,USR-000977,ACC-000977,DEVICE,NEW_DEVICE,2028-09-04T00:05:00,DEV-000977-02,,,device,UNRECOGNIZED,,,synthetic,SUSPICIOUS_ESIM_CHANGE,1,,,,,,,,,,
EVT-000977-03,USR-000977,ACC-000977,DEVICE,DEVICE_CHANGE,2028-09-04T00:08:00,DEV-000977-02,,,device,DEVIATION,,,synthetic,SUSPICIOUS_ESIM_CHANGE,1,,,,,,,,,,
EVT-000977-04,USR-000977,ACC-000977,AUTHENTICATION,FAILED_LOGIN,2028-09-04T00:10:00,DEV-000977-02,,,authentication,FAILURE,,,synthetic,SUSPICIOUS_ESIM_CHANGE,1,,,,,,,,,,
EVT-000977-05,USR-000977,ACC-000977,BEHAVIOUR,DEVICE_DEVIATION,2028-09-04T00:15:00,DEV-000977-02,,,behaviour,DEVIATION,,,synthetic,SUSPICIOUS_ESIM_CHANGE,1,,,,,,,,,,
EVT-000977-06,USR-000977,ACC-000977,TRANSACTION,TRANSACTION,2028-09-04T00:30:00,DEV-000977-02,,,transaction,SUCCESS,186585.72,,paysim,SUSPICIOUS_ESIM_CHANGE,1,CASH_OUT,10474.73,0.0,698880.19,827113.18,286,C1687452524,C497879797,0,0
EVT-000978-01,USR-000978,ACC-000978,TELECOM,SIM_REPLACEMENT,2028-09-05T00:00:00,DEV-000978-01,,,telecom,SUCCESS,,,synthetic,SUSPICIOUS_SIM_REPLACEMENT,1,,,,,,,,,,
EVT-000978-02,USR-000978,ACC-000978,DEVICE,NEW_DEVICE,2028-09-05T00:05:00,DEV-000978-02,,,device,UNRECOGNIZED,,,synthetic,SUSPICIOUS_SIM_REPLACEMENT,1,,,,,,,,,,
EVT-000978-03,USR-000978,ACC-000978,AUTHENTICATION,FAILED_LOGIN,2028-09-05T00:10:00,DEV-000978-02,,,authentication,FAILURE,,,synthetic,SUSPICIOUS_SIM_REPLACEMENT,1,,,,,,,,,,
EVT-000978-04,USR-000978,ACC-000978,RECOVERY,PASSWORD_RESET,2028-09-05T00:15:00,DEV-000978-02,,,recovery,SUCCESS,,,synthetic,SUSPICIOUS_SIM_REPLACEMENT,1,,,,,,,,,,
EVT-000978-05,USR-000978,ACC-000978,ACCOUNT,NEW_BENEFICIARY,2028-09-05T00:20:00,DEV-000978-02,,,account,SUCCESS,,BEN-000978-01,synthetic,SUSPICIOUS_SIM_REPLACEMENT,1,,,,,,,,,,
EVT-000978-06,USR-000978,ACC-000978,TRANSACTION,TRANSACTION,2028-09-05T00:30:00,DEV-000978-02,,,transaction,SUCCESS,6594.96,,paysim,SUSPICIOUS_SIM_REPLACEMENT,1,PAYMENT,7067.0,472.04,0.0,0.0,211,C1986266687,M1808708950,0,0
EVT-000979-01,USR-000979,ACC-000979,TELECOM,ESIM_CHANGE,2028-09-06T00:00:00,DEV-000979-01,,,telecom,SUCCESS,,,synthetic,LEGITIMATE_ESIM_CHANGE,0,,,,,,,,,,
EVT-000979-02,USR-000979,ACC-000979,AUTHENTICATION,LOGIN,2028-09-06T00:10:00,DEV-000979-01,,,authentication,SUCCESS,,,synthetic,LEGITIMATE_ESIM_CHANGE,0,,,,,,,,,,
EVT-000980-01,USR-000980,ACC-000980,TELECOM,ESIM_CHANGE,2028-09-07T00:00:00,DEV-000980-01,,,telecom,SUCCESS,,,synthetic,LEGITIMATE_ESIM_CHANGE,0,,,,,,,,,,
EVT-000980-02,USR-000980,ACC-000980,AUTHENTICATION,LOGIN,2028-09-07T00:10:00,DEV-000980-01,,,authentication,SUCCESS,,,synthetic,LEGITIMATE_ESIM_CHANGE,0,,,,,,,,,,
EVT-000981-01,USR-000981,ACC-000981,TELECOM,SIM_REPLACEMENT,2028-09-08T00:00:00,DEV-000981-01,,,telecom,SUCCESS,,,synthetic,LEGITIMATE_SIM_REPLACEMENT,0,,,,,,,,,,
EVT-000981-02,USR-000981,ACC-000981,AUTHENTICATION,LOGIN,2028-09-08T00:10:00,DEV-000981-01,,,authentication,SUCCESS,,,synthetic,LEGITIMATE_SIM_REPLACEMENT,0,,,,,,,,,,
EVT-000981-03,USR-000981,ACC-000981,TRANSACTION,TRANSACTION,2028-09-08T00:30:00,DEV-000981-01,,,transaction,SUCCESS,5182.84,,paysim,LEGITIMATE_SIM_REPLACEMENT,0,PAYMENT,6924.0,1741.16,0.0,0.0,136,C1611590698,M696842016,0,0
EVT-000982-01,USR-000982,ACC-000982,TELECOM,SIM_REPLACEMENT,2028-09-09T00:00:00,DEV-000982-01,,,telecom,SUCCESS,,,synthetic,LEGITIMATE_SIM_REPLACEMENT,0,,,,,,,,,,
EVT-000982-02,USR-000982,ACC-000982,AUTHENTICATION,LOGIN,2028-09-09T00:10:00,DEV-000982-01,,,authentication,SUCCESS,,,synthetic,LEGITIMATE_SIM_REPLACEMENT,0,,,,,,,,,,
EVT-000982-03,USR-000982,ACC-000982,TRANSACTION,TRANSACTION,2028-09-09T00:30:00,DEV-000982-01,,,transaction,SUCCESS,1568.56,,paysim,LEGITIMATE_SIM_REPLACEMENT,0,DEBIT,90.38,0.0,536489.09,538057.65,250,C152546003,C2095858022,0,0
EVT-000983-01,USR-000983,ACC-000983,TELECOM,SIM_REPLACEMENT,2028-09-10T00:00:00,DEV-000983-01,,,telecom,SUCCESS,,,synthetic,LEGITIMATE_SIM_REPLACEMENT,0,,,,,,,,,,
EVT-000983-02,USR-000983,ACC-000983,AUTHENTICATION,LOGIN,2028-09-10T00:10:00,DEV-000983-01,,,authentication,SUCCESS,,,synthetic,LEGITIMATE_SIM_REPLACEMENT,0,,,,,,,,,,
EVT-000983-03,USR-000983,ACC-000983,TRANSACTION,TRANSACTION,2028-09-10T00:30:00,DEV-000983-01,,,transaction,SUCCESS,71631.79,,paysim,LEGITIMATE_SIM_REPLACEMENT,0,CASH_OUT,50970.0,0.0,91507.55,163139.34,181,C106634639,C2032308152,0,0
EVT-000984-01,USR-000984,ACC-000984,TELECOM,SIM_REPLACEMENT,2028-09-11T00:00:00,DEV-000984-01,,,telecom,SUCCESS,,,synthetic,SUSPICIOUS_SIM_REPLACEMENT,1,,,,,,,,,,
EVT-000984-02,USR-000984,ACC-000984,DEVICE,NEW_DEVICE,2028-09-11T00:05:00,DEV-000984-02,,,device,UNRECOGNIZED,,,synthetic,SUSPICIOUS_SIM_REPLACEMENT,1,,,,,,,,,,
EVT-000984-03,USR-000984,ACC-000984,AUTHENTICATION,FAILED_LOGIN,2028-09-11T00:10:00,DEV-000984-02,,,authentication,FAILURE,,,synthetic,SUSPICIOUS_SIM_REPLACEMENT,1,,,,,,,,,,
EVT-000984-04,USR-000984,ACC-000984,RECOVERY,PASSWORD_RESET,2028-09-11T00:15:00,DEV-000984-02,,,recovery,SUCCESS,,,synthetic,SUSPICIOUS_SIM_REPLACEMENT,1,,,,,,,,,,
EVT-000984-05,USR-000984,ACC-000984,ACCOUNT,NEW_BENEFICIARY,2028-09-11T00:20:00,DEV-000984-02,,,account,SUCCESS,,BEN-000984-01,synthetic,SUSPICIOUS_SIM_REPLACEMENT,1,,,,,,,,,,
EVT-000984-06,USR-000984,ACC-000984,TRANSACTION,TRANSACTION,2028-09-11T00:30:00,DEV-000984-02,,,transaction,SUCCESS,10241.37,,paysim,SUSPICIOUS_SIM_REPLACEMENT,1,CASH_IN,1043895.18,1054136.55,2003977.8,1993736.44,184,C124336003,C443724208,0,0
EVT-000985-01,USR-000985,ACC-000985,TELECOM,ESIM_CHANGE,2028-09-12T00:00:00,DEV-000985-01,,,telecom,SUCCESS,,,synthetic,SUSPICIOUS_ESIM_CHANGE,1,,,,,,,,,,
EVT-000985-02,USR-000985,ACC-000985,DEVICE,NEW_DEVICE,2028-09-12T00:05:00,DEV-000985-02,,,device,UNRECOGNIZED,,,synthetic,SUSPICIOUS_ESIM_CHANGE,1,,,,,,,,,,
EVT-000985-03,USR-000985,ACC-000985,DEVICE,DEVICE_CHANGE,2028-09-12T00:08:00,DEV-000985-02,,,device,DEVIATION,,,synthetic,SUSPICIOUS_ESIM_CHANGE,1,,,,,,,,,,
EVT-000985-04,USR-000985,ACC-000985,AUTHENTICATION,FAILED_LOGIN,2028-09-12T00:10:00,DEV-000985-02,,,authentication,FAILURE,,,synthetic,SUSPICIOUS_ESIM_CHANGE,1,,,,,,,,,,
EVT-000985-05,USR-000985,ACC-000985,BEHAVIOUR,DEVICE_DEVIATION,2028-09-12T00:15:00,DEV-000985-02,,,behaviour,DEVIATION,,,synthetic,SUSPICIOUS_ESIM_CHANGE,1,,,,,,,,,,
EVT-000985-06,USR-000985,ACC-000985,TRANSACTION,TRANSACTION,2028-09-12T00:30:00,DEV-000985-02,,,transaction,SUCCESS,529275.11,,paysim,SUSPICIOUS_ESIM_CHANGE,1,CASH_OUT,14020.0,0.0,19485.77,548760.88,328,C1813515865,C134816485,0,0
EVT-000986-01,USR-000986,ACC-000986,TELECOM,SIM_REPLACEMENT,2028-09-13T00:00:00,DEV-000986-01,,,telecom,SUCCESS,,,synthetic,LEGITIMATE_SIM_REPLACEMENT,0,,,,,,,,,,
EVT-000986-02,USR-000986,ACC-000986,AUTHENTICATION,LOGIN,2028-09-13T00:10:00,DEV-000986-01,,,authentication,SUCCESS,,,synthetic,LEGITIMATE_SIM_REPLACEMENT,0,,,,,,,,,,
EVT-000986-03,USR-000986,ACC-000986,TRANSACTION,TRANSACTION,2028-09-13T00:30:00,DEV-000986-01,,,transaction,SUCCESS,419713.67,,paysim,LEGITIMATE_SIM_REPLACEMENT,0,CASH_IN,2.237952076E7,2.279923442E7,2300758.45,1881044.79,405,C450540932,C1477939857,0,0
EVT-000987-01,USR-000987,ACC-000987,TELECOM,SIM_REPLACEMENT,2028-09-14T00:00:00,DEV-000987-01,,,telecom,SUCCESS,,,synthetic,SUSPICIOUS_SIM_REPLACEMENT,1,,,,,,,,,,
EVT-000987-02,USR-000987,ACC-000987,DEVICE,NEW_DEVICE,2028-09-14T00:05:00,DEV-000987-02,,,device,UNRECOGNIZED,,,synthetic,SUSPICIOUS_SIM_REPLACEMENT,1,,,,,,,,,,
EVT-000987-03,USR-000987,ACC-000987,AUTHENTICATION,FAILED_LOGIN,2028-09-14T00:10:00,DEV-000987-02,,,authentication,FAILURE,,,synthetic,SUSPICIOUS_SIM_REPLACEMENT,1,,,,,,,,,,
EVT-000987-04,USR-000987,ACC-000987,RECOVERY,PASSWORD_RESET,2028-09-14T00:15:00,DEV-000987-02,,,recovery,SUCCESS,,,synthetic,SUSPICIOUS_SIM_REPLACEMENT,1,,,,,,,,,,
EVT-000987-05,USR-000987,ACC-000987,ACCOUNT,NEW_BENEFICIARY,2028-09-14T00:20:00,DEV-000987-02,,,account,SUCCESS,,BEN-000987-01,synthetic,SUSPICIOUS_SIM_REPLACEMENT,1,,,,,,,,,,
EVT-000987-06,USR-000987,ACC-000987,TRANSACTION,TRANSACTION,2028-09-14T00:30:00,DEV-000987-02,,,transaction,SUCCESS,21077.61,,paysim,SUSPICIOUS_SIM_REPLACEMENT,1,PAYMENT,0.0,0.0,0.0,0.0,139,C194831496,M1772593854,0,0
EVT-000988-01,USR-000988,ACC-000988,TELECOM,SIM_SWAP,2028-09-15T00:00:00,DEV-000988-01,,,telecom,SUCCESS,,,synthetic,SIM_ESIM_AUTH_ANOMALY,1,,,,,,,,,,
EVT-000988-02,USR-000988,ACC-000988,DEVICE,NEW_DEVICE,2028-09-15T00:05:00,DEV-000988-02,,,device,UNRECOGNIZED,,,synthetic,SIM_ESIM_AUTH_ANOMALY,1,,,,,,,,,,
EVT-000988-03,USR-000988,ACC-000988,AUTHENTICATION,FAILED_LOGIN,2028-09-15T00:10:00,DEV-000988-02,,,authentication,FAILURE,,,synthetic,SIM_ESIM_AUTH_ANOMALY,1,,,,,,,,,,
EVT-000988-04,USR-000988,ACC-000988,AUTHENTICATION,FAILED_LOGIN,2028-09-15T00:12:00,DEV-000988-02,,,authentication,FAILURE,,,synthetic,SIM_ESIM_AUTH_ANOMALY,1,,,,,,,,,,
EVT-000988-05,USR-000988,ACC-000988,BEHAVIOUR,DEVICE_DEVIATION,2028-09-15T00:15:00,DEV-000988-02,,,behaviour,DEVIATION,,,synthetic,SIM_ESIM_AUTH_ANOMALY,1,,,,,,,,,,
EVT-000989-01,USR-000989,ACC-000989,TELECOM,ESIM_CHANGE,2028-09-16T00:00:00,DEV-000989-01,,,telecom,SUCCESS,,,synthetic,SUSPICIOUS_ESIM_CHANGE,1,,,,,,,,,,
EVT-000989-02,USR-000989,ACC-000989,DEVICE,NEW_DEVICE,2028-09-16T00:05:00,DEV-000989-02,,,device,UNRECOGNIZED,,,synthetic,SUSPICIOUS_ESIM_CHANGE,1,,,,,,,,,,
EVT-000989-03,USR-000989,ACC-000989,DEVICE,DEVICE_CHANGE,2028-09-16T00:08:00,DEV-000989-02,,,device,DEVIATION,,,synthetic,SUSPICIOUS_ESIM_CHANGE,1,,,,,,,,,,
EVT-000989-04,USR-000989,ACC-000989,AUTHENTICATION,FAILED_LOGIN,2028-09-16T00:10:00,DEV-000989-02,,,authentication,FAILURE,,,synthetic,SUSPICIOUS_ESIM_CHANGE,1,,,,,,,,,,
EVT-000989-05,USR-000989,ACC-000989,BEHAVIOUR,DEVICE_DEVIATION,2028-09-16T00:15:00,DEV-000989-02,,,behaviour,DEVIATION,,,synthetic,SUSPICIOUS_ESIM_CHANGE,1,,,,,,,,,,
EVT-000989-06,USR-000989,ACC-000989,TRANSACTION,TRANSACTION,2028-09-16T00:30:00,DEV-000989-02,,,transaction,SUCCESS,214948.16,,paysim,SUSPICIOUS_ESIM_CHANGE,1,CASH_OUT,0.0,0.0,689842.64,904790.8,258,C1102779170,C1238357322,0,0
EVT-000990-01,USR-000990,ACC-000990,TELECOM,ESIM_CHANGE,2028-09-17T00:00:00,DEV-000990-01,,,telecom,SUCCESS,,,synthetic,SUSPICIOUS_ESIM_CHANGE,1,,,,,,,,,,
EVT-000990-02,USR-000990,ACC-000990,DEVICE,NEW_DEVICE,2028-09-17T00:05:00,DEV-000990-02,,,device,UNRECOGNIZED,,,synthetic,SUSPICIOUS_ESIM_CHANGE,1,,,,,,,,,,
EVT-000990-03,USR-000990,ACC-000990,DEVICE,DEVICE_CHANGE,2028-09-17T00:08:00,DEV-000990-02,,,device,DEVIATION,,,synthetic,SUSPICIOUS_ESIM_CHANGE,1,,,,,,,,,,
EVT-000990-04,USR-000990,ACC-000990,AUTHENTICATION,FAILED_LOGIN,2028-09-17T00:10:00,DEV-000990-02,,,authentication,FAILURE,,,synthetic,SUSPICIOUS_ESIM_CHANGE,1,,,,,,,,,,
EVT-000990-05,USR-000990,ACC-000990,BEHAVIOUR,DEVICE_DEVIATION,2028-09-17T00:15:00,DEV-000990-02,,,behaviour,DEVIATION,,,synthetic,SUSPICIOUS_ESIM_CHANGE,1,,,,,,,,,,
EVT-000990-06,USR-000990,ACC-000990,TRANSACTION,TRANSACTION,2028-09-17T00:30:00,DEV-000990-02,,,transaction,SUCCESS,230093.17,,paysim,SUSPICIOUS_ESIM_CHANGE,1,CASH_OUT,7025.0,0.0,69908.01,300001.18,202,C834822470,C1265655539,0,0
EVT-000991-01,USR-000991,ACC-000991,TELECOM,SIM_REPLACEMENT,2028-09-18T00:00:00,DEV-000991-01,,,telecom,SUCCESS,,,synthetic,LEGITIMATE_SIM_REPLACEMENT,0,,,,,,,,,,
EVT-000991-02,USR-000991,ACC-000991,AUTHENTICATION,LOGIN,2028-09-18T00:10:00,DEV-000991-01,,,authentication,SUCCESS,,,synthetic,LEGITIMATE_SIM_REPLACEMENT,0,,,,,,,,,,
EVT-000991-03,USR-000991,ACC-000991,TRANSACTION,TRANSACTION,2028-09-18T00:30:00,DEV-000991-01,,,transaction,SUCCESS,44738.68,,paysim,LEGITIMATE_SIM_REPLACEMENT,0,PAYMENT,33096.0,0.0,0.0,0.0,327,C439224495,M1485130756,0,0
EVT-000992-01,USR-000992,ACC-000992,TELECOM,ESIM_CHANGE,2028-09-19T00:00:00,DEV-000992-01,,,telecom,SUCCESS,,,synthetic,SUSPICIOUS_ESIM_CHANGE,1,,,,,,,,,,
EVT-000992-02,USR-000992,ACC-000992,DEVICE,NEW_DEVICE,2028-09-19T00:05:00,DEV-000992-02,,,device,UNRECOGNIZED,,,synthetic,SUSPICIOUS_ESIM_CHANGE,1,,,,,,,,,,
EVT-000992-03,USR-000992,ACC-000992,DEVICE,DEVICE_CHANGE,2028-09-19T00:08:00,DEV-000992-02,,,device,DEVIATION,,,synthetic,SUSPICIOUS_ESIM_CHANGE,1,,,,,,,,,,
EVT-000992-04,USR-000992,ACC-000992,AUTHENTICATION,FAILED_LOGIN,2028-09-19T00:10:00,DEV-000992-02,,,authentication,FAILURE,,,synthetic,SUSPICIOUS_ESIM_CHANGE,1,,,,,,,,,,
EVT-000992-05,USR-000992,ACC-000992,BEHAVIOUR,DEVICE_DEVIATION,2028-09-19T00:15:00,DEV-000992-02,,,behaviour,DEVIATION,,,synthetic,SUSPICIOUS_ESIM_CHANGE,1,,,,,,,,,,
EVT-000992-06,USR-000992,ACC-000992,TRANSACTION,TRANSACTION,2028-09-19T00:30:00,DEV-000992-02,,,transaction,SUCCESS,220754.01,,paysim,SUSPICIOUS_ESIM_CHANGE,1,CASH_OUT,214345.0,0.0,313308.37,534062.39,403,C1681941915,C581475348,0,0
EVT-000993-01,USR-000993,ACC-000993,TELECOM,SIM_REPLACEMENT,2028-09-20T00:00:00,DEV-000993-01,,,telecom,SUCCESS,,,synthetic,LEGITIMATE_SIM_REPLACEMENT,0,,,,,,,,,,
EVT-000993-02,USR-000993,ACC-000993,AUTHENTICATION,LOGIN,2028-09-20T00:10:00,DEV-000993-01,,,authentication,SUCCESS,,,synthetic,LEGITIMATE_SIM_REPLACEMENT,0,,,,,,,,,,
EVT-000993-03,USR-000993,ACC-000993,TRANSACTION,TRANSACTION,2028-09-20T00:30:00,DEV-000993-01,,,transaction,SUCCESS,154148.35,,paysim,LEGITIMATE_SIM_REPLACEMENT,0,CASH_OUT,0.0,0.0,227139.92,465915.53,133,C1367543231,C986684276,0,0
EVT-000994-01,USR-000994,ACC-000994,TELECOM,ESIM_CHANGE,2028-09-21T00:00:00,DEV-000994-01,,,telecom,SUCCESS,,,synthetic,LEGITIMATE_ESIM_CHANGE,0,,,,,,,,,,
EVT-000994-02,USR-000994,ACC-000994,AUTHENTICATION,LOGIN,2028-09-21T00:10:00,DEV-000994-01,,,authentication,SUCCESS,,,synthetic,LEGITIMATE_ESIM_CHANGE,0,,,,,,,,,,
EVT-000995-01,USR-000995,ACC-000995,TELECOM,ESIM_CHANGE,2028-09-22T00:00:00,DEV-000995-01,,,telecom,SUCCESS,,,synthetic,LEGITIMATE_ESIM_CHANGE,0,,,,,,,,,,
EVT-000995-02,USR-000995,ACC-000995,AUTHENTICATION,LOGIN,2028-09-22T00:10:00,DEV-000995-01,,,authentication,SUCCESS,,,synthetic,LEGITIMATE_ESIM_CHANGE,0,,,,,,,,,,
EVT-000996-01,USR-000996,ACC-000996,TELECOM,ESIM_CHANGE,2028-09-23T00:00:00,DEV-000996-01,,,telecom,SUCCESS,,,synthetic,LEGITIMATE_ESIM_CHANGE,0,,,,,,,,,,
EVT-000996-02,USR-000996,ACC-000996,AUTHENTICATION,LOGIN,2028-09-23T00:10:00,DEV-000996-01,,,authentication,SUCCESS,,,synthetic,LEGITIMATE_ESIM_CHANGE,0,,,,,,,,,,
EVT-000997-01,USR-000997,ACC-000997,TELECOM,ESIM_CHANGE,2028-09-24T00:00:00,DEV-000997-01,,,telecom,SUCCESS,,,synthetic,SUSPICIOUS_ESIM_CHANGE,1,,,,,,,,,,
EVT-000997-02,USR-000997,ACC-000997,DEVICE,NEW_DEVICE,2028-09-24T00:05:00,DEV-000997-02,,,device,UNRECOGNIZED,,,synthetic,SUSPICIOUS_ESIM_CHANGE,1,,,,,,,,,,
EVT-000997-03,USR-000997,ACC-000997,DEVICE,DEVICE_CHANGE,2028-09-24T00:08:00,DEV-000997-02,,,device,DEVIATION,,,synthetic,SUSPICIOUS_ESIM_CHANGE,1,,,,,,,,,,
EVT-000997-04,USR-000997,ACC-000997,AUTHENTICATION,FAILED_LOGIN,2028-09-24T00:10:00,DEV-000997-02,,,authentication,FAILURE,,,synthetic,SUSPICIOUS_ESIM_CHANGE,1,,,,,,,,,,
EVT-000997-05,USR-000997,ACC-000997,BEHAVIOUR,DEVICE_DEVIATION,2028-09-24T00:15:00,DEV-000997-02,,,behaviour,DEVIATION,,,synthetic,SUSPICIOUS_ESIM_CHANGE,1,,,,,,,,,,
EVT-000997-06,USR-000997,ACC-000997,TRANSACTION,TRANSACTION,2028-09-24T00:30:00,DEV-000997-02,,,transaction,SUCCESS,357909.47,,paysim,SUSPICIOUS_ESIM_CHANGE,1,CASH_OUT,31985.0,0.0,6713978.45,7071887.92,254,C1454884389,C853264397,0,0
EVT-000998-01,USR-000998,ACC-000998,TELECOM,SIM_REPLACEMENT,2028-09-25T00:00:00,DEV-000998-01,,,telecom,SUCCESS,,,synthetic,LEGITIMATE_SIM_REPLACEMENT,0,,,,,,,,,,
EVT-000998-02,USR-000998,ACC-000998,AUTHENTICATION,LOGIN,2028-09-25T00:10:00,DEV-000998-01,,,authentication,SUCCESS,,,synthetic,LEGITIMATE_SIM_REPLACEMENT,0,,,,,,,,,,
EVT-000998-03,USR-000998,ACC-000998,TRANSACTION,TRANSACTION,2028-09-25T00:30:00,DEV-000998-01,,,transaction,SUCCESS,77445.73,,paysim,LEGITIMATE_SIM_REPLACEMENT,0,CASH_OUT,753.0,0.0,3922.71,81368.45,212,C671056751,C1321759434,0,0
EVT-000999-01,USR-000999,ACC-000999,TELECOM,SIM_REPLACEMENT,2028-09-26T00:00:00,DEV-000999-01,,,telecom,SUCCESS,,,synthetic,LEGITIMATE_SIM_REPLACEMENT,0,,,,,,,,,,
EVT-000999-02,USR-000999,ACC-000999,AUTHENTICATION,LOGIN,2028-09-26T00:10:00,DEV-000999-01,,,authentication,SUCCESS,,,synthetic,LEGITIMATE_SIM_REPLACEMENT,0,,,,,,,,,,
EVT-000999-03,USR-000999,ACC-000999,TRANSACTION,TRANSACTION,2028-09-26T00:30:00,DEV-000999-01,,,transaction,SUCCESS,3918.53,,paysim,LEGITIMATE_SIM_REPLACEMENT,0,CASH_IN,4174646.93,4178565.46,80484.55,76566.02,227,C562334676,C200117333,0,0
EVT-001000-01,USR-001000,ACC-001000,TELECOM,ESIM_CHANGE,2028-09-27T00:00:00,DEV-001000-01,,,telecom,SUCCESS,,,synthetic,SUSPICIOUS_ESIM_CHANGE,1,,,,,,,,,,
EVT-001000-02,USR-001000,ACC-001000,DEVICE,NEW_DEVICE,2028-09-27T00:05:00,DEV-001000-02,,,device,UNRECOGNIZED,,,synthetic,SUSPICIOUS_ESIM_CHANGE,1,,,,,,,,,,
EVT-001000-03,USR-001000,ACC-001000,DEVICE,DEVICE_CHANGE,2028-09-27T00:08:00,DEV-001000-02,,,device,DEVIATION,,,synthetic,SUSPICIOUS_ESIM_CHANGE,1,,,,,,,,,,
EVT-001000-04,USR-001000,ACC-001000,AUTHENTICATION,FAILED_LOGIN,2028-09-27T00:10:00,DEV-001000-02,,,authentication,FAILURE,,,synthetic,SUSPICIOUS_ESIM_CHANGE,1,,,,,,,,,,
EVT-001000-05,USR-001000,ACC-001000,BEHAVIOUR,DEVICE_DEVIATION,2028-09-27T00:15:00,DEV-001000-02,,,behaviour,DEVIATION,,,synthetic,SUSPICIOUS_ESIM_CHANGE,1,,,,,,,,,,
EVT-001000-06,USR-001000,ACC-001000,TRANSACTION,TRANSACTION,2028-09-27T00:30:00,DEV-001000-02,,,transaction,SUCCESS,9691.64,,paysim,SUSPICIOUS_ESIM_CHANGE,1,PAYMENT,104078.0,94386.36,0.0,0.0,9,C674442819,M2074017791,0,0
