user_id,account_id,trigger_event_id,baseline_start,trigger_cutoff,baseline_observation_days,baseline_event_count,event_frequency_per_day,known_device_ids,successful_login_count,transaction_count,transaction_amount_sum,transaction_amount_mean,transaction_amount_min,transaction_amount_max
USR-000001,ACC-000001,EVT-000001-11,2025-12-03T00:00:00,2026-01-02T00:00:00,30.0,10,0.3333333333333333333333333333,"[""DEV-000001-01""]",5,5,403843.16,80768.632,429.6,348291.92
USR-000002,ACC-000002,EVT-000002-11,2025-12-04T00:00:00,2026-01-03T00:00:00,30.0,10,0.3333333333333333333333333333,"[""DEV-000002-01""]",5,5,856685.87,171337.174,3256.54,676063.02
USR-000003,ACC-000003,EVT-000003-11,2025-12-05T00:00:00,2026-01-04T00:00:00,30.0,10,0.3333333333333333333333333333,"[""DEV-000003-01""]",5,5,466626.17,93325.234,11555.94,323493.69
USR-000004,ACC-000004,EVT-000004-11,2025-12-06T00:00:00,2026-01-05T00:00:00,30.0,10,0.3333333333333333333333333333,"[""DEV-000004-01""]",5,5,281109.94,56221.988,4668.76,165629.21
USR-000005,ACC-000005,EVT-000005-11,2025-12-07T00:00:00,2026-01-06T00:00:00,30.0,10,0.3333333333333333333333333333,"[""DEV-000005-01""]",5,5,281462.79,56292.558,8581.3,203224.49
USR-000006,ACC-000006,EVT-000006-11,2025-12-08T00:00:00,2026-01-07T00:00:00,30.0,10,0.3333333333333333333333333333,"[""DEV-000006-01""]",5,5,1568850.01,313770.002,25709.34,1107247.89
USR-000007,ACC-000007,EVT-000007-11,2025-12-09T00:00:00,2026-01-08T00:00:00,30.0,10,0.3333333333333333333333333333,"[""DEV-000007-01""]",5,5,810979.57,162195.914,6603.1,434313.08
USR-000008,ACC-000008,EVT-000008-11,2025-12-10T00:00:00,2026-01-09T00:00:00,30.0,10,0.3333333333333333333333333333,"[""DEV-000008-01""]",5,5,1268722.76,253744.552,16682.25,596346.66
USR-000009,ACC-000009,EVT-000009-11,2025-12-11T00:00:00,2026-01-10T00:00:00,30.0,10,0.3333333333333333333333333333,"[""DEV-000009-01""]",5,5,571869.71,114373.942,1710.53,315479.87
USR-000010,ACC-000010,EVT-000010-11,2025-12-12T00:00:00,2026-01-11T00:00:00,30.0,10,0.3333333333333333333333333333,"[""DEV-000010-01""]",5,5,312055.08,62411.016,11986.64,222714.3
USR-000011,ACC-000011,EVT-000011-11,2025-12-13T00:00:00,2026-01-12T00:00:00,30.0,10,0.3333333333333333333333333333,"[""DEV-000011-01""]",5,5,440566.25,88113.25,4802.5,212254.61
USR-000012,ACC-000012,EVT-000012-11,2025-12-14T00:00:00,2026-01-13T00:00:00,30.0,10,0.3333333333333333333333333333,"[""DEV-000012-01""]",5,5,674100.48,134820.096,14365.45,334393.38
USR-000013,ACC-000013,EVT-000013-11,2025-12-15T00:00:00,2026-01-14T00:00:00,30.0,10,0.3333333333333333333333333333,"[""DEV-000013-01""]",5,5,1160010.10,232002.02,1891.61,830706.35
USR-000014,ACC-000014,EVT-000014-11,2025-12-16T00:00:00,2026-01-15T00:00:00,30.0,10,0.3333333333333333333333333333,"[""DEV-000014-01""]",5,5,473440.25,94688.05,21384.64,214522.36
USR-000015,ACC-000015,EVT-000015-11,2025-12-17T00:00:00,2026-01-16T00:00:00,30.0,10,0.3333333333333333333333333333,"[""DEV-000015-01""]",5,5,345013.84,69002.768,2807.04,289813.21
USR-000016,ACC-000016,EVT-000016-11,2025-12-18T00:00:00,2026-01-17T00:00:00,30.0,10,0.3333333333333333333333333333,"[""DEV-000016-01""]",5,5,3088865.06,617773.012,2864.34,2910856.68
USR-000017,ACC-000017,EVT-000017-11,2025-12-19T00:00:00,2026-01-18T00:00:00,30.0,10,0.3333333333333333333333333333,"[""DEV-000017-01""]",5,5,604396.24,120879.248,167.41,452598.82
USR-000018,ACC-000018,EVT-000018-11,2025-12-20T00:00:00,2026-01-19T00:00:00,30.0,10,0.3333333333333333333333333333,"[""DEV-000018-01""]",5,5,628214.34,125642.868,14506.78,285400.94
USR-000019,ACC-000019,EVT-000019-11,2025-12-21T00:00:00,2026-01-20T00:00:00,30.0,10,0.3333333333333333333333333333,"[""DEV-000019-01""]",5,5,186842.89,37368.578,2747.64,95336.55
USR-000020,ACC-000020,EVT-000020-11,2025-12-22T00:00:00,2026-01-21T00:00:00,30.0,10,0.3333333333333333333333333333,"[""DEV-000020-01""]",5,5,1147226.21,229445.242,1832.21,899118.05
USR-000021,ACC-000021,EVT-000021-11,2025-12-23T00:00:00,2026-01-22T00:00:00,30.0,10,0.3333333333333333333333333333,"[""DEV-000021-01""]",5,5,292580.83,58516.166,5970.02,125928.81
USR-000022,ACC-000022,EVT-000022-11,2025-12-24T00:00:00,2026-01-23T00:00:00,30.0,10,0.3333333333333333333333333333,"[""DEV-000022-01""]",5,5,899768.43,179953.686,397.1,354922.67
USR-000023,ACC-000023,EVT-000023-11,2025-12-25T00:00:00,2026-01-24T00:00:00,30.0,10,0.3333333333333333333333333333,"[""DEV-000023-01""]",5,5,331844.63,66368.926,1695.84,129442.27
USR-000024,ACC-000024,EVT-000024-11,2025-12-26T00:00:00,2026-01-25T00:00:00,30.0,10,0.3333333333333333333333333333,"[""DEV-000024-01""]",5,5,476795.23,95359.046,4891.64,314167.4
USR-000025,ACC-000025,EVT-000025-11,2025-12-27T00:00:00,2026-01-26T00:00:00,30.0,10,0.3333333333333333333333333333,"[""DEV-000025-01""]",5,5,1444852.93,288970.586,70064.2,1026471.9
USR-000026,ACC-000026,EVT-000026-11,2025-12-28T00:00:00,2026-01-27T00:00:00,30.0,10,0.3333333333333333333333333333,"[""DEV-000026-01""]",5,5,617160.17,123432.034,3888.78,333245.5
USR-000027,ACC-000027,EVT-000027-11,2025-12-29T00:00:00,2026-01-28T00:00:00,30.0,10,0.3333333333333333333333333333,"[""DEV-000027-01""]",5,5,295517.76,59103.552,4293.15,170423.41
USR-000028,ACC-000028,EVT-000028-11,2025-12-30T00:00:00,2026-01-29T00:00:00,30.0,10,0.3333333333333333333333333333,"[""DEV-000028-01""]",5,5,298352.62,59670.524,1928.13,250832.28
USR-000029,ACC-000029,EVT-000029-11,2025-12-31T00:00:00,2026-01-30T00:00:00,30.0,10,0.3333333333333333333333333333,"[""DEV-000029-01""]",5,5,792309.89,158461.978,2282.19,431208.59
USR-000030,ACC-000030,EVT-000030-11,2026-01-01T00:00:00,2026-01-31T00:00:00,30.0,10,0.3333333333333333333333333333,"[""DEV-000030-01""]",5,5,2690468.60,538093.72,3029.72,2201619.72
USR-000031,ACC-000031,EVT-000031-11,2026-01-02T00:00:00,2026-02-01T00:00:00,30.0,10,0.3333333333333333333333333333,"[""DEV-000031-01""]",5,5,1027771.02,205554.204,2289.5,380004.15
USR-000032,ACC-000032,EVT-000032-11,2026-01-03T00:00:00,2026-02-02T00:00:00,30.0,10,0.3333333333333333333333333333,"[""DEV-000032-01""]",5,5,278029.42,55605.884,420.92,220797.98
USR-000033,ACC-000033,EVT-000033-11,2026-01-04T00:00:00,2026-02-03T00:00:00,30.0,10,0.3333333333333333333333333333,"[""DEV-000033-01""]",5,5,422214.08,84442.816,1439.45,378268.48
USR-000034,ACC-000034,EVT-000034-11,2026-01-05T00:00:00,2026-02-04T00:00:00,30.0,10,0.3333333333333333333333333333,"[""DEV-000034-01""]",5,5,1167487.14,233497.428,57209.95,457960.74
USR-000035,ACC-000035,EVT-000035-11,2026-01-06T00:00:00,2026-02-05T00:00:00,30.0,10,0.3333333333333333333333333333,"[""DEV-000035-01""]",5,5,2796603.05,559320.61,8927.36,2695770.94
USR-000036,ACC-000036,EVT-000036-11,2026-01-07T00:00:00,2026-02-06T00:00:00,30.0,10,0.3333333333333333333333333333,"[""DEV-000036-01""]",5,5,797357.01,159471.402,8427.22,304881.75
USR-000037,ACC-000037,EVT-000037-11,2026-01-08T00:00:00,2026-02-07T00:00:00,30.0,10,0.3333333333333333333333333333,"[""DEV-000037-01""]",5,5,1934847.04,386969.408,1203.13,1683054.31
USR-000038,ACC-000038,EVT-000038-11,2026-01-09T00:00:00,2026-02-08T00:00:00,30.0,10,0.3333333333333333333333333333,"[""DEV-000038-01""]",5,5,875685.55,175137.11,12698.26,348549.67
USR-000039,ACC-000039,EVT-000039-11,2026-01-10T00:00:00,2026-02-09T00:00:00,30.0,10,0.3333333333333333333333333333,"[""DEV-000039-01""]",5,5,253659.85,50731.97,1899.3,219908.52
USR-000040,ACC-000040,EVT-000040-11,2026-01-11T00:00:00,2026-02-10T00:00:00,30.0,10,0.3333333333333333333333333333,"[""DEV-000040-01""]",5,5,322040.46,64408.092,6928.03,139615.01
USR-000041,ACC-000041,EVT-000041-11,2026-01-12T00:00:00,2026-02-11T00:00:00,30.0,10,0.3333333333333333333333333333,"[""DEV-000041-01""]",5,5,1127269.42,225453.884,2756.85,541019.44
USR-000042,ACC-000042,EVT-000042-11,2026-01-13T00:00:00,2026-02-12T00:00:00,30.0,10,0.3333333333333333333333333333,"[""DEV-000042-01""]",5,5,748751.84,149750.368,5280.59,329845.42
USR-000043,ACC-000043,EVT-000043-11,2026-01-14T00:00:00,2026-02-13T00:00:00,30.0,10,0.3333333333333333333333333333,"[""DEV-000043-01""]",5,5,1014542.83,202908.566,52639.47,290067.91
USR-000044,ACC-000044,EVT-000044-11,2026-01-15T00:00:00,2026-02-14T00:00:00,30.0,10,0.3333333333333333333333333333,"[""DEV-000044-01""]",5,5,1984984.51,396996.902,12629.2,1527237.74
USR-000045,ACC-000045,EVT-000045-11,2026-01-16T00:00:00,2026-02-15T00:00:00,30.0,10,0.3333333333333333333333333333,"[""DEV-000045-01""]",5,5,3853317.43,770663.486,7035.22,3692992.47
USR-000046,ACC-000046,EVT-000046-11,2026-01-17T00:00:00,2026-02-16T00:00:00,30.0,10,0.3333333333333333333333333333,"[""DEV-000046-01""]",5,5,399185.13,79837.026,2389.41,194321.59
USR-000047,ACC-000047,EVT-000047-11,2026-01-18T00:00:00,2026-02-17T00:00:00,30.0,10,0.3333333333333333333333333333,"[""DEV-000047-01""]",5,5,446109.27,89221.854,14510.85,246136.83
USR-000048,ACC-000048,EVT-000048-11,2026-01-19T00:00:00,2026-02-18T00:00:00,30.0,10,0.3333333333333333333333333333,"[""DEV-000048-01""]",5,5,3307712.13,661542.426,4767.82,1884380.31
USR-000049,ACC-000049,EVT-000049-11,2026-01-20T00:00:00,2026-02-19T00:00:00,30.0,10,0.3333333333333333333333333333,"[""DEV-000049-01""]",5,5,533635.62,106727.124,3590.65,307487.29
USR-000050,ACC-000050,EVT-000050-11,2026-01-21T00:00:00,2026-02-20T00:00:00,30.0,10,0.3333333333333333333333333333,"[""DEV-000050-01""]",5,5,826259.87,165251.974,854.28,301887.62
USR-000051,ACC-000051,EVT-000051-11,2026-01-22T00:00:00,2026-02-21T00:00:00,30.0,10,0.3333333333333333333333333333,"[""DEV-000051-01""]",5,5,368603.53,73720.706,696.97,205492.96
USR-000052,ACC-000052,EVT-000052-11,2026-01-23T00:00:00,2026-02-22T00:00:00,30.0,10,0.3333333333333333333333333333,"[""DEV-000052-01""]",5,5,1861680.83,372336.166,1086.53,1131152.51
USR-000053,ACC-000053,EVT-000053-11,2026-01-24T00:00:00,2026-02-23T00:00:00,30.0,10,0.3333333333333333333333333333,"[""DEV-000053-01""]",5,5,2233882.87,446776.574,5140.09,1804923.4
USR-000054,ACC-000054,EVT-000054-11,2026-01-25T00:00:00,2026-02-24T00:00:00,30.0,10,0.3333333333333333333333333333,"[""DEV-000054-01""]",5,5,382227.35,76445.47,9451.99,277222.72
USR-000055,ACC-000055,EVT-000055-11,2026-01-26T00:00:00,2026-02-25T00:00:00,30.0,10,0.3333333333333333333333333333,"[""DEV-000055-01""]",5,5,2111470.57,422294.114,527.49,2023483.48
USR-000056,ACC-000056,EVT-000056-11,2026-01-27T00:00:00,2026-02-26T00:00:00,30.0,10,0.3333333333333333333333333333,"[""DEV-000056-01""]",5,5,1490806.47,298161.294,9834.81,1245103.24
USR-000057,ACC-000057,EVT-000057-11,2026-01-28T00:00:00,2026-02-27T00:00:00,30.0,10,0.3333333333333333333333333333,"[""DEV-000057-01""]",5,5,521088.62,104217.724,1807.38,407899.83
USR-000058,ACC-000058,EVT-000058-11,2026-01-29T00:00:00,2026-02-28T00:00:00,30.0,10,0.3333333333333333333333333333,"[""DEV-000058-01""]",5,5,357087.44,71417.488,862.13,196371.09
USR-000059,ACC-000059,EVT-000059-11,2026-01-30T00:00:00,2026-03-01T00:00:00,30.0,10,0.3333333333333333333333333333,"[""DEV-000059-01""]",5,5,714785.20,142957.04,22733.6,382405.98
USR-000060,ACC-000060,EVT-000060-11,2026-01-31T00:00:00,2026-03-02T00:00:00,30.0,10,0.3333333333333333333333333333,"[""DEV-000060-01""]",5,5,478955.67,95791.134,6149.08,292500.83
USR-000061,ACC-000061,EVT-000061-11,2026-02-01T00:00:00,2026-03-03T00:00:00,30.0,10,0.3333333333333333333333333333,"[""DEV-000061-01""]",5,5,399368.12,79873.624,10518.49,301787.64
USR-000062,ACC-000062,EVT-000062-11,2026-02-02T00:00:00,2026-03-04T00:00:00,30.0,10,0.3333333333333333333333333333,"[""DEV-000062-01""]",5,5,877359.12,175471.824,5300.9,757020.07
USR-000063,ACC-000063,EVT-000063-11,2026-02-03T00:00:00,2026-03-05T00:00:00,30.0,10,0.3333333333333333333333333333,"[""DEV-000063-01""]",5,5,678457.57,135691.514,2334.97,300054.26
USR-000064,ACC-000064,EVT-000064-11,2026-02-04T00:00:00,2026-03-06T00:00:00,30.0,10,0.3333333333333333333333333333,"[""DEV-000064-01""]",5,5,974518.31,194903.662,5457.51,397915.03
USR-000065,ACC-000065,EVT-000065-11,2026-02-05T00:00:00,2026-03-07T00:00:00,30.0,10,0.3333333333333333333333333333,"[""DEV-000065-01""]",5,5,591254.40,118250.88,2526.67,351603.95
USR-000066,ACC-000066,EVT-000066-11,2026-02-06T00:00:00,2026-03-08T00:00:00,30.0,10,0.3333333333333333333333333333,"[""DEV-000066-01""]",5,5,225355.85,45071.17,2497.99,189797.96
USR-000067,ACC-000067,EVT-000067-11,2026-02-07T00:00:00,2026-03-09T00:00:00,30.0,10,0.3333333333333333333333333333,"[""DEV-000067-01""]",5,5,192546.15,38509.23,1787.37,135838.66
USR-000068,ACC-000068,EVT-000068-11,2026-02-08T00:00:00,2026-03-10T00:00:00,30.0,10,0.3333333333333333333333333333,"[""DEV-000068-01""]",5,5,1525502.96,305100.592,6009.0,749109.62
USR-000069,ACC-000069,EVT-000069-11,2026-02-09T00:00:00,2026-03-11T00:00:00,30.0,10,0.3333333333333333333333333333,"[""DEV-000069-01""]",5,5,1222737.07,244547.414,10232.35,1019959.06
USR-000070,ACC-000070,EVT-000070-11,2026-02-10T00:00:00,2026-03-12T00:00:00,30.0,10,0.3333333333333333333333333333,"[""DEV-000070-01""]",5,5,1228573.43,245714.686,29770.13,840994.84
USR-000071,ACC-000071,EVT-000071-11,2026-02-11T00:00:00,2026-03-13T00:00:00,30.0,10,0.3333333333333333333333333333,"[""DEV-000071-01""]",5,5,988582.77,197716.554,37880.09,504339.08
USR-000072,ACC-000072,EVT-000072-11,2026-02-12T00:00:00,2026-03-14T00:00:00,30.0,10,0.3333333333333333333333333333,"[""DEV-000072-01""]",5,5,682094.53,136418.906,7517.47,274841.85
USR-000073,ACC-000073,EVT-000073-11,2026-02-13T00:00:00,2026-03-15T00:00:00,30.0,10,0.3333333333333333333333333333,"[""DEV-000073-01""]",5,5,461328.70,92265.74,6702.49,354754.23
USR-000074,ACC-000074,EVT-000074-11,2026-02-14T00:00:00,2026-03-16T00:00:00,30.0,10,0.3333333333333333333333333333,"[""DEV-000074-01""]",5,5,379616.53,75923.306,9075.18,251514.48
USR-000075,ACC-000075,EVT-000075-11,2026-02-15T00:00:00,2026-03-17T00:00:00,30.0,10,0.3333333333333333333333333333,"[""DEV-000075-01""]",5,5,2666928.02,533385.604,1668.5,2645190.06
USR-000076,ACC-000076,EVT-000076-11,2026-02-16T00:00:00,2026-03-18T00:00:00,30.0,10,0.3333333333333333333333333333,"[""DEV-000076-01""]",5,5,375805.50,75161.10,1819.6,281817.09
USR-000077,ACC-000077,EVT-000077-11,2026-02-17T00:00:00,2026-03-19T00:00:00,30.0,10,0.3333333333333333333333333333,"[""DEV-000077-01""]",5,5,915208.68,183041.736,54533.27,517108.12
USR-000078,ACC-000078,EVT-000078-11,2026-02-18T00:00:00,2026-03-20T00:00:00,30.0,10,0.3333333333333333333333333333,"[""DEV-000078-01""]",5,5,901346.22,180269.244,16245.06,250568.18
USR-000079,ACC-000079,EVT-000079-11,2026-02-19T00:00:00,2026-03-21T00:00:00,30.0,10,0.3333333333333333333333333333,"[""DEV-000079-01""]",5,5,1633289.28,326657.856,8363.34,1392020.35
USR-000080,ACC-000080,EVT-000080-11,2026-02-20T00:00:00,2026-03-22T00:00:00,30.0,10,0.3333333333333333333333333333,"[""DEV-000080-01""]",5,5,1189362.43,237872.486,11534.06,537484.23
USR-000081,ACC-000081,EVT-000081-11,2026-02-21T00:00:00,2026-03-23T00:00:00,30.0,10,0.3333333333333333333333333333,"[""DEV-000081-01""]",5,5,941270.42,188254.084,947.87,370502.44
USR-000082,ACC-000082,EVT-000082-11,2026-02-22T00:00:00,2026-03-24T00:00:00,30.0,10,0.3333333333333333333333333333,"[""DEV-000082-01""]",5,5,304984.98,60996.996,5641.43,144781.64
USR-000083,ACC-000083,EVT-000083-11,2026-02-23T00:00:00,2026-03-25T00:00:00,30.0,10,0.3333333333333333333333333333,"[""DEV-000083-01""]",5,5,622043.93,124408.786,268.56,227575.31
USR-000084,ACC-000084,EVT-000084-11,2026-02-24T00:00:00,2026-03-26T00:00:00,30.0,10,0.3333333333333333333333333333,"[""DEV-000084-01""]",5,5,1294036.28,258807.256,1319.23,1271665.71
USR-000085,ACC-000085,EVT-000085-11,2026-02-25T00:00:00,2026-03-27T00:00:00,30.0,10,0.3333333333333333333333333333,"[""DEV-000085-01""]",5,5,1229223.76,245844.752,893.59,1183280.76
USR-000086,ACC-000086,EVT-000086-11,2026-02-26T00:00:00,2026-03-28T00:00:00,30.0,10,0.3333333333333333333333333333,"[""DEV-000086-01""]",5,5,848690.16,169738.032,28045.79,279694.89
USR-000087,ACC-000087,EVT-000087-11,2026-02-27T00:00:00,2026-03-29T00:00:00,30.0,10,0.3333333333333333333333333333,"[""DEV-000087-01""]",5,5,252710.06,50542.012,826.07,200784.67
USR-000088,ACC-000088,EVT-000088-11,2026-02-28T00:00:00,2026-03-30T00:00:00,30.0,10,0.3333333333333333333333333333,"[""DEV-000088-01""]",5,5,692382.63,138476.526,1992.79,203665.14
USR-000089,ACC-000089,EVT-000089-11,2026-03-01T00:00:00,2026-03-31T00:00:00,30.0,10,0.3333333333333333333333333333,"[""DEV-000089-01""]",5,5,1492492.70,298498.54,9838.99,472498.3
USR-000090,ACC-000090,EVT-000090-11,2026-03-02T00:00:00,2026-04-01T00:00:00,30.0,10,0.3333333333333333333333333333,"[""DEV-000090-01""]",5,5,81132.90,16226.58,1051.16,31681.24
USR-000091,ACC-000091,EVT-000091-11,2026-03-03T00:00:00,2026-04-02T00:00:00,30.0,10,0.3333333333333333333333333333,"[""DEV-000091-01""]",5,5,2797880.20,559576.04,28797.95,2221765.06
USR-000092,ACC-000092,EVT-000092-11,2026-03-04T00:00:00,2026-04-03T00:00:00,30.0,10,0.3333333333333333333333333333,"[""DEV-000092-01""]",5,5,451762.15,90352.43,6542.25,208455.29
USR-000093,ACC-000093,EVT-000093-11,2026-03-05T00:00:00,2026-04-04T00:00:00,30.0,10,0.3333333333333333333333333333,"[""DEV-000093-01""]",5,5,1111112.90,222222.58,2749.55,710030.68
USR-000094,ACC-000094,EVT-000094-11,2026-03-06T00:00:00,2026-04-05T00:00:00,30.0,10,0.3333333333333333333333333333,"[""DEV-000094-01""]",5,5,2362164.84,472432.968,36928.27,1364238.6
USR-000095,ACC-000095,EVT-000095-11,2026-03-07T00:00:00,2026-04-06T00:00:00,30.0,10,0.3333333333333333333333333333,"[""DEV-000095-01""]",5,5,598228.41,119645.682,528.27,384709.14
USR-000096,ACC-000096,EVT-000096-11,2026-03-08T00:00:00,2026-04-07T00:00:00,30.0,10,0.3333333333333333333333333333,"[""DEV-000096-01""]",5,5,1174514.91,234902.982,1870.95,538564.87
USR-000097,ACC-000097,EVT-000097-11,2026-03-09T00:00:00,2026-04-08T00:00:00,30.0,10,0.3333333333333333333333333333,"[""DEV-000097-01""]",5,5,740471.55,148094.31,23156.31,253755.96
USR-000098,ACC-000098,EVT-000098-11,2026-03-10T00:00:00,2026-04-09T00:00:00,30.0,10,0.3333333333333333333333333333,"[""DEV-000098-01""]",5,5,896453.37,179290.674,7209.12,302152.15
USR-000099,ACC-000099,EVT-000099-11,2026-03-11T00:00:00,2026-04-10T00:00:00,30.0,10,0.3333333333333333333333333333,"[""DEV-000099-01""]",5,5,525280.62,105056.124,382.08,295610.5
USR-000100,ACC-000100,EVT-000100-11,2026-03-12T00:00:00,2026-04-11T00:00:00,30.0,10,0.3333333333333333333333333333,"[""DEV-000100-01""]",5,5,623743.39,124748.678,5484.09,287711.93
USR-000101,ACC-000101,EVT-000101-11,2026-03-13T00:00:00,2026-04-12T00:00:00,30.0,10,0.3333333333333333333333333333,"[""DEV-000101-01""]",5,5,425452.06,85090.412,28666.57,151136.77
USR-000102,ACC-000102,EVT-000102-11,2026-03-14T00:00:00,2026-04-13T00:00:00,30.0,10,0.3333333333333333333333333333,"[""DEV-000102-01""]",5,5,499222.09,99844.418,21854.97,172633.4
USR-000103,ACC-000103,EVT-000103-11,2026-03-15T00:00:00,2026-04-14T00:00:00,30.0,10,0.3333333333333333333333333333,"[""DEV-000103-01""]",5,5,641790.64,128358.128,5742.77,498300.05
USR-000104,ACC-000104,EVT-000104-11,2026-03-16T00:00:00,2026-04-15T00:00:00,30.0,10,0.3333333333333333333333333333,"[""DEV-000104-01""]",5,5,276934.25,55386.85,4052.06,133238.61
USR-000105,ACC-000105,EVT-000105-11,2026-03-17T00:00:00,2026-04-16T00:00:00,30.0,10,0.3333333333333333333333333333,"[""DEV-000105-01""]",5,5,1153794.32,230758.864,13013.51,645104.5
USR-000106,ACC-000106,EVT-000106-11,2026-03-18T00:00:00,2026-04-17T00:00:00,30.0,10,0.3333333333333333333333333333,"[""DEV-000106-01""]",5,5,616762.43,123352.486,4757.84,394204.95
USR-000107,ACC-000107,EVT-000107-11,2026-03-19T00:00:00,2026-04-18T00:00:00,30.0,10,0.3333333333333333333333333333,"[""DEV-000107-01""]",5,5,805979.80,161195.96,3046.32,720984.41
USR-000108,ACC-000108,EVT-000108-11,2026-03-20T00:00:00,2026-04-19T00:00:00,30.0,10,0.3333333333333333333333333333,"[""DEV-000108-01""]",5,5,851764.08,170352.816,7422.17,571200.46
USR-000109,ACC-000109,EVT-000109-11,2026-03-21T00:00:00,2026-04-20T00:00:00,30.0,10,0.3333333333333333333333333333,"[""DEV-000109-01""]",5,5,398029.27,79605.854,10540.69,176668.78
USR-000110,ACC-000110,EVT-000110-11,2026-03-22T00:00:00,2026-04-21T00:00:00,30.0,10,0.3333333333333333333333333333,"[""DEV-000110-01""]",5,5,237166.62,47433.324,3282.69,197392.02
USR-000111,ACC-000111,EVT-000111-11,2026-03-23T00:00:00,2026-04-22T00:00:00,30.0,10,0.3333333333333333333333333333,"[""DEV-000111-01""]",5,5,590155.64,118031.128,8098.19,187487.93
USR-000112,ACC-000112,EVT-000112-11,2026-03-24T00:00:00,2026-04-23T00:00:00,30.0,10,0.3333333333333333333333333333,"[""DEV-000112-01""]",5,5,1106851.35,221370.27,5494.35,497575.91
USR-000113,ACC-000113,EVT-000113-11,2026-03-25T00:00:00,2026-04-24T00:00:00,30.0,10,0.3333333333333333333333333333,"[""DEV-000113-01""]",5,5,728382.89,145676.578,588.94,420443.85
USR-000114,ACC-000114,EVT-000114-11,2026-03-26T00:00:00,2026-04-25T00:00:00,30.0,10,0.3333333333333333333333333333,"[""DEV-000114-01""]",5,5,341879.16,68375.832,4105.55,188027.51
USR-000115,ACC-000115,EVT-000115-11,2026-03-27T00:00:00,2026-04-26T00:00:00,30.0,10,0.3333333333333333333333333333,"[""DEV-000115-01""]",5,5,823881.64,164776.328,34426.4,265825.35
USR-000116,ACC-000116,EVT-000116-11,2026-03-28T00:00:00,2026-04-27T00:00:00,30.0,10,0.3333333333333333333333333333,"[""DEV-000116-01""]",5,5,1746667.27,349333.454,6564.56,900784.54
USR-000117,ACC-000117,EVT-000117-11,2026-03-29T00:00:00,2026-04-28T00:00:00,30.0,10,0.3333333333333333333333333333,"[""DEV-000117-01""]",5,5,383299.88,76659.976,12955.6,209611.68
USR-000118,ACC-000118,EVT-000118-11,2026-03-30T00:00:00,2026-04-29T00:00:00,30.0,10,0.3333333333333333333333333333,"[""DEV-000118-01""]",5,5,1165004.24,233000.848,6035.6,634317.0
USR-000119,ACC-000119,EVT-000119-11,2026-03-31T00:00:00,2026-04-30T00:00:00,30.0,10,0.3333333333333333333333333333,"[""DEV-000119-01""]",5,5,394356.64,78871.328,5183.68,190169.56
USR-000120,ACC-000120,EVT-000120-11,2026-04-01T00:00:00,2026-05-01T00:00:00,30.0,10,0.3333333333333333333333333333,"[""DEV-000120-01""]",5,5,572399.79,114479.958,6028.07,355090.62
USR-000121,ACC-000121,EVT-000121-11,2026-04-02T00:00:00,2026-05-02T00:00:00,30.0,10,0.3333333333333333333333333333,"[""DEV-000121-01""]",5,5,73290.62,14658.124,7215.12,27772.76
USR-000122,ACC-000122,EVT-000122-11,2026-04-03T00:00:00,2026-05-03T00:00:00,30.0,10,0.3333333333333333333333333333,"[""DEV-000122-01""]",5,5,338717.71,67743.542,7044.68,172964.22
USR-000123,ACC-000123,EVT-000123-11,2026-04-04T00:00:00,2026-05-04T00:00:00,30.0,10,0.3333333333333333333333333333,"[""DEV-000123-01""]",5,5,360712.52,72142.504,4406.69,146852.36
USR-000124,ACC-000124,EVT-000124-11,2026-04-05T00:00:00,2026-05-05T00:00:00,30.0,10,0.3333333333333333333333333333,"[""DEV-000124-01""]",5,5,44147.33,8829.466,444.83,17680.53
USR-000125,ACC-000125,EVT-000125-11,2026-04-06T00:00:00,2026-05-06T00:00:00,30.0,10,0.3333333333333333333333333333,"[""DEV-000125-01""]",5,5,506006.72,101201.344,18569.59,155559.62
USR-000126,ACC-000126,EVT-000126-11,2026-04-07T00:00:00,2026-05-07T00:00:00,30.0,10,0.3333333333333333333333333333,"[""DEV-000126-01""]",5,5,877786.40,175557.28,17763.61,316625.03
USR-000127,ACC-000127,EVT-000127-11,2026-04-08T00:00:00,2026-05-08T00:00:00,30.0,10,0.3333333333333333333333333333,"[""DEV-000127-01""]",5,5,544398.32,108879.664,9766.06,319772.25
USR-000128,ACC-000128,EVT-000128-11,2026-04-09T00:00:00,2026-05-09T00:00:00,30.0,10,0.3333333333333333333333333333,"[""DEV-000128-01""]",5,5,1011779.60,202355.92,968.71,875281.87
USR-000129,ACC-000129,EVT-000129-11,2026-04-10T00:00:00,2026-05-10T00:00:00,30.0,10,0.3333333333333333333333333333,"[""DEV-000129-01""]",5,5,476014.21,95202.842,698.23,248870.25
USR-000130,ACC-000130,EVT-000130-11,2026-04-11T00:00:00,2026-05-11T00:00:00,30.0,10,0.3333333333333333333333333333,"[""DEV-000130-01""]",5,5,529618.99,105923.798,6337.12,259612.22
USR-000131,ACC-000131,EVT-000131-11,2026-04-12T00:00:00,2026-05-12T00:00:00,30.0,10,0.3333333333333333333333333333,"[""DEV-000131-01""]",5,5,777993.80,155598.76,9450.93,298821.84
USR-000132,ACC-000132,EVT-000132-11,2026-04-13T00:00:00,2026-05-13T00:00:00,30.0,10,0.3333333333333333333333333333,"[""DEV-000132-01""]",5,5,515135.89,103027.178,10711.08,229389.72
USR-000133,ACC-000133,EVT-000133-11,2026-04-14T00:00:00,2026-05-14T00:00:00,30.0,10,0.3333333333333333333333333333,"[""DEV-000133-01""]",5,5,1363337.36,272667.472,4258.24,850893.46
USR-000134,ACC-000134,EVT-000134-11,2026-04-15T00:00:00,2026-05-15T00:00:00,30.0,10,0.3333333333333333333333333333,"[""DEV-000134-01""]",5,5,2918254.76,583650.952,16274.69,2249252.32
USR-000135,ACC-000135,EVT-000135-11,2026-04-16T00:00:00,2026-05-16T00:00:00,30.0,10,0.3333333333333333333333333333,"[""DEV-000135-01""]",5,5,360552.49,72110.498,591.99,238552.62
USR-000136,ACC-000136,EVT-000136-11,2026-04-17T00:00:00,2026-05-17T00:00:00,30.0,10,0.3333333333333333333333333333,"[""DEV-000136-01""]",5,5,811018.55,162203.71,8581.38,430451.98
USR-000137,ACC-000137,EVT-000137-11,2026-04-18T00:00:00,2026-05-18T00:00:00,30.0,10,0.3333333333333333333333333333,"[""DEV-000137-01""]",5,5,799499.89,159899.978,10233.83,343097.75
USR-000138,ACC-000138,EVT-000138-11,2026-04-19T00:00:00,2026-05-19T00:00:00,30.0,10,0.3333333333333333333333333333,"[""DEV-000138-01""]",5,5,846754.80,169350.96,4257.99,611079.18
USR-000139,ACC-000139,EVT-000139-11,2026-04-20T00:00:00,2026-05-20T00:00:00,30.0,10,0.3333333333333333333333333333,"[""DEV-000139-01""]",5,5,955276.41,191055.282,2922.96,702559.07
USR-000140,ACC-000140,EVT-000140-11,2026-04-21T00:00:00,2026-05-21T00:00:00,30.0,10,0.3333333333333333333333333333,"[""DEV-000140-01""]",5,5,1082789.60,216557.92,18406.43,681882.96
USR-000141,ACC-000141,EVT-000141-11,2026-04-22T00:00:00,2026-05-22T00:00:00,30.0,10,0.3333333333333333333333333333,"[""DEV-000141-01""]",5,5,1995856.59,399171.318,77826.01,1302101.79
USR-000142,ACC-000142,EVT-000142-11,2026-04-23T00:00:00,2026-05-23T00:00:00,30.0,10,0.3333333333333333333333333333,"[""DEV-000142-01""]",5,5,961472.07,192294.414,3205.0,336839.15
USR-000143,ACC-000143,EVT-000143-11,2026-04-24T00:00:00,2026-05-24T00:00:00,30.0,10,0.3333333333333333333333333333,"[""DEV-000143-01""]",5,5,1123233.90,224646.78,2253.36,523203.02
USR-000144,ACC-000144,EVT-000144-11,2026-04-25T00:00:00,2026-05-25T00:00:00,30.0,10,0.3333333333333333333333333333,"[""DEV-000144-01""]",5,5,496328.32,99265.664,3761.0,211673.08
USR-000145,ACC-000145,EVT-000145-11,2026-04-26T00:00:00,2026-05-26T00:00:00,30.0,10,0.3333333333333333333333333333,"[""DEV-000145-01""]",5,5,1199044.69,239808.938,22005.76,499495.13
USR-000146,ACC-000146,EVT-000146-11,2026-04-27T00:00:00,2026-05-27T00:00:00,30.0,10,0.3333333333333333333333333333,"[""DEV-000146-01""]",5,5,684536.32,136907.264,3114.38,274094.97
USR-000147,ACC-000147,EVT-000147-11,2026-04-28T00:00:00,2026-05-28T00:00:00,30.0,10,0.3333333333333333333333333333,"[""DEV-000147-01""]",5,5,515119.47,103023.894,4634.08,265977.09
USR-000148,ACC-000148,EVT-000148-11,2026-04-29T00:00:00,2026-05-29T00:00:00,30.0,10,0.3333333333333333333333333333,"[""DEV-000148-01""]",5,5,521046.04,104209.208,4855.78,282693.22
USR-000149,ACC-000149,EVT-000149-11,2026-04-30T00:00:00,2026-05-30T00:00:00,30.0,10,0.3333333333333333333333333333,"[""DEV-000149-01""]",5,5,2312166.26,462433.252,924.73,1398915.67
USR-000150,ACC-000150,EVT-000150-11,2026-05-01T00:00:00,2026-05-31T00:00:00,30.0,10,0.3333333333333333333333333333,"[""DEV-000150-01""]",5,5,957336.90,191467.38,50262.13,457310.66
USR-000151,ACC-000151,EVT-000151-11,2026-05-02T00:00:00,2026-06-01T00:00:00,30.0,10,0.3333333333333333333333333333,"[""DEV-000151-01""]",5,5,615150.70,123030.14,1922.82,389137.89
USR-000152,ACC-000152,EVT-000152-11,2026-05-03T00:00:00,2026-06-02T00:00:00,30.0,10,0.3333333333333333333333333333,"[""DEV-000152-01""]",5,5,850537.27,170107.454,11326.2,384858.34
USR-000153,ACC-000153,EVT-000153-11,2026-05-04T00:00:00,2026-06-03T00:00:00,30.0,10,0.3333333333333333333333333333,"[""DEV-000153-01""]",5,5,922561.57,184512.314,8414.71,372434.37
USR-000154,ACC-000154,EVT-000154-11,2026-05-05T00:00:00,2026-06-04T00:00:00,30.0,10,0.3333333333333333333333333333,"[""DEV-000154-01""]",5,5,151112.24,30222.448,7238.29,59599.73
USR-000155,ACC-000155,EVT-000155-11,2026-05-06T00:00:00,2026-06-05T00:00:00,30.0,10,0.3333333333333333333333333333,"[""DEV-000155-01""]",5,5,404041.95,80808.39,1259.93,341674.69
USR-000156,ACC-000156,EVT-000156-11,2026-05-07T00:00:00,2026-06-06T00:00:00,30.0,10,0.3333333333333333333333333333,"[""DEV-000156-01""]",5,5,374666.93,74933.386,14482.75,201167.45
USR-000157,ACC-000157,EVT-000157-11,2026-05-08T00:00:00,2026-06-07T00:00:00,30.0,10,0.3333333333333333333333333333,"[""DEV-000157-01""]",5,5,736482.06,147296.412,8865.93,308076.88
USR-000158,ACC-000158,EVT-000158-11,2026-05-09T00:00:00,2026-06-08T00:00:00,30.0,10,0.3333333333333333333333333333,"[""DEV-000158-01""]",5,5,958186.69,191637.338,5596.42,463558.46
USR-000159,ACC-000159,EVT-000159-11,2026-05-10T00:00:00,2026-06-09T00:00:00,30.0,10,0.3333333333333333333333333333,"[""DEV-000159-01""]",5,5,765941.67,153188.334,4198.89,338445.98
USR-000160,ACC-000160,EVT-000160-11,2026-05-11T00:00:00,2026-06-10T00:00:00,30.0,10,0.3333333333333333333333333333,"[""DEV-000160-01""]",5,5,994443.58,198888.716,15110.29,479800.01
USR-000161,ACC-000161,EVT-000161-11,2026-05-12T00:00:00,2026-06-11T00:00:00,30.0,10,0.3333333333333333333333333333,"[""DEV-000161-01""]",5,5,1007239.76,201447.952,7689.91,379966.34
USR-000162,ACC-000162,EVT-000162-11,2026-05-13T00:00:00,2026-06-12T00:00:00,30.0,10,0.3333333333333333333333333333,"[""DEV-000162-01""]",5,5,1148564.17,229712.834,2874.62,701368.95
USR-000163,ACC-000163,EVT-000163-11,2026-05-14T00:00:00,2026-06-13T00:00:00,30.0,10,0.3333333333333333333333333333,"[""DEV-000163-01""]",5,5,190001.98,38000.396,6276.88,118813.76
USR-000164,ACC-000164,EVT-000164-11,2026-05-15T00:00:00,2026-06-14T00:00:00,30.0,10,0.3333333333333333333333333333,"[""DEV-000164-01""]",5,5,606005.72,121201.144,19734.44,282440.99
USR-000165,ACC-000165,EVT-000165-11,2026-05-16T00:00:00,2026-06-15T00:00:00,30.0,10,0.3333333333333333333333333333,"[""DEV-000165-01""]",5,5,464254.85,92850.97,3249.83,287831.29
USR-000166,ACC-000166,EVT-000166-11,2026-05-17T00:00:00,2026-06-16T00:00:00,30.0,10,0.3333333333333333333333333333,"[""DEV-000166-01""]",5,5,349904.38,69980.876,6399.14,256122.43
USR-000167,ACC-000167,EVT-000167-11,2026-05-18T00:00:00,2026-06-17T00:00:00,30.0,10,0.3333333333333333333333333333,"[""DEV-000167-01""]",5,5,897280.25,179456.05,8034.42,427608.42
USR-000168,ACC-000168,EVT-000168-11,2026-05-19T00:00:00,2026-06-18T00:00:00,30.0,10,0.3333333333333333333333333333,"[""DEV-000168-01""]",5,5,470485.89,94097.178,2121.26,299169.58
USR-000169,ACC-000169,EVT-000169-11,2026-05-20T00:00:00,2026-06-19T00:00:00,30.0,10,0.3333333333333333333333333333,"[""DEV-000169-01""]",5,5,494751.24,98950.248,14863.3,174214.09
USR-000170,ACC-000170,EVT-000170-11,2026-05-21T00:00:00,2026-06-20T00:00:00,30.0,10,0.3333333333333333333333333333,"[""DEV-000170-01""]",5,5,332940.25,66588.05,5146.06,256667.35
USR-000171,ACC-000171,EVT-000171-11,2026-05-22T00:00:00,2026-06-21T00:00:00,30.0,10,0.3333333333333333333333333333,"[""DEV-000171-01""]",5,5,779728.31,155945.662,10788.53,306776.02
USR-000172,ACC-000172,EVT-000172-11,2026-05-23T00:00:00,2026-06-22T00:00:00,30.0,10,0.3333333333333333333333333333,"[""DEV-000172-01""]",5,5,800939.07,160187.814,10430.85,377348.22
USR-000173,ACC-000173,EVT-000173-11,2026-05-24T00:00:00,2026-06-23T00:00:00,30.0,10,0.3333333333333333333333333333,"[""DEV-000173-01""]",5,5,1622086.83,324417.366,3823.66,1205227.66
USR-000174,ACC-000174,EVT-000174-11,2026-05-25T00:00:00,2026-06-24T00:00:00,30.0,10,0.3333333333333333333333333333,"[""DEV-000174-01""]",5,5,1193766.87,238753.374,8446.93,394681.58
USR-000175,ACC-000175,EVT-000175-11,2026-05-26T00:00:00,2026-06-25T00:00:00,30.0,10,0.3333333333333333333333333333,"[""DEV-000175-01""]",5,5,608715.04,121743.008,7843.78,291262.51
USR-000176,ACC-000176,EVT-000176-11,2026-05-27T00:00:00,2026-06-26T00:00:00,30.0,10,0.3333333333333333333333333333,"[""DEV-000176-01""]",5,5,752065.54,150413.108,5783.5,617922.5
USR-000177,ACC-000177,EVT-000177-11,2026-05-28T00:00:00,2026-06-27T00:00:00,30.0,10,0.3333333333333333333333333333,"[""DEV-000177-01""]",5,5,3695952.05,739190.41,90703.59,2955051.54
USR-000178,ACC-000178,EVT-000178-11,2026-05-29T00:00:00,2026-06-28T00:00:00,30.0,10,0.3333333333333333333333333333,"[""DEV-000178-01""]",5,5,403859.37,80771.874,1762.75,177356.13
USR-000179,ACC-000179,EVT-000179-11,2026-05-30T00:00:00,2026-06-29T00:00:00,30.0,10,0.3333333333333333333333333333,"[""DEV-000179-01""]",5,5,2229577.06,445915.412,67527.96,1564529.91
USR-000180,ACC-000180,EVT-000180-11,2026-05-31T00:00:00,2026-06-30T00:00:00,30.0,10,0.3333333333333333333333333333,"[""DEV-000180-01""]",5,5,951754.29,190350.858,14796.41,305466.81
USR-000181,ACC-000181,EVT-000181-11,2026-06-01T00:00:00,2026-07-01T00:00:00,30.0,10,0.3333333333333333333333333333,"[""DEV-000181-01""]",5,5,478820.02,95764.004,3635.93,188502.06
USR-000182,ACC-000182,EVT-000182-11,2026-06-02T00:00:00,2026-07-02T00:00:00,30.0,10,0.3333333333333333333333333333,"[""DEV-000182-01""]",5,5,1633717.65,326743.53,87884.1,982600.28
USR-000183,ACC-000183,EVT-000183-11,2026-06-03T00:00:00,2026-07-03T00:00:00,30.0,10,0.3333333333333333333333333333,"[""DEV-000183-01""]",5,5,974624.97,194924.994,81880.99,295018.58
USR-000184,ACC-000184,EVT-000184-11,2026-06-04T00:00:00,2026-07-04T00:00:00,30.0,10,0.3333333333333333333333333333,"[""DEV-000184-01""]",5,5,339405.44,67881.088,12013.05,170507.64
USR-000185,ACC-000185,EVT-000185-11,2026-06-05T00:00:00,2026-07-05T00:00:00,30.0,10,0.3333333333333333333333333333,"[""DEV-000185-01""]",5,5,161068.05,32213.61,4763.97,47257.35
USR-000186,ACC-000186,EVT-000186-11,2026-06-06T00:00:00,2026-07-06T00:00:00,30.0,10,0.3333333333333333333333333333,"[""DEV-000186-01""]",5,5,503073.11,100614.622,3242.99,291000.09
USR-000187,ACC-000187,EVT-000187-11,2026-06-07T00:00:00,2026-07-07T00:00:00,30.0,10,0.3333333333333333333333333333,"[""DEV-000187-01""]",5,5,1270229.65,254045.93,24099.06,468225.56
USR-000188,ACC-000188,EVT-000188-11,2026-06-08T00:00:00,2026-07-08T00:00:00,30.0,10,0.3333333333333333333333333333,"[""DEV-000188-01""]",5,5,1369878.77,273975.754,3814.09,829648.43
USR-000189,ACC-000189,EVT-000189-11,2026-06-09T00:00:00,2026-07-09T00:00:00,30.0,10,0.3333333333333333333333333333,"[""DEV-000189-01""]",5,5,1453365.27,290673.054,4009.9,858683.06
USR-000190,ACC-000190,EVT-000190-11,2026-06-10T00:00:00,2026-07-10T00:00:00,30.0,10,0.3333333333333333333333333333,"[""DEV-000190-01""]",5,5,481700.33,96340.066,5740.78,218501.62
USR-000191,ACC-000191,EVT-000191-11,2026-06-11T00:00:00,2026-07-11T00:00:00,30.0,10,0.3333333333333333333333333333,"[""DEV-000191-01""]",5,5,187551.23,37510.246,344.28,133935.74
USR-000192,ACC-000192,EVT-000192-11,2026-06-12T00:00:00,2026-07-12T00:00:00,30.0,10,0.3333333333333333333333333333,"[""DEV-000192-01""]",5,5,522723.72,104544.744,21857.09,285919.27
USR-000193,ACC-000193,EVT-000193-11,2026-06-13T00:00:00,2026-07-13T00:00:00,30.0,10,0.3333333333333333333333333333,"[""DEV-000193-01""]",5,5,782374.41,156474.882,3717.03,383927.24
USR-000194,ACC-000194,EVT-000194-11,2026-06-14T00:00:00,2026-07-14T00:00:00,30.0,10,0.3333333333333333333333333333,"[""DEV-000194-01""]",5,5,715540.49,143108.098,20578.71,376405.72
USR-000195,ACC-000195,EVT-000195-11,2026-06-15T00:00:00,2026-07-15T00:00:00,30.0,10,0.3333333333333333333333333333,"[""DEV-000195-01""]",5,5,507960.20,101592.04,5407.83,376025.47
USR-000196,ACC-000196,EVT-000196-11,2026-06-16T00:00:00,2026-07-16T00:00:00,30.0,10,0.3333333333333333333333333333,"[""DEV-000196-01""]",5,5,577215.94,115443.188,43986.74,186362.33
USR-000197,ACC-000197,EVT-000197-11,2026-06-17T00:00:00,2026-07-17T00:00:00,30.0,10,0.3333333333333333333333333333,"[""DEV-000197-01""]",5,5,381391.44,76278.288,663.34,181834.64
USR-000198,ACC-000198,EVT-000198-11,2026-06-18T00:00:00,2026-07-18T00:00:00,30.0,10,0.3333333333333333333333333333,"[""DEV-000198-01""]",5,5,938752.87,187750.574,991.18,331980.16
USR-000199,ACC-000199,EVT-000199-11,2026-06-19T00:00:00,2026-07-19T00:00:00,30.0,10,0.3333333333333333333333333333,"[""DEV-000199-01""]",5,5,1341525.60,268305.12,5850.89,584385.23
USR-000200,ACC-000200,EVT-000200-11,2026-06-20T00:00:00,2026-07-20T00:00:00,30.0,10,0.3333333333333333333333333333,"[""DEV-000200-01""]",5,5,351162.81,70232.562,28899.84,102764.73
USR-000201,ACC-000201,EVT-000201-11,2026-06-21T00:00:00,2026-07-21T00:00:00,30.0,10,0.3333333333333333333333333333,"[""DEV-000201-01""]",5,5,1329805.79,265961.158,1476.73,806923.65
USR-000202,ACC-000202,EVT-000202-11,2026-06-22T00:00:00,2026-07-22T00:00:00,30.0,10,0.3333333333333333333333333333,"[""DEV-000202-01""]",5,5,1060159.41,212031.882,98596.42,391415.2
USR-000203,ACC-000203,EVT-000203-11,2026-06-23T00:00:00,2026-07-23T00:00:00,30.0,10,0.3333333333333333333333333333,"[""DEV-000203-01""]",5,5,1052726.67,210545.334,55721.9,513619.38
USR-000204,ACC-000204,EVT-000204-11,2026-06-24T00:00:00,2026-07-24T00:00:00,30.0,10,0.3333333333333333333333333333,"[""DEV-000204-01""]",5,5,2189757.18,437951.436,10200.74,1392961.21
USR-000205,ACC-000205,EVT-000205-11,2026-06-25T00:00:00,2026-07-25T00:00:00,30.0,10,0.3333333333333333333333333333,"[""DEV-000205-01""]",5,5,1813055.14,362611.028,4332.35,1577254.82
USR-000206,ACC-000206,EVT-000206-11,2026-06-26T00:00:00,2026-07-26T00:00:00,30.0,10,0.3333333333333333333333333333,"[""DEV-000206-01""]",5,5,470665.75,94133.15,3875.25,193934.32
USR-000207,ACC-000207,EVT-000207-11,2026-06-27T00:00:00,2026-07-27T00:00:00,30.0,10,0.3333333333333333333333333333,"[""DEV-000207-01""]",5,5,941761.86,188352.372,5923.12,449522.16
USR-000208,ACC-000208,EVT-000208-11,2026-06-28T00:00:00,2026-07-28T00:00:00,30.0,10,0.3333333333333333333333333333,"[""DEV-000208-01""]",5,5,506775.31,101355.062,9458.94,342418.87
USR-000209,ACC-000209,EVT-000209-11,2026-06-29T00:00:00,2026-07-29T00:00:00,30.0,10,0.3333333333333333333333333333,"[""DEV-000209-01""]",5,5,175380.54,35076.108,2719.21,131671.46
USR-000210,ACC-000210,EVT-000210-11,2026-06-30T00:00:00,2026-07-30T00:00:00,30.0,10,0.3333333333333333333333333333,"[""DEV-000210-01""]",5,5,3038969.19,607793.838,2660.98,2317893.79
USR-000211,ACC-000211,EVT-000211-11,2026-07-01T00:00:00,2026-07-31T00:00:00,30.0,10,0.3333333333333333333333333333,"[""DEV-000211-01""]",5,5,1677377.15,335475.43,2018.47,1459065.78
USR-000212,ACC-000212,EVT-000212-11,2026-07-02T00:00:00,2026-08-01T00:00:00,30.0,10,0.3333333333333333333333333333,"[""DEV-000212-01""]",5,5,326936.07,65387.214,5261.33,163849.49
USR-000213,ACC-000213,EVT-000213-11,2026-07-03T00:00:00,2026-08-02T00:00:00,30.0,10,0.3333333333333333333333333333,"[""DEV-000213-01""]",5,5,652029.45,130405.89,12103.34,342107.46
USR-000214,ACC-000214,EVT-000214-11,2026-07-04T00:00:00,2026-08-03T00:00:00,30.0,10,0.3333333333333333333333333333,"[""DEV-000214-01""]",5,5,130943.23,26188.646,5668.73,61848.39
USR-000215,ACC-000215,EVT-000215-11,2026-07-05T00:00:00,2026-08-04T00:00:00,30.0,10,0.3333333333333333333333333333,"[""DEV-000215-01""]",5,5,509896.38,101979.276,1468.41,262197.84
USR-000216,ACC-000216,EVT-000216-11,2026-07-06T00:00:00,2026-08-05T00:00:00,30.0,10,0.3333333333333333333333333333,"[""DEV-000216-01""]",5,5,220809.29,44161.858,6223.59,167842.34
USR-000217,ACC-000217,EVT-000217-11,2026-07-07T00:00:00,2026-08-06T00:00:00,30.0,10,0.3333333333333333333333333333,"[""DEV-000217-01""]",5,5,881274.16,176254.832,10303.86,387168.05
USR-000218,ACC-000218,EVT-000218-11,2026-07-08T00:00:00,2026-08-07T00:00:00,30.0,10,0.3333333333333333333333333333,"[""DEV-000218-01""]",5,5,2547628.65,509525.73,25620.3,1501307.64
USR-000219,ACC-000219,EVT-000219-11,2026-07-09T00:00:00,2026-08-08T00:00:00,30.0,10,0.3333333333333333333333333333,"[""DEV-000219-01""]",5,5,512512.34,102502.468,674.1,297207.68
USR-000220,ACC-000220,EVT-000220-11,2026-07-10T00:00:00,2026-08-09T00:00:00,30.0,10,0.3333333333333333333333333333,"[""DEV-000220-01""]",5,5,652658.56,130531.712,13601.01,457246.47
USR-000221,ACC-000221,EVT-000221-11,2026-07-11T00:00:00,2026-08-10T00:00:00,30.0,10,0.3333333333333333333333333333,"[""DEV-000221-01""]",5,5,29984.85,5996.97,89.53,9628.59
USR-000222,ACC-000222,EVT-000222-11,2026-07-12T00:00:00,2026-08-11T00:00:00,30.0,10,0.3333333333333333333333333333,"[""DEV-000222-01""]",5,5,310275.07,62055.014,7186.67,188083.03
USR-000223,ACC-000223,EVT-000223-11,2026-07-13T00:00:00,2026-08-12T00:00:00,30.0,10,0.3333333333333333333333333333,"[""DEV-000223-01""]",5,5,755698.75,151139.75,4437.8,433047.41
USR-000224,ACC-000224,EVT-000224-11,2026-07-14T00:00:00,2026-08-13T00:00:00,30.0,10,0.3333333333333333333333333333,"[""DEV-000224-01""]",5,5,483935.61,96787.122,5208.19,269111.53
USR-000225,ACC-000225,EVT-000225-11,2026-07-15T00:00:00,2026-08-14T00:00:00,30.0,10,0.3333333333333333333333333333,"[""DEV-000225-01""]",5,5,655805.89,131161.178,11617.96,247920.39
USR-000226,ACC-000226,EVT-000226-11,2026-07-16T00:00:00,2026-08-15T00:00:00,30.0,10,0.3333333333333333333333333333,"[""DEV-000226-01""]",5,5,415070.82,83014.164,2196.17,274202.33
USR-000227,ACC-000227,EVT-000227-11,2026-07-17T00:00:00,2026-08-16T00:00:00,30.0,10,0.3333333333333333333333333333,"[""DEV-000227-01""]",5,5,1138900.11,227780.022,114285.01,541728.67
USR-000228,ACC-000228,EVT-000228-11,2026-07-18T00:00:00,2026-08-17T00:00:00,30.0,10,0.3333333333333333333333333333,"[""DEV-000228-01""]",5,5,431719.66,86343.932,2501.35,164726.84
USR-000229,ACC-000229,EVT-000229-11,2026-07-19T00:00:00,2026-08-18T00:00:00,30.0,10,0.3333333333333333333333333333,"[""DEV-000229-01""]",5,5,769896.64,153979.328,12662.82,331194.92
USR-000230,ACC-000230,EVT-000230-11,2026-07-20T00:00:00,2026-08-19T00:00:00,30.0,10,0.3333333333333333333333333333,"[""DEV-000230-01""]",5,5,172813.82,34562.764,6266.09,71485.43
USR-000231,ACC-000231,EVT-000231-11,2026-07-21T00:00:00,2026-08-20T00:00:00,30.0,10,0.3333333333333333333333333333,"[""DEV-000231-01""]",5,5,646033.32,129206.664,6238.3,277183.38
USR-000232,ACC-000232,EVT-000232-11,2026-07-22T00:00:00,2026-08-21T00:00:00,30.0,10,0.3333333333333333333333333333,"[""DEV-000232-01""]",5,5,1020020.64,204004.128,20309.0,366067.62
USR-000233,ACC-000233,EVT-000233-11,2026-07-23T00:00:00,2026-08-22T00:00:00,30.0,10,0.3333333333333333333333333333,"[""DEV-000233-01""]",5,5,853241.21,170648.242,9399.47,486784.14
USR-000234,ACC-000234,EVT-000234-11,2026-07-24T00:00:00,2026-08-23T00:00:00,30.0,10,0.3333333333333333333333333333,"[""DEV-000234-01""]",5,5,275171.62,55034.324,3778.42,130620.58
USR-000235,ACC-000235,EVT-000235-11,2026-07-25T00:00:00,2026-08-24T00:00:00,30.0,10,0.3333333333333333333333333333,"[""DEV-000235-01""]",5,5,435844.81,87168.962,834.24,228460.92
USR-000236,ACC-000236,EVT-000236-11,2026-07-26T00:00:00,2026-08-25T00:00:00,30.0,10,0.3333333333333333333333333333,"[""DEV-000236-01""]",5,5,643268.57,128653.714,16116.4,418319.32
USR-000237,ACC-000237,EVT-000237-11,2026-07-27T00:00:00,2026-08-26T00:00:00,30.0,10,0.3333333333333333333333333333,"[""DEV-000237-01""]",5,5,446965.39,89393.078,1554.79,324274.29
USR-000238,ACC-000238,EVT-000238-11,2026-07-28T00:00:00,2026-08-27T00:00:00,30.0,10,0.3333333333333333333333333333,"[""DEV-000238-01""]",5,5,1430238.24,286047.648,12938.14,532965.06
USR-000239,ACC-000239,EVT-000239-11,2026-07-29T00:00:00,2026-08-28T00:00:00,30.0,10,0.3333333333333333333333333333,"[""DEV-000239-01""]",5,5,493031.43,98606.286,5187.6,311471.91
USR-000240,ACC-000240,EVT-000240-11,2026-07-30T00:00:00,2026-08-29T00:00:00,30.0,10,0.3333333333333333333333333333,"[""DEV-000240-01""]",5,5,357726.80,71545.36,1230.61,302989.56
USR-000241,ACC-000241,EVT-000241-11,2026-07-31T00:00:00,2026-08-30T00:00:00,30.0,10,0.3333333333333333333333333333,"[""DEV-000241-01""]",5,5,718148.17,143629.634,1619.94,411901.13
USR-000242,ACC-000242,EVT-000242-11,2026-08-01T00:00:00,2026-08-31T00:00:00,30.0,10,0.3333333333333333333333333333,"[""DEV-000242-01""]",5,5,1716234.45,343246.89,5386.82,1606135.81
USR-000243,ACC-000243,EVT-000243-11,2026-08-02T00:00:00,2026-09-01T00:00:00,30.0,10,0.3333333333333333333333333333,"[""DEV-000243-01""]",5,5,758262.35,151652.47,15214.39,370505.23
USR-000244,ACC-000244,EVT-000244-11,2026-08-03T00:00:00,2026-09-02T00:00:00,30.0,10,0.3333333333333333333333333333,"[""DEV-000244-01""]",5,5,1205622.00,241124.40,8539.36,1032128.19
USR-000245,ACC-000245,EVT-000245-11,2026-08-04T00:00:00,2026-09-03T00:00:00,30.0,10,0.3333333333333333333333333333,"[""DEV-000245-01""]",5,5,1055226.92,211045.384,13473.25,429904.39
USR-000246,ACC-000246,EVT-000246-11,2026-08-05T00:00:00,2026-09-04T00:00:00,30.0,10,0.3333333333333333333333333333,"[""DEV-000246-01""]",5,5,153055.11,30611.022,3943.15,81597.53
USR-000247,ACC-000247,EVT-000247-11,2026-08-06T00:00:00,2026-09-05T00:00:00,30.0,10,0.3333333333333333333333333333,"[""DEV-000247-01""]",5,5,568611.20,113722.24,42271.51,150366.25
USR-000248,ACC-000248,EVT-000248-11,2026-08-07T00:00:00,2026-09-06T00:00:00,30.0,10,0.3333333333333333333333333333,"[""DEV-000248-01""]",5,5,929500.41,185900.082,2612.58,381074.42
USR-000249,ACC-000249,EVT-000249-11,2026-08-08T00:00:00,2026-09-07T00:00:00,30.0,10,0.3333333333333333333333333333,"[""DEV-000249-01""]",5,5,743168.42,148633.684,13088.39,442066.24
USR-000250,ACC-000250,EVT-000250-11,2026-08-09T00:00:00,2026-09-08T00:00:00,30.0,10,0.3333333333333333333333333333,"[""DEV-000250-01""]",5,5,896503.37,179300.674,2319.84,575768.36
USR-000251,ACC-000251,EVT-000251-11,2026-08-10T00:00:00,2026-09-09T00:00:00,30.0,10,0.3333333333333333333333333333,"[""DEV-000251-01""]",5,5,581766.76,116353.352,12911.6,240946.48
USR-000252,ACC-000252,EVT-000252-11,2026-08-11T00:00:00,2026-09-10T00:00:00,30.0,10,0.3333333333333333333333333333,"[""DEV-000252-01""]",5,5,298096.17,59619.234,885.01,173798.62
USR-000253,ACC-000253,EVT-000253-11,2026-08-12T00:00:00,2026-09-11T00:00:00,30.0,10,0.3333333333333333333333333333,"[""DEV-000253-01""]",5,5,846714.93,169342.986,103507.47,272466.38
USR-000254,ACC-000254,EVT-000254-11,2026-08-13T00:00:00,2026-09-12T00:00:00,30.0,10,0.3333333333333333333333333333,"[""DEV-000254-01""]",5,5,866639.78,173327.956,1320.36,730536.04
USR-000255,ACC-000255,EVT-000255-11,2026-08-14T00:00:00,2026-09-13T00:00:00,30.0,10,0.3333333333333333333333333333,"[""DEV-000255-01""]",5,5,588517.12,117703.424,5603.08,384629.49
USR-000256,ACC-000256,EVT-000256-11,2026-08-15T00:00:00,2026-09-14T00:00:00,30.0,10,0.3333333333333333333333333333,"[""DEV-000256-01""]",5,5,1853287.03,370657.406,8265.03,1052284.04
USR-000257,ACC-000257,EVT-000257-11,2026-08-16T00:00:00,2026-09-15T00:00:00,30.0,10,0.3333333333333333333333333333,"[""DEV-000257-01""]",5,5,189875.31,37975.062,14821.28,87242.2
USR-000258,ACC-000258,EVT-000258-11,2026-08-17T00:00:00,2026-09-16T00:00:00,30.0,10,0.3333333333333333333333333333,"[""DEV-000258-01""]",5,5,952736.74,190547.348,10878.95,422657.64
USR-000259,ACC-000259,EVT-000259-11,2026-08-18T00:00:00,2026-09-17T00:00:00,30.0,10,0.3333333333333333333333333333,"[""DEV-000259-01""]",5,5,887641.87,177528.374,41249.32,326239.08
USR-000260,ACC-000260,EVT-000260-11,2026-08-19T00:00:00,2026-09-18T00:00:00,30.0,10,0.3333333333333333333333333333,"[""DEV-000260-01""]",5,5,667702.99,133540.598,13218.72,352859.85
USR-000261,ACC-000261,EVT-000261-11,2026-08-20T00:00:00,2026-09-19T00:00:00,30.0,10,0.3333333333333333333333333333,"[""DEV-000261-01""]",5,5,2203027.56,440605.512,6156.01,1902954.77
USR-000262,ACC-000262,EVT-000262-11,2026-08-21T00:00:00,2026-09-20T00:00:00,30.0,10,0.3333333333333333333333333333,"[""DEV-000262-01""]",5,5,219104.63,43820.926,5773.25,122104.29
USR-000263,ACC-000263,EVT-000263-11,2026-08-22T00:00:00,2026-09-21T00:00:00,30.0,10,0.3333333333333333333333333333,"[""DEV-000263-01""]",5,5,1100346.94,220069.388,2324.19,616080.43
USR-000264,ACC-000264,EVT-000264-11,2026-08-23T00:00:00,2026-09-22T00:00:00,30.0,10,0.3333333333333333333333333333,"[""DEV-000264-01""]",5,5,803916.70,160783.34,1998.58,380408.52
USR-000265,ACC-000265,EVT-000265-11,2026-08-24T00:00:00,2026-09-23T00:00:00,30.0,10,0.3333333333333333333333333333,"[""DEV-000265-01""]",5,5,467536.28,93507.256,1398.19,199054.8
USR-000266,ACC-000266,EVT-000266-11,2026-08-25T00:00:00,2026-09-24T00:00:00,30.0,10,0.3333333333333333333333333333,"[""DEV-000266-01""]",5,5,277870.16,55574.032,260.61,150733.24
USR-000267,ACC-000267,EVT-000267-11,2026-08-26T00:00:00,2026-09-25T00:00:00,30.0,10,0.3333333333333333333333333333,"[""DEV-000267-01""]",5,5,724117.43,144823.486,5959.15,513748.96
USR-000268,ACC-000268,EVT-000268-11,2026-08-27T00:00:00,2026-09-26T00:00:00,30.0,10,0.3333333333333333333333333333,"[""DEV-000268-01""]",5,5,635002.54,127000.508,9886.72,520644.91
USR-000269,ACC-000269,EVT-000269-11,2026-08-28T00:00:00,2026-09-27T00:00:00,30.0,10,0.3333333333333333333333333333,"[""DEV-000269-01""]",5,5,482841.58,96568.316,9098.05,223987.31
USR-000270,ACC-000270,EVT-000270-11,2026-08-29T00:00:00,2026-09-28T00:00:00,30.0,10,0.3333333333333333333333333333,"[""DEV-000270-01""]",5,5,391050.26,78210.052,5353.61,270369.39
USR-000271,ACC-000271,EVT-000271-11,2026-08-30T00:00:00,2026-09-29T00:00:00,30.0,10,0.3333333333333333333333333333,"[""DEV-000271-01""]",5,5,406152.26,81230.452,3620.52,146995.98
USR-000272,ACC-000272,EVT-000272-11,2026-08-31T00:00:00,2026-09-30T00:00:00,30.0,10,0.3333333333333333333333333333,"[""DEV-000272-01""]",5,5,2220215.65,444043.13,53495.15,1388288.41
USR-000273,ACC-000273,EVT-000273-11,2026-09-01T00:00:00,2026-10-01T00:00:00,30.0,10,0.3333333333333333333333333333,"[""DEV-000273-01""]",5,5,685430.93,137086.186,22582.04,318387.42
USR-000274,ACC-000274,EVT-000274-11,2026-09-02T00:00:00,2026-10-02T00:00:00,30.0,10,0.3333333333333333333333333333,"[""DEV-000274-01""]",5,5,1233147.23,246629.446,7522.77,739056.11
USR-000275,ACC-000275,EVT-000275-11,2026-09-03T00:00:00,2026-10-03T00:00:00,30.0,10,0.3333333333333333333333333333,"[""DEV-000275-01""]",5,5,593327.00,118665.40,13905.04,261454.1
USR-000276,ACC-000276,EVT-000276-11,2026-09-04T00:00:00,2026-10-04T00:00:00,30.0,10,0.3333333333333333333333333333,"[""DEV-000276-01""]",5,5,505038.60,101007.72,2447.37,280232.05
USR-000277,ACC-000277,EVT-000277-11,2026-09-05T00:00:00,2026-10-05T00:00:00,30.0,10,0.3333333333333333333333333333,"[""DEV-000277-01""]",5,5,619722.08,123944.416,343.64,395860.04
USR-000278,ACC-000278,EVT-000278-11,2026-09-06T00:00:00,2026-10-06T00:00:00,30.0,10,0.3333333333333333333333333333,"[""DEV-000278-01""]",5,5,889184.89,177836.978,13380.01,478851.77
USR-000279,ACC-000279,EVT-000279-11,2026-09-07T00:00:00,2026-10-07T00:00:00,30.0,10,0.3333333333333333333333333333,"[""DEV-000279-01""]",5,5,1897604.11,379520.822,4162.22,1588746.36
USR-000280,ACC-000280,EVT-000280-11,2026-09-08T00:00:00,2026-10-08T00:00:00,30.0,10,0.3333333333333333333333333333,"[""DEV-000280-01""]",5,5,512558.12,102511.624,4278.99,257207.57
USR-000281,ACC-000281,EVT-000281-11,2026-09-09T00:00:00,2026-10-09T00:00:00,30.0,10,0.3333333333333333333333333333,"[""DEV-000281-01""]",5,5,153973.16,30794.632,400.84,85462.31
USR-000282,ACC-000282,EVT-000282-11,2026-09-10T00:00:00,2026-10-10T00:00:00,30.0,10,0.3333333333333333333333333333,"[""DEV-000282-01""]",5,5,633657.49,126731.498,16539.28,228199.03
USR-000283,ACC-000283,EVT-000283-11,2026-09-11T00:00:00,2026-10-11T00:00:00,30.0,10,0.3333333333333333333333333333,"[""DEV-000283-01""]",5,5,532096.73,106419.346,30290.71,210866.81
USR-000284,ACC-000284,EVT-000284-11,2026-09-12T00:00:00,2026-10-12T00:00:00,30.0,10,0.3333333333333333333333333333,"[""DEV-000284-01""]",5,5,912950.26,182590.052,25386.46,379699.63
USR-000285,ACC-000285,EVT-000285-11,2026-09-13T00:00:00,2026-10-13T00:00:00,30.0,10,0.3333333333333333333333333333,"[""DEV-000285-01""]",5,5,1683947.00,336789.40,1706.22,1451183.29
USR-000286,ACC-000286,EVT-000286-11,2026-09-14T00:00:00,2026-10-14T00:00:00,30.0,10,0.3333333333333333333333333333,"[""DEV-000286-01""]",5,5,2716867.65,543373.53,1867.58,2409283.01
USR-000287,ACC-000287,EVT-000287-11,2026-09-15T00:00:00,2026-10-15T00:00:00,30.0,10,0.3333333333333333333333333333,"[""DEV-000287-01""]",5,5,2283756.52,456751.304,62839.7,1305766.03
USR-000288,ACC-000288,EVT-000288-11,2026-09-16T00:00:00,2026-10-16T00:00:00,30.0,10,0.3333333333333333333333333333,"[""DEV-000288-01""]",5,5,1143067.24,228613.448,9188.84,448109.68
USR-000289,ACC-000289,EVT-000289-11,2026-09-17T00:00:00,2026-10-17T00:00:00,30.0,10,0.3333333333333333333333333333,"[""DEV-000289-01""]",5,5,559491.24,111898.248,2828.32,429770.6
USR-000290,ACC-000290,EVT-000290-11,2026-09-18T00:00:00,2026-10-18T00:00:00,30.0,10,0.3333333333333333333333333333,"[""DEV-000290-01""]",5,5,1010462.48,202092.496,4278.27,345886.48
USR-000291,ACC-000291,EVT-000291-11,2026-09-19T00:00:00,2026-10-19T00:00:00,30.0,10,0.3333333333333333333333333333,"[""DEV-000291-01""]",5,5,407561.18,81512.236,712.9,267798.43
USR-000292,ACC-000292,EVT-000292-11,2026-09-20T00:00:00,2026-10-20T00:00:00,30.0,10,0.3333333333333333333333333333,"[""DEV-000292-01""]",5,5,3500549.73,700109.946,32468.62,3139423.35
USR-000293,ACC-000293,EVT-000293-11,2026-09-21T00:00:00,2026-10-21T00:00:00,30.0,10,0.3333333333333333333333333333,"[""DEV-000293-01""]",5,5,616830.02,123366.004,13170.99,375737.82
USR-000294,ACC-000294,EVT-000294-11,2026-09-22T00:00:00,2026-10-22T00:00:00,30.0,10,0.3333333333333333333333333333,"[""DEV-000294-01""]",5,5,1215640.39,243128.078,164892.38,293819.76
USR-000295,ACC-000295,EVT-000295-11,2026-09-23T00:00:00,2026-10-23T00:00:00,30.0,10,0.3333333333333333333333333333,"[""DEV-000295-01""]",5,5,1166883.41,233376.682,135452.77,384209.69
USR-000296,ACC-000296,EVT-000296-11,2026-09-24T00:00:00,2026-10-24T00:00:00,30.0,10,0.3333333333333333333333333333,"[""DEV-000296-01""]",5,5,120828.43,24165.686,21.99,80676.4
USR-000297,ACC-000297,EVT-000297-11,2026-09-25T00:00:00,2026-10-25T00:00:00,30.0,10,0.3333333333333333333333333333,"[""DEV-000297-01""]",5,5,1179868.69,235973.738,154209.78,414863.18
USR-000298,ACC-000298,EVT-000298-11,2026-09-26T00:00:00,2026-10-26T00:00:00,30.0,10,0.3333333333333333333333333333,"[""DEV-000298-01""]",5,5,1003992.18,200798.436,2708.89,397164.86
USR-000299,ACC-000299,EVT-000299-11,2026-09-27T00:00:00,2026-10-27T00:00:00,30.0,10,0.3333333333333333333333333333,"[""DEV-000299-01""]",5,5,3626456.70,725291.34,72906.5,2564629.34
USR-000300,ACC-000300,EVT-000300-11,2026-09-28T00:00:00,2026-10-28T00:00:00,30.0,10,0.3333333333333333333333333333,"[""DEV-000300-01""]",5,5,644282.51,128856.502,11503.14,389333.38
USR-000301,ACC-000301,EVT-000301-11,2026-09-29T00:00:00,2026-10-29T00:00:00,30.0,10,0.3333333333333333333333333333,"[""DEV-000301-01""]",5,5,2478654.06,495730.812,8707.58,1335480.98
USR-000302,ACC-000302,EVT-000302-11,2026-09-30T00:00:00,2026-10-30T00:00:00,30.0,10,0.3333333333333333333333333333,"[""DEV-000302-01""]",5,5,512911.71,102582.342,4619.08,430863.96
USR-000303,ACC-000303,EVT-000303-11,2026-10-01T00:00:00,2026-10-31T00:00:00,30.0,10,0.3333333333333333333333333333,"[""DEV-000303-01""]",5,5,1503068.33,300613.666,7053.98,1237485.02
USR-000304,ACC-000304,EVT-000304-11,2026-10-02T00:00:00,2026-11-01T00:00:00,30.0,10,0.3333333333333333333333333333,"[""DEV-000304-01""]",5,5,344403.13,68880.626,457.57,156665.09
USR-000305,ACC-000305,EVT-000305-11,2026-10-03T00:00:00,2026-11-02T00:00:00,30.0,10,0.3333333333333333333333333333,"[""DEV-000305-01""]",5,5,540420.96,108084.192,11116.95,313036.85
USR-000306,ACC-000306,EVT-000306-11,2026-10-04T00:00:00,2026-11-03T00:00:00,30.0,10,0.3333333333333333333333333333,"[""DEV-000306-01""]",5,5,2742737.29,548547.458,67675.81,2198220.87
USR-000307,ACC-000307,EVT-000307-11,2026-10-05T00:00:00,2026-11-04T00:00:00,30.0,10,0.3333333333333333333333333333,"[""DEV-000307-01""]",5,5,910162.75,182032.55,6298.1,783041.9
USR-000308,ACC-000308,EVT-000308-11,2026-10-06T00:00:00,2026-11-05T00:00:00,30.0,10,0.3333333333333333333333333333,"[""DEV-000308-01""]",5,5,519183.33,103836.666,300.81,189030.91
USR-000309,ACC-000309,EVT-000309-11,2026-10-07T00:00:00,2026-11-06T00:00:00,30.0,10,0.3333333333333333333333333333,"[""DEV-000309-01""]",5,5,387901.86,77580.372,3058.97,287953.9
USR-000310,ACC-000310,EVT-000310-11,2026-10-08T00:00:00,2026-11-07T00:00:00,30.0,10,0.3333333333333333333333333333,"[""DEV-000310-01""]",5,5,1039807.06,207961.412,17985.87,402099.17
USR-000311,ACC-000311,EVT-000311-11,2026-10-09T00:00:00,2026-11-08T00:00:00,30.0,10,0.3333333333333333333333333333,"[""DEV-000311-01""]",5,5,466202.11,93240.422,915.38,170465.37
USR-000312,ACC-000312,EVT-000312-11,2026-10-10T00:00:00,2026-11-09T00:00:00,30.0,10,0.3333333333333333333333333333,"[""DEV-000312-01""]",5,5,1069668.15,213933.63,92766.78,437968.53
USR-000313,ACC-000313,EVT-000313-11,2026-10-11T00:00:00,2026-11-10T00:00:00,30.0,10,0.3333333333333333333333333333,"[""DEV-000313-01""]",5,5,6276865.87,1255373.174,7566.61,5618179.9
USR-000314,ACC-000314,EVT-000314-11,2026-10-12T00:00:00,2026-11-11T00:00:00,30.0,10,0.3333333333333333333333333333,"[""DEV-000314-01""]",5,5,186189.49,37237.898,1914.85,95420.08
USR-000315,ACC-000315,EVT-000315-11,2026-10-13T00:00:00,2026-11-12T00:00:00,30.0,10,0.3333333333333333333333333333,"[""DEV-000315-01""]",5,5,103993.07,20798.614,874.3,52002.7
USR-000316,ACC-000316,EVT-000316-11,2026-10-14T00:00:00,2026-11-13T00:00:00,30.0,10,0.3333333333333333333333333333,"[""DEV-000316-01""]",5,5,427752.73,85550.546,5978.92,198987.7
USR-000317,ACC-000317,EVT-000317-11,2026-10-15T00:00:00,2026-11-14T00:00:00,30.0,10,0.3333333333333333333333333333,"[""DEV-000317-01""]",5,5,487499.09,97499.818,11898.56,271947.55
USR-000318,ACC-000318,EVT-000318-11,2026-10-16T00:00:00,2026-11-15T00:00:00,30.0,10,0.3333333333333333333333333333,"[""DEV-000318-01""]",5,5,321266.75,64253.35,2977.59,182128.22
USR-000319,ACC-000319,EVT-000319-11,2026-10-17T00:00:00,2026-11-16T00:00:00,30.0,10,0.3333333333333333333333333333,"[""DEV-000319-01""]",5,5,242506.89,48501.378,10325.19,83628.16
USR-000320,ACC-000320,EVT-000320-11,2026-10-18T00:00:00,2026-11-17T00:00:00,30.0,10,0.3333333333333333333333333333,"[""DEV-000320-01""]",5,5,905327.03,181065.406,39338.35,587790.38
USR-000321,ACC-000321,EVT-000321-11,2026-10-19T00:00:00,2026-11-18T00:00:00,30.0,10,0.3333333333333333333333333333,"[""DEV-000321-01""]",5,5,341081.27,68216.254,632.05,168560.72
USR-000322,ACC-000322,EVT-000322-11,2026-10-20T00:00:00,2026-11-19T00:00:00,30.0,10,0.3333333333333333333333333333,"[""DEV-000322-01""]",5,5,488610.41,97722.082,1855.97,394240.86
USR-000323,ACC-000323,EVT-000323-11,2026-10-21T00:00:00,2026-11-20T00:00:00,30.0,10,0.3333333333333333333333333333,"[""DEV-000323-01""]",5,5,318249.75,63649.95,2246.22,147262.23
USR-000324,ACC-000324,EVT-000324-11,2026-10-22T00:00:00,2026-11-21T00:00:00,30.0,10,0.3333333333333333333333333333,"[""DEV-000324-01""]",5,5,1668582.15,333716.43,1402.31,1097510.61
USR-000325,ACC-000325,EVT-000325-11,2026-10-23T00:00:00,2026-11-22T00:00:00,30.0,10,0.3333333333333333333333333333,"[""DEV-000325-01""]",5,5,733716.86,146743.372,11475.99,342299.07
USR-000326,ACC-000326,EVT-000326-11,2026-10-24T00:00:00,2026-11-23T00:00:00,30.0,10,0.3333333333333333333333333333,"[""DEV-000326-01""]",5,5,1030626.26,206125.252,5259.99,342284.05
USR-000327,ACC-000327,EVT-000327-11,2026-10-25T00:00:00,2026-11-24T00:00:00,30.0,10,0.3333333333333333333333333333,"[""DEV-000327-01""]",5,5,644049.94,128809.988,597.19,399961.34
USR-000328,ACC-000328,EVT-000328-11,2026-10-26T00:00:00,2026-11-25T00:00:00,30.0,10,0.3333333333333333333333333333,"[""DEV-000328-01""]",5,5,3656877.59,731375.518,4538.29,3107356.45
USR-000329,ACC-000329,EVT-000329-11,2026-10-27T00:00:00,2026-11-26T00:00:00,30.0,10,0.3333333333333333333333333333,"[""DEV-000329-01""]",5,5,330293.72,66058.744,939.12,187742.26
USR-000330,ACC-000330,EVT-000330-11,2026-10-28T00:00:00,2026-11-27T00:00:00,30.0,10,0.3333333333333333333333333333,"[""DEV-000330-01""]",5,5,472718.34,94543.668,13.75,222600.69
USR-000331,ACC-000331,EVT-000331-11,2026-10-29T00:00:00,2026-11-28T00:00:00,30.0,10,0.3333333333333333333333333333,"[""DEV-000331-01""]",5,5,474682.00,94936.40,5401.72,316747.22
USR-000332,ACC-000332,EVT-000332-11,2026-10-30T00:00:00,2026-11-29T00:00:00,30.0,10,0.3333333333333333333333333333,"[""DEV-000332-01""]",5,5,952784.61,190556.922,40452.81,641748.74
USR-000333,ACC-000333,EVT-000333-11,2026-10-31T00:00:00,2026-11-30T00:00:00,30.0,10,0.3333333333333333333333333333,"[""DEV-000333-01""]",5,5,290976.42,58195.284,3967.54,191530.84
USR-000334,ACC-000334,EVT-000334-11,2026-11-01T00:00:00,2026-12-01T00:00:00,30.0,10,0.3333333333333333333333333333,"[""DEV-000334-01""]",5,5,808734.23,161746.846,15367.13,353678.04
USR-000335,ACC-000335,EVT-000335-11,2026-11-02T00:00:00,2026-12-02T00:00:00,30.0,10,0.3333333333333333333333333333,"[""DEV-000335-01""]",5,5,6711652.81,1342330.562,141522.42,5850403.44
USR-000336,ACC-000336,EVT-000336-11,2026-11-03T00:00:00,2026-12-03T00:00:00,30.0,10,0.3333333333333333333333333333,"[""DEV-000336-01""]",5,5,498320.78,99664.156,398.13,410961.28
USR-000337,ACC-000337,EVT-000337-11,2026-11-04T00:00:00,2026-12-04T00:00:00,30.0,10,0.3333333333333333333333333333,"[""DEV-000337-01""]",5,5,177580.38,35516.076,1378.89,74001.11
USR-000338,ACC-000338,EVT-000338-11,2026-11-05T00:00:00,2026-12-05T00:00:00,30.0,10,0.3333333333333333333333333333,"[""DEV-000338-01""]",5,5,1605119.00,321023.80,563.42,922565.12
USR-000339,ACC-000339,EVT-000339-11,2026-11-06T00:00:00,2026-12-06T00:00:00,30.0,10,0.3333333333333333333333333333,"[""DEV-000339-01""]",5,5,530164.93,106032.986,6991.48,389396.36
USR-000340,ACC-000340,EVT-000340-11,2026-11-07T00:00:00,2026-12-07T00:00:00,30.0,10,0.3333333333333333333333333333,"[""DEV-000340-01""]",5,5,1062055.06,212411.012,21909.99,354909.03
USR-000341,ACC-000341,EVT-000341-11,2026-11-08T00:00:00,2026-12-08T00:00:00,30.0,10,0.3333333333333333333333333333,"[""DEV-000341-01""]",5,5,844871.11,168974.222,4463.98,266415.13
USR-000342,ACC-000342,EVT-000342-11,2026-11-09T00:00:00,2026-12-09T00:00:00,30.0,10,0.3333333333333333333333333333,"[""DEV-000342-01""]",5,5,389313.87,77862.774,1999.94,207825.87
USR-000343,ACC-000343,EVT-000343-11,2026-11-10T00:00:00,2026-12-10T00:00:00,30.0,10,0.3333333333333333333333333333,"[""DEV-000343-01""]",5,5,454178.23,90835.646,3320.07,197011.16
USR-000344,ACC-000344,EVT-000344-11,2026-11-11T00:00:00,2026-12-11T00:00:00,30.0,10,0.3333333333333333333333333333,"[""DEV-000344-01""]",5,5,581761.82,116352.364,337.67,275422.51
USR-000345,ACC-000345,EVT-000345-11,2026-11-12T00:00:00,2026-12-12T00:00:00,30.0,10,0.3333333333333333333333333333,"[""DEV-000345-01""]",5,5,419299.18,83859.836,3508.36,212531.3
USR-000346,ACC-000346,EVT-000346-11,2026-11-13T00:00:00,2026-12-13T00:00:00,30.0,10,0.3333333333333333333333333333,"[""DEV-000346-01""]",5,5,305846.89,61169.378,6361.15,157020.46
USR-000347,ACC-000347,EVT-000347-11,2026-11-14T00:00:00,2026-12-14T00:00:00,30.0,10,0.3333333333333333333333333333,"[""DEV-000347-01""]",5,5,532400.15,106480.03,4625.37,291844.21
USR-000348,ACC-000348,EVT-000348-11,2026-11-15T00:00:00,2026-12-15T00:00:00,30.0,10,0.3333333333333333333333333333,"[""DEV-000348-01""]",5,5,1448491.85,289698.37,29476.92,1006601.44
USR-000349,ACC-000349,EVT-000349-11,2026-11-16T00:00:00,2026-12-16T00:00:00,30.0,10,0.3333333333333333333333333333,"[""DEV-000349-01""]",5,5,439521.60,87904.32,14653.47,154181.86
USR-000350,ACC-000350,EVT-000350-11,2026-11-17T00:00:00,2026-12-17T00:00:00,30.0,10,0.3333333333333333333333333333,"[""DEV-000350-01""]",5,5,3772015.37,754403.074,15266.94,3486005.08
USR-000351,ACC-000351,EVT-000351-11,2026-11-18T00:00:00,2026-12-18T00:00:00,30.0,10,0.3333333333333333333333333333,"[""DEV-000351-01""]",5,5,966970.87,193394.174,6997.73,543668.56
USR-000352,ACC-000352,EVT-000352-11,2026-11-19T00:00:00,2026-12-19T00:00:00,30.0,10,0.3333333333333333333333333333,"[""DEV-000352-01""]",5,5,1080930.44,216186.088,14767.32,405434.8
USR-000353,ACC-000353,EVT-000353-11,2026-11-20T00:00:00,2026-12-20T00:00:00,30.0,10,0.3333333333333333333333333333,"[""DEV-000353-01""]",5,5,362861.57,72572.314,3210.61,281137.77
USR-000354,ACC-000354,EVT-000354-11,2026-11-21T00:00:00,2026-12-21T00:00:00,30.0,10,0.3333333333333333333333333333,"[""DEV-000354-01""]",5,5,568340.84,113668.168,3708.9,205117.34
USR-000355,ACC-000355,EVT-000355-11,2026-11-22T00:00:00,2026-12-22T00:00:00,30.0,10,0.3333333333333333333333333333,"[""DEV-000355-01""]",5,5,1919947.89,383989.578,6775.61,1440542.99
USR-000356,ACC-000356,EVT-000356-11,2026-11-23T00:00:00,2026-12-23T00:00:00,30.0,10,0.3333333333333333333333333333,"[""DEV-000356-01""]",5,5,200765.76,40153.152,6846.47,129710.87
USR-000357,ACC-000357,EVT-000357-11,2026-11-24T00:00:00,2026-12-24T00:00:00,30.0,10,0.3333333333333333333333333333,"[""DEV-000357-01""]",5,5,1075959.52,215191.904,48701.43,384625.66
USR-000358,ACC-000358,EVT-000358-11,2026-11-25T00:00:00,2026-12-25T00:00:00,30.0,10,0.3333333333333333333333333333,"[""DEV-000358-01""]",5,5,469822.80,93964.56,14534.54,346309.94
USR-000359,ACC-000359,EVT-000359-11,2026-11-26T00:00:00,2026-12-26T00:00:00,30.0,10,0.3333333333333333333333333333,"[""DEV-000359-01""]",5,5,1355037.50,271007.50,10934.82,563920.34
USR-000360,ACC-000360,EVT-000360-11,2026-11-27T00:00:00,2026-12-27T00:00:00,30.0,10,0.3333333333333333333333333333,"[""DEV-000360-01""]",5,5,421470.80,84294.16,5596.23,159469.94
USR-000361,ACC-000361,EVT-000361-11,2026-11-28T00:00:00,2026-12-28T00:00:00,30.0,10,0.3333333333333333333333333333,"[""DEV-000361-01""]",5,5,1394165.37,278833.074,3252.26,746033.61
USR-000362,ACC-000362,EVT-000362-11,2026-11-29T00:00:00,2026-12-29T00:00:00,30.0,10,0.3333333333333333333333333333,"[""DEV-000362-01""]",5,5,623873.20,124774.64,514.73,308658.32
USR-000363,ACC-000363,EVT-000363-11,2026-11-30T00:00:00,2026-12-30T00:00:00,30.0,10,0.3333333333333333333333333333,"[""DEV-000363-01""]",5,5,1289615.37,257923.074,2934.68,950366.91
USR-000364,ACC-000364,EVT-000364-11,2026-12-01T00:00:00,2026-12-31T00:00:00,30.0,10,0.3333333333333333333333333333,"[""DEV-000364-01""]",5,5,427393.46,85478.692,30741.62,130949.29
USR-000365,ACC-000365,EVT-000365-11,2026-12-02T00:00:00,2027-01-01T00:00:00,30.0,10,0.3333333333333333333333333333,"[""DEV-000365-01""]",5,5,705990.20,141198.04,37.63,464536.46
USR-000366,ACC-000366,EVT-000366-11,2026-12-03T00:00:00,2027-01-02T00:00:00,30.0,10,0.3333333333333333333333333333,"[""DEV-000366-01""]",5,5,293355.01,58671.002,5660.11,187642.67
USR-000367,ACC-000367,EVT-000367-11,2026-12-04T00:00:00,2027-01-03T00:00:00,30.0,10,0.3333333333333333333333333333,"[""DEV-000367-01""]",5,5,718358.61,143671.722,13274.04,259072.84
USR-000368,ACC-000368,EVT-000368-11,2026-12-05T00:00:00,2027-01-04T00:00:00,30.0,10,0.3333333333333333333333333333,"[""DEV-000368-01""]",5,5,403986.44,80797.288,7018.04,210685.68
USR-000369,ACC-000369,EVT-000369-11,2026-12-06T00:00:00,2027-01-05T00:00:00,30.0,10,0.3333333333333333333333333333,"[""DEV-000369-01""]",5,5,417011.44,83402.288,5962.16,335286.2
USR-000370,ACC-000370,EVT-000370-11,2026-12-07T00:00:00,2027-01-06T00:00:00,30.0,10,0.3333333333333333333333333333,"[""DEV-000370-01""]",5,5,304531.42,60906.284,1663.41,263601.84
USR-000371,ACC-000371,EVT-000371-11,2026-12-08T00:00:00,2027-01-07T00:00:00,30.0,10,0.3333333333333333333333333333,"[""DEV-000371-01""]",5,5,287209.80,57441.96,7441.55,186124.41
USR-000372,ACC-000372,EVT-000372-11,2026-12-09T00:00:00,2027-01-08T00:00:00,30.0,10,0.3333333333333333333333333333,"[""DEV-000372-01""]",5,5,658575.46,131715.092,31411.75,281762.76
USR-000373,ACC-000373,EVT-000373-11,2026-12-10T00:00:00,2027-01-09T00:00:00,30.0,10,0.3333333333333333333333333333,"[""DEV-000373-01""]",5,5,317303.23,63460.646,6382.53,166680.93
USR-000374,ACC-000374,EVT-000374-11,2026-12-11T00:00:00,2027-01-10T00:00:00,30.0,10,0.3333333333333333333333333333,"[""DEV-000374-01""]",5,5,191923.56,38384.712,7437.95,139316.63
USR-000375,ACC-000375,EVT-000375-11,2026-12-12T00:00:00,2027-01-11T00:00:00,30.0,10,0.3333333333333333333333333333,"[""DEV-000375-01""]",5,5,2342932.28,468586.456,21053.06,977701.2
USR-000376,ACC-000376,EVT-000376-11,2026-12-13T00:00:00,2027-01-12T00:00:00,30.0,10,0.3333333333333333333333333333,"[""DEV-000376-01""]",5,5,874097.37,174819.474,17518.85,451430.63
USR-000377,ACC-000377,EVT-000377-11,2026-12-14T00:00:00,2027-01-13T00:00:00,30.0,10,0.3333333333333333333333333333,"[""DEV-000377-01""]",5,5,408806.79,81761.358,39.85,140390.51
USR-000378,ACC-000378,EVT-000378-11,2026-12-15T00:00:00,2027-01-14T00:00:00,30.0,10,0.3333333333333333333333333333,"[""DEV-000378-01""]",5,5,559338.19,111867.638,1912.08,400084.43
USR-000379,ACC-000379,EVT-000379-11,2026-12-16T00:00:00,2027-01-15T00:00:00,30.0,10,0.3333333333333333333333333333,"[""DEV-000379-01""]",5,5,475255.75,95051.15,6525.96,271050.99
USR-000380,ACC-000380,EVT-000380-11,2026-12-17T00:00:00,2027-01-16T00:00:00,30.0,10,0.3333333333333333333333333333,"[""DEV-000380-01""]",5,5,408193.54,81638.708,13.72,196115.58
USR-000381,ACC-000381,EVT-000381-11,2026-12-18T00:00:00,2027-01-17T00:00:00,30.0,10,0.3333333333333333333333333333,"[""DEV-000381-01""]",5,5,1343367.04,268673.408,16697.16,549812.78
USR-000382,ACC-000382,EVT-000382-11,2026-12-19T00:00:00,2027-01-18T00:00:00,30.0,10,0.3333333333333333333333333333,"[""DEV-000382-01""]",5,5,888554.22,177710.844,62.01,501407.93
USR-000383,ACC-000383,EVT-000383-11,2026-12-20T00:00:00,2027-01-19T00:00:00,30.0,10,0.3333333333333333333333333333,"[""DEV-000383-01""]",5,5,352997.72,70599.544,1625.97,201907.09
USR-000384,ACC-000384,EVT-000384-11,2026-12-21T00:00:00,2027-01-20T00:00:00,30.0,10,0.3333333333333333333333333333,"[""DEV-000384-01""]",5,5,336304.30,67260.86,1116.08,236576.97
USR-000385,ACC-000385,EVT-000385-11,2026-12-22T00:00:00,2027-01-21T00:00:00,30.0,10,0.3333333333333333333333333333,"[""DEV-000385-01""]",5,5,303071.71,60614.342,4429.41,139567.62
USR-000386,ACC-000386,EVT-000386-11,2026-12-23T00:00:00,2027-01-22T00:00:00,30.0,10,0.3333333333333333333333333333,"[""DEV-000386-01""]",5,5,617430.60,123486.12,8521.24,457139.09
USR-000387,ACC-000387,EVT-000387-11,2026-12-24T00:00:00,2027-01-23T00:00:00,30.0,10,0.3333333333333333333333333333,"[""DEV-000387-01""]",5,5,457845.88,91569.176,3265.13,272488.39
USR-000388,ACC-000388,EVT-000388-11,2026-12-25T00:00:00,2027-01-24T00:00:00,30.0,10,0.3333333333333333333333333333,"[""DEV-000388-01""]",5,5,1453216.70,290643.34,14697.85,1015467.06
USR-000389,ACC-000389,EVT-000389-11,2026-12-26T00:00:00,2027-01-25T00:00:00,30.0,10,0.3333333333333333333333333333,"[""DEV-000389-01""]",5,5,807669.15,161533.83,25862.93,482420.12
USR-000390,ACC-000390,EVT-000390-11,2026-12-27T00:00:00,2027-01-26T00:00:00,30.0,10,0.3333333333333333333333333333,"[""DEV-000390-01""]",5,5,135828.14,27165.628,296.94,68424.86
USR-000391,ACC-000391,EVT-000391-11,2026-12-28T00:00:00,2027-01-27T00:00:00,30.0,10,0.3333333333333333333333333333,"[""DEV-000391-01""]",5,5,556918.04,111383.608,2728.67,289189.93
USR-000392,ACC-000392,EVT-000392-11,2026-12-29T00:00:00,2027-01-28T00:00:00,30.0,10,0.3333333333333333333333333333,"[""DEV-000392-01""]",5,5,810793.59,162158.718,17131.37,454783.62
USR-000393,ACC-000393,EVT-000393-11,2026-12-30T00:00:00,2027-01-29T00:00:00,30.0,10,0.3333333333333333333333333333,"[""DEV-000393-01""]",5,5,437736.74,87547.348,8928.68,324287.38
USR-000394,ACC-000394,EVT-000394-11,2026-12-31T00:00:00,2027-01-30T00:00:00,30.0,10,0.3333333333333333333333333333,"[""DEV-000394-01""]",5,5,7002471.43,1400494.286,14969.13,6392800.85
USR-000395,ACC-000395,EVT-000395-11,2027-01-01T00:00:00,2027-01-31T00:00:00,30.0,10,0.3333333333333333333333333333,"[""DEV-000395-01""]",5,5,694585.27,138917.054,13375.9,304148.71
USR-000396,ACC-000396,EVT-000396-11,2027-01-02T00:00:00,2027-02-01T00:00:00,30.0,10,0.3333333333333333333333333333,"[""DEV-000396-01""]",5,5,582749.69,116549.938,1633.01,201618.15
USR-000397,ACC-000397,EVT-000397-11,2027-01-03T00:00:00,2027-02-02T00:00:00,30.0,10,0.3333333333333333333333333333,"[""DEV-000397-01""]",5,5,4108996.89,821799.378,1915.44,4032691.34
USR-000398,ACC-000398,EVT-000398-11,2027-01-04T00:00:00,2027-02-03T00:00:00,30.0,10,0.3333333333333333333333333333,"[""DEV-000398-01""]",5,5,919239.99,183847.998,8214.37,341644.39
USR-000399,ACC-000399,EVT-000399-11,2027-01-05T00:00:00,2027-02-04T00:00:00,30.0,10,0.3333333333333333333333333333,"[""DEV-000399-01""]",5,5,531566.21,106313.242,16645.19,219100.03
USR-000400,ACC-000400,EVT-000400-11,2027-01-06T00:00:00,2027-02-05T00:00:00,30.0,10,0.3333333333333333333333333333,"[""DEV-000400-01""]",5,5,436583.76,87316.752,3592.43,212851.29
USR-000401,ACC-000401,EVT-000401-11,2027-01-07T00:00:00,2027-02-06T00:00:00,30.0,10,0.3333333333333333333333333333,"[""DEV-000401-01""]",5,5,1068368.46,213673.692,690.78,647801.32
USR-000402,ACC-000402,EVT-000402-11,2027-01-08T00:00:00,2027-02-07T00:00:00,30.0,10,0.3333333333333333333333333333,"[""DEV-000402-01""]",5,5,872290.35,174458.07,13442.76,378677.72
USR-000403,ACC-000403,EVT-000403-11,2027-01-09T00:00:00,2027-02-08T00:00:00,30.0,10,0.3333333333333333333333333333,"[""DEV-000403-01""]",5,5,481179.80,96235.96,90.19,233149.38
USR-000404,ACC-000404,EVT-000404-11,2027-01-10T00:00:00,2027-02-09T00:00:00,30.0,10,0.3333333333333333333333333333,"[""DEV-000404-01""]",5,5,1009515.15,201903.03,9088.4,535914.06
USR-000405,ACC-000405,EVT-000405-11,2027-01-11T00:00:00,2027-02-10T00:00:00,30.0,10,0.3333333333333333333333333333,"[""DEV-000405-01""]",5,5,236708.19,47341.638,8399.94,117597.89
USR-000406,ACC-000406,EVT-000406-11,2027-01-12T00:00:00,2027-02-11T00:00:00,30.0,10,0.3333333333333333333333333333,"[""DEV-000406-01""]",5,5,406529.05,81305.81,1430.43,177506.06
USR-000407,ACC-000407,EVT-000407-11,2027-01-13T00:00:00,2027-02-12T00:00:00,30.0,10,0.3333333333333333333333333333,"[""DEV-000407-01""]",5,5,1196000.15,239200.03,10775.33,527249.36
USR-000408,ACC-000408,EVT-000408-11,2027-01-14T00:00:00,2027-02-13T00:00:00,30.0,10,0.3333333333333333333333333333,"[""DEV-000408-01""]",5,5,358786.36,71757.272,7450.63,243638.65
USR-000409,ACC-000409,EVT-000409-11,2027-01-15T00:00:00,2027-02-14T00:00:00,30.0,10,0.3333333333333333333333333333,"[""DEV-000409-01""]",5,5,677656.69,135531.338,3296.74,352939.62
USR-000410,ACC-000410,EVT-000410-11,2027-01-16T00:00:00,2027-02-15T00:00:00,30.0,10,0.3333333333333333333333333333,"[""DEV-000410-01""]",5,5,113080.76,22616.152,3387.17,41737.48
USR-000411,ACC-000411,EVT-000411-11,2027-01-17T00:00:00,2027-02-16T00:00:00,30.0,10,0.3333333333333333333333333333,"[""DEV-000411-01""]",5,5,276323.14,55264.628,11011.41,171445.85
USR-000412,ACC-000412,EVT-000412-11,2027-01-18T00:00:00,2027-02-17T00:00:00,30.0,10,0.3333333333333333333333333333,"[""DEV-000412-01""]",5,5,230388.59,46077.718,872.55,117177.88
USR-000413,ACC-000413,EVT-000413-11,2027-01-19T00:00:00,2027-02-18T00:00:00,30.0,10,0.3333333333333333333333333333,"[""DEV-000413-01""]",5,5,481087.95,96217.59,1393.36,308132.27
USR-000414,ACC-000414,EVT-000414-11,2027-01-20T00:00:00,2027-02-19T00:00:00,30.0,10,0.3333333333333333333333333333,"[""DEV-000414-01""]",5,5,677114.91,135422.982,18683.3,273236.55
USR-000415,ACC-000415,EVT-000415-11,2027-01-21T00:00:00,2027-02-20T00:00:00,30.0,10,0.3333333333333333333333333333,"[""DEV-000415-01""]",5,5,7826410.24,1565282.048,2090.77,5496960.71
USR-000416,ACC-000416,EVT-000416-11,2027-01-22T00:00:00,2027-02-21T00:00:00,30.0,10,0.3333333333333333333333333333,"[""DEV-000416-01""]",5,5,1266345.27,253269.054,781.22,459289.82
USR-000417,ACC-000417,EVT-000417-11,2027-01-23T00:00:00,2027-02-22T00:00:00,30.0,10,0.3333333333333333333333333333,"[""DEV-000417-01""]",5,5,160971.90,32194.38,3532.36,108815.18
USR-000418,ACC-000418,EVT-000418-11,2027-01-24T00:00:00,2027-02-23T00:00:00,30.0,10,0.3333333333333333333333333333,"[""DEV-000418-01""]",5,5,589604.69,117920.938,4317.3,271933.53
USR-000419,ACC-000419,EVT-000419-11,2027-01-25T00:00:00,2027-02-24T00:00:00,30.0,10,0.3333333333333333333333333333,"[""DEV-000419-01""]",5,5,196239.39,39247.878,3027.8,75460.71
USR-000420,ACC-000420,EVT-000420-11,2027-01-26T00:00:00,2027-02-25T00:00:00,30.0,10,0.3333333333333333333333333333,"[""DEV-000420-01""]",5,5,1034612.00,206922.40,615.04,656251.99
USR-000421,ACC-000421,EVT-000421-11,2027-01-27T00:00:00,2027-02-26T00:00:00,30.0,10,0.3333333333333333333333333333,"[""DEV-000421-01""]",5,5,963739.47,192747.894,3436.27,475918.77
USR-000422,ACC-000422,EVT-000422-11,2027-01-28T00:00:00,2027-02-27T00:00:00,30.0,10,0.3333333333333333333333333333,"[""DEV-000422-01""]",5,5,249280.03,49856.006,20571.93,127709.62
USR-000423,ACC-000423,EVT-000423-11,2027-01-29T00:00:00,2027-02-28T00:00:00,30.0,10,0.3333333333333333333333333333,"[""DEV-000423-01""]",5,5,597534.42,119506.884,248.3,429272.07
USR-000424,ACC-000424,EVT-000424-11,2027-01-30T00:00:00,2027-03-01T00:00:00,30.0,10,0.3333333333333333333333333333,"[""DEV-000424-01""]",5,5,590105.88,118021.176,1392.15,540403.48
USR-000425,ACC-000425,EVT-000425-11,2027-01-31T00:00:00,2027-03-02T00:00:00,30.0,10,0.3333333333333333333333333333,"[""DEV-000425-01""]",5,5,1435716.95,287143.39,12131.7,729068.28
USR-000426,ACC-000426,EVT-000426-11,2027-02-01T00:00:00,2027-03-03T00:00:00,30.0,10,0.3333333333333333333333333333,"[""DEV-000426-01""]",5,5,1059092.18,211818.436,361.02,669536.75
USR-000427,ACC-000427,EVT-000427-11,2027-02-02T00:00:00,2027-03-04T00:00:00,30.0,10,0.3333333333333333333333333333,"[""DEV-000427-01""]",5,5,588843.31,117768.662,3778.69,396765.39
USR-000428,ACC-000428,EVT-000428-11,2027-02-03T00:00:00,2027-03-05T00:00:00,30.0,10,0.3333333333333333333333333333,"[""DEV-000428-01""]",5,5,332734.20,66546.84,8326.48,182475.21
USR-000429,ACC-000429,EVT-000429-11,2027-02-04T00:00:00,2027-03-06T00:00:00,30.0,10,0.3333333333333333333333333333,"[""DEV-000429-01""]",5,5,797292.42,159458.484,2508.95,530124.99
USR-000430,ACC-000430,EVT-000430-11,2027-02-05T00:00:00,2027-03-07T00:00:00,30.0,10,0.3333333333333333333333333333,"[""DEV-000430-01""]",5,5,18582154.93,3716430.986,2471.56,16870826.67
USR-000431,ACC-000431,EVT-000431-11,2027-02-06T00:00:00,2027-03-08T00:00:00,30.0,10,0.3333333333333333333333333333,"[""DEV-000431-01""]",5,5,529192.89,105838.578,6762.25,308133.34
USR-000432,ACC-000432,EVT-000432-11,2027-02-07T00:00:00,2027-03-09T00:00:00,30.0,10,0.3333333333333333333333333333,"[""DEV-000432-01""]",5,5,2337139.57,467427.914,9515.46,1056389.7
USR-000433,ACC-000433,EVT-000433-11,2027-02-08T00:00:00,2027-03-10T00:00:00,30.0,10,0.3333333333333333333333333333,"[""DEV-000433-01""]",5,5,838377.48,167675.496,3563.44,392475.44
USR-000434,ACC-000434,EVT-000434-11,2027-02-09T00:00:00,2027-03-11T00:00:00,30.0,10,0.3333333333333333333333333333,"[""DEV-000434-01""]",5,5,332747.08,66549.416,4338.72,110295.7
USR-000435,ACC-000435,EVT-000435-11,2027-02-10T00:00:00,2027-03-12T00:00:00,30.0,10,0.3333333333333333333333333333,"[""DEV-000435-01""]",5,5,683963.77,136792.754,2134.42,599974.27
USR-000436,ACC-000436,EVT-000436-11,2027-02-11T00:00:00,2027-03-13T00:00:00,30.0,10,0.3333333333333333333333333333,"[""DEV-000436-01""]",5,5,1406361.97,281272.394,4127.66,1058396.74
USR-000437,ACC-000437,EVT-000437-11,2027-02-12T00:00:00,2027-03-14T00:00:00,30.0,10,0.3333333333333333333333333333,"[""DEV-000437-01""]",5,5,335668.72,67133.744,4660.06,205965.27
USR-000438,ACC-000438,EVT-000438-11,2027-02-13T00:00:00,2027-03-15T00:00:00,30.0,10,0.3333333333333333333333333333,"[""DEV-000438-01""]",5,5,633349.23,126669.846,8895.45,273943.81
USR-000439,ACC-000439,EVT-000439-11,2027-02-14T00:00:00,2027-03-16T00:00:00,30.0,10,0.3333333333333333333333333333,"[""DEV-000439-01""]",5,5,953804.95,190760.99,24938.3,404327.35
USR-000440,ACC-000440,EVT-000440-11,2027-02-15T00:00:00,2027-03-17T00:00:00,30.0,10,0.3333333333333333333333333333,"[""DEV-000440-01""]",5,5,262509.40,52501.88,4731.87,179330.76
USR-000441,ACC-000441,EVT-000441-11,2027-02-16T00:00:00,2027-03-18T00:00:00,30.0,10,0.3333333333333333333333333333,"[""DEV-000441-01""]",5,5,2021153.74,404230.748,66170.93,1017718.28
USR-000442,ACC-000442,EVT-000442-11,2027-02-17T00:00:00,2027-03-19T00:00:00,30.0,10,0.3333333333333333333333333333,"[""DEV-000442-01""]",5,5,304017.00,60803.40,6956.09,107751.57
USR-000443,ACC-000443,EVT-000443-11,2027-02-18T00:00:00,2027-03-20T00:00:00,30.0,10,0.3333333333333333333333333333,"[""DEV-000443-01""]",5,5,369941.82,73988.364,1023.66,205699.87
USR-000444,ACC-000444,EVT-000444-11,2027-02-19T00:00:00,2027-03-21T00:00:00,30.0,10,0.3333333333333333333333333333,"[""DEV-000444-01""]",5,5,1108139.13,221627.826,21347.38,607165.13
USR-000445,ACC-000445,EVT-000445-11,2027-02-20T00:00:00,2027-03-22T00:00:00,30.0,10,0.3333333333333333333333333333,"[""DEV-000445-01""]",5,5,472984.99,94596.998,5305.7,154068.97
USR-000446,ACC-000446,EVT-000446-11,2027-02-21T00:00:00,2027-03-23T00:00:00,30.0,10,0.3333333333333333333333333333,"[""DEV-000446-01""]",5,5,963261.17,192652.234,3172.67,296040.2
USR-000447,ACC-000447,EVT-000447-11,2027-02-22T00:00:00,2027-03-24T00:00:00,30.0,10,0.3333333333333333333333333333,"[""DEV-000447-01""]",5,5,1053561.09,210712.218,791.94,574005.45
USR-000448,ACC-000448,EVT-000448-11,2027-02-23T00:00:00,2027-03-25T00:00:00,30.0,10,0.3333333333333333333333333333,"[""DEV-000448-01""]",5,5,806060.12,161212.024,2657.1,694841.78
USR-000449,ACC-000449,EVT-000449-11,2027-02-24T00:00:00,2027-03-26T00:00:00,30.0,10,0.3333333333333333333333333333,"[""DEV-000449-01""]",5,5,3054246.88,610849.376,6294.39,2427379.78
USR-000450,ACC-000450,EVT-000450-11,2027-02-25T00:00:00,2027-03-27T00:00:00,30.0,10,0.3333333333333333333333333333,"[""DEV-000450-01""]",5,5,420448.83,84089.766,3682.46,223480.63
USR-000451,ACC-000451,EVT-000451-11,2027-02-26T00:00:00,2027-03-28T00:00:00,30.0,10,0.3333333333333333333333333333,"[""DEV-000451-01""]",5,5,1773549.38,354709.876,2320.33,735739.97
USR-000452,ACC-000452,EVT-000452-11,2027-02-27T00:00:00,2027-03-29T00:00:00,30.0,10,0.3333333333333333333333333333,"[""DEV-000452-01""]",5,5,1402772.90,280554.58,197878.86,509745.76
USR-000453,ACC-000453,EVT-000453-11,2027-02-28T00:00:00,2027-03-30T00:00:00,30.0,10,0.3333333333333333333333333333,"[""DEV-000453-01""]",5,5,400751.05,80150.21,2362.53,292962.04
USR-000454,ACC-000454,EVT-000454-11,2027-03-01T00:00:00,2027-03-31T00:00:00,30.0,10,0.3333333333333333333333333333,"[""DEV-000454-01""]",5,5,817636.45,163527.29,513.48,440898.72
USR-000455,ACC-000455,EVT-000455-11,2027-03-02T00:00:00,2027-04-01T00:00:00,30.0,10,0.3333333333333333333333333333,"[""DEV-000455-01""]",5,5,552910.39,110582.078,6683.02,505580.22
USR-000456,ACC-000456,EVT-000456-11,2027-03-03T00:00:00,2027-04-02T00:00:00,30.0,10,0.3333333333333333333333333333,"[""DEV-000456-01""]",5,5,1073159.30,214631.86,2199.98,574894.52
USR-000457,ACC-000457,EVT-000457-11,2027-03-04T00:00:00,2027-04-03T00:00:00,30.0,10,0.3333333333333333333333333333,"[""DEV-000457-01""]",5,5,464469.90,92893.98,12894.66,188898.31
USR-000458,ACC-000458,EVT-000458-11,2027-03-05T00:00:00,2027-04-04T00:00:00,30.0,10,0.3333333333333333333333333333,"[""DEV-000458-01""]",5,5,530500.32,106100.064,10596.19,312322.49
USR-000459,ACC-000459,EVT-000459-11,2027-03-06T00:00:00,2027-04-05T00:00:00,30.0,10,0.3333333333333333333333333333,"[""DEV-000459-01""]",5,5,596453.52,119290.704,1967.22,326317.79
USR-000460,ACC-000460,EVT-000460-11,2027-03-07T00:00:00,2027-04-06T00:00:00,30.0,10,0.3333333333333333333333333333,"[""DEV-000460-01""]",5,5,1272853.78,254570.756,24929.83,580521.96
USR-000461,ACC-000461,EVT-000461-11,2027-03-08T00:00:00,2027-04-07T00:00:00,30.0,10,0.3333333333333333333333333333,"[""DEV-000461-01""]",5,5,972669.54,194533.908,19360.89,344083.35
USR-000462,ACC-000462,EVT-000462-11,2027-03-09T00:00:00,2027-04-08T00:00:00,30.0,10,0.3333333333333333333333333333,"[""DEV-000462-01""]",5,5,637285.96,127457.192,2360.79,352028.32
USR-000463,ACC-000463,EVT-000463-11,2027-03-10T00:00:00,2027-04-09T00:00:00,30.0,10,0.3333333333333333333333333333,"[""DEV-000463-01""]",5,5,1984995.93,396999.186,37131.92,1647124.32
USR-000464,ACC-000464,EVT-000464-11,2027-03-11T00:00:00,2027-04-10T00:00:00,30.0,10,0.3333333333333333333333333333,"[""DEV-000464-01""]",5,5,552785.37,110557.074,2543.3,313965.4
USR-000465,ACC-000465,EVT-000465-11,2027-03-12T00:00:00,2027-04-11T00:00:00,30.0,10,0.3333333333333333333333333333,"[""DEV-000465-01""]",5,5,512535.34,102507.068,1531.0,258761.89
USR-000466,ACC-000466,EVT-000466-11,2027-03-13T00:00:00,2027-04-12T00:00:00,30.0,10,0.3333333333333333333333333333,"[""DEV-000466-01""]",5,5,2131178.26,426235.652,21998.21,1688977.7
USR-000467,ACC-000467,EVT-000467-11,2027-03-14T00:00:00,2027-04-13T00:00:00,30.0,10,0.3333333333333333333333333333,"[""DEV-000467-01""]",5,5,534780.32,106956.064,13503.65,237484.88
USR-000468,ACC-000468,EVT-000468-11,2027-03-15T00:00:00,2027-04-14T00:00:00,30.0,10,0.3333333333333333333333333333,"[""DEV-000468-01""]",5,5,416809.65,83361.93,60.29,294313.69
USR-000469,ACC-000469,EVT-000469-11,2027-03-16T00:00:00,2027-04-15T00:00:00,30.0,10,0.3333333333333333333333333333,"[""DEV-000469-01""]",5,5,308322.03,61664.406,1192.69,265562.89
USR-000470,ACC-000470,EVT-000470-11,2027-03-17T00:00:00,2027-04-16T00:00:00,30.0,10,0.3333333333333333333333333333,"[""DEV-000470-01""]",5,5,448398.05,89679.61,4767.74,223888.52
USR-000471,ACC-000471,EVT-000471-11,2027-03-18T00:00:00,2027-04-17T00:00:00,30.0,10,0.3333333333333333333333333333,"[""DEV-000471-01""]",5,5,1137165.30,227433.06,15034.76,460393.94
USR-000472,ACC-000472,EVT-000472-11,2027-03-19T00:00:00,2027-04-18T00:00:00,30.0,10,0.3333333333333333333333333333,"[""DEV-000472-01""]",5,5,517211.51,103442.302,5260.52,240373.28
USR-000473,ACC-000473,EVT-000473-11,2027-03-20T00:00:00,2027-04-19T00:00:00,30.0,10,0.3333333333333333333333333333,"[""DEV-000473-01""]",5,5,256043.05,51208.61,8129.97,135102.09
USR-000474,ACC-000474,EVT-000474-11,2027-03-21T00:00:00,2027-04-20T00:00:00,30.0,10,0.3333333333333333333333333333,"[""DEV-000474-01""]",5,5,3783444.88,756688.976,14621.7,2074564.63
USR-000475,ACC-000475,EVT-000475-11,2027-03-22T00:00:00,2027-04-21T00:00:00,30.0,10,0.3333333333333333333333333333,"[""DEV-000475-01""]",5,5,378975.25,75795.05,856.31,222702.67
USR-000476,ACC-000476,EVT-000476-11,2027-03-23T00:00:00,2027-04-22T00:00:00,30.0,10,0.3333333333333333333333333333,"[""DEV-000476-01""]",5,5,273196.36,54639.272,6400.88,193538.5
USR-000477,ACC-000477,EVT-000477-11,2027-03-24T00:00:00,2027-04-23T00:00:00,30.0,10,0.3333333333333333333333333333,"[""DEV-000477-01""]",5,5,338075.95,67615.19,842.59,277284.26
USR-000478,ACC-000478,EVT-000478-11,2027-03-25T00:00:00,2027-04-24T00:00:00,30.0,10,0.3333333333333333333333333333,"[""DEV-000478-01""]",5,5,380871.58,76174.316,8979.93,268422.92
USR-000479,ACC-000479,EVT-000479-11,2027-03-26T00:00:00,2027-04-25T00:00:00,30.0,10,0.3333333333333333333333333333,"[""DEV-000479-01""]",5,5,222212.00,44442.40,1148.78,117360.11
USR-000480,ACC-000480,EVT-000480-11,2027-03-27T00:00:00,2027-04-26T00:00:00,30.0,10,0.3333333333333333333333333333,"[""DEV-000480-01""]",5,5,195285.09,39057.018,6258.4,84632.04
USR-000481,ACC-000481,EVT-000481-11,2027-03-28T00:00:00,2027-04-27T00:00:00,30.0,10,0.3333333333333333333333333333,"[""DEV-000481-01""]",5,5,591219.20,118243.84,13684.75,329674.75
USR-000482,ACC-000482,EVT-000482-11,2027-03-29T00:00:00,2027-04-28T00:00:00,30.0,10,0.3333333333333333333333333333,"[""DEV-000482-01""]",5,5,2009269.15,401853.83,54933.69,1215688.37
USR-000483,ACC-000483,EVT-000483-11,2027-03-30T00:00:00,2027-04-29T00:00:00,30.0,10,0.3333333333333333333333333333,"[""DEV-000483-01""]",5,5,243771.69,48754.338,2332.96,204746.8
USR-000484,ACC-000484,EVT-000484-11,2027-03-31T00:00:00,2027-04-30T00:00:00,30.0,10,0.3333333333333333333333333333,"[""DEV-000484-01""]",5,5,859652.14,171930.428,24392.8,364747.56
USR-000485,ACC-000485,EVT-000485-11,2027-04-01T00:00:00,2027-05-01T00:00:00,30.0,10,0.3333333333333333333333333333,"[""DEV-000485-01""]",5,5,281723.11,56344.622,923.76,154515.36
USR-000486,ACC-000486,EVT-000486-11,2027-04-02T00:00:00,2027-05-02T00:00:00,30.0,10,0.3333333333333333333333333333,"[""DEV-000486-01""]",5,5,660163.11,132032.622,7408.43,272096.43
USR-000487,ACC-000487,EVT-000487-11,2027-04-03T00:00:00,2027-05-03T00:00:00,30.0,10,0.3333333333333333333333333333,"[""DEV-000487-01""]",5,5,861019.33,172203.866,42599.72,336756.83
USR-000488,ACC-000488,EVT-000488-11,2027-04-04T00:00:00,2027-05-04T00:00:00,30.0,10,0.3333333333333333333333333333,"[""DEV-000488-01""]",5,5,896265.02,179253.004,194.15,375454.51
USR-000489,ACC-000489,EVT-000489-11,2027-04-05T00:00:00,2027-05-05T00:00:00,30.0,10,0.3333333333333333333333333333,"[""DEV-000489-01""]",5,5,934147.12,186829.424,19812.24,500774.95
USR-000490,ACC-000490,EVT-000490-11,2027-04-06T00:00:00,2027-05-06T00:00:00,30.0,10,0.3333333333333333333333333333,"[""DEV-000490-01""]",5,5,1019421.63,203884.326,75101.36,588895.61
USR-000491,ACC-000491,EVT-000491-11,2027-04-07T00:00:00,2027-05-07T00:00:00,30.0,10,0.3333333333333333333333333333,"[""DEV-000491-01""]",5,5,1025936.01,205187.202,3194.19,550375.83
USR-000492,ACC-000492,EVT-000492-11,2027-04-08T00:00:00,2027-05-08T00:00:00,30.0,10,0.3333333333333333333333333333,"[""DEV-000492-01""]",5,5,647253.33,129450.666,7782.18,294575.22
USR-000493,ACC-000493,EVT-000493-11,2027-04-09T00:00:00,2027-05-09T00:00:00,30.0,10,0.3333333333333333333333333333,"[""DEV-000493-01""]",5,5,520893.74,104178.748,4442.1,188214.59
USR-000494,ACC-000494,EVT-000494-11,2027-04-10T00:00:00,2027-05-10T00:00:00,30.0,10,0.3333333333333333333333333333,"[""DEV-000494-01""]",5,5,511779.62,102355.924,12560.03,326198.17
USR-000495,ACC-000495,EVT-000495-11,2027-04-11T00:00:00,2027-05-11T00:00:00,30.0,10,0.3333333333333333333333333333,"[""DEV-000495-01""]",5,5,993885.78,198777.156,2777.36,489175.34
USR-000496,ACC-000496,EVT-000496-11,2027-04-12T00:00:00,2027-05-12T00:00:00,30.0,10,0.3333333333333333333333333333,"[""DEV-000496-01""]",5,5,549043.38,109808.676,13043.0,328455.43
USR-000497,ACC-000497,EVT-000497-11,2027-04-13T00:00:00,2027-05-13T00:00:00,30.0,10,0.3333333333333333333333333333,"[""DEV-000497-01""]",5,5,659611.42,131922.284,15514.35,308086.36
USR-000498,ACC-000498,EVT-000498-11,2027-04-14T00:00:00,2027-05-14T00:00:00,30.0,10,0.3333333333333333333333333333,"[""DEV-000498-01""]",5,5,742689.84,148537.968,3873.57,462168.11
USR-000499,ACC-000499,EVT-000499-11,2027-04-15T00:00:00,2027-05-15T00:00:00,30.0,10,0.3333333333333333333333333333,"[""DEV-000499-01""]",5,5,1325647.52,265129.504,12708.77,1039154.54
USR-000500,ACC-000500,EVT-000500-11,2027-04-16T00:00:00,2027-05-16T00:00:00,30.0,10,0.3333333333333333333333333333,"[""DEV-000500-01""]",5,5,486450.64,97290.128,11875.88,230501.29
USR-000501,ACC-000501,EVT-000501-11,2027-04-17T00:00:00,2027-05-17T00:00:00,30.0,10,0.3333333333333333333333333333,"[""DEV-000501-01""]",5,5,206290.30,41258.06,3206.56,89484.71
USR-000502,ACC-000502,EVT-000502-11,2027-04-18T00:00:00,2027-05-18T00:00:00,30.0,10,0.3333333333333333333333333333,"[""DEV-000502-01""]",5,5,1460041.01,292008.202,5096.93,673146.81
USR-000503,ACC-000503,EVT-000503-11,2027-04-19T00:00:00,2027-05-19T00:00:00,30.0,10,0.3333333333333333333333333333,"[""DEV-000503-01""]",5,5,676799.58,135359.916,2564.49,507176.61
USR-000504,ACC-000504,EVT-000504-11,2027-04-20T00:00:00,2027-05-20T00:00:00,30.0,10,0.3333333333333333333333333333,"[""DEV-000504-01""]",5,5,1154197.26,230839.452,107638.59,423163.56
USR-000505,ACC-000505,EVT-000505-11,2027-04-21T00:00:00,2027-05-21T00:00:00,30.0,10,0.3333333333333333333333333333,"[""DEV-000505-01""]",5,5,719764.57,143952.914,5184.81,428970.23
USR-000506,ACC-000506,EVT-000506-11,2027-04-22T00:00:00,2027-05-22T00:00:00,30.0,10,0.3333333333333333333333333333,"[""DEV-000506-01""]",5,5,387046.03,77409.206,4088.7,247126.17
USR-000507,ACC-000507,EVT-000507-11,2027-04-23T00:00:00,2027-05-23T00:00:00,30.0,10,0.3333333333333333333333333333,"[""DEV-000507-01""]",5,5,659708.14,131941.628,35720.16,230961.19
USR-000508,ACC-000508,EVT-000508-11,2027-04-24T00:00:00,2027-05-24T00:00:00,30.0,10,0.3333333333333333333333333333,"[""DEV-000508-01""]",5,5,1054229.44,210845.888,8.0,549550.2
USR-000509,ACC-000509,EVT-000509-11,2027-04-25T00:00:00,2027-05-25T00:00:00,30.0,10,0.3333333333333333333333333333,"[""DEV-000509-01""]",5,5,592785.49,118557.098,38349.64,236373.71
USR-000510,ACC-000510,EVT-000510-11,2027-04-26T00:00:00,2027-05-26T00:00:00,30.0,10,0.3333333333333333333333333333,"[""DEV-000510-01""]",5,5,961214.07,192242.814,21893.85,311146.47
USR-000511,ACC-000511,EVT-000511-11,2027-04-27T00:00:00,2027-05-27T00:00:00,30.0,10,0.3333333333333333333333333333,"[""DEV-000511-01""]",5,5,1520799.15,304159.83,57299.98,561414.09
USR-000512,ACC-000512,EVT-000512-11,2027-04-28T00:00:00,2027-05-28T00:00:00,30.0,10,0.3333333333333333333333333333,"[""DEV-000512-01""]",5,5,1748533.27,349706.654,3659.08,1164601.63
USR-000513,ACC-000513,EVT-000513-11,2027-04-29T00:00:00,2027-05-29T00:00:00,30.0,10,0.3333333333333333333333333333,"[""DEV-000513-01""]",5,5,1769733.05,353946.61,36995.53,699406.95
USR-000514,ACC-000514,EVT-000514-11,2027-04-30T00:00:00,2027-05-30T00:00:00,30.0,10,0.3333333333333333333333333333,"[""DEV-000514-01""]",5,5,530193.87,106038.774,6113.4,227540.72
USR-000515,ACC-000515,EVT-000515-11,2027-05-01T00:00:00,2027-05-31T00:00:00,30.0,10,0.3333333333333333333333333333,"[""DEV-000515-01""]",5,5,763251.03,152650.206,7651.91,229781.79
USR-000516,ACC-000516,EVT-000516-11,2027-05-02T00:00:00,2027-06-01T00:00:00,30.0,10,0.3333333333333333333333333333,"[""DEV-000516-01""]",5,5,519712.81,103942.562,4631.13,419439.64
USR-000517,ACC-000517,EVT-000517-11,2027-05-03T00:00:00,2027-06-02T00:00:00,30.0,10,0.3333333333333333333333333333,"[""DEV-000517-01""]",5,5,886666.31,177333.262,16944.04,401581.04
USR-000518,ACC-000518,EVT-000518-11,2027-05-04T00:00:00,2027-06-03T00:00:00,30.0,10,0.3333333333333333333333333333,"[""DEV-000518-01""]",5,5,1117768.28,223553.656,166.28,518358.82
USR-000519,ACC-000519,EVT-000519-11,2027-05-05T00:00:00,2027-06-04T00:00:00,30.0,10,0.3333333333333333333333333333,"[""DEV-000519-01""]",5,5,1190874.52,238174.904,12821.46,542029.62
USR-000520,ACC-000520,EVT-000520-11,2027-05-06T00:00:00,2027-06-05T00:00:00,30.0,10,0.3333333333333333333333333333,"[""DEV-000520-01""]",5,5,889562.37,177912.474,4841.15,258725.97
USR-000521,ACC-000521,EVT-000521-11,2027-05-07T00:00:00,2027-06-06T00:00:00,30.0,10,0.3333333333333333333333333333,"[""DEV-000521-01""]",5,5,1306474.93,261294.986,89819.54,723091.74
USR-000522,ACC-000522,EVT-000522-11,2027-05-08T00:00:00,2027-06-07T00:00:00,30.0,10,0.3333333333333333333333333333,"[""DEV-000522-01""]",5,5,1292911.94,258582.388,4044.49,591561.96
USR-000523,ACC-000523,EVT-000523-11,2027-05-09T00:00:00,2027-06-08T00:00:00,30.0,10,0.3333333333333333333333333333,"[""DEV-000523-01""]",5,5,1170846.13,234169.226,1640.74,1041428.15
USR-000524,ACC-000524,EVT-000524-11,2027-05-10T00:00:00,2027-06-09T00:00:00,30.0,10,0.3333333333333333333333333333,"[""DEV-000524-01""]",5,5,621299.22,124259.844,2259.5,344774.37
USR-000525,ACC-000525,EVT-000525-11,2027-05-11T00:00:00,2027-06-10T00:00:00,30.0,10,0.3333333333333333333333333333,"[""DEV-000525-01""]",5,5,280071.83,56014.366,1793.26,128534.42
USR-000526,ACC-000526,EVT-000526-11,2027-05-12T00:00:00,2027-06-11T00:00:00,30.0,10,0.3333333333333333333333333333,"[""DEV-000526-01""]",5,5,385667.76,77133.552,1174.58,171291.54
USR-000527,ACC-000527,EVT-000527-11,2027-05-13T00:00:00,2027-06-12T00:00:00,30.0,10,0.3333333333333333333333333333,"[""DEV-000527-01""]",5,5,255724.13,51144.826,1448.09,169318.99
USR-000528,ACC-000528,EVT-000528-11,2027-05-14T00:00:00,2027-06-13T00:00:00,30.0,10,0.3333333333333333333333333333,"[""DEV-000528-01""]",5,5,527374.61,105474.922,14184.7,258561.22
USR-000529,ACC-000529,EVT-000529-11,2027-05-15T00:00:00,2027-06-14T00:00:00,30.0,10,0.3333333333333333333333333333,"[""DEV-000529-01""]",5,5,1345807.12,269161.424,1367.74,601453.21
USR-000530,ACC-000530,EVT-000530-11,2027-05-16T00:00:00,2027-06-15T00:00:00,30.0,10,0.3333333333333333333333333333,"[""DEV-000530-01""]",5,5,473082.03,94616.406,7575.71,276269.5
USR-000531,ACC-000531,EVT-000531-11,2027-05-17T00:00:00,2027-06-16T00:00:00,30.0,10,0.3333333333333333333333333333,"[""DEV-000531-01""]",5,5,964813.68,192962.736,6064.9,644550.29
USR-000532,ACC-000532,EVT-000532-11,2027-05-18T00:00:00,2027-06-17T00:00:00,30.0,10,0.3333333333333333333333333333,"[""DEV-000532-01""]",5,5,536029.41,107205.882,4965.58,216769.65
USR-000533,ACC-000533,EVT-000533-11,2027-05-19T00:00:00,2027-06-18T00:00:00,30.0,10,0.3333333333333333333333333333,"[""DEV-000533-01""]",5,5,658890.99,131778.198,4406.43,293727.51
USR-000534,ACC-000534,EVT-000534-11,2027-05-20T00:00:00,2027-06-19T00:00:00,30.0,10,0.3333333333333333333333333333,"[""DEV-000534-01""]",5,5,3537103.90,707420.78,347.89,3294699.86
USR-000535,ACC-000535,EVT-000535-11,2027-05-21T00:00:00,2027-06-20T00:00:00,30.0,10,0.3333333333333333333333333333,"[""DEV-000535-01""]",5,5,921269.28,184253.856,4328.54,430815.49
USR-000536,ACC-000536,EVT-000536-11,2027-05-22T00:00:00,2027-06-21T00:00:00,30.0,10,0.3333333333333333333333333333,"[""DEV-000536-01""]",5,5,2356673.49,471334.698,40310.18,1820627.77
USR-000537,ACC-000537,EVT-000537-11,2027-05-23T00:00:00,2027-06-22T00:00:00,30.0,10,0.3333333333333333333333333333,"[""DEV-000537-01""]",5,5,1914007.94,382801.588,8135.76,1398092.94
USR-000538,ACC-000538,EVT-000538-11,2027-05-24T00:00:00,2027-06-23T00:00:00,30.0,10,0.3333333333333333333333333333,"[""DEV-000538-01""]",5,5,578117.52,115623.504,7495.3,237150.89
USR-000539,ACC-000539,EVT-000539-11,2027-05-25T00:00:00,2027-06-24T00:00:00,30.0,10,0.3333333333333333333333333333,"[""DEV-000539-01""]",5,5,1139078.02,227815.604,11680.0,336116.5
USR-000540,ACC-000540,EVT-000540-11,2027-05-26T00:00:00,2027-06-25T00:00:00,30.0,10,0.3333333333333333333333333333,"[""DEV-000540-01""]",5,5,2807542.22,561508.444,83478.16,1619735.85
USR-000541,ACC-000541,EVT-000541-11,2027-05-27T00:00:00,2027-06-26T00:00:00,30.0,10,0.3333333333333333333333333333,"[""DEV-000541-01""]",5,5,413268.73,82653.746,3425.77,296112.31
USR-000542,ACC-000542,EVT-000542-11,2027-05-28T00:00:00,2027-06-27T00:00:00,30.0,10,0.3333333333333333333333333333,"[""DEV-000542-01""]",5,5,1313024.40,262604.88,2232.34,1017797.66
USR-000543,ACC-000543,EVT-000543-11,2027-05-29T00:00:00,2027-06-28T00:00:00,30.0,10,0.3333333333333333333333333333,"[""DEV-000543-01""]",5,5,574746.53,114949.306,10138.75,201349.15
USR-000544,ACC-000544,EVT-000544-11,2027-05-30T00:00:00,2027-06-29T00:00:00,30.0,10,0.3333333333333333333333333333,"[""DEV-000544-01""]",5,5,260184.27,52036.854,3589.14,206409.22
USR-000545,ACC-000545,EVT-000545-11,2027-05-31T00:00:00,2027-06-30T00:00:00,30.0,10,0.3333333333333333333333333333,"[""DEV-000545-01""]",5,5,891849.35,178369.87,2869.56,347258.63
USR-000546,ACC-000546,EVT-000546-11,2027-06-01T00:00:00,2027-07-01T00:00:00,30.0,10,0.3333333333333333333333333333,"[""DEV-000546-01""]",5,5,2004249.67,400849.934,9717.84,1333846.59
USR-000547,ACC-000547,EVT-000547-11,2027-06-02T00:00:00,2027-07-02T00:00:00,30.0,10,0.3333333333333333333333333333,"[""DEV-000547-01""]",5,5,352340.93,70468.186,5752.07,275455.2
USR-000548,ACC-000548,EVT-000548-11,2027-06-03T00:00:00,2027-07-03T00:00:00,30.0,10,0.3333333333333333333333333333,"[""DEV-000548-01""]",5,5,999775.43,199955.086,288.92,544736.63
USR-000549,ACC-000549,EVT-000549-11,2027-06-04T00:00:00,2027-07-04T00:00:00,30.0,10,0.3333333333333333333333333333,"[""DEV-000549-01""]",5,5,2133292.80,426658.56,11830.79,1774839.93
USR-000550,ACC-000550,EVT-000550-11,2027-06-05T00:00:00,2027-07-05T00:00:00,30.0,10,0.3333333333333333333333333333,"[""DEV-000550-01""]",5,5,324015.26,64803.052,6192.11,233348.37
USR-000551,ACC-000551,EVT-000551-11,2027-06-06T00:00:00,2027-07-06T00:00:00,30.0,10,0.3333333333333333333333333333,"[""DEV-000551-01""]",5,5,1989602.82,397920.564,8406.76,764329.17
USR-000552,ACC-000552,EVT-000552-11,2027-06-07T00:00:00,2027-07-07T00:00:00,30.0,10,0.3333333333333333333333333333,"[""DEV-000552-01""]",5,5,783111.55,156622.31,40868.99,325437.24
USR-000553,ACC-000553,EVT-000553-11,2027-06-08T00:00:00,2027-07-08T00:00:00,30.0,10,0.3333333333333333333333333333,"[""DEV-000553-01""]",5,5,901996.45,180399.29,1939.35,495547.29
USR-000554,ACC-000554,EVT-000554-11,2027-06-09T00:00:00,2027-07-09T00:00:00,30.0,10,0.3333333333333333333333333333,"[""DEV-000554-01""]",5,5,1211761.48,242352.296,676.36,1070169.94
USR-000555,ACC-000555,EVT-000555-11,2027-06-10T00:00:00,2027-07-10T00:00:00,30.0,10,0.3333333333333333333333333333,"[""DEV-000555-01""]",5,5,1904394.47,380878.894,12060.42,1308850.66
USR-000556,ACC-000556,EVT-000556-11,2027-06-11T00:00:00,2027-07-11T00:00:00,30.0,10,0.3333333333333333333333333333,"[""DEV-000556-01""]",5,5,774802.06,154960.412,7410.2,358423.06
USR-000557,ACC-000557,EVT-000557-11,2027-06-12T00:00:00,2027-07-12T00:00:00,30.0,10,0.3333333333333333333333333333,"[""DEV-000557-01""]",5,5,1487334.84,297466.968,9244.4,770187.81
USR-000558,ACC-000558,EVT-000558-11,2027-06-13T00:00:00,2027-07-13T00:00:00,30.0,10,0.3333333333333333333333333333,"[""DEV-000558-01""]",5,5,797659.07,159531.814,5962.7,551421.08
USR-000559,ACC-000559,EVT-000559-11,2027-06-14T00:00:00,2027-07-14T00:00:00,30.0,10,0.3333333333333333333333333333,"[""DEV-000559-01""]",5,5,658534.68,131706.936,14645.33,232989.21
USR-000560,ACC-000560,EVT-000560-11,2027-06-15T00:00:00,2027-07-15T00:00:00,30.0,10,0.3333333333333333333333333333,"[""DEV-000560-01""]",5,5,673337.33,134667.466,1723.94,351229.36
USR-000561,ACC-000561,EVT-000561-11,2027-06-16T00:00:00,2027-07-16T00:00:00,30.0,10,0.3333333333333333333333333333,"[""DEV-000561-01""]",5,5,509553.35,101910.67,6591.86,286835.21
USR-000562,ACC-000562,EVT-000562-11,2027-06-17T00:00:00,2027-07-17T00:00:00,30.0,10,0.3333333333333333333333333333,"[""DEV-000562-01""]",5,5,2870557.66,574111.532,5716.49,1961426.59
USR-000563,ACC-000563,EVT-000563-11,2027-06-18T00:00:00,2027-07-18T00:00:00,30.0,10,0.3333333333333333333333333333,"[""DEV-000563-01""]",5,5,435304.31,87060.862,3944.8,265316.45
USR-000564,ACC-000564,EVT-000564-11,2027-06-19T00:00:00,2027-07-19T00:00:00,30.0,10,0.3333333333333333333333333333,"[""DEV-000564-01""]",5,5,3150038.72,630007.744,700.51,2250584.21
USR-000565,ACC-000565,EVT-000565-11,2027-06-20T00:00:00,2027-07-20T00:00:00,30.0,10,0.3333333333333333333333333333,"[""DEV-000565-01""]",5,5,765594.80,153118.96,1559.26,523188.57
USR-000566,ACC-000566,EVT-000566-11,2027-06-21T00:00:00,2027-07-21T00:00:00,30.0,10,0.3333333333333333333333333333,"[""DEV-000566-01""]",5,5,1485286.74,297057.348,104051.63,407999.67
USR-000567,ACC-000567,EVT-000567-11,2027-06-22T00:00:00,2027-07-22T00:00:00,30.0,10,0.3333333333333333333333333333,"[""DEV-000567-01""]",5,5,901723.09,180344.618,10879.42,381407.36
USR-000568,ACC-000568,EVT-000568-11,2027-06-23T00:00:00,2027-07-23T00:00:00,30.0,10,0.3333333333333333333333333333,"[""DEV-000568-01""]",5,5,769222.00,153844.40,109766.79,267211.7
USR-000569,ACC-000569,EVT-000569-11,2027-06-24T00:00:00,2027-07-24T00:00:00,30.0,10,0.3333333333333333333333333333,"[""DEV-000569-01""]",5,5,871978.46,174395.692,6074.01,428365.26
USR-000570,ACC-000570,EVT-000570-11,2027-06-25T00:00:00,2027-07-25T00:00:00,30.0,10,0.3333333333333333333333333333,"[""DEV-000570-01""]",5,5,433267.81,86653.562,939.66,277072.86
USR-000571,ACC-000571,EVT-000571-11,2027-06-26T00:00:00,2027-07-26T00:00:00,30.0,10,0.3333333333333333333333333333,"[""DEV-000571-01""]",5,5,996836.08,199367.216,5924.75,451610.88
USR-000572,ACC-000572,EVT-000572-11,2027-06-27T00:00:00,2027-07-27T00:00:00,30.0,10,0.3333333333333333333333333333,"[""DEV-000572-01""]",5,5,796305.69,159261.138,1865.64,519787.04
USR-000573,ACC-000573,EVT-000573-11,2027-06-28T00:00:00,2027-07-28T00:00:00,30.0,10,0.3333333333333333333333333333,"[""DEV-000573-01""]",5,5,602303.44,120460.688,8419.09,354382.56
USR-000574,ACC-000574,EVT-000574-11,2027-06-29T00:00:00,2027-07-29T00:00:00,30.0,10,0.3333333333333333333333333333,"[""DEV-000574-01""]",5,5,1101665.31,220333.062,38332.41,384522.07
USR-000575,ACC-000575,EVT-000575-11,2027-06-30T00:00:00,2027-07-30T00:00:00,30.0,10,0.3333333333333333333333333333,"[""DEV-000575-01""]",5,5,580983.85,116196.77,8945.09,288026.49
USR-000576,ACC-000576,EVT-000576-11,2027-07-01T00:00:00,2027-07-31T00:00:00,30.0,10,0.3333333333333333333333333333,"[""DEV-000576-01""]",5,5,253663.30,50732.66,5750.37,210613.77
USR-000577,ACC-000577,EVT-000577-11,2027-07-02T00:00:00,2027-08-01T00:00:00,30.0,10,0.3333333333333333333333333333,"[""DEV-000577-01""]",5,5,558501.11,111700.222,1491.32,378129.74
USR-000578,ACC-000578,EVT-000578-11,2027-07-03T00:00:00,2027-08-02T00:00:00,30.0,10,0.3333333333333333333333333333,"[""DEV-000578-01""]",5,5,597606.67,119521.334,6038.19,357403.09
USR-000579,ACC-000579,EVT-000579-11,2027-07-04T00:00:00,2027-08-03T00:00:00,30.0,10,0.3333333333333333333333333333,"[""DEV-000579-01""]",5,5,586078.75,117215.75,15791.84,286552.49
USR-000580,ACC-000580,EVT-000580-11,2027-07-05T00:00:00,2027-08-04T00:00:00,30.0,10,0.3333333333333333333333333333,"[""DEV-000580-01""]",5,5,857872.65,171574.53,62114.38,306472.31
USR-000581,ACC-000581,EVT-000581-11,2027-07-06T00:00:00,2027-08-05T00:00:00,30.0,10,0.3333333333333333333333333333,"[""DEV-000581-01""]",5,5,472863.87,94572.774,2928.86,257969.66
USR-000582,ACC-000582,EVT-000582-11,2027-07-07T00:00:00,2027-08-06T00:00:00,30.0,10,0.3333333333333333333333333333,"[""DEV-000582-01""]",5,5,4155586.73,831117.346,97982.34,2955648.87
USR-000583,ACC-000583,EVT-000583-11,2027-07-08T00:00:00,2027-08-07T00:00:00,30.0,10,0.3333333333333333333333333333,"[""DEV-000583-01""]",5,5,147333.32,29466.664,1487.7,74632.56
USR-000584,ACC-000584,EVT-000584-11,2027-07-09T00:00:00,2027-08-08T00:00:00,30.0,10,0.3333333333333333333333333333,"[""DEV-000584-01""]",5,5,928624.28,185724.856,7850.07,501173.81
USR-000585,ACC-000585,EVT-000585-11,2027-07-10T00:00:00,2027-08-09T00:00:00,30.0,10,0.3333333333333333333333333333,"[""DEV-000585-01""]",5,5,692595.09,138519.018,2004.45,471532.39
USR-000586,ACC-000586,EVT-000586-11,2027-07-11T00:00:00,2027-08-10T00:00:00,30.0,10,0.3333333333333333333333333333,"[""DEV-000586-01""]",5,5,337361.96,67472.392,4727.32,161039.42
USR-000587,ACC-000587,EVT-000587-11,2027-07-12T00:00:00,2027-08-11T00:00:00,30.0,10,0.3333333333333333333333333333,"[""DEV-000587-01""]",5,5,370877.10,74175.42,20319.48,116731.01
USR-000588,ACC-000588,EVT-000588-11,2027-07-13T00:00:00,2027-08-12T00:00:00,30.0,10,0.3333333333333333333333333333,"[""DEV-000588-01""]",5,5,819149.18,163829.836,17518.98,490003.63
USR-000589,ACC-000589,EVT-000589-11,2027-07-14T00:00:00,2027-08-13T00:00:00,30.0,10,0.3333333333333333333333333333,"[""DEV-000589-01""]",5,5,242609.60,48521.92,11362.35,75729.27
USR-000590,ACC-000590,EVT-000590-11,2027-07-15T00:00:00,2027-08-14T00:00:00,30.0,10,0.3333333333333333333333333333,"[""DEV-000590-01""]",5,5,232359.41,46471.882,8575.0,144726.8
USR-000591,ACC-000591,EVT-000591-11,2027-07-16T00:00:00,2027-08-15T00:00:00,30.0,10,0.3333333333333333333333333333,"[""DEV-000591-01""]",5,5,658731.48,131746.296,12990.91,263176.26
USR-000592,ACC-000592,EVT-000592-11,2027-07-17T00:00:00,2027-08-16T00:00:00,30.0,10,0.3333333333333333333333333333,"[""DEV-000592-01""]",5,5,632051.76,126410.352,13111.81,302108.28
USR-000593,ACC-000593,EVT-000593-11,2027-07-18T00:00:00,2027-08-17T00:00:00,30.0,10,0.3333333333333333333333333333,"[""DEV-000593-01""]",5,5,2333183.92,466636.784,426.2,1580624.7
USR-000594,ACC-000594,EVT-000594-11,2027-07-19T00:00:00,2027-08-18T00:00:00,30.0,10,0.3333333333333333333333333333,"[""DEV-000594-01""]",5,5,552828.16,110565.632,2433.94,405295.72
USR-000595,ACC-000595,EVT-000595-11,2027-07-20T00:00:00,2027-08-19T00:00:00,30.0,10,0.3333333333333333333333333333,"[""DEV-000595-01""]",5,5,441688.88,88337.776,4506.11,169535.0
USR-000596,ACC-000596,EVT-000596-11,2027-07-21T00:00:00,2027-08-20T00:00:00,30.0,10,0.3333333333333333333333333333,"[""DEV-000596-01""]",5,5,394615.61,78923.122,2106.98,344380.18
USR-000597,ACC-000597,EVT-000597-11,2027-07-22T00:00:00,2027-08-21T00:00:00,30.0,10,0.3333333333333333333333333333,"[""DEV-000597-01""]",5,5,723644.45,144728.89,5366.11,237890.67
USR-000598,ACC-000598,EVT-000598-11,2027-07-23T00:00:00,2027-08-22T00:00:00,30.0,10,0.3333333333333333333333333333,"[""DEV-000598-01""]",5,5,854289.59,170857.918,302.13,424756.35
USR-000599,ACC-000599,EVT-000599-11,2027-07-24T00:00:00,2027-08-23T00:00:00,30.0,10,0.3333333333333333333333333333,"[""DEV-000599-01""]",5,5,5167698.56,1033539.712,24153.11,3674710.74
USR-000600,ACC-000600,EVT-000600-11,2027-07-25T00:00:00,2027-08-24T00:00:00,30.0,10,0.3333333333333333333333333333,"[""DEV-000600-01""]",5,5,1729464.33,345892.866,72803.69,1099760.13
USR-000601,ACC-000601,EVT-000601-11,2027-07-26T00:00:00,2027-08-25T00:00:00,30.0,10,0.3333333333333333333333333333,"[""DEV-000601-01""]",5,5,1144769.28,228953.856,9832.91,636101.78
USR-000602,ACC-000602,EVT-000602-11,2027-07-27T00:00:00,2027-08-26T00:00:00,30.0,10,0.3333333333333333333333333333,"[""DEV-000602-01""]",5,5,563433.54,112686.708,2743.26,346933.16
USR-000603,ACC-000603,EVT-000603-11,2027-07-28T00:00:00,2027-08-27T00:00:00,30.0,10,0.3333333333333333333333333333,"[""DEV-000603-01""]",5,5,469219.12,93843.824,29988.4,305756.76
USR-000604,ACC-000604,EVT-000604-11,2027-07-29T00:00:00,2027-08-28T00:00:00,30.0,10,0.3333333333333333333333333333,"[""DEV-000604-01""]",5,5,932050.18,186410.036,13212.84,303651.84
USR-000605,ACC-000605,EVT-000605-11,2027-07-30T00:00:00,2027-08-29T00:00:00,30.0,10,0.3333333333333333333333333333,"[""DEV-000605-01""]",5,5,904337.82,180867.564,20167.66,437519.39
USR-000606,ACC-000606,EVT-000606-11,2027-07-31T00:00:00,2027-08-30T00:00:00,30.0,10,0.3333333333333333333333333333,"[""DEV-000606-01""]",5,5,637849.86,127569.972,61179.54,219688.7
USR-000607,ACC-000607,EVT-000607-11,2027-08-01T00:00:00,2027-08-31T00:00:00,30.0,10,0.3333333333333333333333333333,"[""DEV-000607-01""]",5,5,506762.50,101352.50,3824.62,385205.35
USR-000608,ACC-000608,EVT-000608-11,2027-08-02T00:00:00,2027-09-01T00:00:00,30.0,10,0.3333333333333333333333333333,"[""DEV-000608-01""]",5,5,122973.98,24594.796,1183.66,52511.33
USR-000609,ACC-000609,EVT-000609-11,2027-08-03T00:00:00,2027-09-02T00:00:00,30.0,10,0.3333333333333333333333333333,"[""DEV-000609-01""]",5,5,342218.14,68443.628,2512.34,175232.87
USR-000610,ACC-000610,EVT-000610-11,2027-08-04T00:00:00,2027-09-03T00:00:00,30.0,10,0.3333333333333333333333333333,"[""DEV-000610-01""]",5,5,470849.79,94169.958,4669.98,291890.4
USR-000611,ACC-000611,EVT-000611-11,2027-08-05T00:00:00,2027-09-04T00:00:00,30.0,10,0.3333333333333333333333333333,"[""DEV-000611-01""]",5,5,3694990.05,738998.01,37149.92,2419381.98
USR-000612,ACC-000612,EVT-000612-11,2027-08-06T00:00:00,2027-09-05T00:00:00,30.0,10,0.3333333333333333333333333333,"[""DEV-000612-01""]",5,5,957909.79,191581.958,15434.26,646569.27
USR-000613,ACC-000613,EVT-000613-11,2027-08-07T00:00:00,2027-09-06T00:00:00,30.0,10,0.3333333333333333333333333333,"[""DEV-000613-01""]",5,5,450662.62,90132.524,1263.3,320448.2
USR-000614,ACC-000614,EVT-000614-11,2027-08-08T00:00:00,2027-09-07T00:00:00,30.0,10,0.3333333333333333333333333333,"[""DEV-000614-01""]",5,5,535464.03,107092.806,1933.24,364022.61
USR-000615,ACC-000615,EVT-000615-11,2027-08-09T00:00:00,2027-09-08T00:00:00,30.0,10,0.3333333333333333333333333333,"[""DEV-000615-01""]",5,5,188104.26,37620.852,4110.23,72264.09
USR-000616,ACC-000616,EVT-000616-11,2027-08-10T00:00:00,2027-09-09T00:00:00,30.0,10,0.3333333333333333333333333333,"[""DEV-000616-01""]",5,5,1226437.86,245287.572,55115.24,564578.28
USR-000617,ACC-000617,EVT-000617-11,2027-08-11T00:00:00,2027-09-10T00:00:00,30.0,10,0.3333333333333333333333333333,"[""DEV-000617-01""]",5,5,1290928.79,258185.758,68757.01,825396.65
USR-000618,ACC-000618,EVT-000618-11,2027-08-12T00:00:00,2027-09-11T00:00:00,30.0,10,0.3333333333333333333333333333,"[""DEV-000618-01""]",5,5,1359529.35,271905.87,100371.95,619600.81
USR-000619,ACC-000619,EVT-000619-11,2027-08-13T00:00:00,2027-09-12T00:00:00,30.0,10,0.3333333333333333333333333333,"[""DEV-000619-01""]",5,5,222665.49,44533.098,4102.19,179749.58
USR-000620,ACC-000620,EVT-000620-11,2027-08-14T00:00:00,2027-09-13T00:00:00,30.0,10,0.3333333333333333333333333333,"[""DEV-000620-01""]",5,5,536299.81,107259.962,9019.71,281857.93
USR-000621,ACC-000621,EVT-000621-11,2027-08-15T00:00:00,2027-09-14T00:00:00,30.0,10,0.3333333333333333333333333333,"[""DEV-000621-01""]",5,5,494139.17,98827.834,4516.11,245014.96
USR-000622,ACC-000622,EVT-000622-11,2027-08-16T00:00:00,2027-09-15T00:00:00,30.0,10,0.3333333333333333333333333333,"[""DEV-000622-01""]",5,5,310206.32,62041.264,3229.17,194314.01
USR-000623,ACC-000623,EVT-000623-11,2027-08-17T00:00:00,2027-09-16T00:00:00,30.0,10,0.3333333333333333333333333333,"[""DEV-000623-01""]",5,5,317458.96,63491.792,2092.26,283605.02
USR-000624,ACC-000624,EVT-000624-11,2027-08-18T00:00:00,2027-09-17T00:00:00,30.0,10,0.3333333333333333333333333333,"[""DEV-000624-01""]",5,5,313845.43,62769.086,1341.38,141862.99
USR-000625,ACC-000625,EVT-000625-11,2027-08-19T00:00:00,2027-09-18T00:00:00,30.0,10,0.3333333333333333333333333333,"[""DEV-000625-01""]",5,5,957939.94,191587.988,8598.15,615932.4
USR-000626,ACC-000626,EVT-000626-11,2027-08-20T00:00:00,2027-09-19T00:00:00,30.0,10,0.3333333333333333333333333333,"[""DEV-000626-01""]",5,5,593547.42,118709.484,37568.34,273420.06
USR-000627,ACC-000627,EVT-000627-11,2027-08-21T00:00:00,2027-09-20T00:00:00,30.0,10,0.3333333333333333333333333333,"[""DEV-000627-01""]",5,5,337014.85,67402.97,452.36,241935.23
USR-000628,ACC-000628,EVT-000628-11,2027-08-22T00:00:00,2027-09-21T00:00:00,30.0,10,0.3333333333333333333333333333,"[""DEV-000628-01""]",5,5,627891.41,125578.282,7695.64,374570.78
USR-000629,ACC-000629,EVT-000629-11,2027-08-23T00:00:00,2027-09-22T00:00:00,30.0,10,0.3333333333333333333333333333,"[""DEV-000629-01""]",5,5,842678.55,168535.71,37973.1,256677.01
USR-000630,ACC-000630,EVT-000630-11,2027-08-24T00:00:00,2027-09-23T00:00:00,30.0,10,0.3333333333333333333333333333,"[""DEV-000630-01""]",5,5,1132680.33,226536.066,14626.75,489327.94
USR-000631,ACC-000631,EVT-000631-11,2027-08-25T00:00:00,2027-09-24T00:00:00,30.0,10,0.3333333333333333333333333333,"[""DEV-000631-01""]",5,5,1320066.11,264013.222,18599.36,450627.98
USR-000632,ACC-000632,EVT-000632-11,2027-08-26T00:00:00,2027-09-25T00:00:00,30.0,10,0.3333333333333333333333333333,"[""DEV-000632-01""]",5,5,387247.47,77449.494,3694.05,202898.23
USR-000633,ACC-000633,EVT-000633-11,2027-08-27T00:00:00,2027-09-26T00:00:00,30.0,10,0.3333333333333333333333333333,"[""DEV-000633-01""]",5,5,1053591.76,210718.352,16724.68,502559.35
USR-000634,ACC-000634,EVT-000634-11,2027-08-28T00:00:00,2027-09-27T00:00:00,30.0,10,0.3333333333333333333333333333,"[""DEV-000634-01""]",5,5,888824.69,177764.938,22540.4,347192.22
USR-000635,ACC-000635,EVT-000635-11,2027-08-29T00:00:00,2027-09-28T00:00:00,30.0,10,0.3333333333333333333333333333,"[""DEV-000635-01""]",5,5,815213.56,163042.712,7766.08,314275.93
USR-000636,ACC-000636,EVT-000636-11,2027-08-30T00:00:00,2027-09-29T00:00:00,30.0,10,0.3333333333333333333333333333,"[""DEV-000636-01""]",5,5,236239.41,47247.882,1743.41,102998.17
USR-000637,ACC-000637,EVT-000637-11,2027-08-31T00:00:00,2027-09-30T00:00:00,30.0,10,0.3333333333333333333333333333,"[""DEV-000637-01""]",5,5,986284.22,197256.844,12171.47,315987.09
USR-000638,ACC-000638,EVT-000638-11,2027-09-01T00:00:00,2027-10-01T00:00:00,30.0,10,0.3333333333333333333333333333,"[""DEV-000638-01""]",5,5,2901359.33,580271.866,3031.32,2198132.4
USR-000639,ACC-000639,EVT-000639-11,2027-09-02T00:00:00,2027-10-02T00:00:00,30.0,10,0.3333333333333333333333333333,"[""DEV-000639-01""]",5,5,833731.50,166746.30,18058.77,365186.53
USR-000640,ACC-000640,EVT-000640-11,2027-09-03T00:00:00,2027-10-03T00:00:00,30.0,10,0.3333333333333333333333333333,"[""DEV-000640-01""]",5,5,301122.94,60224.588,23724.76,137832.94
USR-000641,ACC-000641,EVT-000641-11,2027-09-04T00:00:00,2027-10-04T00:00:00,30.0,10,0.3333333333333333333333333333,"[""DEV-000641-01""]",5,5,426281.28,85256.256,26894.14,170831.25
USR-000642,ACC-000642,EVT-000642-11,2027-09-05T00:00:00,2027-10-05T00:00:00,30.0,10,0.3333333333333333333333333333,"[""DEV-000642-01""]",5,5,432772.07,86554.414,722.55,268018.61
USR-000643,ACC-000643,EVT-000643-11,2027-09-06T00:00:00,2027-10-06T00:00:00,30.0,10,0.3333333333333333333333333333,"[""DEV-000643-01""]",5,5,591903.63,118380.726,434.37,428657.42
USR-000644,ACC-000644,EVT-000644-11,2027-09-07T00:00:00,2027-10-07T00:00:00,30.0,10,0.3333333333333333333333333333,"[""DEV-000644-01""]",5,5,627667.54,125533.508,3979.58,554988.13
USR-000645,ACC-000645,EVT-000645-11,2027-09-08T00:00:00,2027-10-08T00:00:00,30.0,10,0.3333333333333333333333333333,"[""DEV-000645-01""]",5,5,585700.33,117140.066,1374.07,187219.27
USR-000646,ACC-000646,EVT-000646-11,2027-09-09T00:00:00,2027-10-09T00:00:00,30.0,10,0.3333333333333333333333333333,"[""DEV-000646-01""]",5,5,727993.97,145598.794,57.35,419975.96
USR-000647,ACC-000647,EVT-000647-11,2027-09-10T00:00:00,2027-10-10T00:00:00,30.0,10,0.3333333333333333333333333333,"[""DEV-000647-01""]",5,5,2299386.71,459877.342,16364.98,1686616.32
USR-000648,ACC-000648,EVT-000648-11,2027-09-11T00:00:00,2027-10-11T00:00:00,30.0,10,0.3333333333333333333333333333,"[""DEV-000648-01""]",5,5,1529422.20,305884.44,447.23,1457525.55
USR-000649,ACC-000649,EVT-000649-11,2027-09-12T00:00:00,2027-10-12T00:00:00,30.0,10,0.3333333333333333333333333333,"[""DEV-000649-01""]",5,5,1220023.02,244004.604,5261.9,700568.97
USR-000650,ACC-000650,EVT-000650-11,2027-09-13T00:00:00,2027-10-13T00:00:00,30.0,10,0.3333333333333333333333333333,"[""DEV-000650-01""]",5,5,1436705.64,287341.128,270.0,622603.6
USR-000651,ACC-000651,EVT-000651-11,2027-09-14T00:00:00,2027-10-14T00:00:00,30.0,10,0.3333333333333333333333333333,"[""DEV-000651-01""]",5,5,519797.24,103959.448,19830.48,257062.22
USR-000652,ACC-000652,EVT-000652-11,2027-09-15T00:00:00,2027-10-15T00:00:00,30.0,10,0.3333333333333333333333333333,"[""DEV-000652-01""]",5,5,393677.85,78735.57,326.41,140880.9
USR-000653,ACC-000653,EVT-000653-11,2027-09-16T00:00:00,2027-10-16T00:00:00,30.0,10,0.3333333333333333333333333333,"[""DEV-000653-01""]",5,5,802760.80,160552.16,10005.3,325550.68
USR-000654,ACC-000654,EVT-000654-11,2027-09-17T00:00:00,2027-10-17T00:00:00,30.0,10,0.3333333333333333333333333333,"[""DEV-000654-01""]",5,5,1450083.75,290016.75,2219.47,736306.48
USR-000655,ACC-000655,EVT-000655-11,2027-09-18T00:00:00,2027-10-18T00:00:00,30.0,10,0.3333333333333333333333333333,"[""DEV-000655-01""]",5,5,773778.38,154755.676,11172.07,477947.66
USR-000656,ACC-000656,EVT-000656-11,2027-09-19T00:00:00,2027-10-19T00:00:00,30.0,10,0.3333333333333333333333333333,"[""DEV-000656-01""]",5,5,481370.91,96274.182,13076.49,254336.2
USR-000657,ACC-000657,EVT-000657-11,2027-09-20T00:00:00,2027-10-20T00:00:00,30.0,10,0.3333333333333333333333333333,"[""DEV-000657-01""]",5,5,602236.40,120447.28,2865.24,264298.21
USR-000658,ACC-000658,EVT-000658-11,2027-09-21T00:00:00,2027-10-21T00:00:00,30.0,10,0.3333333333333333333333333333,"[""DEV-000658-01""]",5,5,167906.04,33581.208,1603.42,128452.85
USR-000659,ACC-000659,EVT-000659-11,2027-09-22T00:00:00,2027-10-22T00:00:00,30.0,10,0.3333333333333333333333333333,"[""DEV-000659-01""]",5,5,2649830.48,529966.096,4293.32,1928143.36
USR-000660,ACC-000660,EVT-000660-11,2027-09-23T00:00:00,2027-10-23T00:00:00,30.0,10,0.3333333333333333333333333333,"[""DEV-000660-01""]",5,5,415728.40,83145.68,3999.04,187708.65
USR-000661,ACC-000661,EVT-000661-11,2027-09-24T00:00:00,2027-10-24T00:00:00,30.0,10,0.3333333333333333333333333333,"[""DEV-000661-01""]",5,5,959084.23,191816.846,11145.13,479389.16
USR-000662,ACC-000662,EVT-000662-11,2027-09-25T00:00:00,2027-10-25T00:00:00,30.0,10,0.3333333333333333333333333333,"[""DEV-000662-01""]",5,5,715637.25,143127.45,6681.65,337531.25
USR-000663,ACC-000663,EVT-000663-11,2027-09-26T00:00:00,2027-10-26T00:00:00,30.0,10,0.3333333333333333333333333333,"[""DEV-000663-01""]",5,5,2579022.69,515804.538,113.51,2016574.95
USR-000664,ACC-000664,EVT-000664-11,2027-09-27T00:00:00,2027-10-27T00:00:00,30.0,10,0.3333333333333333333333333333,"[""DEV-000664-01""]",5,5,780383.68,156076.736,7170.26,435268.48
USR-000665,ACC-000665,EVT-000665-11,2027-09-28T00:00:00,2027-10-28T00:00:00,30.0,10,0.3333333333333333333333333333,"[""DEV-000665-01""]",5,5,262831.16,52566.232,3472.27,93934.1
USR-000666,ACC-000666,EVT-000666-11,2027-09-29T00:00:00,2027-10-29T00:00:00,30.0,10,0.3333333333333333333333333333,"[""DEV-000666-01""]",5,5,463455.21,92691.042,12342.02,252653.3
USR-000667,ACC-000667,EVT-000667-11,2027-09-30T00:00:00,2027-10-30T00:00:00,30.0,10,0.3333333333333333333333333333,"[""DEV-000667-01""]",5,5,821480.25,164296.05,11050.7,364210.04
USR-000668,ACC-000668,EVT-000668-11,2027-10-01T00:00:00,2027-10-31T00:00:00,30.0,10,0.3333333333333333333333333333,"[""DEV-000668-01""]",5,5,554888.44,110977.688,8422.26,276376.0
USR-000669,ACC-000669,EVT-000669-11,2027-10-02T00:00:00,2027-11-01T00:00:00,30.0,10,0.3333333333333333333333333333,"[""DEV-000669-01""]",5,5,1114332.13,222866.426,18185.54,567958.44
USR-000670,ACC-000670,EVT-000670-11,2027-10-03T00:00:00,2027-11-02T00:00:00,30.0,10,0.3333333333333333333333333333,"[""DEV-000670-01""]",5,5,1494605.39,298921.078,2812.44,1404726.37
USR-000671,ACC-000671,EVT-000671-11,2027-10-04T00:00:00,2027-11-03T00:00:00,30.0,10,0.3333333333333333333333333333,"[""DEV-000671-01""]",5,5,421323.95,84264.79,3428.91,193358.3
USR-000672,ACC-000672,EVT-000672-11,2027-10-05T00:00:00,2027-11-04T00:00:00,30.0,10,0.3333333333333333333333333333,"[""DEV-000672-01""]",5,5,203147.97,40629.594,1687.56,158006.15
USR-000673,ACC-000673,EVT-000673-11,2027-10-06T00:00:00,2027-11-05T00:00:00,30.0,10,0.3333333333333333333333333333,"[""DEV-000673-01""]",5,5,3887329.47,777465.894,10151.58,3191002.26
USR-000674,ACC-000674,EVT-000674-11,2027-10-07T00:00:00,2027-11-06T00:00:00,30.0,10,0.3333333333333333333333333333,"[""DEV-000674-01""]",5,5,1141333.88,228266.776,15247.26,337168.03
USR-000675,ACC-000675,EVT-000675-11,2027-10-08T00:00:00,2027-11-07T00:00:00,30.0,10,0.3333333333333333333333333333,"[""DEV-000675-01""]",5,5,838351.08,167670.216,1927.95,429952.08
USR-000676,ACC-000676,EVT-000676-11,2027-10-09T00:00:00,2027-11-08T00:00:00,30.0,10,0.3333333333333333333333333333,"[""DEV-000676-01""]",5,5,545779.31,109155.862,1389.54,359491.53
USR-000677,ACC-000677,EVT-000677-11,2027-10-10T00:00:00,2027-11-09T00:00:00,30.0,10,0.3333333333333333333333333333,"[""DEV-000677-01""]",5,5,1419089.12,283817.824,23755.62,878293.76
USR-000678,ACC-000678,EVT-000678-11,2027-10-11T00:00:00,2027-11-10T00:00:00,30.0,10,0.3333333333333333333333333333,"[""DEV-000678-01""]",5,5,1199556.15,239911.23,1296.12,912782.46
USR-000679,ACC-000679,EVT-000679-11,2027-10-12T00:00:00,2027-11-11T00:00:00,30.0,10,0.3333333333333333333333333333,"[""DEV-000679-01""]",5,5,1095570.51,219114.102,1965.97,982529.59
USR-000680,ACC-000680,EVT-000680-11,2027-10-13T00:00:00,2027-11-12T00:00:00,30.0,10,0.3333333333333333333333333333,"[""DEV-000680-01""]",5,5,525002.84,105000.568,5492.74,327013.73
USR-000681,ACC-000681,EVT-000681-11,2027-10-14T00:00:00,2027-11-13T00:00:00,30.0,10,0.3333333333333333333333333333,"[""DEV-000681-01""]",5,5,446684.62,89336.924,10497.91,234075.75
USR-000682,ACC-000682,EVT-000682-11,2027-10-15T00:00:00,2027-11-14T00:00:00,30.0,10,0.3333333333333333333333333333,"[""DEV-000682-01""]",5,5,411382.22,82276.444,2380.37,196637.83
USR-000683,ACC-000683,EVT-000683-11,2027-10-16T00:00:00,2027-11-15T00:00:00,30.0,10,0.3333333333333333333333333333,"[""DEV-000683-01""]",5,5,977397.14,195479.428,1929.33,404376.29
USR-000684,ACC-000684,EVT-000684-11,2027-10-17T00:00:00,2027-11-16T00:00:00,30.0,10,0.3333333333333333333333333333,"[""DEV-000684-01""]",5,5,821858.92,164371.784,5854.56,511553.23
USR-000685,ACC-000685,EVT-000685-11,2027-10-18T00:00:00,2027-11-17T00:00:00,30.0,10,0.3333333333333333333333333333,"[""DEV-000685-01""]",5,5,1030380.50,206076.10,25846.04,399356.37
USR-000686,ACC-000686,EVT-000686-11,2027-10-19T00:00:00,2027-11-18T00:00:00,30.0,10,0.3333333333333333333333333333,"[""DEV-000686-01""]",5,5,108574.90,21714.98,2871.49,68541.63
USR-000687,ACC-000687,EVT-000687-11,2027-10-20T00:00:00,2027-11-19T00:00:00,30.0,10,0.3333333333333333333333333333,"[""DEV-000687-01""]",5,5,745916.82,149183.364,1742.43,293290.79
USR-000688,ACC-000688,EVT-000688-11,2027-10-21T00:00:00,2027-11-20T00:00:00,30.0,10,0.3333333333333333333333333333,"[""DEV-000688-01""]",5,5,483030.83,96606.166,2110.06,249413.32
USR-000689,ACC-000689,EVT-000689-11,2027-10-22T00:00:00,2027-11-21T00:00:00,30.0,10,0.3333333333333333333333333333,"[""DEV-000689-01""]",5,5,769646.78,153929.356,23100.45,299634.9
USR-000690,ACC-000690,EVT-000690-11,2027-10-23T00:00:00,2027-11-22T00:00:00,30.0,10,0.3333333333333333333333333333,"[""DEV-000690-01""]",5,5,332274.58,66454.916,5338.74,199303.34
USR-000691,ACC-000691,EVT-000691-11,2027-10-24T00:00:00,2027-11-23T00:00:00,30.0,10,0.3333333333333333333333333333,"[""DEV-000691-01""]",5,5,6259698.53,1251939.706,22790.89,5625869.22
USR-000692,ACC-000692,EVT-000692-11,2027-10-25T00:00:00,2027-11-24T00:00:00,30.0,10,0.3333333333333333333333333333,"[""DEV-000692-01""]",5,5,933540.20,186708.04,5396.26,600905.47
USR-000693,ACC-000693,EVT-000693-11,2027-10-26T00:00:00,2027-11-25T00:00:00,30.0,10,0.3333333333333333333333333333,"[""DEV-000693-01""]",5,5,1034169.03,206833.806,8389.27,640876.61
USR-000694,ACC-000694,EVT-000694-11,2027-10-27T00:00:00,2027-11-26T00:00:00,30.0,10,0.3333333333333333333333333333,"[""DEV-000694-01""]",5,5,297972.88,59594.576,386.41,278050.68
USR-000695,ACC-000695,EVT-000695-11,2027-10-28T00:00:00,2027-11-27T00:00:00,30.0,10,0.3333333333333333333333333333,"[""DEV-000695-01""]",5,5,425672.02,85134.404,574.8,221162.3
USR-000696,ACC-000696,EVT-000696-11,2027-10-29T00:00:00,2027-11-28T00:00:00,30.0,10,0.3333333333333333333333333333,"[""DEV-000696-01""]",5,5,471326.00,94265.20,3331.95,326290.22
USR-000697,ACC-000697,EVT-000697-11,2027-10-30T00:00:00,2027-11-29T00:00:00,30.0,10,0.3333333333333333333333333333,"[""DEV-000697-01""]",5,5,466020.93,93204.186,12418.07,227831.02
USR-000698,ACC-000698,EVT-000698-11,2027-10-31T00:00:00,2027-11-30T00:00:00,30.0,10,0.3333333333333333333333333333,"[""DEV-000698-01""]",5,5,288608.67,57721.734,13150.57,162937.65
USR-000699,ACC-000699,EVT-000699-11,2027-11-01T00:00:00,2027-12-01T00:00:00,30.0,10,0.3333333333333333333333333333,"[""DEV-000699-01""]",5,5,719276.61,143855.322,25291.26,259473.99
USR-000700,ACC-000700,EVT-000700-11,2027-11-02T00:00:00,2027-12-02T00:00:00,30.0,10,0.3333333333333333333333333333,"[""DEV-000700-01""]",5,5,9409859.00,1881971.80,2081.97,9236204.56
USR-000701,ACC-000701,EVT-000701-11,2027-11-03T00:00:00,2027-12-03T00:00:00,30.0,10,0.3333333333333333333333333333,"[""DEV-000701-01""]",5,5,1981939.72,396387.944,14645.56,978461.22
USR-000702,ACC-000702,EVT-000702-11,2027-11-04T00:00:00,2027-12-04T00:00:00,30.0,10,0.3333333333333333333333333333,"[""DEV-000702-01""]",5,5,1202537.49,240507.498,22165.14,547028.2
USR-000703,ACC-000703,EVT-000703-11,2027-11-05T00:00:00,2027-12-05T00:00:00,30.0,10,0.3333333333333333333333333333,"[""DEV-000703-01""]",5,5,488081.24,97616.248,983.77,281793.82
USR-000704,ACC-000704,EVT-000704-11,2027-11-06T00:00:00,2027-12-06T00:00:00,30.0,10,0.3333333333333333333333333333,"[""DEV-000704-01""]",5,5,1616137.38,323227.476,34147.97,911428.64
USR-000705,ACC-000705,EVT-000705-11,2027-11-07T00:00:00,2027-12-07T00:00:00,30.0,10,0.3333333333333333333333333333,"[""DEV-000705-01""]",5,5,500111.59,100022.318,18213.57,294031.12
USR-000706,ACC-000706,EVT-000706-11,2027-11-08T00:00:00,2027-12-08T00:00:00,30.0,10,0.3333333333333333333333333333,"[""DEV-000706-01""]",5,5,1941383.35,388276.67,4004.12,1563896.53
USR-000707,ACC-000707,EVT-000707-11,2027-11-09T00:00:00,2027-12-09T00:00:00,30.0,10,0.3333333333333333333333333333,"[""DEV-000707-01""]",5,5,447797.48,89559.496,1306.32,274113.06
USR-000708,ACC-000708,EVT-000708-11,2027-11-10T00:00:00,2027-12-10T00:00:00,30.0,10,0.3333333333333333333333333333,"[""DEV-000708-01""]",5,5,2003869.00,400773.80,172641.65,973663.49
USR-000709,ACC-000709,EVT-000709-11,2027-11-11T00:00:00,2027-12-11T00:00:00,30.0,10,0.3333333333333333333333333333,"[""DEV-000709-01""]",5,5,492128.88,98425.776,11210.35,436011.24
USR-000710,ACC-000710,EVT-000710-11,2027-11-12T00:00:00,2027-12-12T00:00:00,30.0,10,0.3333333333333333333333333333,"[""DEV-000710-01""]",5,5,124113.48,24822.696,5638.85,51345.9
USR-000711,ACC-000711,EVT-000711-11,2027-11-13T00:00:00,2027-12-13T00:00:00,30.0,10,0.3333333333333333333333333333,"[""DEV-000711-01""]",5,5,1473407.28,294681.456,20619.6,1033887.94
USR-000712,ACC-000712,EVT-000712-11,2027-11-14T00:00:00,2027-12-14T00:00:00,30.0,10,0.3333333333333333333333333333,"[""DEV-000712-01""]",5,5,927194.57,185438.914,1713.14,554602.76
USR-000713,ACC-000713,EVT-000713-11,2027-11-15T00:00:00,2027-12-15T00:00:00,30.0,10,0.3333333333333333333333333333,"[""DEV-000713-01""]",5,5,443285.99,88657.198,8877.31,341863.94
USR-000714,ACC-000714,EVT-000714-11,2027-11-16T00:00:00,2027-12-16T00:00:00,30.0,10,0.3333333333333333333333333333,"[""DEV-000714-01""]",5,5,187569.33,37513.866,4920.11,140420.53
USR-000715,ACC-000715,EVT-000715-11,2027-11-17T00:00:00,2027-12-17T00:00:00,30.0,10,0.3333333333333333333333333333,"[""DEV-000715-01""]",5,5,423282.45,84656.49,16499.98,284740.42
USR-000716,ACC-000716,EVT-000716-11,2027-11-18T00:00:00,2027-12-18T00:00:00,30.0,10,0.3333333333333333333333333333,"[""DEV-000716-01""]",5,5,4192761.39,838552.278,5476.09,3630229.84
USR-000717,ACC-000717,EVT-000717-11,2027-11-19T00:00:00,2027-12-19T00:00:00,30.0,10,0.3333333333333333333333333333,"[""DEV-000717-01""]",5,5,409095.22,81819.044,3690.82,180430.22
USR-000718,ACC-000718,EVT-000718-11,2027-11-20T00:00:00,2027-12-20T00:00:00,30.0,10,0.3333333333333333333333333333,"[""DEV-000718-01""]",5,5,588685.10,117737.02,3275.03,276775.98
USR-000719,ACC-000719,EVT-000719-11,2027-11-21T00:00:00,2027-12-21T00:00:00,30.0,10,0.3333333333333333333333333333,"[""DEV-000719-01""]",5,5,369244.70,73848.94,5839.68,305484.63
USR-000720,ACC-000720,EVT-000720-11,2027-11-22T00:00:00,2027-12-22T00:00:00,30.0,10,0.3333333333333333333333333333,"[""DEV-000720-01""]",5,5,427364.04,85472.808,5917.88,135772.21
USR-000721,ACC-000721,EVT-000721-11,2027-11-23T00:00:00,2027-12-23T00:00:00,30.0,10,0.3333333333333333333333333333,"[""DEV-000721-01""]",5,5,766541.25,153308.25,2532.44,338047.79
USR-000722,ACC-000722,EVT-000722-11,2027-11-24T00:00:00,2027-12-24T00:00:00,30.0,10,0.3333333333333333333333333333,"[""DEV-000722-01""]",5,5,1726621.02,345324.204,13497.18,1517111.59
USR-000723,ACC-000723,EVT-000723-11,2027-11-25T00:00:00,2027-12-25T00:00:00,30.0,10,0.3333333333333333333333333333,"[""DEV-000723-01""]",5,5,385184.24,77036.848,1139.77,289917.6
USR-000724,ACC-000724,EVT-000724-11,2027-11-26T00:00:00,2027-12-26T00:00:00,30.0,10,0.3333333333333333333333333333,"[""DEV-000724-01""]",5,5,565259.45,113051.89,6096.2,259285.32
USR-000725,ACC-000725,EVT-000725-11,2027-11-27T00:00:00,2027-12-27T00:00:00,30.0,10,0.3333333333333333333333333333,"[""DEV-000725-01""]",5,5,1104038.29,220807.658,2060.66,874898.18
USR-000726,ACC-000726,EVT-000726-11,2027-11-28T00:00:00,2027-12-28T00:00:00,30.0,10,0.3333333333333333333333333333,"[""DEV-000726-01""]",5,5,242892.84,48578.568,1870.07,201913.84
USR-000727,ACC-000727,EVT-000727-11,2027-11-29T00:00:00,2027-12-29T00:00:00,30.0,10,0.3333333333333333333333333333,"[""DEV-000727-01""]",5,5,1280103.16,256020.632,4172.79,1151797.61
USR-000728,ACC-000728,EVT-000728-11,2027-11-30T00:00:00,2027-12-30T00:00:00,30.0,10,0.3333333333333333333333333333,"[""DEV-000728-01""]",5,5,580623.88,116124.776,190.7,336720.41
USR-000729,ACC-000729,EVT-000729-11,2027-12-01T00:00:00,2027-12-31T00:00:00,30.0,10,0.3333333333333333333333333333,"[""DEV-000729-01""]",5,5,539172.74,107834.548,599.28,203106.79
USR-000730,ACC-000730,EVT-000730-11,2027-12-02T00:00:00,2028-01-01T00:00:00,30.0,10,0.3333333333333333333333333333,"[""DEV-000730-01""]",5,5,945217.23,189043.446,114439.02,363492.86
USR-000731,ACC-000731,EVT-000731-11,2027-12-03T00:00:00,2028-01-02T00:00:00,30.0,10,0.3333333333333333333333333333,"[""DEV-000731-01""]",5,5,714365.41,142873.082,26366.59,462433.07
USR-000732,ACC-000732,EVT-000732-11,2027-12-04T00:00:00,2028-01-03T00:00:00,30.0,10,0.3333333333333333333333333333,"[""DEV-000732-01""]",5,5,1460627.20,292125.44,8485.51,924087.6
USR-000733,ACC-000733,EVT-000733-11,2027-12-05T00:00:00,2028-01-04T00:00:00,30.0,10,0.3333333333333333333333333333,"[""DEV-000733-01""]",5,5,245560.05,49112.01,1371.27,127716.97
USR-000734,ACC-000734,EVT-000734-11,2027-12-06T00:00:00,2028-01-05T00:00:00,30.0,10,0.3333333333333333333333333333,"[""DEV-000734-01""]",5,5,722277.99,144455.598,7325.17,306919.21
USR-000735,ACC-000735,EVT-000735-11,2027-12-07T00:00:00,2028-01-06T00:00:00,30.0,10,0.3333333333333333333333333333,"[""DEV-000735-01""]",5,5,325288.31,65057.662,3843.51,237441.81
USR-000736,ACC-000736,EVT-000736-11,2027-12-08T00:00:00,2028-01-07T00:00:00,30.0,10,0.3333333333333333333333333333,"[""DEV-000736-01""]",5,5,1373750.73,274750.146,76534.12,457878.3
USR-000737,ACC-000737,EVT-000737-11,2027-12-09T00:00:00,2028-01-08T00:00:00,30.0,10,0.3333333333333333333333333333,"[""DEV-000737-01""]",5,5,253644.09,50728.818,1792.88,205952.44
USR-000738,ACC-000738,EVT-000738-11,2027-12-10T00:00:00,2028-01-09T00:00:00,30.0,10,0.3333333333333333333333333333,"[""DEV-000738-01""]",5,5,359412.09,71882.418,20740.55,150805.97
USR-000739,ACC-000739,EVT-000739-11,2027-12-11T00:00:00,2028-01-10T00:00:00,30.0,10,0.3333333333333333333333333333,"[""DEV-000739-01""]",5,5,1047247.30,209449.46,4061.03,686316.7
USR-000740,ACC-000740,EVT-000740-11,2027-12-12T00:00:00,2028-01-11T00:00:00,30.0,10,0.3333333333333333333333333333,"[""DEV-000740-01""]",5,5,728794.09,145758.818,1013.15,275258.22
USR-000741,ACC-000741,EVT-000741-11,2027-12-13T00:00:00,2028-01-12T00:00:00,30.0,10,0.3333333333333333333333333333,"[""DEV-000741-01""]",5,5,589865.53,117973.106,30648.46,264996.03
USR-000742,ACC-000742,EVT-000742-11,2027-12-14T00:00:00,2028-01-13T00:00:00,30.0,10,0.3333333333333333333333333333,"[""DEV-000742-01""]",5,5,652219.48,130443.896,425.86,253036.14
USR-000743,ACC-000743,EVT-000743-11,2027-12-15T00:00:00,2028-01-14T00:00:00,30.0,10,0.3333333333333333333333333333,"[""DEV-000743-01""]",5,5,373020.12,74604.024,3621.29,208631.11
USR-000744,ACC-000744,EVT-000744-11,2027-12-16T00:00:00,2028-01-15T00:00:00,30.0,10,0.3333333333333333333333333333,"[""DEV-000744-01""]",5,5,1586130.72,317226.144,19292.42,1436134.43
USR-000745,ACC-000745,EVT-000745-11,2027-12-17T00:00:00,2028-01-16T00:00:00,30.0,10,0.3333333333333333333333333333,"[""DEV-000745-01""]",5,5,944996.49,188999.298,8049.75,427588.18
USR-000746,ACC-000746,EVT-000746-11,2027-12-18T00:00:00,2028-01-17T00:00:00,30.0,10,0.3333333333333333333333333333,"[""DEV-000746-01""]",5,5,570107.93,114021.586,3681.97,294123.67
USR-000747,ACC-000747,EVT-000747-11,2027-12-19T00:00:00,2028-01-18T00:00:00,30.0,10,0.3333333333333333333333333333,"[""DEV-000747-01""]",5,5,3642502.35,728500.47,18054.96,2994273.72
USR-000748,ACC-000748,EVT-000748-11,2027-12-20T00:00:00,2028-01-19T00:00:00,30.0,10,0.3333333333333333333333333333,"[""DEV-000748-01""]",5,5,1173555.99,234711.198,6356.18,417540.05
USR-000749,ACC-000749,EVT-000749-11,2027-12-21T00:00:00,2028-01-20T00:00:00,30.0,10,0.3333333333333333333333333333,"[""DEV-000749-01""]",5,5,872607.86,174521.572,443.9,560796.94
USR-000750,ACC-000750,EVT-000750-11,2027-12-22T00:00:00,2028-01-21T00:00:00,30.0,10,0.3333333333333333333333333333,"[""DEV-000750-01""]",5,5,598675.68,119735.136,6595.56,251268.2
USR-000751,ACC-000751,EVT-000751-11,2027-12-23T00:00:00,2028-01-22T00:00:00,30.0,10,0.3333333333333333333333333333,"[""DEV-000751-01""]",5,5,366355.93,73271.186,38.8,256429.45
USR-000752,ACC-000752,EVT-000752-11,2027-12-24T00:00:00,2028-01-23T00:00:00,30.0,10,0.3333333333333333333333333333,"[""DEV-000752-01""]",5,5,152751.29,30550.258,7385.42,65785.82
USR-000753,ACC-000753,EVT-000753-11,2027-12-25T00:00:00,2028-01-24T00:00:00,30.0,10,0.3333333333333333333333333333,"[""DEV-000753-01""]",5,5,943257.53,188651.506,5634.65,606743.03
USR-000754,ACC-000754,EVT-000754-11,2027-12-26T00:00:00,2028-01-25T00:00:00,30.0,10,0.3333333333333333333333333333,"[""DEV-000754-01""]",5,5,1470069.47,294013.894,7634.89,1181251.92
USR-000755,ACC-000755,EVT-000755-11,2027-12-27T00:00:00,2028-01-26T00:00:00,30.0,10,0.3333333333333333333333333333,"[""DEV-000755-01""]",5,5,807940.54,161588.108,80774.87,219339.53
USR-000756,ACC-000756,EVT-000756-11,2027-12-28T00:00:00,2028-01-27T00:00:00,30.0,10,0.3333333333333333333333333333,"[""DEV-000756-01""]",5,5,599527.92,119905.584,8076.92,536903.83
USR-000757,ACC-000757,EVT-000757-11,2027-12-29T00:00:00,2028-01-28T00:00:00,30.0,10,0.3333333333333333333333333333,"[""DEV-000757-01""]",5,5,296267.61,59253.522,8086.27,138635.77
USR-000758,ACC-000758,EVT-000758-11,2027-12-30T00:00:00,2028-01-29T00:00:00,30.0,10,0.3333333333333333333333333333,"[""DEV-000758-01""]",5,5,493779.17,98755.834,27906.95,202231.7
USR-000759,ACC-000759,EVT-000759-11,2027-12-31T00:00:00,2028-01-30T00:00:00,30.0,10,0.3333333333333333333333333333,"[""DEV-000759-01""]",5,5,1684719.15,336943.83,13937.03,1172834.02
USR-000760,ACC-000760,EVT-000760-11,2028-01-01T00:00:00,2028-01-31T00:00:00,30.0,10,0.3333333333333333333333333333,"[""DEV-000760-01""]",5,5,328009.38,65601.876,959.63,230436.76
USR-000761,ACC-000761,EVT-000761-11,2028-01-02T00:00:00,2028-02-01T00:00:00,30.0,10,0.3333333333333333333333333333,"[""DEV-000761-01""]",5,5,670068.47,134013.694,16965.51,252837.98
USR-000762,ACC-000762,EVT-000762-11,2028-01-03T00:00:00,2028-02-02T00:00:00,30.0,10,0.3333333333333333333333333333,"[""DEV-000762-01""]",5,5,2025333.92,405066.784,70175.77,1093165.2
USR-000763,ACC-000763,EVT-000763-11,2028-01-04T00:00:00,2028-02-03T00:00:00,30.0,10,0.3333333333333333333333333333,"[""DEV-000763-01""]",5,5,663872.91,132774.582,2523.39,313976.87
USR-000764,ACC-000764,EVT-000764-11,2028-01-05T00:00:00,2028-02-04T00:00:00,30.0,10,0.3333333333333333333333333333,"[""DEV-000764-01""]",5,5,1349693.65,269938.73,7928.21,467450.36
USR-000765,ACC-000765,EVT-000765-11,2028-01-06T00:00:00,2028-02-05T00:00:00,30.0,10,0.3333333333333333333333333333,"[""DEV-000765-01""]",5,5,487612.09,97522.418,16864.44,282341.95
USR-000766,ACC-000766,EVT-000766-11,2028-01-07T00:00:00,2028-02-06T00:00:00,30.0,10,0.3333333333333333333333333333,"[""DEV-000766-01""]",5,5,285269.87,57053.974,2640.36,178783.35
USR-000767,ACC-000767,EVT-000767-11,2028-01-08T00:00:00,2028-02-07T00:00:00,30.0,10,0.3333333333333333333333333333,"[""DEV-000767-01""]",5,5,378270.11,75654.022,6662.65,224563.18
USR-000768,ACC-000768,EVT-000768-11,2028-01-09T00:00:00,2028-02-08T00:00:00,30.0,10,0.3333333333333333333333333333,"[""DEV-000768-01""]",5,5,542556.64,108511.328,10312.61,192668.96
USR-000769,ACC-000769,EVT-000769-11,2028-01-10T00:00:00,2028-02-09T00:00:00,30.0,10,0.3333333333333333333333333333,"[""DEV-000769-01""]",5,5,404615.22,80923.044,3403.24,223480.01
USR-000770,ACC-000770,EVT-000770-11,2028-01-11T00:00:00,2028-02-10T00:00:00,30.0,10,0.3333333333333333333333333333,"[""DEV-000770-01""]",5,5,575945.18,115189.036,6794.23,454933.35
USR-000771,ACC-000771,EVT-000771-11,2028-01-12T00:00:00,2028-02-11T00:00:00,30.0,10,0.3333333333333333333333333333,"[""DEV-000771-01""]",5,5,517207.63,103441.526,8175.14,241155.29
USR-000772,ACC-000772,EVT-000772-11,2028-01-13T00:00:00,2028-02-12T00:00:00,30.0,10,0.3333333333333333333333333333,"[""DEV-000772-01""]",5,5,1046604.03,209320.806,6559.65,741459.84
USR-000773,ACC-000773,EVT-000773-11,2028-01-14T00:00:00,2028-02-13T00:00:00,30.0,10,0.3333333333333333333333333333,"[""DEV-000773-01""]",5,5,365905.13,73181.026,2029.52,173627.09
USR-000774,ACC-000774,EVT-000774-11,2028-01-15T00:00:00,2028-02-14T00:00:00,30.0,10,0.3333333333333333333333333333,"[""DEV-000774-01""]",5,5,404064.06,80812.812,3258.36,159612.35
USR-000775,ACC-000775,EVT-000775-11,2028-01-16T00:00:00,2028-02-15T00:00:00,30.0,10,0.3333333333333333333333333333,"[""DEV-000775-01""]",5,5,329470.87,65894.174,1435.75,143175.58
USR-000776,ACC-000776,EVT-000776-11,2028-01-17T00:00:00,2028-02-16T00:00:00,30.0,10,0.3333333333333333333333333333,"[""DEV-000776-01""]",5,5,290194.05,58038.81,2907.64,159883.66
USR-000777,ACC-000777,EVT-000777-11,2028-01-18T00:00:00,2028-02-17T00:00:00,30.0,10,0.3333333333333333333333333333,"[""DEV-000777-01""]",5,5,149362.05,29872.41,2589.96,63954.43
USR-000778,ACC-000778,EVT-000778-11,2028-01-19T00:00:00,2028-02-18T00:00:00,30.0,10,0.3333333333333333333333333333,"[""DEV-000778-01""]",5,5,602616.19,120523.238,2645.61,469094.38
USR-000779,ACC-000779,EVT-000779-11,2028-01-20T00:00:00,2028-02-19T00:00:00,30.0,10,0.3333333333333333333333333333,"[""DEV-000779-01""]",5,5,301432.86,60286.572,197.81,176922.08
USR-000780,ACC-000780,EVT-000780-11,2028-01-21T00:00:00,2028-02-20T00:00:00,30.0,10,0.3333333333333333333333333333,"[""DEV-000780-01""]",5,5,242187.73,48437.546,10505.04,92489.21
USR-000781,ACC-000781,EVT-000781-11,2028-01-22T00:00:00,2028-02-21T00:00:00,30.0,10,0.3333333333333333333333333333,"[""DEV-000781-01""]",5,5,345093.68,69018.736,3325.24,174331.56
USR-000782,ACC-000782,EVT-000782-11,2028-01-23T00:00:00,2028-02-22T00:00:00,30.0,10,0.3333333333333333333333333333,"[""DEV-000782-01""]",5,5,1588195.60,317639.12,20698.07,518922.29
USR-000783,ACC-000783,EVT-000783-11,2028-01-24T00:00:00,2028-02-23T00:00:00,30.0,10,0.3333333333333333333333333333,"[""DEV-000783-01""]",5,5,754406.27,150881.254,8405.07,338467.46
USR-000784,ACC-000784,EVT-000784-11,2028-01-25T00:00:00,2028-02-24T00:00:00,30.0,10,0.3333333333333333333333333333,"[""DEV-000784-01""]",5,5,891862.11,178372.422,25582.59,274786.16
USR-000785,ACC-000785,EVT-000785-11,2028-01-26T00:00:00,2028-02-25T00:00:00,30.0,10,0.3333333333333333333333333333,"[""DEV-000785-01""]",5,5,756672.74,151334.548,6770.65,322753.85
USR-000786,ACC-000786,EVT-000786-11,2028-01-27T00:00:00,2028-02-26T00:00:00,30.0,10,0.3333333333333333333333333333,"[""DEV-000786-01""]",5,5,258524.11,51704.822,10091.31,99505.43
USR-000787,ACC-000787,EVT-000787-11,2028-01-28T00:00:00,2028-02-27T00:00:00,30.0,10,0.3333333333333333333333333333,"[""DEV-000787-01""]",5,5,701466.28,140293.256,41913.72,402629.66
USR-000788,ACC-000788,EVT-000788-11,2028-01-29T00:00:00,2028-02-28T00:00:00,30.0,10,0.3333333333333333333333333333,"[""DEV-000788-01""]",5,5,539466.80,107893.36,2281.69,339225.07
USR-000789,ACC-000789,EVT-000789-11,2028-01-30T00:00:00,2028-02-29T00:00:00,30.0,10,0.3333333333333333333333333333,"[""DEV-000789-01""]",5,5,1532977.89,306595.578,12212.98,1222261.32
USR-000790,ACC-000790,EVT-000790-11,2028-01-31T00:00:00,2028-03-01T00:00:00,30.0,10,0.3333333333333333333333333333,"[""DEV-000790-01""]",5,5,715409.29,143081.858,901.79,600597.62
USR-000791,ACC-000791,EVT-000791-11,2028-02-01T00:00:00,2028-03-02T00:00:00,30.0,10,0.3333333333333333333333333333,"[""DEV-000791-01""]",5,5,40377.25,8075.45,3884.13,16306.74
USR-000792,ACC-000792,EVT-000792-11,2028-02-02T00:00:00,2028-03-03T00:00:00,30.0,10,0.3333333333333333333333333333,"[""DEV-000792-01""]",5,5,5018466.71,1003693.342,2905.82,4440905.84
USR-000793,ACC-000793,EVT-000793-11,2028-02-03T00:00:00,2028-03-04T00:00:00,30.0,10,0.3333333333333333333333333333,"[""DEV-000793-01""]",5,5,721760.14,144352.028,8762.7,237824.73
USR-000794,ACC-000794,EVT-000794-11,2028-02-04T00:00:00,2028-03-05T00:00:00,30.0,10,0.3333333333333333333333333333,"[""DEV-000794-01""]",5,5,574505.36,114901.072,1097.18,209606.93
USR-000795,ACC-000795,EVT-000795-11,2028-02-05T00:00:00,2028-03-06T00:00:00,30.0,10,0.3333333333333333333333333333,"[""DEV-000795-01""]",5,5,49759957.48,9951991.496,5365.13,49203983.59
USR-000796,ACC-000796,EVT-000796-11,2028-02-06T00:00:00,2028-03-07T00:00:00,30.0,10,0.3333333333333333333333333333,"[""DEV-000796-01""]",5,5,581991.46,116398.292,5095.68,298474.33
USR-000797,ACC-000797,EVT-000797-11,2028-02-07T00:00:00,2028-03-08T00:00:00,30.0,10,0.3333333333333333333333333333,"[""DEV-000797-01""]",5,5,372297.35,74459.47,4091.43,335420.54
USR-000798,ACC-000798,EVT-000798-11,2028-02-08T00:00:00,2028-03-09T00:00:00,30.0,10,0.3333333333333333333333333333,"[""DEV-000798-01""]",5,5,2064597.94,412919.588,469.21,1012951.04
USR-000799,ACC-000799,EVT-000799-11,2028-02-09T00:00:00,2028-03-10T00:00:00,30.0,10,0.3333333333333333333333333333,"[""DEV-000799-01""]",5,5,727657.52,145531.504,70630.75,274097.11
USR-000800,ACC-000800,EVT-000800-11,2028-02-10T00:00:00,2028-03-11T00:00:00,30.0,10,0.3333333333333333333333333333,"[""DEV-000800-01""]",5,5,569753.65,113950.73,5862.16,239071.42
USR-000801,ACC-000801,EVT-000801-11,2028-02-11T00:00:00,2028-03-12T00:00:00,30.0,10,0.3333333333333333333333333333,"[""DEV-000801-01""]",5,5,610823.47,122164.694,5617.93,311635.45
USR-000802,ACC-000802,EVT-000802-11,2028-02-12T00:00:00,2028-03-13T00:00:00,30.0,10,0.3333333333333333333333333333,"[""DEV-000802-01""]",5,5,1835781.62,367156.324,11249.44,1190603.45
USR-000803,ACC-000803,EVT-000803-11,2028-02-13T00:00:00,2028-03-14T00:00:00,30.0,10,0.3333333333333333333333333333,"[""DEV-000803-01""]",5,5,608504.65,121700.93,13009.13,454033.0
USR-000804,ACC-000804,EVT-000804-11,2028-02-14T00:00:00,2028-03-15T00:00:00,30.0,10,0.3333333333333333333333333333,"[""DEV-000804-01""]",5,5,386029.58,77205.916,22789.01,207219.01
USR-000805,ACC-000805,EVT-000805-11,2028-02-15T00:00:00,2028-03-16T00:00:00,30.0,10,0.3333333333333333333333333333,"[""DEV-000805-01""]",5,5,762936.51,152587.302,13436.49,446354.92
USR-000806,ACC-000806,EVT-000806-11,2028-02-16T00:00:00,2028-03-17T00:00:00,30.0,10,0.3333333333333333333333333333,"[""DEV-000806-01""]",5,5,588661.53,117732.306,5203.82,171232.51
USR-000807,ACC-000807,EVT-000807-11,2028-02-17T00:00:00,2028-03-18T00:00:00,30.0,10,0.3333333333333333333333333333,"[""DEV-000807-01""]",5,5,1010783.64,202156.728,15899.94,646061.57
USR-000808,ACC-000808,EVT-000808-11,2028-02-18T00:00:00,2028-03-19T00:00:00,30.0,10,0.3333333333333333333333333333,"[""DEV-000808-01""]",5,5,664479.16,132895.832,3790.55,373492.2
USR-000809,ACC-000809,EVT-000809-11,2028-02-19T00:00:00,2028-03-20T00:00:00,30.0,10,0.3333333333333333333333333333,"[""DEV-000809-01""]",5,5,810700.46,162140.092,59.36,580034.91
USR-000810,ACC-000810,EVT-000810-11,2028-02-20T00:00:00,2028-03-21T00:00:00,30.0,10,0.3333333333333333333333333333,"[""DEV-000810-01""]",5,5,565927.29,113185.458,3336.92,393892.53
USR-000811,ACC-000811,EVT-000811-11,2028-02-21T00:00:00,2028-03-22T00:00:00,30.0,10,0.3333333333333333333333333333,"[""DEV-000811-01""]",5,5,707960.23,141592.046,10306.57,327257.34
USR-000812,ACC-000812,EVT-000812-11,2028-02-22T00:00:00,2028-03-23T00:00:00,30.0,10,0.3333333333333333333333333333,"[""DEV-000812-01""]",5,5,1429624.16,285924.832,84975.46,445797.93
USR-000813,ACC-000813,EVT-000813-11,2028-02-23T00:00:00,2028-03-24T00:00:00,30.0,10,0.3333333333333333333333333333,"[""DEV-000813-01""]",5,5,824052.79,164810.558,4634.27,398439.03
USR-000814,ACC-000814,EVT-000814-11,2028-02-24T00:00:00,2028-03-25T00:00:00,30.0,10,0.3333333333333333333333333333,"[""DEV-000814-01""]",5,5,533487.57,106697.514,3790.43,209308.79
USR-000815,ACC-000815,EVT-000815-11,2028-02-25T00:00:00,2028-03-26T00:00:00,30.0,10,0.3333333333333333333333333333,"[""DEV-000815-01""]",5,5,1025516.26,205103.252,20157.76,450279.59
USR-000816,ACC-000816,EVT-000816-11,2028-02-26T00:00:00,2028-03-27T00:00:00,30.0,10,0.3333333333333333333333333333,"[""DEV-000816-01""]",5,5,253664.69,50732.938,6880.57,151736.99
USR-000817,ACC-000817,EVT-000817-11,2028-02-27T00:00:00,2028-03-28T00:00:00,30.0,10,0.3333333333333333333333333333,"[""DEV-000817-01""]",5,5,316631.41,63326.282,8437.57,235078.2
USR-000818,ACC-000818,EVT-000818-11,2028-02-28T00:00:00,2028-03-29T00:00:00,30.0,10,0.3333333333333333333333333333,"[""DEV-000818-01""]",5,5,463786.83,92757.366,15061.62,172267.09
USR-000819,ACC-000819,EVT-000819-11,2028-02-29T00:00:00,2028-03-30T00:00:00,30.0,10,0.3333333333333333333333333333,"[""DEV-000819-01""]",5,5,946695.19,189339.038,22344.99,333753.78
USR-000820,ACC-000820,EVT-000820-11,2028-03-01T00:00:00,2028-03-31T00:00:00,30.0,10,0.3333333333333333333333333333,"[""DEV-000820-01""]",5,5,210861.14,42172.228,1182.64,136012.73
USR-000821,ACC-000821,EVT-000821-11,2028-03-02T00:00:00,2028-04-01T00:00:00,30.0,10,0.3333333333333333333333333333,"[""DEV-000821-01""]",5,5,950271.61,190054.322,7043.72,434688.39
USR-000822,ACC-000822,EVT-000822-11,2028-03-03T00:00:00,2028-04-02T00:00:00,30.0,10,0.3333333333333333333333333333,"[""DEV-000822-01""]",5,5,561299.91,112259.982,3152.23,201615.24
USR-000823,ACC-000823,EVT-000823-11,2028-03-04T00:00:00,2028-04-03T00:00:00,30.0,10,0.3333333333333333333333333333,"[""DEV-000823-01""]",5,5,861401.81,172280.362,3187.71,595421.3
USR-000824,ACC-000824,EVT-000824-11,2028-03-05T00:00:00,2028-04-04T00:00:00,30.0,10,0.3333333333333333333333333333,"[""DEV-000824-01""]",5,5,802767.30,160553.46,11731.91,362115.35
USR-000825,ACC-000825,EVT-000825-11,2028-03-06T00:00:00,2028-04-05T00:00:00,30.0,10,0.3333333333333333333333333333,"[""DEV-000825-01""]",5,5,597089.56,119417.912,15685.68,260111.24
USR-000826,ACC-000826,EVT-000826-11,2028-03-07T00:00:00,2028-04-06T00:00:00,30.0,10,0.3333333333333333333333333333,"[""DEV-000826-01""]",5,5,870046.70,174009.34,535.49,405502.95
USR-000827,ACC-000827,EVT-000827-11,2028-03-08T00:00:00,2028-04-07T00:00:00,30.0,10,0.3333333333333333333333333333,"[""DEV-000827-01""]",5,5,563976.35,112795.27,5084.87,196972.76
USR-000828,ACC-000828,EVT-000828-11,2028-03-09T00:00:00,2028-04-08T00:00:00,30.0,10,0.3333333333333333333333333333,"[""DEV-000828-01""]",5,5,497309.62,99461.924,34234.72,126401.91
USR-000829,ACC-000829,EVT-000829-11,2028-03-10T00:00:00,2028-04-09T00:00:00,30.0,10,0.3333333333333333333333333333,"[""DEV-000829-01""]",5,5,692918.78,138583.756,870.08,591161.73
USR-000830,ACC-000830,EVT-000830-11,2028-03-11T00:00:00,2028-04-10T00:00:00,30.0,10,0.3333333333333333333333333333,"[""DEV-000830-01""]",5,5,192618.44,38523.688,8.11,84150.56
USR-000831,ACC-000831,EVT-000831-11,2028-03-12T00:00:00,2028-04-11T00:00:00,30.0,10,0.3333333333333333333333333333,"[""DEV-000831-01""]",5,5,1441679.60,288335.92,88563.48,694095.57
USR-000832,ACC-000832,EVT-000832-11,2028-03-13T00:00:00,2028-04-12T00:00:00,30.0,10,0.3333333333333333333333333333,"[""DEV-000832-01""]",5,5,1083438.93,216687.786,2529.57,641880.72
USR-000833,ACC-000833,EVT-000833-11,2028-03-14T00:00:00,2028-04-13T00:00:00,30.0,10,0.3333333333333333333333333333,"[""DEV-000833-01""]",5,5,646272.53,129254.506,9651.99,376323.62
USR-000834,ACC-000834,EVT-000834-11,2028-03-15T00:00:00,2028-04-14T00:00:00,30.0,10,0.3333333333333333333333333333,"[""DEV-000834-01""]",5,5,515376.60,103075.32,1374.11,231759.25
USR-000835,ACC-000835,EVT-000835-11,2028-03-16T00:00:00,2028-04-15T00:00:00,30.0,10,0.3333333333333333333333333333,"[""DEV-000835-01""]",5,5,1268498.50,253699.70,57274.33,477233.38
USR-000836,ACC-000836,EVT-000836-11,2028-03-17T00:00:00,2028-04-16T00:00:00,30.0,10,0.3333333333333333333333333333,"[""DEV-000836-01""]",5,5,1679606.16,335921.232,24934.0,1388713.91
USR-000837,ACC-000837,EVT-000837-11,2028-03-18T00:00:00,2028-04-17T00:00:00,30.0,10,0.3333333333333333333333333333,"[""DEV-000837-01""]",5,5,346104.33,69220.866,6163.09,172287.93
USR-000838,ACC-000838,EVT-000838-11,2028-03-19T00:00:00,2028-04-18T00:00:00,30.0,10,0.3333333333333333333333333333,"[""DEV-000838-01""]",5,5,613384.21,122676.842,3190.82,318445.12
USR-000839,ACC-000839,EVT-000839-11,2028-03-20T00:00:00,2028-04-19T00:00:00,30.0,10,0.3333333333333333333333333333,"[""DEV-000839-01""]",5,5,1178822.74,235764.548,14423.76,392836.59
USR-000840,ACC-000840,EVT-000840-11,2028-03-21T00:00:00,2028-04-20T00:00:00,30.0,10,0.3333333333333333333333333333,"[""DEV-000840-01""]",5,5,614503.45,122900.69,15793.76,397149.84
USR-000841,ACC-000841,EVT-000841-11,2028-03-22T00:00:00,2028-04-21T00:00:00,30.0,10,0.3333333333333333333333333333,"[""DEV-000841-01""]",5,5,1640121.14,328024.228,8380.22,1220629.33
USR-000842,ACC-000842,EVT-000842-11,2028-03-23T00:00:00,2028-04-22T00:00:00,30.0,10,0.3333333333333333333333333333,"[""DEV-000842-01""]",5,5,3142064.68,628412.936,1713.74,2920011.21
USR-000843,ACC-000843,EVT-000843-11,2028-03-24T00:00:00,2028-04-23T00:00:00,30.0,10,0.3333333333333333333333333333,"[""DEV-000843-01""]",5,5,212201.74,42440.348,7842.17,116252.42
USR-000844,ACC-000844,EVT-000844-11,2028-03-25T00:00:00,2028-04-24T00:00:00,30.0,10,0.3333333333333333333333333333,"[""DEV-000844-01""]",5,5,497850.79,99570.158,4013.72,168267.09
USR-000845,ACC-000845,EVT-000845-11,2028-03-26T00:00:00,2028-04-25T00:00:00,30.0,10,0.3333333333333333333333333333,"[""DEV-000845-01""]",5,5,4256349.96,851269.992,133569.73,3330241.4
USR-000846,ACC-000846,EVT-000846-11,2028-03-27T00:00:00,2028-04-26T00:00:00,30.0,10,0.3333333333333333333333333333,"[""DEV-000846-01""]",5,5,1028625.23,205725.046,4862.42,504610.06
USR-000847,ACC-000847,EVT-000847-11,2028-03-28T00:00:00,2028-04-27T00:00:00,30.0,10,0.3333333333333333333333333333,"[""DEV-000847-01""]",5,5,646781.71,129356.342,14176.9,395758.6
USR-000848,ACC-000848,EVT-000848-11,2028-03-29T00:00:00,2028-04-28T00:00:00,30.0,10,0.3333333333333333333333333333,"[""DEV-000848-01""]",5,5,365316.02,73063.204,2878.8,168476.11
USR-000849,ACC-000849,EVT-000849-11,2028-03-30T00:00:00,2028-04-29T00:00:00,30.0,10,0.3333333333333333333333333333,"[""DEV-000849-01""]",5,5,279035.05,55807.01,6882.34,193257.84
USR-000850,ACC-000850,EVT-000850-11,2028-03-31T00:00:00,2028-04-30T00:00:00,30.0,10,0.3333333333333333333333333333,"[""DEV-000850-01""]",5,5,1192208.75,238441.75,11651.87,815405.06
USR-000851,ACC-000851,EVT-000851-11,2028-04-01T00:00:00,2028-05-01T00:00:00,30.0,10,0.3333333333333333333333333333,"[""DEV-000851-01""]",5,5,778690.43,155738.086,83659.84,239971.1
USR-000852,ACC-000852,EVT-000852-11,2028-04-02T00:00:00,2028-05-02T00:00:00,30.0,10,0.3333333333333333333333333333,"[""DEV-000852-01""]",5,5,247219.62,49443.924,1332.35,140475.39
USR-000853,ACC-000853,EVT-000853-11,2028-04-03T00:00:00,2028-05-03T00:00:00,30.0,10,0.3333333333333333333333333333,"[""DEV-000853-01""]",5,5,1857702.26,371540.452,3317.09,1246954.78
USR-000854,ACC-000854,EVT-000854-11,2028-04-04T00:00:00,2028-05-04T00:00:00,30.0,10,0.3333333333333333333333333333,"[""DEV-000854-01""]",5,5,1084707.67,216941.534,856.28,708670.31
USR-000855,ACC-000855,EVT-000855-11,2028-04-05T00:00:00,2028-05-05T00:00:00,30.0,10,0.3333333333333333333333333333,"[""DEV-000855-01""]",5,5,214643.94,42928.788,7788.05,159316.78
USR-000856,ACC-000856,EVT-000856-11,2028-04-06T00:00:00,2028-05-06T00:00:00,30.0,10,0.3333333333333333333333333333,"[""DEV-000856-01""]",5,5,1615493.99,323098.798,33897.8,1388028.85
USR-000857,ACC-000857,EVT-000857-11,2028-04-07T00:00:00,2028-05-07T00:00:00,30.0,10,0.3333333333333333333333333333,"[""DEV-000857-01""]",5,5,682343.87,136468.774,11071.82,385278.06
USR-000858,ACC-000858,EVT-000858-11,2028-04-08T00:00:00,2028-05-08T00:00:00,30.0,10,0.3333333333333333333333333333,"[""DEV-000858-01""]",5,5,417640.06,83528.012,2366.43,264533.36
USR-000859,ACC-000859,EVT-000859-11,2028-04-09T00:00:00,2028-05-09T00:00:00,30.0,10,0.3333333333333333333333333333,"[""DEV-000859-01""]",5,5,567870.85,113574.17,1864.26,314048.11
USR-000860,ACC-000860,EVT-000860-11,2028-04-10T00:00:00,2028-05-10T00:00:00,30.0,10,0.3333333333333333333333333333,"[""DEV-000860-01""]",5,5,1576829.96,315365.992,9322.54,1079685.41
USR-000861,ACC-000861,EVT-000861-11,2028-04-11T00:00:00,2028-05-11T00:00:00,30.0,10,0.3333333333333333333333333333,"[""DEV-000861-01""]",5,5,222250.18,44450.036,6414.22,118402.74
USR-000862,ACC-000862,EVT-000862-11,2028-04-12T00:00:00,2028-05-12T00:00:00,30.0,10,0.3333333333333333333333333333,"[""DEV-000862-01""]",5,5,175472.30,35094.46,2536.21,82120.68
USR-000863,ACC-000863,EVT-000863-11,2028-04-13T00:00:00,2028-05-13T00:00:00,30.0,10,0.3333333333333333333333333333,"[""DEV-000863-01""]",5,5,1145739.00,229147.80,57866.86,519906.58
USR-000864,ACC-000864,EVT-000864-11,2028-04-14T00:00:00,2028-05-14T00:00:00,30.0,10,0.3333333333333333333333333333,"[""DEV-000864-01""]",5,5,899628.56,179925.712,2451.56,382789.26
USR-000865,ACC-000865,EVT-000865-11,2028-04-15T00:00:00,2028-05-15T00:00:00,30.0,10,0.3333333333333333333333333333,"[""DEV-000865-01""]",5,5,715694.84,143138.968,3739.96,261913.94
USR-000866,ACC-000866,EVT-000866-11,2028-04-16T00:00:00,2028-05-16T00:00:00,30.0,10,0.3333333333333333333333333333,"[""DEV-000866-01""]",5,5,1012280.28,202456.056,1885.14,888166.14
USR-000867,ACC-000867,EVT-000867-11,2028-04-17T00:00:00,2028-05-17T00:00:00,30.0,10,0.3333333333333333333333333333,"[""DEV-000867-01""]",5,5,450925.60,90185.12,6554.39,187607.14
USR-000868,ACC-000868,EVT-000868-11,2028-04-18T00:00:00,2028-05-18T00:00:00,30.0,10,0.3333333333333333333333333333,"[""DEV-000868-01""]",5,5,564793.75,112958.75,11108.04,290794.94
USR-000869,ACC-000869,EVT-000869-11,2028-04-19T00:00:00,2028-05-19T00:00:00,30.0,10,0.3333333333333333333333333333,"[""DEV-000869-01""]",5,5,1507863.57,301572.714,8799.35,1137763.15
USR-000870,ACC-000870,EVT-000870-11,2028-04-20T00:00:00,2028-05-20T00:00:00,30.0,10,0.3333333333333333333333333333,"[""DEV-000870-01""]",5,5,5677188.75,1135437.75,36464.6,3116889.41
USR-000871,ACC-000871,EVT-000871-11,2028-04-21T00:00:00,2028-05-21T00:00:00,30.0,10,0.3333333333333333333333333333,"[""DEV-000871-01""]",5,5,1228579.00,245715.80,39787.86,486702.26
USR-000872,ACC-000872,EVT-000872-11,2028-04-22T00:00:00,2028-05-22T00:00:00,30.0,10,0.3333333333333333333333333333,"[""DEV-000872-01""]",5,5,507661.03,101532.206,8648.34,381088.25
USR-000873,ACC-000873,EVT-000873-11,2028-04-23T00:00:00,2028-05-23T00:00:00,30.0,10,0.3333333333333333333333333333,"[""DEV-000873-01""]",5,5,579818.27,115963.654,795.84,256143.43
USR-000874,ACC-000874,EVT-000874-11,2028-04-24T00:00:00,2028-05-24T00:00:00,30.0,10,0.3333333333333333333333333333,"[""DEV-000874-01""]",5,5,680812.61,136162.522,15636.69,412288.71
USR-000875,ACC-000875,EVT-000875-11,2028-04-25T00:00:00,2028-05-25T00:00:00,30.0,10,0.3333333333333333333333333333,"[""DEV-000875-01""]",5,5,545054.98,109010.996,1976.19,275249.74
USR-000876,ACC-000876,EVT-000876-11,2028-04-26T00:00:00,2028-05-26T00:00:00,30.0,10,0.3333333333333333333333333333,"[""DEV-000876-01""]",5,5,586460.56,117292.112,39.76,367699.72
USR-000877,ACC-000877,EVT-000877-11,2028-04-27T00:00:00,2028-05-27T00:00:00,30.0,10,0.3333333333333333333333333333,"[""DEV-000877-01""]",5,5,604140.74,120828.148,358.77,241169.9
USR-000878,ACC-000878,EVT-000878-11,2028-04-28T00:00:00,2028-05-28T00:00:00,30.0,10,0.3333333333333333333333333333,"[""DEV-000878-01""]",5,5,465207.46,93041.492,2916.24,234132.77
USR-000879,ACC-000879,EVT-000879-11,2028-04-29T00:00:00,2028-05-29T00:00:00,30.0,10,0.3333333333333333333333333333,"[""DEV-000879-01""]",5,5,559884.23,111976.846,3216.54,273095.62
USR-000880,ACC-000880,EVT-000880-11,2028-04-30T00:00:00,2028-05-30T00:00:00,30.0,10,0.3333333333333333333333333333,"[""DEV-000880-01""]",5,5,832905.30,166581.06,11325.84,382350.68
USR-000881,ACC-000881,EVT-000881-11,2028-05-01T00:00:00,2028-05-31T00:00:00,30.0,10,0.3333333333333333333333333333,"[""DEV-000881-01""]",5,5,790308.98,158061.796,4878.54,351085.05
USR-000882,ACC-000882,EVT-000882-11,2028-05-02T00:00:00,2028-06-01T00:00:00,30.0,10,0.3333333333333333333333333333,"[""DEV-000882-01""]",5,5,811566.20,162313.24,10220.34,346279.24
USR-000883,ACC-000883,EVT-000883-11,2028-05-03T00:00:00,2028-06-02T00:00:00,30.0,10,0.3333333333333333333333333333,"[""DEV-000883-01""]",5,5,870445.97,174089.194,5504.4,317390.6
USR-000884,ACC-000884,EVT-000884-11,2028-05-04T00:00:00,2028-06-03T00:00:00,30.0,10,0.3333333333333333333333333333,"[""DEV-000884-01""]",5,5,788874.28,157774.856,2741.43,391006.49
USR-000885,ACC-000885,EVT-000885-11,2028-05-05T00:00:00,2028-06-04T00:00:00,30.0,10,0.3333333333333333333333333333,"[""DEV-000885-01""]",5,5,534897.61,106979.522,7936.98,228897.88
USR-000886,ACC-000886,EVT-000886-11,2028-05-06T00:00:00,2028-06-05T00:00:00,30.0,10,0.3333333333333333333333333333,"[""DEV-000886-01""]",5,5,325597.01,65119.402,11174.1,154796.12
USR-000887,ACC-000887,EVT-000887-11,2028-05-07T00:00:00,2028-06-06T00:00:00,30.0,10,0.3333333333333333333333333333,"[""DEV-000887-01""]",5,5,2371937.89,474387.578,135323.96,1143138.81
USR-000888,ACC-000888,EVT-000888-11,2028-05-08T00:00:00,2028-06-07T00:00:00,30.0,10,0.3333333333333333333333333333,"[""DEV-000888-01""]",5,5,2284124.75,456824.95,4913.03,2070304.03
USR-000889,ACC-000889,EVT-000889-11,2028-05-09T00:00:00,2028-06-08T00:00:00,30.0,10,0.3333333333333333333333333333,"[""DEV-000889-01""]",5,5,586748.48,117349.696,33031.8,221066.56
USR-000890,ACC-000890,EVT-000890-11,2028-05-10T00:00:00,2028-06-09T00:00:00,30.0,10,0.3333333333333333333333333333,"[""DEV-000890-01""]",5,5,505504.10,101100.82,1396.59,261067.89
USR-000891,ACC-000891,EVT-000891-11,2028-05-11T00:00:00,2028-06-10T00:00:00,30.0,10,0.3333333333333333333333333333,"[""DEV-000891-01""]",5,5,757495.90,151499.18,5814.42,451583.13
USR-000892,ACC-000892,EVT-000892-11,2028-05-12T00:00:00,2028-06-11T00:00:00,30.0,10,0.3333333333333333333333333333,"[""DEV-000892-01""]",5,5,15366901.22,3073380.244,3451.96,15202210.25
USR-000893,ACC-000893,EVT-000893-11,2028-05-13T00:00:00,2028-06-12T00:00:00,30.0,10,0.3333333333333333333333333333,"[""DEV-000893-01""]",5,5,508714.79,101742.958,11590.84,165322.52
USR-000894,ACC-000894,EVT-000894-11,2028-05-14T00:00:00,2028-06-13T00:00:00,30.0,10,0.3333333333333333333333333333,"[""DEV-000894-01""]",5,5,670366.56,134073.312,14610.56,526888.45
USR-000895,ACC-000895,EVT-000895-11,2028-05-15T00:00:00,2028-06-14T00:00:00,30.0,10,0.3333333333333333333333333333,"[""DEV-000895-01""]",5,5,915156.87,183031.374,6107.06,445252.78
USR-000896,ACC-000896,EVT-000896-11,2028-05-16T00:00:00,2028-06-15T00:00:00,30.0,10,0.3333333333333333333333333333,"[""DEV-000896-01""]",5,5,1060336.31,212067.262,2234.38,511093.19
USR-000897,ACC-000897,EVT-000897-11,2028-05-17T00:00:00,2028-06-16T00:00:00,30.0,10,0.3333333333333333333333333333,"[""DEV-000897-01""]",5,5,98715.69,19743.138,8557.84,56404.04
USR-000898,ACC-000898,EVT-000898-11,2028-05-18T00:00:00,2028-06-17T00:00:00,30.0,10,0.3333333333333333333333333333,"[""DEV-000898-01""]",5,5,1102867.30,220573.46,1885.14,426232.97
USR-000899,ACC-000899,EVT-000899-11,2028-05-19T00:00:00,2028-06-18T00:00:00,30.0,10,0.3333333333333333333333333333,"[""DEV-000899-01""]",5,5,583016.50,116603.30,12557.71,282674.52
USR-000900,ACC-000900,EVT-000900-11,2028-05-20T00:00:00,2028-06-19T00:00:00,30.0,10,0.3333333333333333333333333333,"[""DEV-000900-01""]",5,5,2042344.88,408468.976,2692.62,1412894.72
USR-000901,ACC-000901,EVT-000901-11,2028-05-21T00:00:00,2028-06-20T00:00:00,30.0,10,0.3333333333333333333333333333,"[""DEV-000901-01""]",5,5,1002310.46,200462.092,64565.07,418054.2
USR-000902,ACC-000902,EVT-000902-11,2028-05-22T00:00:00,2028-06-21T00:00:00,30.0,10,0.3333333333333333333333333333,"[""DEV-000902-01""]",5,5,1245833.06,249166.612,24857.91,537832.91
USR-000903,ACC-000903,EVT-000903-11,2028-05-23T00:00:00,2028-06-22T00:00:00,30.0,10,0.3333333333333333333333333333,"[""DEV-000903-01""]",5,5,2240464.94,448092.988,2308.44,1533403.74
USR-000904,ACC-000904,EVT-000904-11,2028-05-24T00:00:00,2028-06-23T00:00:00,30.0,10,0.3333333333333333333333333333,"[""DEV-000904-01""]",5,5,122226.11,24445.222,4049.87,80198.75
USR-000905,ACC-000905,EVT-000905-11,2028-05-25T00:00:00,2028-06-24T00:00:00,30.0,10,0.3333333333333333333333333333,"[""DEV-000905-01""]",5,5,1757613.58,351522.716,39547.2,1161028.67
USR-000906,ACC-000906,EVT-000906-11,2028-05-26T00:00:00,2028-06-25T00:00:00,30.0,10,0.3333333333333333333333333333,"[""DEV-000906-01""]",5,5,815974.29,163194.858,9547.62,390571.67
USR-000907,ACC-000907,EVT-000907-11,2028-05-27T00:00:00,2028-06-26T00:00:00,30.0,10,0.3333333333333333333333333333,"[""DEV-000907-01""]",5,5,285365.49,57073.098,3646.95,179011.75
USR-000908,ACC-000908,EVT-000908-11,2028-05-28T00:00:00,2028-06-27T00:00:00,30.0,10,0.3333333333333333333333333333,"[""DEV-000908-01""]",5,5,612350.84,122470.168,14559.57,284674.84
USR-000909,ACC-000909,EVT-000909-11,2028-05-29T00:00:00,2028-06-28T00:00:00,30.0,10,0.3333333333333333333333333333,"[""DEV-000909-01""]",5,5,487486.59,97497.318,5141.03,232022.55
USR-000910,ACC-000910,EVT-000910-11,2028-05-30T00:00:00,2028-06-29T00:00:00,30.0,10,0.3333333333333333333333333333,"[""DEV-000910-01""]",5,5,491047.95,98209.59,3811.08,329576.7
USR-000911,ACC-000911,EVT-000911-11,2028-05-31T00:00:00,2028-06-30T00:00:00,30.0,10,0.3333333333333333333333333333,"[""DEV-000911-01""]",5,5,458241.28,91648.256,5135.46,366562.37
USR-000912,ACC-000912,EVT-000912-11,2028-06-01T00:00:00,2028-07-01T00:00:00,30.0,10,0.3333333333333333333333333333,"[""DEV-000912-01""]",5,5,1873578.47,374715.694,8562.68,1785174.47
USR-000913,ACC-000913,EVT-000913-11,2028-06-02T00:00:00,2028-07-02T00:00:00,30.0,10,0.3333333333333333333333333333,"[""DEV-000913-01""]",5,5,96756.84,19351.368,3114.66,65368.85
USR-000914,ACC-000914,EVT-000914-11,2028-06-03T00:00:00,2028-07-03T00:00:00,30.0,10,0.3333333333333333333333333333,"[""DEV-000914-01""]",5,5,806972.68,161394.536,47661.72,394905.04
USR-000915,ACC-000915,EVT-000915-11,2028-06-04T00:00:00,2028-07-04T00:00:00,30.0,10,0.3333333333333333333333333333,"[""DEV-000915-01""]",5,5,4629921.75,925984.35,12921.46,3672983.13
USR-000916,ACC-000916,EVT-000916-11,2028-06-05T00:00:00,2028-07-05T00:00:00,30.0,10,0.3333333333333333333333333333,"[""DEV-000916-01""]",5,5,828377.47,165675.494,77245.93,317532.57
USR-000917,ACC-000917,EVT-000917-11,2028-06-06T00:00:00,2028-07-06T00:00:00,30.0,10,0.3333333333333333333333333333,"[""DEV-000917-01""]",5,5,785459.39,157091.878,15705.47,449851.09
USR-000918,ACC-000918,EVT-000918-11,2028-06-07T00:00:00,2028-07-07T00:00:00,30.0,10,0.3333333333333333333333333333,"[""DEV-000918-01""]",5,5,768440.49,153688.098,9674.73,370480.99
USR-000919,ACC-000919,EVT-000919-11,2028-06-08T00:00:00,2028-07-08T00:00:00,30.0,10,0.3333333333333333333333333333,"[""DEV-000919-01""]",5,5,238163.65,47632.73,2380.87,201095.65
USR-000920,ACC-000920,EVT-000920-11,2028-06-09T00:00:00,2028-07-09T00:00:00,30.0,10,0.3333333333333333333333333333,"[""DEV-000920-01""]",5,5,317535.50,63507.10,4581.9,188702.16
USR-000921,ACC-000921,EVT-000921-11,2028-06-10T00:00:00,2028-07-10T00:00:00,30.0,10,0.3333333333333333333333333333,"[""DEV-000921-01""]",5,5,777591.79,155518.358,1168.61,466688.07
USR-000922,ACC-000922,EVT-000922-11,2028-06-11T00:00:00,2028-07-11T00:00:00,30.0,10,0.3333333333333333333333333333,"[""DEV-000922-01""]",5,5,463147.90,92629.58,7603.22,271517.16
USR-000923,ACC-000923,EVT-000923-11,2028-06-12T00:00:00,2028-07-12T00:00:00,30.0,10,0.3333333333333333333333333333,"[""DEV-000923-01""]",5,5,689513.04,137902.608,22737.16,302549.72
USR-000924,ACC-000924,EVT-000924-11,2028-06-13T00:00:00,2028-07-13T00:00:00,30.0,10,0.3333333333333333333333333333,"[""DEV-000924-01""]",5,5,565193.86,113038.772,13915.87,372415.24
USR-000925,ACC-000925,EVT-000925-11,2028-06-14T00:00:00,2028-07-14T00:00:00,30.0,10,0.3333333333333333333333333333,"[""DEV-000925-01""]",5,5,1421094.72,284218.944,155141.92,630428.81
USR-000926,ACC-000926,EVT-000926-11,2028-06-15T00:00:00,2028-07-15T00:00:00,30.0,10,0.3333333333333333333333333333,"[""DEV-000926-01""]",5,5,813460.23,162692.046,81118.57,322500.9
USR-000927,ACC-000927,EVT-000927-11,2028-06-16T00:00:00,2028-07-16T00:00:00,30.0,10,0.3333333333333333333333333333,"[""DEV-000927-01""]",5,5,1057513.27,211502.654,105005.92,399618.42
USR-000928,ACC-000928,EVT-000928-11,2028-06-17T00:00:00,2028-07-17T00:00:00,30.0,10,0.3333333333333333333333333333,"[""DEV-000928-01""]",5,5,286693.48,57338.696,1494.54,113853.47
USR-000929,ACC-000929,EVT-000929-11,2028-06-18T00:00:00,2028-07-18T00:00:00,30.0,10,0.3333333333333333333333333333,"[""DEV-000929-01""]",5,5,138968.72,27793.744,8741.11,90937.16
USR-000930,ACC-000930,EVT-000930-11,2028-06-19T00:00:00,2028-07-19T00:00:00,30.0,10,0.3333333333333333333333333333,"[""DEV-000930-01""]",5,5,1138441.14,227688.228,4326.98,446962.91
USR-000931,ACC-000931,EVT-000931-11,2028-06-20T00:00:00,2028-07-20T00:00:00,30.0,10,0.3333333333333333333333333333,"[""DEV-000931-01""]",5,5,288625.89,57725.178,2347.05,237336.45
USR-000932,ACC-000932,EVT-000932-11,2028-06-21T00:00:00,2028-07-21T00:00:00,30.0,10,0.3333333333333333333333333333,"[""DEV-000932-01""]",5,5,650035.57,130007.114,1737.26,516590.73
USR-000933,ACC-000933,EVT-000933-11,2028-06-22T00:00:00,2028-07-22T00:00:00,30.0,10,0.3333333333333333333333333333,"[""DEV-000933-01""]",5,5,1429701.44,285940.288,661.05,1410410.3
USR-000934,ACC-000934,EVT-000934-11,2028-06-23T00:00:00,2028-07-23T00:00:00,30.0,10,0.3333333333333333333333333333,"[""DEV-000934-01""]",5,5,579071.22,115814.244,340.02,534407.77
USR-000935,ACC-000935,EVT-000935-11,2028-06-24T00:00:00,2028-07-24T00:00:00,30.0,10,0.3333333333333333333333333333,"[""DEV-000935-01""]",5,5,138895.50,27779.10,7249.73,67395.92
USR-000936,ACC-000936,EVT-000936-11,2028-06-25T00:00:00,2028-07-25T00:00:00,30.0,10,0.3333333333333333333333333333,"[""DEV-000936-01""]",5,5,201453.15,40290.63,3736.48,109575.44
USR-000937,ACC-000937,EVT-000937-11,2028-06-26T00:00:00,2028-07-26T00:00:00,30.0,10,0.3333333333333333333333333333,"[""DEV-000937-01""]",5,5,490027.54,98005.508,3238.4,203765.44
USR-000938,ACC-000938,EVT-000938-11,2028-06-27T00:00:00,2028-07-27T00:00:00,30.0,10,0.3333333333333333333333333333,"[""DEV-000938-01""]",5,5,946911.88,189382.376,2290.06,402707.18
USR-000939,ACC-000939,EVT-000939-11,2028-06-28T00:00:00,2028-07-28T00:00:00,30.0,10,0.3333333333333333333333333333,"[""DEV-000939-01""]",5,5,718309.76,143661.952,6606.16,502649.97
USR-000940,ACC-000940,EVT-000940-11,2028-06-29T00:00:00,2028-07-29T00:00:00,30.0,10,0.3333333333333333333333333333,"[""DEV-000940-01""]",5,5,711209.22,142241.844,21174.47,210070.04
USR-000941,ACC-000941,EVT-000941-11,2028-06-30T00:00:00,2028-07-30T00:00:00,30.0,10,0.3333333333333333333333333333,"[""DEV-000941-01""]",5,5,471245.58,94249.116,14487.43,252436.92
USR-000942,ACC-000942,EVT-000942-11,2028-07-01T00:00:00,2028-07-31T00:00:00,30.0,10,0.3333333333333333333333333333,"[""DEV-000942-01""]",5,5,608655.33,121731.066,3342.86,336961.55
USR-000943,ACC-000943,EVT-000943-11,2028-07-02T00:00:00,2028-08-01T00:00:00,30.0,10,0.3333333333333333333333333333,"[""DEV-000943-01""]",5,5,1327204.16,265440.832,6185.13,682369.46
USR-000944,ACC-000944,EVT-000944-11,2028-07-03T00:00:00,2028-08-02T00:00:00,30.0,10,0.3333333333333333333333333333,"[""DEV-000944-01""]",5,5,311694.74,62338.948,5304.67,148044.15
USR-000945,ACC-000945,EVT-000945-11,2028-07-04T00:00:00,2028-08-03T00:00:00,30.0,10,0.3333333333333333333333333333,"[""DEV-000945-01""]",5,5,742032.00,148406.40,3469.88,335360.2
USR-000946,ACC-000946,EVT-000946-11,2028-07-05T00:00:00,2028-08-04T00:00:00,30.0,10,0.3333333333333333333333333333,"[""DEV-000946-01""]",5,5,604503.11,120900.622,18281.6,209594.52
USR-000947,ACC-000947,EVT-000947-11,2028-07-06T00:00:00,2028-08-05T00:00:00,30.0,10,0.3333333333333333333333333333,"[""DEV-000947-01""]",5,5,845900.81,169180.162,7226.65,410987.1
USR-000948,ACC-000948,EVT-000948-11,2028-07-07T00:00:00,2028-08-06T00:00:00,30.0,10,0.3333333333333333333333333333,"[""DEV-000948-01""]",5,5,974680.01,194936.002,9825.98,386176.17
USR-000949,ACC-000949,EVT-000949-11,2028-07-08T00:00:00,2028-08-07T00:00:00,30.0,10,0.3333333333333333333333333333,"[""DEV-000949-01""]",5,5,1205141.53,241028.306,127879.74,351678.2
USR-000950,ACC-000950,EVT-000950-11,2028-07-09T00:00:00,2028-08-08T00:00:00,30.0,10,0.3333333333333333333333333333,"[""DEV-000950-01""]",5,5,122120.39,24424.078,571.85,106205.87
USR-000951,ACC-000951,EVT-000951-11,2028-07-10T00:00:00,2028-08-09T00:00:00,30.0,10,0.3333333333333333333333333333,"[""DEV-000951-01""]",5,5,801744.60,160348.92,4645.03,322789.26
USR-000952,ACC-000952,EVT-000952-11,2028-07-11T00:00:00,2028-08-10T00:00:00,30.0,10,0.3333333333333333333333333333,"[""DEV-000952-01""]",5,5,1131906.26,226381.252,7612.67,723476.51
USR-000953,ACC-000953,EVT-000953-11,2028-07-12T00:00:00,2028-08-11T00:00:00,30.0,10,0.3333333333333333333333333333,"[""DEV-000953-01""]",5,5,557399.77,111479.954,2356.41,473068.48
USR-000954,ACC-000954,EVT-000954-11,2028-07-13T00:00:00,2028-08-12T00:00:00,30.0,10,0.3333333333333333333333333333,"[""DEV-000954-01""]",5,5,751746.89,150349.378,10213.28,374629.01
USR-000955,ACC-000955,EVT-000955-11,2028-07-14T00:00:00,2028-08-13T00:00:00,30.0,10,0.3333333333333333333333333333,"[""DEV-000955-01""]",5,5,579004.22,115800.844,9338.36,258665.65
USR-000956,ACC-000956,EVT-000956-11,2028-07-15T00:00:00,2028-08-14T00:00:00,30.0,10,0.3333333333333333333333333333,"[""DEV-000956-01""]",5,5,662831.60,132566.32,17829.13,249116.0
USR-000957,ACC-000957,EVT-000957-11,2028-07-16T00:00:00,2028-08-15T00:00:00,30.0,10,0.3333333333333333333333333333,"[""DEV-000957-01""]",5,5,75104.45,15020.89,3894.94,46808.06
USR-000958,ACC-000958,EVT-000958-11,2028-07-17T00:00:00,2028-08-16T00:00:00,30.0,10,0.3333333333333333333333333333,"[""DEV-000958-01""]",5,5,904423.66,180884.732,27439.33,419925.83
USR-000959,ACC-000959,EVT-000959-11,2028-07-18T00:00:00,2028-08-17T00:00:00,30.0,10,0.3333333333333333333333333333,"[""DEV-000959-01""]",5,5,1207137.28,241427.456,17479.81,563144.91
USR-000960,ACC-000960,EVT-000960-11,2028-07-19T00:00:00,2028-08-18T00:00:00,30.0,10,0.3333333333333333333333333333,"[""DEV-000960-01""]",5,5,651738.52,130347.704,3895.1,255814.47
USR-000961,ACC-000961,EVT-000961-11,2028-07-20T00:00:00,2028-08-19T00:00:00,30.0,10,0.3333333333333333333333333333,"[""DEV-000961-01""]",5,5,643022.10,128604.42,6007.5,227711.93
USR-000962,ACC-000962,EVT-000962-11,2028-07-21T00:00:00,2028-08-20T00:00:00,30.0,10,0.3333333333333333333333333333,"[""DEV-000962-01""]",5,5,1248165.55,249633.11,1384.11,762025.11
USR-000963,ACC-000963,EVT-000963-11,2028-07-22T00:00:00,2028-08-21T00:00:00,30.0,10,0.3333333333333333333333333333,"[""DEV-000963-01""]",5,5,990587.32,198117.464,558.33,795929.55
USR-000964,ACC-000964,EVT-000964-11,2028-07-23T00:00:00,2028-08-22T00:00:00,30.0,10,0.3333333333333333333333333333,"[""DEV-000964-01""]",5,5,461369.36,92273.872,638.11,248253.38
USR-000965,ACC-000965,EVT-000965-11,2028-07-24T00:00:00,2028-08-23T00:00:00,30.0,10,0.3333333333333333333333333333,"[""DEV-000965-01""]",5,5,475336.50,95067.30,3043.58,193088.79
USR-000966,ACC-000966,EVT-000966-11,2028-07-25T00:00:00,2028-08-24T00:00:00,30.0,10,0.3333333333333333333333333333,"[""DEV-000966-01""]",5,5,728160.16,145632.032,5391.36,647887.89
USR-000967,ACC-000967,EVT-000967-11,2028-07-26T00:00:00,2028-08-25T00:00:00,30.0,10,0.3333333333333333333333333333,"[""DEV-000967-01""]",5,5,416792.79,83358.558,4004.14,369698.54
USR-000968,ACC-000968,EVT-000968-11,2028-07-27T00:00:00,2028-08-26T00:00:00,30.0,10,0.3333333333333333333333333333,"[""DEV-000968-01""]",5,5,1023475.31,204695.062,1685.34,528405.86
USR-000969,ACC-000969,EVT-000969-11,2028-07-28T00:00:00,2028-08-27T00:00:00,30.0,10,0.3333333333333333333333333333,"[""DEV-000969-01""]",5,5,800730.63,160146.126,11545.04,407688.59
USR-000970,ACC-000970,EVT-000970-11,2028-07-29T00:00:00,2028-08-28T00:00:00,30.0,10,0.3333333333333333333333333333,"[""DEV-000970-01""]",5,5,1142555.12,228511.024,5832.52,629201.49
USR-000971,ACC-000971,EVT-000971-11,2028-07-30T00:00:00,2028-08-29T00:00:00,30.0,10,0.3333333333333333333333333333,"[""DEV-000971-01""]",5,5,428258.35,85651.67,9893.63,214454.89
USR-000972,ACC-000972,EVT-000972-11,2028-07-31T00:00:00,2028-08-30T00:00:00,30.0,10,0.3333333333333333333333333333,"[""DEV-000972-01""]",5,5,565341.11,113068.222,36958.37,267377.86
USR-000973,ACC-000973,EVT-000973-11,2028-08-01T00:00:00,2028-08-31T00:00:00,30.0,10,0.3333333333333333333333333333,"[""DEV-000973-01""]",5,5,475600.16,95120.032,4446.73,348314.53
USR-000974,ACC-000974,EVT-000974-11,2028-08-02T00:00:00,2028-09-01T00:00:00,30.0,10,0.3333333333333333333333333333,"[""DEV-000974-01""]",5,5,377143.47,75428.694,6012.8,286204.96
USR-000975,ACC-000975,EVT-000975-11,2028-08-03T00:00:00,2028-09-02T00:00:00,30.0,10,0.3333333333333333333333333333,"[""DEV-000975-01""]",5,5,397583.23,79516.646,52.33,338397.06
USR-000976,ACC-000976,EVT-000976-11,2028-08-04T00:00:00,2028-09-03T00:00:00,30.0,10,0.3333333333333333333333333333,"[""DEV-000976-01""]",5,5,930073.29,186014.658,5598.73,522525.63
USR-000977,ACC-000977,EVT-000977-11,2028-08-05T00:00:00,2028-09-04T00:00:00,30.0,10,0.3333333333333333333333333333,"[""DEV-000977-01""]",5,5,968960.48,193792.096,4132.1,382710.44
USR-000978,ACC-000978,EVT-000978-11,2028-08-06T00:00:00,2028-09-05T00:00:00,30.0,10,0.3333333333333333333333333333,"[""DEV-000978-01""]",5,5,319478.29,63895.658,1608.63,134509.67
USR-000979,ACC-000979,EVT-000979-11,2028-08-07T00:00:00,2028-09-06T00:00:00,30.0,10,0.3333333333333333333333333333,"[""DEV-000979-01""]",5,5,902334.10,180466.82,2196.0,632567.13
USR-000980,ACC-000980,EVT-000980-11,2028-08-08T00:00:00,2028-09-07T00:00:00,30.0,10,0.3333333333333333333333333333,"[""DEV-000980-01""]",5,5,685879.66,137175.932,18812.96,493549.36
USR-000981,ACC-000981,EVT-000981-11,2028-08-09T00:00:00,2028-09-08T00:00:00,30.0,10,0.3333333333333333333333333333,"[""DEV-000981-01""]",5,5,247257.86,49451.572,346.88,117575.12
USR-000982,ACC-000982,EVT-000982-11,2028-08-10T00:00:00,2028-09-09T00:00:00,30.0,10,0.3333333333333333333333333333,"[""DEV-000982-01""]",5,5,452677.73,90535.546,5351.47,241592.73
USR-000983,ACC-000983,EVT-000983-11,2028-08-11T00:00:00,2028-09-10T00:00:00,30.0,10,0.3333333333333333333333333333,"[""DEV-000983-01""]",5,5,473120.10,94624.02,4353.99,247128.0
USR-000984,ACC-000984,EVT-000984-11,2028-08-12T00:00:00,2028-09-11T00:00:00,30.0,10,0.3333333333333333333333333333,"[""DEV-000984-01""]",5,5,804592.44,160918.488,4161.04,485349.23
USR-000985,ACC-000985,EVT-000985-11,2028-08-13T00:00:00,2028-09-12T00:00:00,30.0,10,0.3333333333333333333333333333,"[""DEV-000985-01""]",5,5,1249745.06,249949.012,89571.22,467025.85
USR-000986,ACC-000986,EVT-000986-11,2028-08-14T00:00:00,2028-09-13T00:00:00,30.0,10,0.3333333333333333333333333333,"[""DEV-000986-01""]",5,5,555701.76,111140.352,717.66,278967.88
USR-000987,ACC-000987,EVT-000987-11,2028-08-15T00:00:00,2028-09-14T00:00:00,30.0,10,0.3333333333333333333333333333,"[""DEV-000987-01""]",5,5,408416.77,81683.354,12825.24,217602.53
USR-000988,ACC-000988,EVT-000988-11,2028-08-16T00:00:00,2028-09-15T00:00:00,30.0,10,0.3333333333333333333333333333,"[""DEV-000988-01""]",5,5,559308.70,111861.74,7116.19,265445.12
USR-000989,ACC-000989,EVT-000989-11,2028-08-17T00:00:00,2028-09-16T00:00:00,30.0,10,0.3333333333333333333333333333,"[""DEV-000989-01""]",5,5,706355.54,141271.108,2262.6,450268.76
USR-000990,ACC-000990,EVT-000990-11,2028-08-18T00:00:00,2028-09-17T00:00:00,30.0,10,0.3333333333333333333333333333,"[""DEV-000990-01""]",5,5,647791.42,129558.284,8161.74,219881.93
USR-000991,ACC-000991,EVT-000991-11,2028-08-19T00:00:00,2028-09-18T00:00:00,30.0,10,0.3333333333333333333333333333,"[""DEV-000991-01""]",5,5,592647.26,118529.452,14463.2,247288.96
USR-000992,ACC-000992,EVT-000992-11,2028-08-20T00:00:00,2028-09-19T00:00:00,30.0,10,0.3333333333333333333333333333,"[""DEV-000992-01""]",5,5,670484.92,134096.984,11425.91,272135.75
USR-000993,ACC-000993,EVT-000993-11,2028-08-21T00:00:00,2028-09-20T00:00:00,30.0,10,0.3333333333333333333333333333,"[""DEV-000993-01""]",5,5,579132.38,115826.476,315.57,273299.2
USR-000994,ACC-000994,EVT-000994-11,2028-08-22T00:00:00,2028-09-21T00:00:00,30.0,10,0.3333333333333333333333333333,"[""DEV-000994-01""]",5,5,881482.75,176296.55,31.51,429661.53
USR-000995,ACC-000995,EVT-000995-11,2028-08-23T00:00:00,2028-09-22T00:00:00,30.0,10,0.3333333333333333333333333333,"[""DEV-000995-01""]",5,5,329424.73,65884.946,3743.99,191356.63
USR-000996,ACC-000996,EVT-000996-11,2028-08-24T00:00:00,2028-09-23T00:00:00,30.0,10,0.3333333333333333333333333333,"[""DEV-000996-01""]",5,5,650452.83,130090.566,4447.44,394609.56
USR-000997,ACC-000997,EVT-000997-11,2028-08-25T00:00:00,2028-09-24T00:00:00,30.0,10,0.3333333333333333333333333333,"[""DEV-000997-01""]",5,5,3294966.23,658993.246,657.35,2055209.03
USR-000998,ACC-000998,EVT-000998-11,2028-08-26T00:00:00,2028-09-25T00:00:00,30.0,10,0.3333333333333333333333333333,"[""DEV-000998-01""]",5,5,847079.09,169415.818,2623.86,612265.7
USR-000999,ACC-000999,EVT-000999-11,2028-08-27T00:00:00,2028-09-26T00:00:00,30.0,10,0.3333333333333333333333333333,"[""DEV-000999-01""]",5,5,636087.46,127217.492,5601.4,339572.04
USR-001000,ACC-001000,EVT-001000-11,2028-08-28T00:00:00,2028-09-27T00:00:00,30.0,10,0.3333333333333333333333333333,"[""DEV-001000-01""]",5,5,1331055.38,266211.076,5384.47,658870.55
